ISO-10303-21;
HEADER;
FILE_DESCRIPTION (( 'STEP AP203' ),
    '1' );
FILE_NAME ('编码器底座1_313.STEP',
    '2023-03-13T02:38:47',
    ( '' ),
    ( '' ),
    'SwSTEP 2.0',
    'SolidWorks 2020',
    '' );
FILE_SCHEMA (( 'CONFIG_CONTROL_DESIGN' ));
ENDSEC;

DATA;
#1 = ORIENTED_EDGE ( 'NONE', *, *, #697, .F. ) ;
#2 = VERTEX_POINT ( 'NONE', #1156 ) ;
#3 = DIRECTION ( 'NONE',  ( -0.000000000000000000, -0.000000000000000000, 1.000000000000000000 ) ) ;
#4 = VERTEX_POINT ( 'NONE', #498 ) ;
#5 = CARTESIAN_POINT ( 'NONE',  ( -11.94999999999999929, 30.99999999999998934, -21.50000000000000000 ) ) ;
#6 = PERSON_AND_ORGANIZATION ( #1218, #1366 ) ;
#7 = EDGE_CURVE ( 'NONE', #625, #1057, #366, .T. ) ;
#8 = EDGE_CURVE ( 'NONE', #1289, #1295, #546, .T. ) ;
#9 = VECTOR ( 'NONE', #1353, 1000.000000000000000 ) ;
#10 = ORIENTED_EDGE ( 'NONE', *, *, #1026, .T. ) ;
#11 = AXIS2_PLACEMENT_3D ( 'NONE', #1007, #461, #361 ) ;
#12 = ORIENTED_EDGE ( 'NONE', *, *, #1346, .T. ) ;
#13 = CARTESIAN_POINT ( 'NONE',  ( 23.00000000000000000, -1.000000000000000000, 20.49999999999999645 ) ) ;
#14 = ORIENTED_EDGE ( 'NONE', *, *, #67, .T. ) ;
#15 = DIRECTION ( 'NONE',  ( 0.000000000000000000, 1.000000000000000000, -0.000000000000000000 ) ) ;
#16 = VERTEX_POINT ( 'NONE', #1280 ) ;
#17 = DIRECTION ( 'NONE',  ( 0.000000000000000000, 1.000000000000000000, 0.000000000000000000 ) ) ;
#18 = EDGE_LOOP ( 'NONE', ( #1219, #952, #1083, #1310 ) ) ;
#19 = CYLINDRICAL_SURFACE ( 'NONE', #885, 1.550000000000000933 ) ;
#20 = EDGE_CURVE ( 'NONE', #870, #301, #598, .T. ) ;
#21 = ADVANCED_FACE ( 'NONE', ( #372 ), #1030, .T. ) ;
#22 = ORIENTED_EDGE ( 'NONE', *, *, #474, .F. ) ;
#23 = DIRECTION ( 'NONE',  ( -0.000000000000000000, -0.000000000000000000, 1.000000000000000000 ) ) ;
#24 = ORIENTED_EDGE ( 'NONE', *, *, #8, .F. ) ;
#25 = CARTESIAN_POINT ( 'NONE',  ( -11.94999999999999929, 30.99999999999998934, -31.50000000000000000 ) ) ;
#26 = CARTESIAN_POINT ( 'NONE',  ( -17.49999999999999645, -1.001000000000008550, 16.10000000000000142 ) ) ;
#27 = ORIENTED_EDGE ( 'NONE', *, *, #1043, .F. ) ;
#28 = FACE_OUTER_BOUND ( 'NONE', #118, .T. ) ;
#29 = VERTEX_POINT ( 'NONE', #805 ) ;
#30 = DIRECTION ( 'NONE',  ( 0.000000000000000000, 0.000000000000000000, 1.000000000000000000 ) ) ;
#31 = CIRCLE ( 'NONE', #1302, 2.000000000000001776 ) ;
#32 = DIRECTION ( 'NONE',  ( 0.000000000000000000, 1.000000000000000000, 0.000000000000000000 ) ) ;
#33 = VECTOR ( 'NONE', #1071, 1000.000000000000000 ) ;
#34 = EDGE_CURVE ( 'NONE', #1197, #642, #915, .T. ) ;
#35 = DIRECTION ( 'NONE',  ( -0.000000000000000000, 1.000000000000000000, -0.000000000000000000 ) ) ;
#36 = VERTEX_POINT ( 'NONE', #812 ) ;
#37 = FACE_OUTER_BOUND ( 'NONE', #967, .T. ) ;
#38 = FACE_BOUND ( 'NONE', #1226, .T. ) ;
#39 = AXIS2_PLACEMENT_3D ( 'NONE', #921, #804, #1367 ) ;
#40 = CARTESIAN_POINT ( 'NONE',  ( -13.50000000000000000, 7.999999999999988454, -31.50000000000000000 ) ) ;
#41 = LINE ( 'NONE', #504, #105 ) ;
#42 = CARTESIAN_POINT ( 'NONE',  ( -17.50000000000000000, 0.000000000000000000, 5.499999999999998224 ) ) ;
#43 = CARTESIAN_POINT ( 'NONE',  ( 25.00000000000000000, 0.7366000000000039183, -22.50000000000000355 ) ) ;
#44 = EDGE_CURVE ( 'NONE', #1274, #1015, #41, .T. ) ;
#45 = AXIS2_PLACEMENT_3D ( 'NONE', #522, #206, #1408 ) ;
#46 = DIRECTION ( 'NONE',  ( -0.000000000000000000, -0.000000000000000000, 1.000000000000000000 ) ) ;
#47 = DIRECTION ( 'NONE',  ( -0.000000000000000000, 1.000000000000000000, -3.469446951953613794E-15 ) ) ;
#48 = DIRECTION ( 'NONE',  ( -1.000000000000000000, 0.000000000000000000, -2.040851148208008245E-16 ) ) ;
#49 = PLANE ( 'NONE',  #1065 ) ;
#50 = DIRECTION ( 'NONE',  ( 1.000000000000000000, 0.000000000000000000, 0.000000000000000000 ) ) ;
#51 = AXIS2_PLACEMENT_3D ( 'NONE', #241, #680, #1119 ) ;
#52 = AXIS2_PLACEMENT_3D ( 'NONE', #1173, #404, #626 ) ;
#53 = AXIS2_PLACEMENT_3D ( 'NONE', #184, #1411, #742 ) ;
#54 = DIRECTION ( 'NONE',  ( -0.000000000000000000, 1.000000000000000000, -0.000000000000000000 ) ) ;
#55 = VERTEX_POINT ( 'NONE', #483 ) ;
#56 = PLANE ( 'NONE',  #700 ) ;
#57 = FACE_BOUND ( 'NONE', #103, .T. ) ;
#58 = LINE ( 'NONE', #1168, #1417 ) ;
#59 = EDGE_CURVE ( 'NONE', #1206, #1091, #1170, .T. ) ;
#60 = ADVANCED_FACE ( 'NONE', ( #922 ), #264, .T. ) ;
#61 = CARTESIAN_POINT ( 'NONE',  ( 23.00000000000000000, 33.99999999999999289, -22.50000000000011724 ) ) ;
#62 = CARTESIAN_POINT ( 'NONE',  ( -25.00000000000000000, 0.000000000000000000, 20.49999999999998224 ) ) ;
#63 = CARTESIAN_POINT ( 'NONE',  ( 17.50000000000000000, -1.000000000000000000, 5.499999999999998224 ) ) ;
#64 = ORIENTED_EDGE ( 'NONE', *, *, #1120, .T. ) ;
#65 = CARTESIAN_POINT ( 'NONE',  ( 11.95000000000000107, 7.999999999999991118, -31.50000000000000000 ) ) ;
#66 = CARTESIAN_POINT ( 'NONE',  ( 25.00000000000000000, -3.491481338843133355E-15, -22.50000000000000000 ) ) ;
#67 = EDGE_CURVE ( 'NONE', #1222, #107, #604, .T. ) ;
#68 = DIRECTION ( 'NONE',  ( 1.000000000000000000, 0.000000000000000000, 0.000000000000000000 ) ) ;
#69 = DIRECTION ( 'NONE',  ( 0.000000000000000000, 0.000000000000000000, -1.000000000000000000 ) ) ;
#70 = ORIENTED_EDGE ( 'NONE', *, *, #827, .T. ) ;
#71 = AXIS2_PLACEMENT_3D ( 'NONE', #1249, #1378, #50 ) ;
#72 = FACE_BOUND ( 'NONE', #548, .T. ) ;
#73 = EDGE_CURVE ( 'NONE', #998, #416, #491, .T. ) ;
#74 = AXIS2_PLACEMENT_3D ( 'NONE', #499, #1376, #172 ) ;
#75 = AXIS2_PLACEMENT_3D ( 'NONE', #842, #1290, #396 ) ;
#76 = DIRECTION ( 'NONE',  ( -0.000000000000000000, 1.000000000000000000, -0.000000000000000000 ) ) ;
#77 = FACE_BOUND ( 'NONE', #339, .T. ) ;
#78 = EDGE_LOOP ( 'NONE', ( #664, #179 ) ) ;
#79 = ORIENTED_EDGE ( 'NONE', *, *, #108, .T. ) ;
#80 = CARTESIAN_POINT ( 'NONE',  ( -25.00000000000000000, 0.7365999999999919279, -20.76340000000000074 ) ) ;
#81 = CARTESIAN_POINT ( 'NONE',  ( -23.00000000000000000, 36.00000000000000000, -22.50000000000012434 ) ) ;
#82 = CARTESIAN_POINT ( 'NONE',  ( 23.00000000000000000, 0.000000000000000000, 22.50000000000000000 ) ) ;
#83 = DIRECTION ( 'NONE',  ( 0.000000000000000000, 3.469446951953613794E-15, 1.000000000000000000 ) ) ;
#84 = AXIS2_PLACEMENT_3D ( 'NONE', #672, #102, #983 ) ;
#85 = PRODUCT ( '编码器底座1_313', '编码器底座1_313', '', ( #189 ) ) ;
#86 = ORIENTED_EDGE ( 'NONE', *, *, #297, .F. ) ;
#87 = EDGE_LOOP ( 'NONE', ( #520, #453, #832, #90 ) ) ;
#88 = CARTESIAN_POINT ( 'NONE',  ( 11.94999999999999929, 30.99999999999998934, -31.50000000000000000 ) ) ;
#89 = DIRECTION ( 'NONE',  ( -0.000000000000000000, -0.000000000000000000, 1.000000000000000000 ) ) ;
#90 = ORIENTED_EDGE ( 'NONE', *, *, #669, .F. ) ;
#91 = EDGE_CURVE ( 'NONE', #889, #1091, #817, .T. ) ;
#92 = ORIENTED_EDGE ( 'NONE', *, *, #1263, .F. ) ;
#93 = DIRECTION ( 'NONE',  ( 1.000000000000000000, 0.000000000000000000, 0.000000000000000000 ) ) ;
#94 = VERTEX_POINT ( 'NONE', #62 ) ;
#95 = CARTESIAN_POINT ( 'NONE',  ( 0.000000000000000000, 0.000000000000000000, 0.000000000000000000 ) ) ;
#96 = APPROVAL_ROLE ( '' ) ;
#97 = PRODUCT_RELATED_PRODUCT_CATEGORY ( 'detail', '', ( #85 ) ) ;
#98 = VECTOR ( 'NONE', #163, 1000.000000000000000 ) ;
#99 = CYLINDRICAL_SURFACE ( 'NONE', #1333, 1.549999999999999378 ) ;
#100 = VECTOR ( 'NONE', #1424, 1000.000000000000000 ) ;
#101 = ORIENTED_EDGE ( 'NONE', *, *, #683, .T. ) ;
#102 = DIRECTION ( 'NONE',  ( -1.000000000000000000, 0.000000000000000000, -2.040851148208008245E-16 ) ) ;
#103 = EDGE_LOOP ( 'NONE', ( #1010, #340 ) ) ;
#104 = CARTESIAN_POINT ( 'NONE',  ( 11.94999999999999929, 30.99999999999998934, -21.50000000000000000 ) ) ;
#105 = VECTOR ( 'NONE', #476, 1000.000000000000000 ) ;
#106 = COORDINATED_UNIVERSAL_TIME_OFFSET ( 8, 0, .AHEAD. ) ;
#107 = VERTEX_POINT ( 'NONE', #1381 ) ;
#108 = EDGE_CURVE ( 'NONE', #1295, #1289, #1122, .T. ) ;
#109 = ORIENTED_EDGE ( 'NONE', *, *, #608, .T. ) ;
#110 = AXIS2_PLACEMENT_3D ( 'NONE', #955, #298, #741 ) ;
#111 = DIRECTION ( 'NONE',  ( 1.000000000000000000, 0.000000000000000000, -2.040851148208008245E-16 ) ) ;
#112 = VERTEX_POINT ( 'NONE', #720 ) ;
#113 = CARTESIAN_POINT ( 'NONE',  ( 17.50000000000000000, 0.000000000000000000, -11.50000000000000711 ) ) ;
#114 = PERSON_AND_ORGANIZATION ( #1218, #1366 ) ;
#115 = AXIS2_PLACEMENT_3D ( 'NONE', #1082, #650, #767 ) ;
#116 = APPROVAL ( #1208, '未指定' ) ;
#117 = ORIENTED_EDGE ( 'NONE', *, *, #349, .T. ) ;
#118 = EDGE_LOOP ( 'NONE', ( #1339, #559, #124, #556 ) ) ;
#119 = DIRECTION ( 'NONE',  ( -0.000000000000000000, -0.000000000000000000, 1.000000000000000000 ) ) ;
#120 = VERTEX_POINT ( 'NONE', #956 ) ;
#121 = DIRECTION ( 'NONE',  ( 1.000000000000000000, 0.000000000000000000, 0.000000000000000000 ) ) ;
#122 = AXIS2_PLACEMENT_3D ( 'NONE', #1299, #288, #532 ) ;
#123 = ADVANCED_FACE ( 'NONE', ( #1187 ), #1304, .F. ) ;
#124 = ORIENTED_EDGE ( 'NONE', *, *, #947, .T. ) ;
#125 = EDGE_CURVE ( 'NONE', #779, #112, #1305, .T. ) ;
#126 = CIRCLE ( 'NONE', #448, 1.600000000000002531 ) ;
#127 = CARTESIAN_POINT ( 'NONE',  ( 17.50000000000000000, -1.001000000000008550, -13.10000000000000853 ) ) ;
#128 = ORIENTED_EDGE ( 'NONE', *, *, #875, .F. ) ;
#129 = DIRECTION ( 'NONE',  ( 1.000000000000000000, 0.000000000000000000, 0.000000000000000000 ) ) ;
#130 = ADVANCED_FACE ( 'NONE', ( #950 ), #1063, .T. ) ;
#131 = ORIENTED_EDGE ( 'NONE', *, *, #1054, .T. ) ;
#132 = DIRECTION ( 'NONE',  ( 0.000000000000000000, 0.000000000000000000, 1.000000000000000000 ) ) ;
#133 = VERTEX_POINT ( 'NONE', #402 ) ;
#134 = CARTESIAN_POINT ( 'NONE',  ( 15.05000000000000071, 30.99999999999998934, -22.50000000000010658 ) ) ;
#135 = CIRCLE ( 'NONE', #39, 4.099999999999999645 ) ;
#136 = VERTEX_POINT ( 'NONE', #840 ) ;
#137 = DIRECTION ( 'NONE',  ( 1.000000000000000000, 0.000000000000000000, 0.000000000000000000 ) ) ;
#138 = ORIENTED_EDGE ( 'NONE', *, *, #140, .F. ) ;
#139 = LINE ( 'NONE', #692, #1090 ) ;
#140 = EDGE_CURVE ( 'NONE', #1347, #209, #613, .T. ) ;
#141 = CARTESIAN_POINT ( 'NONE',  ( 17.50000000000000000, -1.000000000000000000, -9.900000000000003908 ) ) ;
#142 = CIRCLE ( 'NONE', #71, 1.549999999999999378 ) ;
#143 = LINE ( 'NONE', #239, #1379 ) ;
#144 = ORIENTED_EDGE ( 'NONE', *, *, #169, .F. ) ;
#145 = DIRECTION ( 'NONE',  ( -0.000000000000000000, -0.000000000000000000, 1.000000000000000000 ) ) ;
#146 = CIRCLE ( 'NONE', #51, 1.549999999999999378 ) ;
#147 = FACE_BOUND ( 'NONE', #826, .T. ) ;
#148 = AXIS2_PLACEMENT_3D ( 'NONE', #617, #46, #161 ) ;
#149 = AXIS2_PLACEMENT_3D ( 'NONE', #708, #1050, #158 ) ;
#150 = ADVANCED_FACE ( 'NONE', ( #639 ), #517, .T. ) ;
#151 = CARTESIAN_POINT ( 'NONE',  ( -13.50000000000000000, 7.999999999999988454, -22.50000000000002842 ) ) ;
#152 = CARTESIAN_POINT ( 'NONE',  ( 17.50000000000000000, -1.000000000000000000, -11.50000000000000711 ) ) ;
#153 = DIRECTION ( 'NONE',  ( 1.000000000000000000, 0.000000000000000000, 0.000000000000000000 ) ) ;
#154 = DIRECTION ( 'NONE',  ( 0.000000000000000000, 0.000000000000000000, -1.000000000000000000 ) ) ;
#155 = CIRCLE ( 'NONE', #576, 1.600000000000002531 ) ;
#156 = ADVANCED_BREP_SHAPE_REPRESENTATION ( '编码器底座1_313', ( #1078, #45 ), #569 ) ;
#157 = CARTESIAN_POINT ( 'NONE',  ( 0.000000000000000000, -1.000000000000000000, 1.600000000000000089 ) ) ;
#158 = DIRECTION ( 'NONE',  ( 0.000000000000000000, 0.000000000000000000, 1.000000000000000000 ) ) ;
#159 = LINE ( 'NONE', #1273, #98 ) ;
#160 = CARTESIAN_POINT ( 'NONE',  ( -23.00000000000000000, -1.000000000000000000, 22.50000000000000000 ) ) ;
#161 = DIRECTION ( 'NONE',  ( 1.000000000000000000, 0.000000000000000000, 0.000000000000000000 ) ) ;
#162 = DIRECTION ( 'NONE',  ( 0.000000000000000000, 0.000000000000000000, -1.000000000000000000 ) ) ;
#163 = DIRECTION ( 'NONE',  ( 0.000000000000000000, 1.000000000000000000, 0.000000000000000000 ) ) ;
#164 = ADVANCED_FACE ( 'NONE', ( #415, #735, #77, #1178, #1402, #409 ), #1072, .T. ) ;
#165 = CARTESIAN_POINT ( 'NONE',  ( -25.00000000000000000, 0.7365999999999919279, -20.76340000000000074 ) ) ;
#166 = CYLINDRICAL_SURFACE ( 'NONE', #370, 1.600000000000002531 ) ;
#167 = VECTOR ( 'NONE', #278, 1000.000000000000000 ) ;
#168 = AXIS2_PLACEMENT_3D ( 'NONE', #526, #1395, #509 ) ;
#169 = EDGE_CURVE ( 'NONE', #620, #209, #880, .T. ) ;
#170 = CARTESIAN_POINT ( 'NONE',  ( 25.00000000000000000, 0.7365999999999919279, -20.76340000000000074 ) ) ;
#171 = DIRECTION ( 'NONE',  ( 1.000000000000000000, 0.000000000000000000, 0.000000000000000000 ) ) ;
#172 = DIRECTION ( 'NONE',  ( 0.000000000000000000, 0.000000000000000000, 1.000000000000000000 ) ) ;
#173 = EDGE_LOOP ( 'NONE', ( #762, #766, #527, #250 ) ) ;
#174 = DIRECTION ( 'NONE',  ( 0.000000000000000000, 0.000000000000000000, 1.000000000000000000 ) ) ;
#175 = CARTESIAN_POINT ( 'NONE',  ( -25.00000000000000000, 0.000000000000000000, -22.50000000000000000 ) ) ;
#176 = CIRCLE ( 'NONE', #987, 1.549999999999999378 ) ;
#177 = DIRECTION ( 'NONE',  ( -0.000000000000000000, -3.469446951953613794E-15, -1.000000000000000000 ) ) ;
#178 = ORIENTED_EDGE ( 'NONE', *, *, #44, .F. ) ;
#179 = ORIENTED_EDGE ( 'NONE', *, *, #1037, .T. ) ;
#180 = CARTESIAN_POINT ( 'NONE',  ( 0.000000000000000000, 0.000000000000000000, 0.000000000000000000 ) ) ;
#181 = EDGE_CURVE ( 'NONE', #1421, #196, #890, .T. ) ;
#182 = DIRECTION ( 'NONE',  ( -0.000000000000000000, -0.000000000000000000, 1.000000000000000000 ) ) ;
#183 = FACE_OUTER_BOUND ( 'NONE', #87, .T. ) ;
#184 = CARTESIAN_POINT ( 'NONE',  ( 0.000000000000000000, 19.50000000000000000, -21.50000000000000000 ) ) ;
#185 = ORIENTED_EDGE ( 'NONE', *, *, #283, .F. ) ;
#186 = AXIS2_PLACEMENT_3D ( 'NONE', #717, #252, #803 ) ;
#187 = ORIENTED_EDGE ( 'NONE', *, *, #253, .T. ) ;
#188 = CARTESIAN_POINT ( 'NONE',  ( -17.50000000000000000, -1.001000000000008550, -13.10000000000000497 ) ) ;
#189 = MECHANICAL_CONTEXT ( 'NONE', #533, 'mechanical' ) ;
#190 = AXIS2_PLACEMENT_3D ( 'NONE', #882, #1311, #552 ) ;
#191 = DIRECTION ( 'NONE',  ( 0.000000000000000000, 0.000000000000000000, -1.000000000000000000 ) ) ;
#192 = DIRECTION ( 'NONE',  ( 1.000000000000000000, 0.000000000000000000, -0.000000000000000000 ) ) ;
#193 = ORIENTED_EDGE ( 'NONE', *, *, #349, .F. ) ;
#194 = VERTEX_POINT ( 'NONE', #1414 ) ;
#195 = EDGE_CURVE ( 'NONE', #94, #1206, #1174, .T. ) ;
#196 = VERTEX_POINT ( 'NONE', #1330 ) ;
#197 = FACE_OUTER_BOUND ( 'NONE', #1064, .T. ) ;
#198 =( NAMED_UNIT ( * ) PLANE_ANGLE_UNIT ( ) SI_UNIT ( $, .RADIAN. ) );
#199 = CARTESIAN_POINT ( 'NONE',  ( -17.50000000000000000, -1.000000000000000000, -9.900000000000000355 ) ) ;
#200 = CIRCLE ( 'NONE', #458, 1.549999999999999378 ) ;
#201 = ORIENTED_EDGE ( 'NONE', *, *, #181, .F. ) ;
#202 = ORIENTED_EDGE ( 'NONE', *, *, #456, .F. ) ;
#203 = LINE ( 'NONE', #1323, #1116 ) ;
#204 = ORIENTED_EDGE ( 'NONE', *, *, #799, .T. ) ;
#205 = PLANE ( 'NONE',  #1354 ) ;
#206 = DIRECTION ( 'NONE',  ( 0.000000000000000000, 0.000000000000000000, 1.000000000000000000 ) ) ;
#207 = DIRECTION ( 'NONE',  ( 0.000000000000000000, 0.000000000000000000, 1.000000000000000000 ) ) ;
#208 = ORIENTED_EDGE ( 'NONE', *, *, #1113, .F. ) ;
#209 = VERTEX_POINT ( 'NONE', #781 ) ;
#210 = PLANE ( 'NONE',  #84 ) ;
#211 = ORIENTED_EDGE ( 'NONE', *, *, #474, .T. ) ;
#212 = LINE ( 'NONE', #1215, #375 ) ;
#213 = APPROVAL_ROLE ( '' ) ;
#214 = EDGE_CURVE ( 'NONE', #620, #1073, #733, .T. ) ;
#215 = CIRCLE ( 'NONE', #809, 1.600000000000002531 ) ;
#216 = AXIS2_PLACEMENT_3D ( 'NONE', #535, #971, #1418 ) ;
#217 = ORIENTED_EDGE ( 'NONE', *, *, #440, .T. ) ;
#218 = ORIENTED_EDGE ( 'NONE', *, *, #344, .T. ) ;
#219 = DIRECTION ( 'NONE',  ( -0.000000000000000000, 6.982962677686266711E-15, -1.000000000000000000 ) ) ;
#220 = ORIENTED_EDGE ( 'NONE', *, *, #1120, .F. ) ;
#221 = CARTESIAN_POINT ( 'NONE',  ( 17.50000000000000000, 0.000000000000000000, -11.50000000000000711 ) ) ;
#222 = AXIS2_PLACEMENT_3D ( 'NONE', #1151, #1363, #285 ) ;
#223 = CALENDAR_DATE ( 2023, 13, 3 ) ;
#224 = PRODUCT_DEFINITION ( '未知', '', #392, #935 ) ;
#225 = EDGE_LOOP ( 'NONE', ( #22, #435, #450, #1317 ) ) ;
#226 = AXIS2_PLACEMENT_3D ( 'NONE', #393, #949, #401 ) ;
#227 = DIRECTION ( 'NONE',  ( -2.040851148208008245E-16, -0.000000000000000000, -1.000000000000000000 ) ) ;
#228 = ORIENTED_EDGE ( 'NONE', *, *, #1225, .F. ) ;
#229 = PLANE ( 'NONE',  #589 ) ;
#230 = EDGE_CURVE ( 'NONE', #136, #437, #1108, .T. ) ;
#231 = ORIENTED_EDGE ( 'NONE', *, *, #1225, .T. ) ;
#232 = ORIENTED_EDGE ( 'NONE', *, *, #669, .T. ) ;
#233 = CARTESIAN_POINT ( 'NONE',  ( -11.95000000000000107, 7.999999999999988454, -21.50000000000000000 ) ) ;
#234 = ORIENTED_EDGE ( 'NONE', *, *, #852, .F. ) ;
#235 = DIRECTION ( 'NONE',  ( 1.000000000000000000, 0.000000000000000000, 0.000000000000000000 ) ) ;
#236 = ADVANCED_FACE ( 'NONE', ( #1422 ), #325, .F. ) ;
#237 = VECTOR ( 'NONE', #398, 1000.000000000000000 ) ;
#238 = ORIENTED_EDGE ( 'NONE', *, *, #772, .F. ) ;
#239 = CARTESIAN_POINT ( 'NONE',  ( 0.000000000000000000, -1.001000000000008550, 1.600000000000000089 ) ) ;
#240 = ORIENTED_EDGE ( 'NONE', *, *, #697, .T. ) ;
#241 = CARTESIAN_POINT ( 'NONE',  ( -13.50000000000000000, 7.999999999999988454, -22.50000000000002842 ) ) ;
#242 = SECURITY_CLASSIFICATION ( '', '', #869 ) ;
#243 = EDGE_CURVE ( 'NONE', #972, #317, #203, .T. ) ;
#244 = ORIENTED_EDGE ( 'NONE', *, *, #1153, .F. ) ;
#245 = CARTESIAN_POINT ( 'NONE',  ( -25.00000000000000000, -8.565197162635485029E-15, -20.76340000000000074 ) ) ;
#246 = ORIENTED_EDGE ( 'NONE', *, *, #243, .T. ) ;
#247 = DIRECTION ( 'NONE',  ( -0.000000000000000000, 0.000000000000000000, 1.000000000000000000 ) ) ;
#248 = CARTESIAN_POINT ( 'NONE',  ( 0.000000000000000000, -1.000000000000000000, 0.000000000000000000 ) ) ;
#249 = CARTESIAN_POINT ( 'NONE',  ( 1.959434878635765230E-16, 0.000000000000000000, -1.600000000000000089 ) ) ;
#250 = ORIENTED_EDGE ( 'NONE', *, *, #423, .F. ) ;
#251 = DIRECTION ( 'NONE',  ( -0.000000000000000000, -0.000000000000000000, 1.000000000000000000 ) ) ;
#252 = DIRECTION ( 'NONE',  ( -0.000000000000000000, 1.000000000000000000, -0.000000000000000000 ) ) ;
#253 = EDGE_CURVE ( 'NONE', #1222, #1421, #565, .T. ) ;
#254 = VECTOR ( 'NONE', #693, 1000.000000000000000 ) ;
#255 = EDGE_CURVE ( 'NONE', #1289, #1003, #989, .T. ) ;
#256 = VECTOR ( 'NONE', #550, 1000.000000000000000 ) ;
#257 = DIRECTION ( 'NONE',  ( -0.000000000000000000, 0.000000000000000000, 1.000000000000000000 ) ) ;
#258 = VERTEX_POINT ( 'NONE', #309 ) ;
#259 = DIRECTION ( 'NONE',  ( 0.000000000000000000, 3.469446951953613794E-15, 1.000000000000000000 ) ) ;
#260 = AXIS2_PLACEMENT_3D ( 'NONE', #1036, #1261, #1152 ) ;
#261 = CARTESIAN_POINT ( 'NONE',  ( -17.50000000000000000, -1.000000000000000000, 5.499999999999998224 ) ) ;
#262 = AXIS2_PLACEMENT_3D ( 'NONE', #1088, #1303, #207 ) ;
#263 = DIRECTION ( 'NONE',  ( 1.000000000000000000, 0.000000000000000000, 0.000000000000000000 ) ) ;
#264 = PLANE ( 'NONE',  #149 ) ;
#265 = DIRECTION ( 'NONE',  ( 0.000000000000000000, -1.000000000000000000, 0.000000000000000000 ) ) ;
#266 = CARTESIAN_POINT ( 'NONE',  ( 25.00000000000000000, 33.99999999999999289, -22.50000000000011724 ) ) ;
#267 = ADVANCED_FACE ( 'NONE', ( #419 ), #997, .T. ) ;
#268 = LINE ( 'NONE', #1155, #907 ) ;
#269 = EDGE_LOOP ( 'NONE', ( #582, #957 ) ) ;
#270 = DIRECTION ( 'NONE',  ( -0.000000000000000000, 3.491481338843133355E-15, 1.000000000000000000 ) ) ;
#271 = ADVANCED_FACE ( 'NONE', ( #572 ), #1101, .T. ) ;
#272 = DIRECTION ( 'NONE',  ( 0.000000000000000000, 3.469446951953613794E-15, 1.000000000000000000 ) ) ;
#273 = DIRECTION ( 'NONE',  ( -0.000000000000000000, -1.000000000000000000, 0.000000000000000000 ) ) ;
#274 = DIRECTION ( 'NONE',  ( 0.000000000000000000, 0.000000000000000000, 1.000000000000000000 ) ) ;
#275 = DIRECTION ( 'NONE',  ( 0.000000000000000000, 0.000000000000000000, -1.000000000000000000 ) ) ;
#276 = FACE_OUTER_BOUND ( 'NONE', #856, .T. ) ;
#277 = ORIENTED_EDGE ( 'NONE', *, *, #785, .F. ) ;
#278 = DIRECTION ( 'NONE',  ( -0.000000000000000000, -0.000000000000000000, 1.000000000000000000 ) ) ;
#279 = AXIS2_PLACEMENT_3D ( 'NONE', #763, #660, #1094 ) ;
#280 = CARTESIAN_POINT ( 'NONE',  ( -25.00000000000000000, 0.7366000000000039183, -22.50000000000000355 ) ) ;
#281 = VECTOR ( 'NONE', #294, 1000.000000000000000 ) ;
#282 = AXIS2_PLACEMENT_3D ( 'NONE', #964, #1293, #192 ) ;
#283 = EDGE_CURVE ( 'NONE', #2, #642, #429, .T. ) ;
#284 = DIRECTION ( 'NONE',  ( 1.000000000000000000, 0.000000000000000000, 0.000000000000000000 ) ) ;
#285 = DIRECTION ( 'NONE',  ( 0.000000000000000000, 0.000000000000000000, 1.000000000000000000 ) ) ;
#286 = ORIENTED_EDGE ( 'NONE', *, *, #20, .T. ) ;
#287 = FACE_OUTER_BOUND ( 'NONE', #801, .T. ) ;
#288 = DIRECTION ( 'NONE',  ( 0.000000000000000000, 3.469446951953613794E-15, 1.000000000000000000 ) ) ;
#289 = AXIS2_PLACEMENT_3D ( 'NONE', #901, #257, #787 ) ;
#290 = CARTESIAN_POINT ( 'NONE',  ( 0.000000000000000000, -1.001000000000008550, 0.000000000000000000 ) ) ;
#291 = DIRECTION ( 'NONE',  ( 0.000000000000000000, -3.496217992582529255E-15, -1.000000000000000000 ) ) ;
#292 = EDGE_LOOP ( 'NONE', ( #220, #1099, #926, #1296 ) ) ;
#293 = ORIENTED_EDGE ( 'NONE', *, *, #1301, .T. ) ;
#294 = DIRECTION ( 'NONE',  ( -0.000000000000000000, 1.000000000000000000, -0.000000000000000000 ) ) ;
#295 = FACE_OUTER_BOUND ( 'NONE', #1006, .T. ) ;
#296 = VECTOR ( 'NONE', #1110, 1000.000000000000000 ) ;
#297 = EDGE_CURVE ( 'NONE', #1066, #1383, #1228, .T. ) ;
#298 = DIRECTION ( 'NONE',  ( -0.000000000000000000, 0.000000000000000000, 1.000000000000000000 ) ) ;
#299 = DIRECTION ( 'NONE',  ( 0.000000000000000000, 1.000000000000000000, -0.000000000000000000 ) ) ;
#300 = EDGE_LOOP ( 'NONE', ( #865, #571, #128, #867 ) ) ;
#301 = VERTEX_POINT ( 'NONE', #1316 ) ;
#302 = CARTESIAN_POINT ( 'NONE',  ( 0.000000000000000000, -8.155403775779943998E-14, -22.50000000000000000 ) ) ;
#303 = DIRECTION ( 'NONE',  ( 0.000000000000000000, 0.000000000000000000, 1.000000000000000000 ) ) ;
#304 = CIRCLE ( 'NONE', #906, 1.549999999999999378 ) ;
#305 = DIRECTION ( 'NONE',  ( -0.000000000000000000, 1.000000000000000000, -0.000000000000000000 ) ) ;
#306 = CARTESIAN_POINT ( 'NONE',  ( 17.50000000000000355, 0.000000000000000000, 18.99999999999999645 ) ) ;
#307 = ORIENTED_EDGE ( 'NONE', *, *, #888, .T. ) ;
#308 = ORIENTED_EDGE ( 'NONE', *, *, #1284, .F. ) ;
#309 = CARTESIAN_POINT ( 'NONE',  ( 15.04999999999999893, 7.999999999999991118, -22.50000000000002842 ) ) ;
#310 = VERTEX_POINT ( 'NONE', #233 ) ;
#311 = FACE_OUTER_BOUND ( 'NONE', #1281, .T. ) ;
#312 = PERSON_AND_ORGANIZATION ( #1218, #1366 ) ;
#313 = ADVANCED_FACE ( 'NONE', ( #1205 ), #210, .T. ) ;
#314 = LINE ( 'NONE', #758, #33 ) ;
#315 = VECTOR ( 'NONE', #227, 1000.000000000000000 ) ;
#316 = ORIENTED_EDGE ( 'NONE', *, *, #875, .T. ) ;
#317 = VERTEX_POINT ( 'NONE', #1117 ) ;
#318 = DIRECTION ( 'NONE',  ( 0.000000000000000000, 1.000000000000000000, 0.000000000000000000 ) ) ;
#319 = EDGE_LOOP ( 'NONE', ( #549, #990 ) ) ;
#320 = PLANE ( 'NONE',  #279 ) ;
#321 = CALENDAR_DATE ( 2023, 13, 3 ) ;
#322 = EDGE_CURVE ( 'NONE', #1327, #120, #858, .T. ) ;
#323 = ORIENTED_EDGE ( 'NONE', *, *, #1002, .T. ) ;
#324 = ORIENTED_EDGE ( 'NONE', *, *, #962, .T. ) ;
#325 = CYLINDRICAL_SURFACE ( 'NONE', #995, 4.099999999999999645 ) ;
#326 = ORIENTED_EDGE ( 'NONE', *, *, #827, .F. ) ;
#327 = DIRECTION ( 'NONE',  ( 0.000000000000000000, 0.000000000000000000, -1.000000000000000000 ) ) ;
#328 = PERSON_AND_ORGANIZATION ( #1218, #1366 ) ;
#329 = AXIS2_PLACEMENT_3D ( 'NONE', #1365, #917, #821 ) ;
#330 = VECTOR ( 'NONE', #709, 1000.000000000000000 ) ;
#331 = VECTOR ( 'NONE', #1398, 1000.000000000000000 ) ;
#332 = ORIENTED_EDGE ( 'NONE', *, *, #895, .F. ) ;
#333 = ADVANCED_FACE ( 'NONE', ( #436 ), #871, .F. ) ;
#334 = EDGE_LOOP ( 'NONE', ( #879, #910 ) ) ;
#335 = CARTESIAN_POINT ( 'NONE',  ( -25.00000000000000000, -8.155403775779943998E-14, -22.50000000000000000 ) ) ;
#336 = ORIENTED_EDGE ( 'NONE', *, *, #20, .F. ) ;
#337 = DIRECTION ( 'NONE',  ( 1.000000000000000000, 0.000000000000000000, 0.000000000000000000 ) ) ;
#338 = VECTOR ( 'NONE', #47, 1000.000000000000000 ) ;
#339 = EDGE_LOOP ( 'NONE', ( #1118, #859 ) ) ;
#340 = ORIENTED_EDGE ( 'NONE', *, *, #1014, .T. ) ;
#341 = DIRECTION ( 'NONE',  ( -2.040851148208008245E-16, 0.000000000000000000, -1.000000000000000000 ) ) ;
#342 = VERTEX_POINT ( 'NONE', #157 ) ;
#343 = PLANE ( 'NONE',  #1256 ) ;
#344 = EDGE_CURVE ( 'NONE', #642, #655, #1200, .T. ) ;
#345 = ORIENTED_EDGE ( 'NONE', *, *, #255, .T. ) ;
#346 = DIRECTION ( 'NONE',  ( 0.000000000000000000, -1.000000000000000000, 4.476705744456278510E-15 ) ) ;
#347 = ORIENTED_EDGE ( 'NONE', *, *, #1396, .T. ) ;
#348 = DIRECTION ( 'NONE',  ( -1.000000000000000000, 0.000000000000000000, 0.000000000000000000 ) ) ;
#349 = EDGE_CURVE ( 'NONE', #1327, #36, #200, .T. ) ;
#350 = CC_DESIGN_APPROVAL ( #1141, ( #224 ) ) ;
#351 = CC_DESIGN_DATE_AND_TIME_ASSIGNMENT ( #1095, #653, ( #242 ) ) ;
#352 = ORIENTED_EDGE ( 'NONE', *, *, #1240, .T. ) ;
#353 = AXIS2_PLACEMENT_3D ( 'NONE', #836, #1038, #383 ) ;
#354 = CARTESIAN_POINT ( 'NONE',  ( -17.50000000000000000, 0.000000000000000000, 5.499999999999998224 ) ) ;
#355 = ORIENTED_EDGE ( 'NONE', *, *, #1201, .F. ) ;
#356 = DIRECTION ( 'NONE',  ( 0.000000000000000000, 0.000000000000000000, 1.000000000000000000 ) ) ;
#357 = CLOSED_SHELL ( 'NONE', ( #1298, #1041, #784, #1426, #379, #581, #1192, #993, #313, #364, #60, #1307, #934, #130, #1148, #981, #271, #1087, #838, #531, #580, #150, #123, #1389, #602, #743, #164, #919, #333, #472, #636, #847, #236, #622, #706, #1320, #489, #554, #568, #1184, #267, #21 ) ) ;
#358 = CARTESIAN_POINT ( 'NONE',  ( -4.099999999999999645, 19.50000000000000000, -21.50000000000000000 ) ) ;
#359 = CARTESIAN_POINT ( 'NONE',  ( -13.50000000000000000, 30.99999999999998934, -22.50000000000010658 ) ) ;
#360 = ORIENTED_EDGE ( 'NONE', *, *, #486, .T. ) ;
#361 = DIRECTION ( 'NONE',  ( 0.000000000000000000, -1.000000000000000000, 4.476705744456278510E-15 ) ) ;
#362 = AXIS2_PLACEMENT_3D ( 'NONE', #359, #475, #346 ) ;
#363 = LINE ( 'NONE', #261, #853 ) ;
#364 = ADVANCED_FACE ( 'NONE', ( #1005 ), #597, .T. ) ;
#365 = LINE ( 'NONE', #591, #555 ) ;
#366 = LINE ( 'NONE', #1164, #594 ) ;
#367 = CARTESIAN_POINT ( 'NONE',  ( -13.50000000000000000, 30.99999999999998934, -21.50000000000000000 ) ) ;
#368 = CC_DESIGN_DATE_AND_TIME_ASSIGNMENT ( #977, #543, ( #224 ) ) ;
#369 = LINE ( 'NONE', #43, #254 ) ;
#370 = AXIS2_PLACEMENT_3D ( 'NONE', #904, #807, #1147 ) ;
#371 = CARTESIAN_POINT ( 'NONE',  ( -25.00000000000000000, -1.000000000000000000, 20.49999999999999645 ) ) ;
#372 = FACE_OUTER_BOUND ( 'NONE', #173, .T. ) ;
#373 = FACE_OUTER_BOUND ( 'NONE', #1429, .T. ) ;
#374 = EDGE_CURVE ( 'NONE', #437, #136, #155, .T. ) ;
#375 = VECTOR ( 'NONE', #1230, 1000.000000000000000 ) ;
#376 = LINE ( 'NONE', #384, #488 ) ;
#377 = EDGE_CURVE ( 'NONE', #107, #196, #365, .T. ) ;
#378 = ORIENTED_EDGE ( 'NONE', *, *, #1210, .F. ) ;
#379 = ADVANCED_FACE ( 'NONE', ( #707 ), #1023, .F. ) ;
#380 = DIRECTION ( 'NONE',  ( 0.000000000000000000, 1.000000000000000000, 0.000000000000000000 ) ) ;
#381 = DIRECTION ( 'NONE',  ( -0.000000000000000000, -0.000000000000000000, 1.000000000000000000 ) ) ;
#382 = DIRECTION ( 'NONE',  ( -0.000000000000000000, 1.000000000000000000, -0.000000000000000000 ) ) ;
#383 = DIRECTION ( 'NONE',  ( 1.000000000000000000, 0.000000000000000000, 0.000000000000000000 ) ) ;
#384 = CARTESIAN_POINT ( 'NONE',  ( 1.959434878635765230E-16, -1.001000000000008550, -1.600000000000000089 ) ) ;
#385 = CARTESIAN_POINT ( 'NONE',  ( -25.00000000000000000, -1.000000000000000000, 20.49999999999998224 ) ) ;
#386 = ORIENTED_EDGE ( 'NONE', *, *, #125, .F. ) ;
#387 = CARTESIAN_POINT ( 'NONE',  ( 25.00000000000000000, -8.565197162635485029E-15, -20.76340000000000074 ) ) ;
#388 = VERTEX_POINT ( 'NONE', #800 ) ;
#389 = CARTESIAN_POINT ( 'NONE',  ( 25.00000000000000000, 36.00000000000000711, -21.50000000000012434 ) ) ;
#390 = APPROVAL_STATUS ( 'not_yet_approved' ) ;
#391 = EDGE_CURVE ( 'NONE', #209, #1347, #135, .T. ) ;
#392 = PRODUCT_DEFINITION_FORMATION_WITH_SPECIFIED_SOURCE ( '任何', '', #85, .NOT_KNOWN. ) ;
#393 = CARTESIAN_POINT ( 'NONE',  ( -17.50000000000000000, -1.001000000000008550, -11.50000000000000355 ) ) ;
#394 = DIRECTION ( 'NONE',  ( -0.000000000000000000, 1.000000000000000000, -0.000000000000000000 ) ) ;
#395 = EDGE_LOOP ( 'NONE', ( #682, #1089 ) ) ;
#396 = DIRECTION ( 'NONE',  ( 0.000000000000000000, 0.000000000000000000, 1.000000000000000000 ) ) ;
#397 = CIRCLE ( 'NONE', #11, 1.549999999999999378 ) ;
#398 = DIRECTION ( 'NONE',  ( -0.000000000000000000, 3.491481338843133355E-15, 1.000000000000000000 ) ) ;
#399 = VECTOR ( 'NONE', #1059, 1000.000000000000000 ) ;
#400 = VECTOR ( 'NONE', #171, 1000.000000000000000 ) ;
#401 = DIRECTION ( 'NONE',  ( 0.000000000000000000, 0.000000000000000000, 1.000000000000000000 ) ) ;
#402 = CARTESIAN_POINT ( 'NONE',  ( 11.95000000000000107, 7.999999999999991118, -22.50000000000002842 ) ) ;
#403 = VERTEX_POINT ( 'NONE', #1124 ) ;
#404 = DIRECTION ( 'NONE',  ( -0.000000000000000000, 1.000000000000000000, -0.000000000000000000 ) ) ;
#405 = CARTESIAN_POINT ( 'NONE',  ( -25.00000000000000000, -1.000000000000008660, -20.76340000000000074 ) ) ;
#406 = EDGE_CURVE ( 'NONE', #779, #194, #1234, .T. ) ;
#407 = VECTOR ( 'NONE', #1430, 1000.000000000000000 ) ;
#408 = DIRECTION ( 'NONE',  ( 1.000000000000000000, 0.000000000000000000, -0.000000000000000000 ) ) ;
#409 = FACE_OUTER_BOUND ( 'NONE', #462, .T. ) ;
#410 = ORIENTED_EDGE ( 'NONE', *, *, #637, .F. ) ;
#411 = ORIENTED_EDGE ( 'NONE', *, *, #791, .F. ) ;
#412 = ORIENTED_EDGE ( 'NONE', *, *, #181, .T. ) ;
#413 = CARTESIAN_POINT ( 'NONE',  ( -17.50000000000000000, -1.000000000000000000, -11.50000000000000355 ) ) ;
#414 = CARTESIAN_POINT ( 'NONE',  ( 11.95000000000000107, 7.999999999999991118, -21.50000000000000000 ) ) ;
#415 = FACE_BOUND ( 'NONE', #1123, .T. ) ;
#416 = VERTEX_POINT ( 'NONE', #1343 ) ;
#417 = EDGE_LOOP ( 'NONE', ( #751, #965, #420, #185 ) ) ;
#418 = LOCAL_TIME ( 10, 38, 47.00000000000000000, #553 ) ;
#419 = FACE_OUTER_BOUND ( 'NONE', #417, .T. ) ;
#420 = ORIENTED_EDGE ( 'NONE', *, *, #344, .F. ) ;
#421 = FACE_OUTER_BOUND ( 'NONE', #225, .T. ) ;
#422 = LINE ( 'NONE', #1055, #876 ) ;
#423 = EDGE_CURVE ( 'NONE', #519, #94, #1356, .T. ) ;
#424 = CIRCLE ( 'NONE', #1419, 1.600000000000002531 ) ;
#425 = FACE_OUTER_BOUND ( 'NONE', #768, .T. ) ;
#426 = ORIENTED_EDGE ( 'NONE', *, *, #683, .F. ) ;
#427 = EDGE_CURVE ( 'NONE', #342, #1093, #143, .T. ) ;
#428 = EDGE_LOOP ( 'NONE', ( #857, #689, #1109, #246 ) ) ;
#429 = LINE ( 'NONE', #1092, #756 ) ;
#430 = ORIENTED_EDGE ( 'NONE', *, *, #7, .T. ) ;
#431 = DIRECTION ( 'NONE',  ( -0.000000000000000000, 0.000000000000000000, 1.000000000000000000 ) ) ;
#432 = PERSON_AND_ORGANIZATION_ROLE ( 'creator' ) ;
#433 = CARTESIAN_POINT ( 'NONE',  ( 25.00000000000000000, -1.000000000000000000, 20.49999999999998224 ) ) ;
#434 = VERTEX_POINT ( 'NONE', #1246 ) ;
#435 = ORIENTED_EDGE ( 'NONE', *, *, #1245, .F. ) ;
#436 = FACE_OUTER_BOUND ( 'NONE', #566, .T. ) ;
#437 = VERTEX_POINT ( 'NONE', #459 ) ;
#438 = DIRECTION ( 'NONE',  ( 0.000000000000000000, -1.000000000000000000, 0.000000000000000000 ) ) ;
#439 = PERSON_AND_ORGANIZATION ( #1218, #1366 ) ;
#440 = EDGE_CURVE ( 'NONE', #403, #870, #1360, .T. ) ;
#441 = VERTEX_POINT ( 'NONE', #1251 ) ;
#442 = CARTESIAN_POINT ( 'NONE',  ( -23.00000000000000000, 0.000000000000000000, 20.49999999999999645 ) ) ;
#443 = VERTEX_POINT ( 'NONE', #249 ) ;
#444 = CARTESIAN_POINT ( 'NONE',  ( -23.00000000000000000, -1.000000000000000000, 20.49999999999999645 ) ) ;
#445 = PERSON_AND_ORGANIZATION_ROLE ( 'classification_officer' ) ;
#446 = VECTOR ( 'NONE', #1139, 1000.000000000000000 ) ;
#447 = SHAPE_DEFINITION_REPRESENTATION ( #646, #156 ) ;
#448 = AXIS2_PLACEMENT_3D ( 'NONE', #113, #15, #327 ) ;
#449 = AXIS2_PLACEMENT_3D ( 'NONE', #80, #1282, #940 ) ;
#450 = ORIENTED_EDGE ( 'NONE', *, *, #772, .T. ) ;
#451 = ORIENTED_EDGE ( 'NONE', *, *, #596, .T. ) ;
#452 = DIRECTION ( 'NONE',  ( 0.000000000000000000, 0.000000000000000000, 1.000000000000000000 ) ) ;
#453 = ORIENTED_EDGE ( 'NONE', *, *, #833, .T. ) ;
#454 = FACE_BOUND ( 'NONE', #319, .T. ) ;
#455 = APPROVAL_PERSON_ORGANIZATION ( #1319, #884, #661 ) ;
#456 = EDGE_CURVE ( 'NONE', #877, #301, #939, .T. ) ;
#457 = ORIENTED_EDGE ( 'NONE', *, *, #1033, .T. ) ;
#458 = AXIS2_PLACEMENT_3D ( 'NONE', #151, #1150, #577 ) ;
#459 = CARTESIAN_POINT ( 'NONE',  ( -17.50000000000000000, 0.000000000000000000, -9.900000000000000355 ) ) ;
#460 = ORIENTED_EDGE ( 'NONE', *, *, #195, .T. ) ;
#461 = DIRECTION ( 'NONE',  ( 0.000000000000000000, 3.469446951953613794E-15, 1.000000000000000000 ) ) ;
#462 = EDGE_LOOP ( 'NONE', ( #1331, #1080, #487, #316, #1180, #208 ) ) ;
#463 = CARTESIAN_POINT ( 'NONE',  ( 13.50000000000000000, 30.99999999999998934, -31.50000000000000000 ) ) ;
#464 = ORIENTED_EDGE ( 'NONE', *, *, #1301, .F. ) ;
#465 = CARTESIAN_POINT ( 'NONE',  ( 13.50000000000000000, 7.999999999999991118, -22.50000000000002842 ) ) ;
#466 = CARTESIAN_POINT ( 'NONE',  ( -11.95000000000000107, 7.999999999999988454, -31.50000000000000000 ) ) ;
#467 = VECTOR ( 'NONE', #235, 1000.000000000000000 ) ;
#468 = CIRCLE ( 'NONE', #1278, 2.000000000000001776 ) ;
#469 = FACE_OUTER_BOUND ( 'NONE', #984, .T. ) ;
#470 = ORIENTED_EDGE ( 'NONE', *, *, #644, .T. ) ;
#471 = DIRECTION ( 'NONE',  ( -2.040851148208008245E-16, -0.000000000000000000, -1.000000000000000000 ) ) ;
#472 = ADVANCED_FACE ( 'NONE', ( #469 ), #684, .F. ) ;
#473 = DIRECTION ( 'NONE',  ( -0.000000000000000000, 1.000000000000000000, -0.000000000000000000 ) ) ;
#474 = EDGE_CURVE ( 'NONE', #1383, #1015, #1348, .T. ) ;
#475 = DIRECTION ( 'NONE',  ( 0.000000000000000000, 3.469446951953613794E-15, 1.000000000000000000 ) ) ;
#476 = DIRECTION ( 'NONE',  ( 0.000000000000000000, 1.000000000000000000, 0.000000000000000000 ) ) ;
#477 = CARTESIAN_POINT ( 'NONE',  ( -25.00000000000000000, -1.000000000000000000, 22.50000000000000000 ) ) ;
#478 = VECTOR ( 'NONE', #1259, 1000.000000000000000 ) ;
#479 = FACE_BOUND ( 'NONE', #592, .T. ) ;
#480 = EDGE_CURVE ( 'NONE', #972, #529, #794, .T. ) ;
#481 = AXIS2_PLACEMENT_3D ( 'NONE', #1309, #1196, #866 ) ;
#482 = DIRECTION ( 'NONE',  ( 1.000000000000000000, 0.000000000000000000, 0.000000000000000000 ) ) ;
#483 = CARTESIAN_POINT ( 'NONE',  ( 11.94999999999999929, 30.99999999999998934, -22.50000000000010658 ) ) ;
#484 = DIRECTION ( 'NONE',  ( -0.000000000000000000, 1.000000000000000000, -0.000000000000000000 ) ) ;
#485 = CARTESIAN_POINT ( 'NONE',  ( -15.04999999999999893, 7.999999999999988454, -22.50000000000002842 ) ) ;
#487 = ORIENTED_EDGE ( 'NONE', *, *, #739, .F. ) ;
#486 = EDGE_CURVE ( 'NONE', #779, #1197, #1130, .T. ) ;
#488 = VECTOR ( 'NONE', #705, 1000.000000000000000 ) ;
#489 = ADVANCED_FACE ( 'NONE', ( #28 ), #1394, .F. ) ;
#490 = CARTESIAN_POINT ( 'NONE',  ( -25.00000000000000000, 0.7365999999999919279, -20.76340000000000074 ) ) ;
#491 = LINE ( 'NONE', #929, #1334 ) ;
#492 = CARTESIAN_POINT ( 'NONE',  ( 17.50000000000000355, -1.000000000000000000, 18.99999999999999645 ) ) ;
#493 = CIRCLE ( 'NONE', #260, 2.899999999999999911 ) ;
#494 = AXIS2_PLACEMENT_3D ( 'NONE', #1272, #943, #275 ) ;
#495 = DIRECTION ( 'NONE',  ( -2.040851148208008245E-16, 0.000000000000000000, 1.000000000000000000 ) ) ;
#496 = DIRECTION ( 'NONE',  ( -0.000000000000000000, 6.982962677686266711E-15, -1.000000000000000000 ) ) ;
#497 = DIRECTION ( 'NONE',  ( -0.000000000000000000, 0.000000000000000000, -1.000000000000000000 ) ) ;
#498 = CARTESIAN_POINT ( 'NONE',  ( 25.00000000000000000, 0.7365999999999857106, -22.50000000000000355 ) ) ;
#499 = CARTESIAN_POINT ( 'NONE',  ( 25.00000000000000000, 0.7365999999999919279, -20.76340000000000074 ) ) ;
#500 = CARTESIAN_POINT ( 'NONE',  ( -17.50000000000000000, -1.000000000000000000, 5.499999999999998224 ) ) ;
#501 = EDGE_CURVE ( 'NONE', #670, #441, #176, .T. ) ;
#502 = PERSON_AND_ORGANIZATION ( #1218, #1366 ) ;
#503 = CARTESIAN_POINT ( 'NONE',  ( 17.49999999999999645, -1.001000000000008550, 16.09999999999999787 ) ) ;
#504 = CARTESIAN_POINT ( 'NONE',  ( 17.50000000000000000, -1.000000000000000000, 5.499999999999998224 ) ) ;
#505 = ORIENTED_EDGE ( 'NONE', *, *, #637, .T. ) ;
#506 = DIRECTION ( 'NONE',  ( 0.000000000000000000, 1.000000000000000000, 0.000000000000000000 ) ) ;
#507 = VECTOR ( 'NONE', #273, 1000.000000000000000 ) ;
#508 = FACE_OUTER_BOUND ( 'NONE', #841, .T. ) ;
#509 = DIRECTION ( 'NONE',  ( 0.000000000000000000, -3.532562060772751952E-15, -1.000000000000000000 ) ) ;
#510 = ORIENTED_EDGE ( 'NONE', *, *, #822, .T. ) ;
#511 = EDGE_CURVE ( 'NONE', #434, #112, #839, .T. ) ;
#512 = EDGE_CURVE ( 'NONE', #441, #670, #600, .T. ) ;
#513 = FACE_BOUND ( 'NONE', #78, .T. ) ;
#514 = VECTOR ( 'NONE', #265, 1000.000000000000000 ) ;
#515 = CIRCLE ( 'NONE', #1393, 2.000000000000001776 ) ;
#516 = CYLINDRICAL_SURFACE ( 'NONE', #148, 1.549999999999999378 ) ;
#517 = CYLINDRICAL_SURFACE ( 'NONE', #908, 1.736600000000001254 ) ;
#518 = EDGE_LOOP ( 'NONE', ( #202, #1324 ) ) ;
#519 = VERTEX_POINT ( 'NONE', #385 ) ;
#520 = ORIENTED_EDGE ( 'NONE', *, *, #1037, .F. ) ;
#521 = LINE ( 'NONE', #1407, #810 ) ;
#522 = CARTESIAN_POINT ( 'NONE',  ( 0.000000000000000000, 0.000000000000000000, 0.000000000000000000 ) ) ;
#523 = VECTOR ( 'NONE', #914, 1000.000000000000000 ) ;
#524 = EDGE_CURVE ( 'NONE', #196, #1306, #1403, .T. ) ;
#525 = DIRECTION ( 'NONE',  ( -2.040851148208008245E-16, -0.000000000000000000, -1.000000000000000000 ) ) ;
#526 = CARTESIAN_POINT ( 'NONE',  ( -25.00000000000000000, 0.7365999999999919279, -20.76340000000000074 ) ) ;
#527 = ORIENTED_EDGE ( 'NONE', *, *, #195, .F. ) ;
#528 = ORIENTED_EDGE ( 'NONE', *, *, #1175, .T. ) ;
#529 = VERTEX_POINT ( 'NONE', #728 ) ;
#530 = CARTESIAN_POINT ( 'NONE',  ( -25.00000000000000000, -8.565197162635485029E-15, -20.76340000000000074 ) ) ;
#531 = ADVANCED_FACE ( 'NONE', ( #1285 ), #1380, .T. ) ;
#532 = DIRECTION ( 'NONE',  ( 0.000000000000000000, -1.000000000000000000, 4.476705744456278510E-15 ) ) ;
#533 = APPLICATION_CONTEXT ( 'configuration controlled 3d designs of mechanical parts and assemblies' ) ;
#534 = EDGE_CURVE ( 'NONE', #529, #898, #778, .T. ) ;
#535 = CARTESIAN_POINT ( 'NONE',  ( 23.00000000000000000, 33.99999999999999289, -22.50000000000011724 ) ) ;
#536 = ORIENTED_EDGE ( 'NONE', *, *, #1361, .F. ) ;
#537 = EDGE_CURVE ( 'NONE', #1428, #625, #913, .T. ) ;
#538 = ORIENTED_EDGE ( 'NONE', *, *, #486, .F. ) ;
#539 = LOCAL_TIME ( 10, 38, 47.00000000000000000, #1216 ) ;
#540 = DIRECTION ( 'NONE',  ( 0.000000000000000000, -1.000000000000000000, 0.000000000000000000 ) ) ;
#541 = ORIENTED_EDGE ( 'NONE', *, *, #757, .T. ) ;
#542 = DIRECTION ( 'NONE',  ( -0.000000000000000000, -0.000000000000000000, 1.000000000000000000 ) ) ;
#543 = DATE_TIME_ROLE ( 'creation_date' ) ;
#544 = CIRCLE ( 'NONE', #449, 1.736600000000001254 ) ;
#545 = VECTOR ( 'NONE', #610, 1000.000000000000000 ) ;
#546 = CIRCLE ( 'NONE', #1355, 1.600000000000002531 ) ;
#547 = DIRECTION ( 'NONE',  ( 1.000000000000000000, 0.000000000000000000, 0.000000000000000000 ) ) ;
#548 = EDGE_LOOP ( 'NONE', ( #864, #117 ) ) ;
#549 = ORIENTED_EDGE ( 'NONE', *, *, #374, .F. ) ;
#550 = DIRECTION ( 'NONE',  ( -0.000000000000000000, 1.000000000000000000, -0.000000000000000000 ) ) ;
#551 = ORIENTED_EDGE ( 'NONE', *, *, #1001, .F. ) ;
#552 = DIRECTION ( 'NONE',  ( 0.000000000000000000, -1.000000000000000000, 4.476705744456278510E-15 ) ) ;
#553 = COORDINATED_UNIVERSAL_TIME_OFFSET ( 8, 0, .AHEAD. ) ;
#554 = ADVANCED_FACE ( 'NONE', ( #508 ), #1271, .F. ) ;
#555 = VECTOR ( 'NONE', #909, 1000.000000000000000 ) ;
#556 = ORIENTED_EDGE ( 'NONE', *, *, #374, .T. ) ;
#557 = ORIENTED_EDGE ( 'NONE', *, *, #656, .T. ) ;
#558 = CARTESIAN_POINT ( 'NONE',  ( -13.50000000000000000, 30.99999999999998934, -31.50000000000000000 ) ) ;
#559 = ORIENTED_EDGE ( 'NONE', *, *, #656, .F. ) ;
#560 = CARTESIAN_POINT ( 'NONE',  ( -23.00000000000000000, 34.00000000000000000, -21.50000000000011724 ) ) ;
#561 = PERSON_AND_ORGANIZATION ( #1218, #1366 ) ;
#562 = VECTOR ( 'NONE', #119, 1000.000000000000000 ) ;
#563 = ORIENTED_EDGE ( 'NONE', *, *, #73, .F. ) ;
#564 = ORIENTED_EDGE ( 'NONE', *, *, #512, .T. ) ;
#565 = LINE ( 'NONE', #761, #878 ) ;
#566 = EDGE_LOOP ( 'NONE', ( #336, #896, #457, #1179 ) ) ;
#567 = DIRECTION ( 'NONE',  ( 0.000000000000000000, 0.000000000000000000, 1.000000000000000000 ) ) ;
#568 = ADVANCED_FACE ( 'NONE', ( #1386 ), #1163, .T. ) ;
#569 =( GEOMETRIC_REPRESENTATION_CONTEXT ( 3 ) GLOBAL_UNCERTAINTY_ASSIGNED_CONTEXT ( ( #1258 ) ) GLOBAL_UNIT_ASSIGNED_CONTEXT ( ( #1312, #198, #627 ) ) REPRESENTATION_CONTEXT ( 'NONE', 'WORKASPACE' ) );
#570 = CIRCLE ( 'NONE', #1185, 4.099999999999999645 ) ;
#571 = ORIENTED_EDGE ( 'NONE', *, *, #377, .F. ) ;
#572 = FACE_OUTER_BOUND ( 'NONE', #944, .T. ) ;
#573 = VERTEX_POINT ( 'NONE', #1186 ) ;
#574 = DIRECTION ( 'NONE',  ( 0.000000000000000000, 3.469446951953613794E-15, 1.000000000000000000 ) ) ;
#575 = ORIENTED_EDGE ( 'NONE', *, *, #1162, .T. ) ;
#576 = AXIS2_PLACEMENT_3D ( 'NONE', #1136, #17, #132 ) ;
#577 = DIRECTION ( 'NONE',  ( 0.000000000000000000, -1.000000000000000000, 4.476705744456278510E-15 ) ) ;
#578 = EDGE_LOOP ( 'NONE', ( #575, #1035, #782, #308 ) ) ;
#579 = CARTESIAN_POINT ( 'NONE',  ( 23.00000000000000000, -1.000000000000000000, 20.49999999999999645 ) ) ;
#580 = ADVANCED_FACE ( 'NONE', ( #603 ), #844, .F. ) ;
#581 = ADVANCED_FACE ( 'NONE', ( #183 ), #516, .F. ) ;
#582 = ORIENTED_EDGE ( 'NONE', *, *, #918, .F. ) ;
#583 = CARTESIAN_POINT ( 'NONE',  ( 17.50000000000000000, 0.000000000000000000, 5.499999999999998224 ) ) ;
#584 = ORIENTED_EDGE ( 'NONE', *, *, #511, .T. ) ;
#585 = DIRECTION ( 'NONE',  ( 0.000000000000000000, -1.000000000000000000, 3.384826294588892334E-15 ) ) ;
#586 = CARTESIAN_POINT ( 'NONE',  ( -23.00000000000000000, 36.00000000000000000, -22.50000000000012434 ) ) ;
#587 = CC_DESIGN_APPROVAL ( #116, ( #392 ) ) ;
#588 = EDGE_CURVE ( 'NONE', #891, #1404, #515, .T. ) ;
#589 = AXIS2_PLACEMENT_3D ( 'NONE', #1084, #999, #1325 ) ;
#590 = VECTOR ( 'NONE', #1167, 1000.000000000000000 ) ;
#591 = CARTESIAN_POINT ( 'NONE',  ( -25.00000000000000000, 33.99999999999999289, -22.50000000000011724 ) ) ;
#592 = EDGE_LOOP ( 'NONE', ( #79, #695 ) ) ;
#593 = CARTESIAN_POINT ( 'NONE',  ( -4.099999999999999645, 19.50000000000000000, -22.50000000000006750 ) ) ;
#594 = VECTOR ( 'NONE', #394, 1000.000000000000000 ) ;
#595 = CARTESIAN_POINT ( 'NONE',  ( 17.50000000000000000, -1.001000000000008550, -9.900000000000003908 ) ) ;
#596 = EDGE_CURVE ( 'NONE', #443, #1093, #792, .T. ) ;
#597 = PLANE ( 'NONE',  #1009 ) ;
#598 = LINE ( 'NONE', #1144, #1097 ) ;
#599 = CARTESIAN_POINT ( 'NONE',  ( -17.49999999999999645, 0.000000000000000000, 21.89999999999999858 ) ) ;
#600 = CIRCLE ( 'NONE', #110, 1.549999999999999378 ) ;
#601 = CARTESIAN_POINT ( 'NONE',  ( -23.00000000000000000, 36.00000000000000711, -21.50000000000012434 ) ) ;
#602 = ADVANCED_FACE ( 'NONE', ( #1049 ), #1264, .F. ) ;
#603 = FACE_OUTER_BOUND ( 'NONE', #1214, .T. ) ;
#604 = LINE ( 'NONE', #937, #338 ) ;
#605 = FACE_OUTER_BOUND ( 'NONE', #300, .T. ) ;
#606 = CARTESIAN_POINT ( 'NONE',  ( -25.00000000000000000, 0.7365999999999892633, -21.50000000000000000 ) ) ;
#607 = CIRCLE ( 'NONE', #1232, 1.600000000000000089 ) ;
#608 = EDGE_CURVE ( 'NONE', #655, #649, #268, .T. ) ;
#609 = DIRECTION ( 'NONE',  ( 0.000000000000000000, -1.000000000000000000, -0.000000000000000000 ) ) ;
#610 = DIRECTION ( 'NONE',  ( 0.000000000000000000, 1.000000000000000000, 0.000000000000000000 ) ) ;
#611 = DIRECTION ( 'NONE',  ( -0.000000000000000000, -0.000000000000000000, 1.000000000000000000 ) ) ;
#612 = AXIS2_PLACEMENT_3D ( 'NONE', #863, #305, #191 ) ;
#613 = CIRCLE ( 'NONE', #53, 4.099999999999999645 ) ;
#614 = DIRECTION ( 'NONE',  ( 0.000000000000000000, 0.000000000000000000, 1.000000000000000000 ) ) ;
#615 = LINE ( 'NONE', #466, #9 ) ;
#616 = CC_DESIGN_SECURITY_CLASSIFICATION ( #242, ( #392 ) ) ;
#617 = CARTESIAN_POINT ( 'NONE',  ( 13.50000000000000000, 7.999999999999991118, -31.50000000000000000 ) ) ;
#618 = CARTESIAN_POINT ( 'NONE',  ( -17.49999999999999645, -1.000000000000000000, 22.50000000000000000 ) ) ;
#619 = CARTESIAN_POINT ( 'NONE',  ( 17.49999999999999645, 0.000000000000000000, 22.50000000000000000 ) ) ;
#620 = VERTEX_POINT ( 'NONE', #749 ) ;
#621 = CYLINDRICAL_SURFACE ( 'NONE', #52, 2.899999999999999911 ) ;
#622 = ADVANCED_FACE ( 'NONE', ( #638 ), #654, .F. ) ;
#623 = DIRECTION ( 'NONE',  ( 1.000000000000000000, -0.000000000000000000, -0.000000000000000000 ) ) ;
#624 = ORIENTED_EDGE ( 'NONE', *, *, #511, .F. ) ;
#625 = VERTEX_POINT ( 'NONE', #1313 ) ;
#626 = DIRECTION ( 'NONE',  ( 0.000000000000000000, 0.000000000000000000, 1.000000000000000000 ) ) ;
#627 =( NAMED_UNIT ( * ) SI_UNIT ( $, .STERADIAN. ) SOLID_ANGLE_UNIT ( ) );
#628 = AXIS2_PLACEMENT_3D ( 'NONE', #1070, #182, #725 ) ;
#629 = DIRECTION ( 'NONE',  ( 0.000000000000000000, 3.469446951953613794E-15, 1.000000000000000000 ) ) ;
#630 = CARTESIAN_POINT ( 'NONE',  ( -25.00000000000000000, 0.7365999999999919279, -20.76340000000000074 ) ) ;
#631 = ORIENTED_EDGE ( 'NONE', *, *, #1001, .T. ) ;
#632 = ORIENTED_EDGE ( 'NONE', *, *, #125, .T. ) ;
#633 = FACE_OUTER_BOUND ( 'NONE', #714, .T. ) ;
#634 = VECTOR ( 'NONE', #251, 1000.000000000000000 ) ;
#635 = AXIS2_PLACEMENT_3D ( 'NONE', #820, #716, #731 ) ;
#636 = ADVANCED_FACE ( 'NONE', ( #425 ), #99, .F. ) ;
#637 = EDGE_CURVE ( 'NONE', #889, #625, #314, .T. ) ;
#638 = FACE_OUTER_BOUND ( 'NONE', #578, .T. ) ;
#639 = FACE_OUTER_BOUND ( 'NONE', #1294, .T. ) ;
#640 = ORIENTED_EDGE ( 'NONE', *, *, #790, .T. ) ;
#641 = ORIENTED_EDGE ( 'NONE', *, *, #169, .T. ) ;
#642 = VERTEX_POINT ( 'NONE', #82 ) ;
#643 = LINE ( 'NONE', #88, #1277 ) ;
#644 = EDGE_CURVE ( 'NONE', #1428, #29, #979, .T. ) ;
#645 = AXIS2_PLACEMENT_3D ( 'NONE', #490, #1034, #1177 ) ;
#646 = PRODUCT_DEFINITION_SHAPE ( 'NONE', 'NONE',  #224 ) ;
#647 = CARTESIAN_POINT ( 'NONE',  ( 17.50000000000000000, 0.000000000000000000, -9.900000000000003908 ) ) ;
#648 = ORIENTED_EDGE ( 'NONE', *, *, #1085, .T. ) ;
#649 = VERTEX_POINT ( 'NONE', #433 ) ;
#650 = DIRECTION ( 'NONE',  ( 0.000000000000000000, 3.469446951953613794E-15, 1.000000000000000000 ) ) ;
#651 = VERTEX_POINT ( 'NONE', #647 ) ;
#652 = CARTESIAN_POINT ( 'NONE',  ( 13.50000000000000000, 30.99999999999998934, -21.50000000000000000 ) ) ;
#653 = DATE_TIME_ROLE ( 'classification_date' ) ;
#654 = CYLINDRICAL_SURFACE ( 'NONE', #262, 2.899999999999999911 ) ;
#655 = VERTEX_POINT ( 'NONE', #854 ) ;
#656 = EDGE_CURVE ( 'NONE', #671, #1413, #1022, .T. ) ;
#657 = EDGE_LOOP ( 'NONE', ( #1081, #1265, #231, #1322 ) ) ;
#658 = CARTESIAN_POINT ( 'NONE',  ( -17.50000000000000000, -1.000000000000000000, 5.499999999999998224 ) ) ;
#659 = ORIENTED_EDGE ( 'NONE', *, *, #757, .F. ) ;
#660 = DIRECTION ( 'NONE',  ( 0.000000000000000000, 0.000000000000000000, 1.000000000000000000 ) ) ;
#661 = APPROVAL_ROLE ( '' ) ;
#662 = CIRCLE ( 'NONE', #718, 2.000000000000001776 ) ;
#663 = CIRCLE ( 'NONE', #862, 1.549999999999999378 ) ;
#664 = ORIENTED_EDGE ( 'NONE', *, *, #895, .T. ) ;
#665 = DIRECTION ( 'NONE',  ( 0.000000000000000000, 1.000000000000000000, 0.000000000000000000 ) ) ;
#666 = ORIENTED_EDGE ( 'NONE', *, *, #406, .T. ) ;
#667 = FACE_OUTER_BOUND ( 'NONE', #795, .T. ) ;
#668 = DATE_AND_TIME ( #223, #539 ) ;
#669 = EDGE_CURVE ( 'NONE', #258, #441, #963, .T. ) ;
#670 = VERTEX_POINT ( 'NONE', #414 ) ;
#671 = VERTEX_POINT ( 'NONE', #199 ) ;
#672 = CARTESIAN_POINT ( 'NONE',  ( 17.50000000000000000, -1.000000000000000000, 5.499999999999998224 ) ) ;
#673 = ORIENTED_EDGE ( 'NONE', *, *, #524, .T. ) ;
#674 = DIRECTION ( 'NONE',  ( 1.000000000000000000, 0.000000000000000000, 0.000000000000000000 ) ) ;
#675 = AXIS2_PLACEMENT_3D ( 'NONE', #13, #665, #452 ) ;
#676 = VERTEX_POINT ( 'NONE', #1079 ) ;
#677 = EDGE_LOOP ( 'NONE', ( #355, #1068, #846, #1308 ) ) ;
#678 = CARTESIAN_POINT ( 'NONE',  ( -17.50000000000000000, 0.000000000000000000, 5.499999999999998224 ) ) ;
#679 = ORIENTED_EDGE ( 'NONE', *, *, #893, .T. ) ;
#680 = DIRECTION ( 'NONE',  ( 0.000000000000000000, 3.469446951953613794E-15, 1.000000000000000000 ) ) ;
#681 = CIRCLE ( 'NONE', #1237, 0.7366000000000004766 ) ;
#682 = ORIENTED_EDGE ( 'NONE', *, *, #688, .F. ) ;
#683 = EDGE_CURVE ( 'NONE', #1314, #1336, #1042, .T. ) ;
#684 = CYLINDRICAL_SURFACE ( 'NONE', #732, 1.550000000000000933 ) ;
#685 = ORIENTED_EDGE ( 'NONE', *, *, #1098, .T. ) ;
#686 = CARTESIAN_POINT ( 'NONE',  ( 17.50000000000000000, 0.000000000000000000, 5.499999999999998224 ) ) ;
#687 = APPROVAL_DATE_TIME ( #1008, #884 ) ;
#688 = EDGE_CURVE ( 'NONE', #1093, #443, #701, .T. ) ;
#689 = ORIENTED_EDGE ( 'NONE', *, *, #423, .T. ) ;
#690 = DIRECTION ( 'NONE',  ( 1.000000000000000000, -0.000000000000000000, -0.000000000000000000 ) ) ;
#691 = EDGE_LOOP ( 'NONE', ( #584, #411, #178, #10 ) ) ;
#692 = CARTESIAN_POINT ( 'NONE',  ( 0.000000000000000000, 36.00000000000000000, -22.50000000000012434 ) ) ;
#693 = DIRECTION ( 'NONE',  ( 1.000000000000000000, -0.000000000000000000, -0.000000000000000000 ) ) ;
#694 = DIRECTION ( 'NONE',  ( -0.000000000000000000, -0.000000000000000000, 1.000000000000000000 ) ) ;
#695 = ORIENTED_EDGE ( 'NONE', *, *, #8, .T. ) ;
#696 = CARTESIAN_POINT ( 'NONE',  ( 17.50000000000000000, 0.000000000000000000, -13.10000000000000853 ) ) ;
#697 = EDGE_CURVE ( 'NONE', #1404, #1314, #724, .T. ) ;
#698 = LINE ( 'NONE', #595, #765 ) ;
#699 = AXIS2_PLACEMENT_3D ( 'NONE', #1165, #611, #1046 ) ;
#700 = AXIS2_PLACEMENT_3D ( 'NONE', #63, #48, #1051 ) ;
#701 = CIRCLE ( 'NONE', #951, 1.600000000000000089 ) ;
#702 = DIRECTION ( 'NONE',  ( -0.000000000000000000, 1.000000000000000000, -0.000000000000000000 ) ) ;
#703 = EDGE_LOOP ( 'NONE', ( #193, #776, #510, #973 ) ) ;
#704 = DIRECTION ( 'NONE',  ( 0.000000000000000000, -1.000000000000000000, 4.476705744456278510E-15 ) ) ;
#705 = DIRECTION ( 'NONE',  ( -0.000000000000000000, 1.000000000000000000, -0.000000000000000000 ) ) ;
#706 = ADVANCED_FACE ( 'NONE', ( #1384 ), #621, .F. ) ;
#707 = FACE_OUTER_BOUND ( 'NONE', #703, .T. ) ;
#708 = CARTESIAN_POINT ( 'NONE',  ( -25.00000000000000000, -1.000000000000000000, -22.50000000000000000 ) ) ;
#709 = DIRECTION ( 'NONE',  ( 0.000000000000000000, -1.000000000000000000, 3.469446951953613794E-15 ) ) ;
#710 = AXIS2_PLACEMENT_3D ( 'NONE', #61, #1292, #734 ) ;
#711 = FACE_OUTER_BOUND ( 'NONE', #1372, .T. ) ;
#712 = CC_DESIGN_PERSON_AND_ORGANIZATION_ASSIGNMENT ( #561, #992, ( #392 ) ) ;
#713 = DIRECTION ( 'NONE',  ( 0.000000000000000000, 0.000000000000000000, -1.000000000000000000 ) ) ;
#714 = EDGE_LOOP ( 'NONE', ( #648, #101, #64, #774, #412, #673 ) ) ;
#715 = DIRECTION ( 'NONE',  ( 0.000000000000000000, -1.000000000000000000, 3.469446951953611033E-15 ) ) ;
#716 = DIRECTION ( 'NONE',  ( -0.000000000000000000, 0.000000000000000000, 1.000000000000000000 ) ) ;
#717 = CARTESIAN_POINT ( 'NONE',  ( 0.000000000000000000, -1.001000000000008550, 0.000000000000000000 ) ) ;
#718 = AXIS2_PLACEMENT_3D ( 'NONE', #579, #1025, #903 ) ;
#719 = CARTESIAN_POINT ( 'NONE',  ( 0.000000000000000000, 0.000000000000000000, 0.000000000000000000 ) ) ;
#720 = CARTESIAN_POINT ( 'NONE',  ( 17.49999999999999645, 0.000000000000000000, 16.09999999999999787 ) ) ;
#721 = CYLINDRICAL_SURFACE ( 'NONE', #699, 1.550000000000000933 ) ;
#722 = AXIS2_PLACEMENT_3D ( 'NONE', #855, #83, #845 ) ;
#723 = ORIENTED_EDGE ( 'NONE', *, *, #852, .T. ) ;
#724 = LINE ( 'NONE', #1069, #399 ) ;
#725 = DIRECTION ( 'NONE',  ( 1.000000000000000000, 0.000000000000000000, 0.000000000000000000 ) ) ;
#726 = VECTOR ( 'NONE', #1252, 1000.000000000000000 ) ;
#727 = EDGE_CURVE ( 'NONE', #1413, #136, #1268, .T. ) ;
#728 = CARTESIAN_POINT ( 'NONE',  ( 25.00000000000000000, -8.565197162635485029E-15, -20.76340000000000074 ) ) ;
#729 = DIRECTION ( 'NONE',  ( -0.000000000000000000, 1.000000000000000000, -0.000000000000000000 ) ) ;
#730 = ORIENTED_EDGE ( 'NONE', *, *, #214, .F. ) ;
#731 = DIRECTION ( 'NONE',  ( 1.000000000000000000, 0.000000000000000000, 0.000000000000000000 ) ) ;
#732 = AXIS2_PLACEMENT_3D ( 'NONE', #463, #23, #1241 ) ;
#733 = CIRCLE ( 'NONE', #115, 4.099999999999999645 ) ;
#734 = DIRECTION ( 'NONE',  ( 0.000000000000000000, -1.000000000000000000, 3.469446951953611033E-15 ) ) ;
#735 = FACE_BOUND ( 'NONE', #1349, .T. ) ;
#736 = ORIENTED_EDGE ( 'NONE', *, *, #427, .F. ) ;
#737 = ORIENTED_EDGE ( 'NONE', *, *, #1254, .T. ) ;
#738 = FACE_BOUND ( 'NONE', #334, .T. ) ;
#739 = EDGE_CURVE ( 'NONE', #1203, #1404, #1297, .T. ) ;
#740 = APPROVAL_PERSON_ORGANIZATION ( #502, #1141, #96 ) ;
#741 = DIRECTION ( 'NONE',  ( 1.000000000000000000, 0.000000000000000000, 0.000000000000000000 ) ) ;
#742 = DIRECTION ( 'NONE',  ( 1.000000000000000000, 0.000000000000000000, 0.000000000000000000 ) ) ;
#743 = ADVANCED_FACE ( 'NONE', ( #57, #72, #513, #738, #945, #633 ), #49, .F. ) ;
#744 = ORIENTED_EDGE ( 'NONE', *, *, #91, .F. ) ;
#745 = ORIENTED_EDGE ( 'NONE', *, *, #905, .F. ) ;
#746 = CARTESIAN_POINT ( 'NONE',  ( 17.50000000000000000, -1.000000000000000000, 5.499999999999998224 ) ) ;
#747 = VECTOR ( 'NONE', #567, 1000.000000000000000 ) ;
#748 = CARTESIAN_POINT ( 'NONE',  ( -17.50000000000000000, -1.000000000000000000, -13.10000000000000497 ) ) ;
#749 = CARTESIAN_POINT ( 'NONE',  ( 4.099999999999999645, 19.50000000000000000, -22.50000000000006750 ) ) ;
#750 = ORIENTED_EDGE ( 'NONE', *, *, #480, .T. ) ;
#751 = ORIENTED_EDGE ( 'NONE', *, *, #1002, .F. ) ;
#752 = CARTESIAN_POINT ( 'NONE',  ( -15.04999999999999893, 7.999999999999988454, -31.50000000000000000 ) ) ;
#753 = ORIENTED_EDGE ( 'NONE', *, *, #962, .F. ) ;
#754 = DIRECTION ( 'NONE',  ( 0.000000000000000000, 3.469446951953613794E-15, 1.000000000000000000 ) ) ;
#755 = DIRECTION ( 'NONE',  ( 0.000000000000000000, 3.491481338843133355E-15, 1.000000000000000000 ) ) ;
#756 = VECTOR ( 'NONE', #318, 1000.000000000000000 ) ;
#757 = EDGE_CURVE ( 'NONE', #194, #16, #931, .T. ) ;
#758 = CARTESIAN_POINT ( 'NONE',  ( -17.50000000000000000, -1.000000000000000000, 5.499999999999998224 ) ) ;
#759 = ORIENTED_EDGE ( 'NONE', *, *, #727, .T. ) ;
#760 = ORIENTED_EDGE ( 'NONE', *, *, #253, .F. ) ;
#761 = CARTESIAN_POINT ( 'NONE',  ( -25.00000000000000000, 0.7365999999999970349, -21.50000000000000000 ) ) ;
#762 = ORIENTED_EDGE ( 'NONE', *, *, #888, .F. ) ;
#763 = CARTESIAN_POINT ( 'NONE',  ( -17.50000000000000000, -1.000000000000000000, 5.499999999999998224 ) ) ;
#764 = DATE_AND_TIME ( #321, #925 ) ;
#765 = VECTOR ( 'NONE', #473, 1000.000000000000000 ) ;
#766 = ORIENTED_EDGE ( 'NONE', *, *, #1254, .F. ) ;
#767 = DIRECTION ( 'NONE',  ( 0.000000000000000000, -1.000000000000000000, 3.384826294588892334E-15 ) ) ;
#768 = EDGE_LOOP ( 'NONE', ( #1288, #332, #232, #564 ) ) ;
#769 = CARTESIAN_POINT ( 'NONE',  ( 25.00000000000000000, 0.000000000000000000, -22.50000000000000000 ) ) ;
#770 = CALENDAR_DATE ( 2023, 13, 3 ) ;
#771 = CIRCLE ( 'NONE', #1328, 1.550000000000000933 ) ;
#772 = EDGE_CURVE ( 'NONE', #29, #1274, #828, .T. ) ;
#773 = ORIENTED_EDGE ( 'NONE', *, *, #1373, .F. ) ;
#774 = ORIENTED_EDGE ( 'NONE', *, *, #1240, .F. ) ;
#775 = DIRECTION ( 'NONE',  ( -0.000000000000000000, -0.000000000000000000, 1.000000000000000000 ) ) ;
#776 = ORIENTED_EDGE ( 'NONE', *, *, #322, .T. ) ;
#777 = CARTESIAN_POINT ( 'NONE',  ( -25.00000000000000000, -1.000000000000000000, -22.50000000000000000 ) ) ;
#778 = CIRCLE ( 'NONE', #819, 0.7366000000000004766 ) ;
#779 = VERTEX_POINT ( 'NONE', #960 ) ;
#780 = ORIENTED_EDGE ( 'NONE', *, *, #1014, .F. ) ;
#781 = CARTESIAN_POINT ( 'NONE',  ( 4.099999999999999645, 19.50000000000000000, -21.50000000000000000 ) ) ;
#782 = ORIENTED_EDGE ( 'NONE', *, *, #537, .F. ) ;
#783 = DIRECTION ( 'NONE',  ( 0.000000000000000000, -0.000000000000000000, -1.000000000000000000 ) ) ;
#784 = ADVANCED_FACE ( 'NONE', ( #197 ), #1390, .F. ) ;
#785 = EDGE_CURVE ( 'NONE', #998, #55, #663, .T. ) ;
#786 = ORIENTED_EDGE ( 'NONE', *, *, #1067, .T. ) ;
#787 = DIRECTION ( 'NONE',  ( 1.000000000000000000, 0.000000000000000000, 0.000000000000000000 ) ) ;
#788 = ORIENTED_EDGE ( 'NONE', *, *, #1162, .F. ) ;
#789 = LINE ( 'NONE', #1236, #330 ) ;
#790 = EDGE_CURVE ( 'NONE', #1421, #317, #544, .T. ) ;
#791 = EDGE_CURVE ( 'NONE', #1015, #112, #521, .T. ) ;
#792 = CIRCLE ( 'NONE', #886, 1.600000000000000089 ) ;
#793 = ORIENTED_EDGE ( 'NONE', *, *, #1400, .F. ) ;
#794 = LINE ( 'NONE', #245, #1128 ) ;
#795 = EDGE_LOOP ( 'NONE', ( #988, #1239, #12, #1423 ) ) ;
#796 = LINE ( 'NONE', #25, #634 ) ;
#797 = LOCAL_TIME ( 10, 38, 47.00000000000000000, #986 ) ;
#798 = LINE ( 'NONE', #1283, #1250 ) ;
#799 = EDGE_CURVE ( 'NONE', #1413, #671, #424, .T. ) ;
#800 = CARTESIAN_POINT ( 'NONE',  ( 25.00000000000000000, -1.000000000000000000, -20.76340000000000074 ) ) ;
#801 = EDGE_LOOP ( 'NONE', ( #234, #109, #1012, #1337 ) ) ;
#802 = DIRECTION ( 'NONE',  ( 1.000000000000000000, 0.000000000000000000, -0.000000000000000000 ) ) ;
#803 = DIRECTION ( 'NONE',  ( 0.000000000000000000, 0.000000000000000000, 1.000000000000000000 ) ) ;
#804 = DIRECTION ( 'NONE',  ( -0.000000000000000000, 0.000000000000000000, 1.000000000000000000 ) ) ;
#805 = CARTESIAN_POINT ( 'NONE',  ( -17.50000000000000000, -1.000000000000000000, 5.499999999999998224 ) ) ;
#806 = DIRECTION ( 'NONE',  ( -0.000000000000000000, -0.000000000000000000, 1.000000000000000000 ) ) ;
#807 = DIRECTION ( 'NONE',  ( -0.000000000000000000, 1.000000000000000000, -0.000000000000000000 ) ) ;
#808 = EDGE_CURVE ( 'NONE', #982, #416, #1217, .T. ) ;
#809 = AXIS2_PLACEMENT_3D ( 'NONE', #221, #1416, #873 ) ;
#810 = VECTOR ( 'NONE', #495, 1000.000000000000000 ) ;
#811 = DIRECTION ( 'NONE',  ( 1.000000000000000000, 0.000000000000000000, -2.040851148208008245E-16 ) ) ;
#812 = CARTESIAN_POINT ( 'NONE',  ( -11.95000000000000107, 7.999999999999988454, -22.50000000000002842 ) ) ;
#813 = CARTESIAN_POINT ( 'NONE',  ( 0.000000000000000000, 0.000000000000000000, 1.600000000000000089 ) ) ;
#814 = PLANE ( 'NONE',  #329 ) ;
#815 = CC_DESIGN_PERSON_AND_ORGANIZATION_ASSIGNMENT ( #312, #1048, ( #85 ) ) ;
#816 = DIRECTION ( 'NONE',  ( 0.000000000000000000, 0.000000000000000000, 1.000000000000000000 ) ) ;
#817 = LINE ( 'NONE', #618, #545 ) ;
#818 = CARTESIAN_POINT ( 'NONE',  ( -23.00000000000000000, 33.99999999999999289, -22.50000000000011724 ) ) ;
#819 = AXIS2_PLACEMENT_3D ( 'NONE', #928, #623, #936 ) ;
#820 = CARTESIAN_POINT ( 'NONE',  ( -13.50000000000000000, 7.999999999999988454, -21.50000000000000000 ) ) ;
#821 = DIRECTION ( 'NONE',  ( 0.000000000000000000, -0.000000000000000000, -1.000000000000000000 ) ) ;
#822 = EDGE_CURVE ( 'NONE', #120, #310, #1257, .T. ) ;
#823 = DIRECTION ( 'NONE',  ( 0.000000000000000000, 0.000000000000000000, -1.000000000000000000 ) ) ;
#824 = CARTESIAN_POINT ( 'NONE',  ( -25.00000000000000000, 0.000000000000000000, 22.50000000000000000 ) ) ;
#825 = DIRECTION ( 'NONE',  ( 2.392722035830078873E-15, 0.000000000000000000, -1.000000000000000000 ) ) ;
#826 = EDGE_LOOP ( 'NONE', ( #293, #1129 ) ) ;
#827 = EDGE_CURVE ( 'NONE', #1222, #972, #681, .T. ) ;
#828 = LINE ( 'NONE', #500, #1142 ) ;
#829 = DIRECTION ( 'NONE',  ( -1.000000000000000000, 0.000000000000000000, -0.000000000000000000 ) ) ;
#830 = VECTOR ( 'NONE', #1253, 1000.000000000000000 ) ;
#831 = DIRECTION ( 'NONE',  ( -0.000000000000000000, 1.000000000000000000, -0.000000000000000000 ) ) ;
#832 = ORIENTED_EDGE ( 'NONE', *, *, #501, .T. ) ;
#833 = EDGE_CURVE ( 'NONE', #133, #670, #1047, .T. ) ;
#834 = AXIS2_PLACEMENT_3D ( 'NONE', #1279, #284, #713 ) ;
#835 = ORIENTED_EDGE ( 'NONE', *, *, #377, .T. ) ;
#836 = CARTESIAN_POINT ( 'NONE',  ( 13.50000000000000000, 30.99999999999998934, -21.50000000000000000 ) ) ;
#837 = CARTESIAN_POINT ( 'NONE',  ( -17.50000000000000000, 0.000000000000000000, 5.499999999999998224 ) ) ;
#838 = ADVANCED_FACE ( 'NONE', ( #287 ), #205, .T. ) ;
#839 = LINE ( 'NONE', #503, #1224 ) ;
#840 = CARTESIAN_POINT ( 'NONE',  ( -17.50000000000000000, 0.000000000000000000, -13.10000000000000497 ) ) ;
#841 = EDGE_LOOP ( 'NONE', ( #92, #464, #1387, #1227 ) ) ;
#842 = CARTESIAN_POINT ( 'NONE',  ( 17.50000000000000000, -1.001000000000008550, -11.50000000000000711 ) ) ;
#843 = DIRECTION ( 'NONE',  ( -0.000000000000000000, -0.000000000000000000, -1.000000000000000000 ) ) ;
#844 = PLANE ( 'NONE',  #645 ) ;
#845 = DIRECTION ( 'NONE',  ( 0.000000000000000000, -1.000000000000000000, 3.469446951953613794E-15 ) ) ;
#846 = ORIENTED_EDGE ( 'NONE', *, *, #1134, .T. ) ;
#847 = ADVANCED_FACE ( 'NONE', ( #667 ), #860, .F. ) ;
#848 = ORIENTED_EDGE ( 'NONE', *, *, #644, .F. ) ;
#849 = EDGE_LOOP ( 'NONE', ( #666, #541, #1125, #538 ) ) ;
#850 = DIRECTION ( 'NONE',  ( -0.000000000000000000, 1.000000000000000000, -0.000000000000000000 ) ) ;
#851 = CYLINDRICAL_SURFACE ( 'NONE', #628, 4.099999999999999645 ) ;
#852 = EDGE_CURVE ( 'NONE', #655, #529, #1340, .T. ) ;
#853 = VECTOR ( 'NONE', #32, 1000.000000000000000 ) ;
#854 = CARTESIAN_POINT ( 'NONE',  ( 25.00000000000000000, 0.000000000000000000, 20.49999999999998224 ) ) ;
#855 = CARTESIAN_POINT ( 'NONE',  ( 0.000000000000000000, -7.806255641895630663E-14, -21.50000000000000000 ) ) ;
#856 = EDGE_LOOP ( 'NONE', ( #27, #324, #994, #563 ) ) ;
#857 = ORIENTED_EDGE ( 'NONE', *, *, #905, .T. ) ;
#858 = LINE ( 'NONE', #752, #407 ) ;
#859 = ORIENTED_EDGE ( 'NONE', *, *, #501, .F. ) ;
#860 = CYLINDRICAL_SURFACE ( 'NONE', #1096, 1.549999999999999378 ) ;
#861 = VECTOR ( 'NONE', #145, 1000.000000000000000 ) ;
#862 = AXIS2_PLACEMENT_3D ( 'NONE', #1181, #272, #1053 ) ;
#863 = CARTESIAN_POINT ( 'NONE',  ( -17.50000000000000000, -1.000000000000000000, -11.50000000000000355 ) ) ;
#864 = ORIENTED_EDGE ( 'NONE', *, *, #1105, .T. ) ;
#865 = ORIENTED_EDGE ( 'NONE', *, *, #524, .F. ) ;
#866 = DIRECTION ( 'NONE',  ( 0.000000000000000000, 0.000000000000000000, 1.000000000000000000 ) ) ;
#867 = ORIENTED_EDGE ( 'NONE', *, *, #1412, .F. ) ;
#868 = CARTESIAN_POINT ( 'NONE',  ( 25.00000000000000000, 0.7365999999999892633, -21.50000000000000000 ) ) ;
#869 = SECURITY_CLASSIFICATION_LEVEL ( 'unclassified' ) ;
#870 = VERTEX_POINT ( 'NONE', #1103 ) ;
#871 = CYLINDRICAL_SURFACE ( 'NONE', #1171, 1.550000000000000933 ) ;
#872 = ORIENTED_EDGE ( 'NONE', *, *, #790, .F. ) ;
#873 = DIRECTION ( 'NONE',  ( 0.000000000000000000, 0.000000000000000000, -1.000000000000000000 ) ) ;
#874 = PERSON_AND_ORGANIZATION_ROLE ( 'creator' ) ;
#875 = EDGE_CURVE ( 'NONE', #1203, #107, #468, .T. ) ;
#876 = VECTOR ( 'NONE', #755, 1000.000000000000000 ) ;
#877 = VERTEX_POINT ( 'NONE', #5 ) ;
#878 = VECTOR ( 'NONE', #219, 1000.000000000000000 ) ;
#879 = ORIENTED_EDGE ( 'NONE', *, *, #785, .T. ) ;
#880 = LINE ( 'NONE', #1221, #562 ) ;
#881 = ORIENTED_EDGE ( 'NONE', *, *, #1067, .F. ) ;
#882 = CARTESIAN_POINT ( 'NONE',  ( 13.50000000000000000, 7.999999999999991118, -22.50000000000002842 ) ) ;
#883 = CALENDAR_DATE ( 2023, 13, 3 ) ;
#884 = APPROVAL ( #1086, '未指定' ) ;
#885 = AXIS2_PLACEMENT_3D ( 'NONE', #923, #806, #129 ) ;
#886 = AXIS2_PLACEMENT_3D ( 'NONE', #719, #380, #816 ) ;
#887 = ORIENTED_EDGE ( 'NONE', *, *, #59, .F. ) ;
#888 = EDGE_CURVE ( 'NONE', #676, #519, #31, .T. ) ;
#889 = VERTEX_POINT ( 'NONE', #1198 ) ;
#890 = LINE ( 'NONE', #335, #296 ) ;
#891 = VERTEX_POINT ( 'NONE', #1112 ) ;
#892 = CARTESIAN_POINT ( 'NONE',  ( 25.00000000000000000, -1.000000000000000000, -22.50000000000000000 ) ) ;
#893 = EDGE_CURVE ( 'NONE', #1003, #651, #215, .T. ) ;
#894 = VECTOR ( 'NONE', #1017, 1000.000000000000000 ) ;
#895 = EDGE_CURVE ( 'NONE', #258, #133, #1021, .T. ) ;
#896 = ORIENTED_EDGE ( 'NONE', *, *, #440, .F. ) ;
#897 = DIRECTION ( 'NONE',  ( -2.040851148208008245E-16, 0.000000000000000000, -1.000000000000000000 ) ) ;
#898 = VERTEX_POINT ( 'NONE', #868 ) ;
#899 = LINE ( 'NONE', #1345, #948 ) ;
#900 = ORIENTED_EDGE ( 'NONE', *, *, #91, .T. ) ;
#901 = CARTESIAN_POINT ( 'NONE',  ( -13.50000000000000000, 30.99999999999998934, -21.50000000000000000 ) ) ;
#902 = ORIENTED_EDGE ( 'NONE', *, *, #947, .F. ) ;
#903 = DIRECTION ( 'NONE',  ( 0.000000000000000000, 0.000000000000000000, -1.000000000000000000 ) ) ;
#904 = CARTESIAN_POINT ( 'NONE',  ( 17.50000000000000000, -1.001000000000008550, -11.50000000000000711 ) ) ;
#905 = EDGE_CURVE ( 'NONE', #317, #519, #1223, .T. ) ;
#906 = AXIS2_PLACEMENT_3D ( 'NONE', #465, #259, #704 ) ;
#907 = VECTOR ( 'NONE', #609, 1000.000000000000000 ) ;
#908 = AXIS2_PLACEMENT_3D ( 'NONE', #630, #1286, #291 ) ;
#909 = DIRECTION ( 'NONE',  ( 0.000000000000000000, -3.491481338843133355E-15, -1.000000000000000000 ) ) ;
#910 = ORIENTED_EDGE ( 'NONE', *, *, #1043, .T. ) ;
#911 = CARTESIAN_POINT ( 'NONE',  ( -17.49999999999999645, 0.000000000000000000, 16.10000000000000142 ) ) ;
#912 = CYLINDRICAL_SURFACE ( 'NONE', #186, 1.600000000000000089 ) ;
#913 = CIRCLE ( 'NONE', #961, 2.899999999999999911 ) ;
#914 = DIRECTION ( 'NONE',  ( 0.000000000000000000, -1.000000000000000000, 0.000000000000000000 ) ) ;
#915 = LINE ( 'NONE', #1045, #726 ) ;
#916 = FACE_OUTER_BOUND ( 'NONE', #1194, .T. ) ;
#917 = DIRECTION ( 'NONE',  ( 0.000000000000000000, -1.000000000000000000, 0.000000000000000000 ) ) ;
#918 = EDGE_CURVE ( 'NONE', #416, #982, #1000, .T. ) ;
#919 = ADVANCED_FACE ( 'NONE', ( #311 ), #229, .F. ) ;
#920 = AXIS2_PLACEMENT_3D ( 'NONE', #442, #1338, #974 ) ;
#921 = CARTESIAN_POINT ( 'NONE',  ( 0.000000000000000000, 19.50000000000000000, -21.50000000000000000 ) ) ;
#922 = FACE_OUTER_BOUND ( 'NONE', #428, .T. ) ;
#923 = CARTESIAN_POINT ( 'NONE',  ( -13.50000000000000000, 30.99999999999998934, -31.50000000000000000 ) ) ;
#924 = FACE_OUTER_BOUND ( 'NONE', #657, .T. ) ;
#925 = LOCAL_TIME ( 10, 38, 47.00000000000000000, #1425 ) ;
#926 = ORIENTED_EDGE ( 'NONE', *, *, #1351, .T. ) ;
#927 = AXIS2_PLACEMENT_3D ( 'NONE', #492, #382, #825 ) ;
#928 = CARTESIAN_POINT ( 'NONE',  ( 25.00000000000000000, 0.7365999999999919279, -20.76340000000000074 ) ) ;
#929 = CARTESIAN_POINT ( 'NONE',  ( 15.05000000000000071, 30.99999999999998934, -31.50000000000000000 ) ) ;
#930 = CYLINDRICAL_SURFACE ( 'NONE', #1209, 2.000000000000001776 ) ;
#931 = LINE ( 'NONE', #746, #590 ) ;
#932 = CARTESIAN_POINT ( 'NONE',  ( 17.50000000000000000, -1.000000000000000000, -13.10000000000000853 ) ) ;
#933 = EDGE_CURVE ( 'NONE', #651, #1003, #126, .T. ) ;
#934 = ADVANCED_FACE ( 'NONE', ( #1207, #454, #1318, #1432 ), #343, .F. ) ;
#935 = DESIGN_CONTEXT ( 'detailed design', #970, 'design' ) ;
#936 = DIRECTION ( 'NONE',  ( 0.000000000000000000, 0.000000000000000000, 1.000000000000000000 ) ) ;
#937 = CARTESIAN_POINT ( 'NONE',  ( -25.00000000000000000, 36.00000000000000711, -21.50000000000012434 ) ) ;
#938 = LINE ( 'NONE', #1157, #1016 ) ;
#939 = CIRCLE ( 'NONE', #289, 1.550000000000000933 ) ;
#940 = DIRECTION ( 'NONE',  ( 0.000000000000000000, 0.000000000000000000, 1.000000000000000000 ) ) ;
#941 = FACE_OUTER_BOUND ( 'NONE', #292, .T. ) ;
#942 = CARTESIAN_POINT ( 'NONE',  ( -23.00000000000000000, 33.99999999999999289, -22.50000000000011724 ) ) ;
#943 = DIRECTION ( 'NONE',  ( -0.000000000000000000, 1.000000000000000000, -0.000000000000000000 ) ) ;
#944 = EDGE_LOOP ( 'NONE', ( #430, #551, #744, #505 ) ) ;
#945 = FACE_BOUND ( 'NONE', #1166, .T. ) ;
#946 = AXIS2_PLACEMENT_3D ( 'NONE', #1269, #1359, #1032 ) ;
#947 = EDGE_CURVE ( 'NONE', #671, #437, #212, .T. ) ;
#948 = VECTOR ( 'NONE', #348, 1000.000000000000000 ) ;
#949 = DIRECTION ( 'NONE',  ( -0.000000000000000000, 1.000000000000000000, -0.000000000000000000 ) ) ;
#950 = FACE_OUTER_BOUND ( 'NONE', #18, .T. ) ;
#951 = AXIS2_PLACEMENT_3D ( 'NONE', #180, #506, #174 ) ;
#952 = ORIENTED_EDGE ( 'NONE', *, *, #283, .T. ) ;
#953 = DIRECTION ( 'NONE',  ( 0.000000000000000000, -1.000000000000000000, 3.469446951953613794E-15 ) ) ;
#954 = LINE ( 'NONE', #405, #1183 ) ;
#955 = CARTESIAN_POINT ( 'NONE',  ( 13.50000000000000000, 7.999999999999991118, -21.50000000000000000 ) ) ;
#956 = CARTESIAN_POINT ( 'NONE',  ( -15.04999999999999893, 7.999999999999988454, -21.50000000000000000 ) ) ;
#957 = ORIENTED_EDGE ( 'NONE', *, *, #808, .F. ) ;
#958 = ORIENTED_EDGE ( 'NONE', *, *, #1335, .F. ) ;
#959 = ORIENTED_EDGE ( 'NONE', *, *, #1026, .F. ) ;
#960 = CARTESIAN_POINT ( 'NONE',  ( 17.50000000000000355, 0.000000000000000000, 21.89999999999999503 ) ) ;
#961 = AXIS2_PLACEMENT_3D ( 'NONE', #1056, #76, #823 ) ;
#962 = EDGE_CURVE ( 'NONE', #55, #982, #643, .T. ) ;
#963 = LINE ( 'NONE', #1193, #978 ) ;
#964 = CARTESIAN_POINT ( 'NONE',  ( 17.49999999999999645, -1.000000000000000000, 22.50000000000000000 ) ) ;
#965 = ORIENTED_EDGE ( 'NONE', *, *, #608, .F. ) ;
#966 = ORIENTED_EDGE ( 'NONE', *, *, #822, .F. ) ;
#967 = EDGE_LOOP ( 'NONE', ( #1115, #759, #1235, #902 ) ) ;
#968 = CARTESIAN_POINT ( 'NONE',  ( -13.50000000000000000, 7.999999999999988454, -31.50000000000000000 ) ) ;
#969 = LINE ( 'NONE', #175, #1040 ) ;
#970 = APPLICATION_CONTEXT ( 'configuration controlled 3d designs of mechanical parts and assemblies' ) ;
#971 = DIRECTION ( 'NONE',  ( -0.000000000000000000, -3.469446951953613794E-15, -1.000000000000000000 ) ) ;
#972 = VERTEX_POINT ( 'NONE', #530 ) ;
#973 = ORIENTED_EDGE ( 'NONE', *, *, #1346, .F. ) ;
#974 = DIRECTION ( 'NONE',  ( 0.000000000000000000, 0.000000000000000000, -1.000000000000000000 ) ) ;
#975 = ORIENTED_EDGE ( 'NONE', *, *, #34, .T. ) ;
#976 = DIRECTION ( 'NONE',  ( 0.000000000000000000, -1.000000000000000000, 3.469446951953611033E-15 ) ) ;
#977 = DATE_AND_TIME ( #770, #418 ) ;
#978 = VECTOR ( 'NONE', #1410, 1000.000000000000000 ) ;
#979 = LINE ( 'NONE', #1427, #1161 ) ;
#980 = ORIENTED_EDGE ( 'NONE', *, *, #933, .F. ) ;
#981 = ADVANCED_FACE ( 'NONE', ( #421 ), #320, .T. ) ;
#982 = VERTEX_POINT ( 'NONE', #104 ) ;
#983 = DIRECTION ( 'NONE',  ( -2.040851148208008245E-16, 0.000000000000000000, 1.000000000000000000 ) ) ;
#984 = EDGE_LOOP ( 'NONE', ( #753, #277, #1233, #1189 ) ) ;
#985 = DIRECTION ( 'NONE',  ( 0.000000000000000000, -1.000000000000000000, 0.000000000000000000 ) ) ;
#986 = COORDINATED_UNIVERSAL_TIME_OFFSET ( 8, 0, .AHEAD. ) ;
#987 = AXIS2_PLACEMENT_3D ( 'NONE', #1044, #1169, #68 ) ;
#988 = ORIENTED_EDGE ( 'NONE', *, *, #322, .F. ) ;
#989 = LINE ( 'NONE', #127, #256 ) ;
#990 = ORIENTED_EDGE ( 'NONE', *, *, #230, .F. ) ;
#991 = DIRECTION ( 'NONE',  ( 0.000000000000000000, 0.000000000000000000, -1.000000000000000000 ) ) ;
#992 = PERSON_AND_ORGANIZATION_ROLE ( 'design_supplier' ) ;
#993 = ADVANCED_FACE ( 'NONE', ( #373 ), #19, .F. ) ;
#994 = ORIENTED_EDGE ( 'NONE', *, *, #808, .T. ) ;
#995 = AXIS2_PLACEMENT_3D ( 'NONE', #1213, #775, #93 ) ;
#996 = ORIENTED_EDGE ( 'NONE', *, *, #406, .F. ) ;
#997 = CYLINDRICAL_SURFACE ( 'NONE', #675, 2.000000000000001776 ) ;
#998 = VERTEX_POINT ( 'NONE', #134 ) ;
#999 = DIRECTION ( 'NONE',  ( 0.000000000000000000, -1.000000000000000000, 3.491481338843133355E-15 ) ) ;
#1000 = CIRCLE ( 'NONE', #1392, 1.550000000000000933 ) ;
#1001 = EDGE_CURVE ( 'NONE', #1091, #1057, #1145, .T. ) ;
#1002 = EDGE_CURVE ( 'NONE', #649, #2, #662, .T. ) ;
#1003 = VERTEX_POINT ( 'NONE', #696 ) ;
#1004 = CC_DESIGN_APPROVAL ( #884, ( #242 ) ) ;
#1005 = FACE_OUTER_BOUND ( 'NONE', #1188, .T. ) ;
#1006 = EDGE_LOOP ( 'NONE', ( #780, #786, #1204, #144 ) ) ;
#1007 = CARTESIAN_POINT ( 'NONE',  ( 13.50000000000000000, 30.99999999999998934, -22.50000000000010658 ) ) ;
#1008 = DATE_AND_TIME ( #1433, #1146 ) ;
#1009 = AXIS2_PLACEMENT_3D ( 'NONE', #1029, #811, #897 ) ;
#1010 = ORIENTED_EDGE ( 'NONE', *, *, #214, .T. ) ;
#1011 = CARTESIAN_POINT ( 'NONE',  ( 17.49999999999999645, -1.001000000000008550, 21.89999999999999503 ) ) ;
#1012 = ORIENTED_EDGE ( 'NONE', *, *, #1409, .T. ) ;
#1013 = LINE ( 'NONE', #1019, #830 ) ;
#1014 = EDGE_CURVE ( 'NONE', #1073, #620, #570, .T. ) ;
#1015 = VERTEX_POINT ( 'NONE', #686 ) ;
#1016 = VECTOR ( 'NONE', #496, 1000.000000000000000 ) ;
#1017 = DIRECTION ( 'NONE',  ( -2.040851148208008245E-16, 0.000000000000000000, 1.000000000000000000 ) ) ;
#1018 = ORIENTED_EDGE ( 'NONE', *, *, #1361, .T. ) ;
#1019 = CARTESIAN_POINT ( 'NONE',  ( 17.50000000000000000, -1.000000000000000000, 5.499999999999998224 ) ) ;
#1020 = CARTESIAN_POINT ( 'NONE',  ( -23.00000000000000000, 0.000000000000000000, 22.50000000000000000 ) ) ;
#1021 = CIRCLE ( 'NONE', #190, 1.549999999999999378 ) ;
#1022 = CIRCLE ( 'NONE', #612, 1.600000000000002531 ) ;
#1023 = CYLINDRICAL_SURFACE ( 'NONE', #1028, 1.549999999999999378 ) ;
#1024 = ORIENTED_EDGE ( 'NONE', *, *, #534, .T. ) ;
#1025 = DIRECTION ( 'NONE',  ( 0.000000000000000000, -1.000000000000000000, 0.000000000000000000 ) ) ;
#1026 = EDGE_CURVE ( 'NONE', #1274, #434, #1013, .T. ) ;
#1027 = LINE ( 'NONE', #160, #507 ) ;
#1028 = AXIS2_PLACEMENT_3D ( 'NONE', #40, #694, #482 ) ;
#1029 = CARTESIAN_POINT ( 'NONE',  ( -17.50000000000000000, -1.000000000000000000, 5.499999999999998224 ) ) ;
#1030 = CYLINDRICAL_SURFACE ( 'NONE', #222, 2.000000000000001776 ) ;
#1031 = DIRECTION ( 'NONE',  ( 1.000000000000000000, 0.000000000000000000, -0.000000000000000000 ) ) ;
#1032 = DIRECTION ( 'NONE',  ( 0.000000000000000000, 0.000000000000000000, -1.000000000000000000 ) ) ;
#1033 = EDGE_CURVE ( 'NONE', #403, #877, #796, .T. ) ;
#1034 = DIRECTION ( 'NONE',  ( 1.000000000000000000, 0.000000000000000000, -0.000000000000000000 ) ) ;
#1035 = ORIENTED_EDGE ( 'NONE', *, *, #7, .F. ) ;
#1036 = CARTESIAN_POINT ( 'NONE',  ( -17.49999999999999645, 0.000000000000000000, 19.00000000000000000 ) ) ;
#1037 = EDGE_CURVE ( 'NONE', #133, #258, #304, .T. ) ;
#1038 = DIRECTION ( 'NONE',  ( -0.000000000000000000, 0.000000000000000000, 1.000000000000000000 ) ) ;
#1039 = FACE_OUTER_BOUND ( 'NONE', #1195, .T. ) ;
#1040 = VECTOR ( 'NONE', #303, 1000.000000000000000 ) ;
#1041 = ADVANCED_FACE ( 'NONE', ( #37 ), #1350, .F. ) ;
#1042 = CIRCLE ( 'NONE', #216, 2.000000000000001776 ) ;
#1043 = EDGE_CURVE ( 'NONE', #55, #998, #397, .T. ) ;
#1044 = CARTESIAN_POINT ( 'NONE',  ( 13.50000000000000000, 7.999999999999991118, -21.50000000000000000 ) ) ;
#1045 = CARTESIAN_POINT ( 'NONE',  ( 17.49999999999999645, 0.000000000000000000, 22.50000000000000000 ) ) ;
#1046 = DIRECTION ( 'NONE',  ( 1.000000000000000000, 0.000000000000000000, 0.000000000000000000 ) ) ;
#1047 = LINE ( 'NONE', #65, #167 ) ;
#1048 = PERSON_AND_ORGANIZATION_ROLE ( 'design_owner' ) ;
#1049 = FACE_OUTER_BOUND ( 'NONE', #1406, .T. ) ;
#1050 = DIRECTION ( 'NONE',  ( -1.000000000000000000, 0.000000000000000000, 0.000000000000000000 ) ) ;
#1051 = DIRECTION ( 'NONE',  ( -2.040851148208008245E-16, 0.000000000000000000, 1.000000000000000000 ) ) ;
#1052 = EDGE_LOOP ( 'NONE', ( #426, #1, #1260, #773 ) ) ;
#1053 = DIRECTION ( 'NONE',  ( 0.000000000000000000, -1.000000000000000000, 4.476705744456278510E-15 ) ) ;
#1054 = EDGE_CURVE ( 'NONE', #301, #877, #771, .T. ) ;
#1055 = CARTESIAN_POINT ( 'NONE',  ( 25.00000000000000000, 33.99999999999999289, -22.50000000000011724 ) ) ;
#1056 = CARTESIAN_POINT ( 'NONE',  ( -17.49999999999999645, -1.000000000000000000, 19.00000000000000000 ) ) ;
#1057 = VERTEX_POINT ( 'NONE', #599 ) ;
#1058 = ORIENTED_EDGE ( 'NONE', *, *, #1245, .T. ) ;
#1059 = DIRECTION ( 'NONE',  ( -0.000000000000000000, -3.491481338843133355E-15, -1.000000000000000000 ) ) ;
#1060 = DIRECTION ( 'NONE',  ( -0.000000000000000000, -1.000000000000000000, 3.469446951953613794E-15 ) ) ;
#1061 = CIRCLE ( 'NONE', #946, 1.600000000000000089 ) ;
#1062 = DIRECTION ( 'NONE',  ( 0.000000000000000000, -1.000000000000000000, 3.469446951953611033E-15 ) ) ;
#1063 = PLANE ( 'NONE',  #282 ) ;
#1064 = EDGE_LOOP ( 'NONE', ( #24, #345, #679, #228 ) ) ;
#1065 = AXIS2_PLACEMENT_3D ( 'NONE', #302, #1190, #953 ) ;
#1066 = VERTEX_POINT ( 'NONE', #911 ) ;
#1067 = EDGE_CURVE ( 'NONE', #1073, #1347, #1138, .T. ) ;
#1068 = ORIENTED_EDGE ( 'NONE', *, *, #534, .F. ) ;
#1069 = CARTESIAN_POINT ( 'NONE',  ( 23.00000000000000000, 36.00000000000000000, -22.50000000000012434 ) ) ;
#1070 = CARTESIAN_POINT ( 'NONE',  ( 0.000000000000000000, 19.50000000000000000, -31.50000000000000000 ) ) ;
#1071 = DIRECTION ( 'NONE',  ( -2.040851148208008245E-16, -0.000000000000000000, -1.000000000000000000 ) ) ;
#1072 = PLANE ( 'NONE',  #722 ) ;
#1073 = VERTEX_POINT ( 'NONE', #593 ) ;
#1074 = ORIENTED_EDGE ( 'NONE', *, *, #1284, .T. ) ;
#1075 = DIRECTION ( 'NONE',  ( 0.000000000000000000, 0.000000000000000000, -1.000000000000000000 ) ) ;
#1076 = APPLICATION_PROTOCOL_DEFINITION ( 'international standard', 'config_control_design', 1994, #533 ) ;
#1077 = AXIS2_PLACEMENT_3D ( 'NONE', #1362, #702, #1143 ) ;
#1078 = MANIFOLD_SOLID_BREP ( '圆角2', #357 ) ;
#1079 = CARTESIAN_POINT ( 'NONE',  ( -23.00000000000000000, -1.000000000000000000, 22.50000000000000000 ) ) ;
#1080 = ORIENTED_EDGE ( 'NONE', *, *, #588, .T. ) ;
#1081 = ORIENTED_EDGE ( 'NONE', *, *, #255, .F. ) ;
#1082 = CARTESIAN_POINT ( 'NONE',  ( 0.000000000000000000, 19.50000000000000000, -22.50000000000006750 ) ) ;
#1083 = ORIENTED_EDGE ( 'NONE', *, *, #34, .F. ) ;
#1084 = CARTESIAN_POINT ( 'NONE',  ( 25.00000000000000000, 36.00000000000000000, -22.50000000000012434 ) ) ;
#1085 = EDGE_CURVE ( 'NONE', #1306, #1314, #139, .T. ) ;
#1086 = APPROVAL_STATUS ( 'not_yet_approved' ) ;
#1087 = ADVANCED_FACE ( 'NONE', ( #916 ), #1132, .T. ) ;
#1088 = CARTESIAN_POINT ( 'NONE',  ( -17.49999999999999645, -1.001000000000008550, 19.00000000000000000 ) ) ;
#1089 = ORIENTED_EDGE ( 'NONE', *, *, #596, .F. ) ;
#1090 = VECTOR ( 'NONE', #1031, 1000.000000000000000 ) ;
#1091 = VERTEX_POINT ( 'NONE', #1369 ) ;
#1092 = CARTESIAN_POINT ( 'NONE',  ( 23.00000000000000000, -1.000000000000000000, 22.50000000000000000 ) ) ;
#1093 = VERTEX_POINT ( 'NONE', #813 ) ;
#1094 = DIRECTION ( 'NONE',  ( 1.000000000000000000, 0.000000000000000000, -0.000000000000000000 ) ) ;
#1095 = DATE_AND_TIME ( #883, #797 ) ;
#1096 = AXIS2_PLACEMENT_3D ( 'NONE', #968, #1332, #674 ) ;
#1097 = VECTOR ( 'NONE', #381, 1000.000000000000000 ) ;
#1098 = EDGE_CURVE ( 'NONE', #676, #889, #1126, .T. ) ;
#1099 = ORIENTED_EDGE ( 'NONE', *, *, #1373, .T. ) ;
#1100 = ORIENTED_EDGE ( 'NONE', *, *, #1412, .T. ) ;
#1101 = PLANE ( 'NONE',  #1267 ) ;
#1102 = ORIENTED_EDGE ( 'NONE', *, *, #391, .T. ) ;
#1103 = CARTESIAN_POINT ( 'NONE',  ( -15.05000000000000071, 30.99999999999998934, -22.50000000000010658 ) ) ;
#1104 = APPROVAL_DATE_TIME ( #668, #116 ) ;
#1105 = EDGE_CURVE ( 'NONE', #36, #1327, #146, .T. ) ;
#1106 = VECTOR ( 'NONE', #137, 1000.000000000000000 ) ;
#1107 = ORIENTED_EDGE ( 'NONE', *, *, #59, .T. ) ;
#1108 = CIRCLE ( 'NONE', #481, 1.600000000000002531 ) ;
#1109 = ORIENTED_EDGE ( 'NONE', *, *, #1396, .F. ) ;
#1110 = DIRECTION ( 'NONE',  ( 0.000000000000000000, 1.000000000000000000, -3.469446951953613794E-15 ) ) ;
#1111 = ORIENTED_EDGE ( 'NONE', *, *, #391, .F. ) ;
#1112 = CARTESIAN_POINT ( 'NONE',  ( 25.00000000000000000, 34.00000000000000000, -21.50000000000011724 ) ) ;
#1113 = EDGE_CURVE ( 'NONE', #898, #1222, #899, .T. ) ;
#1114 = VECTOR ( 'NONE', #1370, 1000.000000000000000 ) ;
#1115 = ORIENTED_EDGE ( 'NONE', *, *, #799, .F. ) ;
#1116 = VECTOR ( 'NONE', #540, 1000.000000000000000 ) ;
#1117 = CARTESIAN_POINT ( 'NONE',  ( -25.00000000000000000, -1.000000000000008660, -20.76340000000000074 ) ) ;
#1118 = ORIENTED_EDGE ( 'NONE', *, *, #512, .F. ) ;
#1119 = DIRECTION ( 'NONE',  ( 0.000000000000000000, -1.000000000000000000, 4.476705744456278510E-15 ) ) ;
#1120 = EDGE_CURVE ( 'NONE', #1336, #4, #789, .T. ) ;
#1121 = CIRCLE ( 'NONE', #74, 1.736600000000001254 ) ;
#1122 = CIRCLE ( 'NONE', #494, 1.600000000000002531 ) ;
#1123 = EDGE_LOOP ( 'NONE', ( #1111, #138 ) ) ;
#1124 = CARTESIAN_POINT ( 'NONE',  ( -11.94999999999999929, 30.99999999999998934, -22.50000000000010658 ) ) ;
#1125 = ORIENTED_EDGE ( 'NONE', *, *, #1176, .T. ) ;
#1126 = LINE ( 'NONE', #1364, #467 ) ;
#1127 = CC_DESIGN_PERSON_AND_ORGANIZATION_ASSIGNMENT ( #114, #432, ( #392 ) ) ;
#1128 = VECTOR ( 'NONE', #690, 1000.000000000000000 ) ;
#1129 = ORIENTED_EDGE ( 'NONE', *, *, #1210, .T. ) ;
#1130 = LINE ( 'NONE', #583, #894 ) ;
#1131 = ORIENTED_EDGE ( 'NONE', *, *, #1113, .T. ) ;
#1132 = PLANE ( 'NONE',  #1352 ) ;
#1133 = LINE ( 'NONE', #26, #446 ) ;
#1134 = EDGE_CURVE ( 'NONE', #529, #388, #1382, .T. ) ;
#1135 = CIRCLE ( 'NONE', #122, 1.549999999999999378 ) ;
#1136 = CARTESIAN_POINT ( 'NONE',  ( -17.50000000000000000, 0.000000000000000000, -11.50000000000000355 ) ) ;
#1137 = EDGE_LOOP ( 'NONE', ( #881, #730, #641, #1102 ) ) ;
#1138 = LINE ( 'NONE', #1358, #861 ) ;
#1139 = DIRECTION ( 'NONE',  ( 0.000000000000000000, -1.000000000000000000, 0.000000000000000000 ) ) ;
#1140 = AXIS2_PLACEMENT_3D ( 'NONE', #1243, #484, #356 ) ;
#1141 = APPROVAL ( #390, '未指定' ) ;
#1142 = VECTOR ( 'NONE', #1377, 1000.000000000000000 ) ;
#1143 = DIRECTION ( 'NONE',  ( 0.000000000000000000, 0.000000000000000000, -1.000000000000000000 ) ) ;
#1144 = CARTESIAN_POINT ( 'NONE',  ( -15.05000000000000071, 30.99999999999998934, -31.50000000000000000 ) ) ;
#1145 = LINE ( 'NONE', #42, #1211 ) ;
#1146 = LOCAL_TIME ( 10, 38, 47.00000000000000000, #106 ) ;
#1147 = DIRECTION ( 'NONE',  ( 0.000000000000000000, 0.000000000000000000, 1.000000000000000000 ) ) ;
#1148 = ADVANCED_FACE ( 'NONE', ( #1266 ), #56, .T. ) ;
#1149 = AXIS2_PLACEMENT_3D ( 'NONE', #290, #831, #274 ) ;
#1150 = DIRECTION ( 'NONE',  ( 0.000000000000000000, 3.469446951953613794E-15, 1.000000000000000000 ) ) ;
#1151 = CARTESIAN_POINT ( 'NONE',  ( -23.00000000000000000, -1.000000000000000000, 20.49999999999999645 ) ) ;
#1152 = DIRECTION ( 'NONE',  ( 0.000000000000000000, 0.000000000000000000, 1.000000000000000000 ) ) ;
#1153 = EDGE_CURVE ( 'NONE', #388, #4, #1121, .T. ) ;
#1154 = CARTESIAN_POINT ( 'NONE',  ( 17.50000000000000000, -1.000000000000000000, 5.499999999999998224 ) ) ;
#1155 = CARTESIAN_POINT ( 'NONE',  ( 25.00000000000000000, -1.000000000000000000, 20.49999999999999645 ) ) ;
#1156 = CARTESIAN_POINT ( 'NONE',  ( 23.00000000000000000, -1.000000000000000000, 22.50000000000000000 ) ) ;
#1157 = CARTESIAN_POINT ( 'NONE',  ( 25.00000000000000000, 0.7366000000000039183, -22.49999999999999645 ) ) ;
#1158 = DIRECTION ( 'NONE',  ( 0.000000000000000000, 0.000000000000000000, -1.000000000000000000 ) ) ;
#1159 = CARTESIAN_POINT ( 'NONE',  ( 23.00000000000000000, 36.00000000000000000, -22.50000000000012434 ) ) ;
#1160 = APPROVAL_PERSON_ORGANIZATION ( #439, #116, #213 ) ;
#1161 = VECTOR ( 'NONE', #525, 1000.000000000000000 ) ;
#1162 = EDGE_CURVE ( 'NONE', #1066, #1057, #493, .T. ) ;
#1163 = CYLINDRICAL_SURFACE ( 'NONE', #710, 2.000000000000001776 ) ;
#1164 = CARTESIAN_POINT ( 'NONE',  ( -17.49999999999999645, -1.001000000000008550, 21.89999999999999858 ) ) ;
#1165 = CARTESIAN_POINT ( 'NONE',  ( 13.50000000000000000, 30.99999999999998934, -31.50000000000000000 ) ) ;
#1166 = EDGE_LOOP ( 'NONE', ( #217, #1018 ) ) ;
#1167 = DIRECTION ( 'NONE',  ( -2.040851148208008245E-16, 0.000000000000000000, 1.000000000000000000 ) ) ;
#1168 = CARTESIAN_POINT ( 'NONE',  ( 25.00000000000000000, -1.000000000000000000, -22.50000000000000000 ) ) ;
#1169 = DIRECTION ( 'NONE',  ( -0.000000000000000000, 0.000000000000000000, 1.000000000000000000 ) ) ;
#1170 = LINE ( 'NONE', #824, #400 ) ;
#1171 = AXIS2_PLACEMENT_3D ( 'NONE', #558, #3, #263 ) ;
#1172 = EDGE_LOOP ( 'NONE', ( #980, #1368 ) ) ;
#1173 = CARTESIAN_POINT ( 'NONE',  ( 17.50000000000000355, -1.001000000000008550, 18.99999999999999645 ) ) ;
#1174 = CIRCLE ( 'NONE', #920, 2.000000000000001776 ) ;
#1175 = EDGE_CURVE ( 'NONE', #194, #434, #1371, .T. ) ;
#1176 = EDGE_CURVE ( 'NONE', #16, #1197, #159, .T. ) ;
#1177 = DIRECTION ( 'NONE',  ( -0.000000000000000000, 0.000000000000000000, -1.000000000000000000 ) ) ;
#1178 = FACE_BOUND ( 'NONE', #269, .T. ) ;
#1179 = ORIENTED_EDGE ( 'NONE', *, *, #456, .T. ) ;
#1180 = ORIENTED_EDGE ( 'NONE', *, *, #67, .F. ) ;
#1181 = CARTESIAN_POINT ( 'NONE',  ( 13.50000000000000000, 30.99999999999998934, -22.50000000000010658 ) ) ;
#1182 = CARTESIAN_POINT ( 'NONE',  ( -17.49999999999999645, -1.000000000000000000, 16.10000000000000142 ) ) ;
#1183 = VECTOR ( 'NONE', #1191, 1000.000000000000000 ) ;
#1184 = ADVANCED_FACE ( 'NONE', ( #605 ), #930, .T. ) ;
#1185 = AXIS2_PLACEMENT_3D ( 'NONE', #1248, #574, #585 ) ;
#1186 = CARTESIAN_POINT ( 'NONE',  ( 1.959434878635765230E-16, -1.000000000000000000, -1.600000000000000089 ) ) ;
#1187 = FACE_OUTER_BOUND ( 'NONE', #1415, .T. ) ;
#1188 = EDGE_LOOP ( 'NONE', ( #1074, #470, #1058, #86 ) ) ;
#1189 = ORIENTED_EDGE ( 'NONE', *, *, #918, .T. ) ;
#1190 = DIRECTION ( 'NONE',  ( 0.000000000000000000, 3.469446951953613794E-15, 1.000000000000000000 ) ) ;
#1191 = DIRECTION ( 'NONE',  ( 1.000000000000000000, -0.000000000000000000, -0.000000000000000000 ) ) ;
#1192 = ADVANCED_FACE ( 'NONE', ( #276 ), #721, .F. ) ;
#1193 = CARTESIAN_POINT ( 'NONE',  ( 15.04999999999999893, 7.999999999999991118, -31.50000000000000000 ) ) ;
#1194 = EDGE_LOOP ( 'NONE', ( #887, #737, #685, #900 ) ) ;
#1195 = EDGE_LOOP ( 'NONE', ( #1315, #323, #958, #659, #528, #959, #238, #848, #1344, #410, #1397, #307, #745, #1242 ) ) ;
#1196 = DIRECTION ( 'NONE',  ( 0.000000000000000000, 1.000000000000000000, 0.000000000000000000 ) ) ;
#1197 = VERTEX_POINT ( 'NONE', #619 ) ;
#1198 = CARTESIAN_POINT ( 'NONE',  ( -17.49999999999999645, -1.000000000000000000, 22.50000000000000000 ) ) ;
#1199 = APPLICATION_PROTOCOL_DEFINITION ( 'international standard', 'config_control_design', 1994, #970 ) ;
#1200 = CIRCLE ( 'NONE', #1077, 2.000000000000001776 ) ;
#1201 = EDGE_CURVE ( 'NONE', #898, #4, #938, .T. ) ;
#1202 = CARTESIAN_POINT ( 'NONE',  ( 13.50000000000000000, 7.999999999999991118, -31.50000000000000000 ) ) ;
#1203 = VERTEX_POINT ( 'NONE', #601 ) ;
#1204 = ORIENTED_EDGE ( 'NONE', *, *, #140, .T. ) ;
#1205 = FACE_OUTER_BOUND ( 'NONE', #849, .T. ) ;
#1206 = VERTEX_POINT ( 'NONE', #1020 ) ;
#1207 = FACE_BOUND ( 'NONE', #395, .T. ) ;
#1208 = APPROVAL_STATUS ( 'not_yet_approved' ) ;
#1209 = AXIS2_PLACEMENT_3D ( 'NONE', #818, #270, #715 ) ;
#1210 = EDGE_CURVE ( 'NONE', #573, #342, #607, .T. ) ;
#1211 = VECTOR ( 'NONE', #471, 1000.000000000000000 ) ;
#1212 = ORIENTED_EDGE ( 'NONE', *, *, #1270, .F. ) ;
#1213 = CARTESIAN_POINT ( 'NONE',  ( 0.000000000000000000, 19.50000000000000000, -31.50000000000000000 ) ) ;
#1214 = EDGE_LOOP ( 'NONE', ( #326, #187, #640, #1329 ) ) ;
#1215 = CARTESIAN_POINT ( 'NONE',  ( -17.50000000000000000, -1.001000000000008550, -9.900000000000000355 ) ) ;
#1216 = COORDINATED_UNIVERSAL_TIME_OFFSET ( 8, 0, .AHEAD. ) ;
#1217 = CIRCLE ( 'NONE', #353, 1.550000000000000933 ) ;
#1218 = PERSON ( '未指定', '未指定', '未指定', ('未指定'), ('未指定'), ('未指定') ) ;
#1219 = ORIENTED_EDGE ( 'NONE', *, *, #1335, .T. ) ;
#1220 = ORIENTED_EDGE ( 'NONE', *, *, #791, .T. ) ;
#1221 = CARTESIAN_POINT ( 'NONE',  ( 4.099999999999999645, 19.50000000000000000, -31.50000000000000000 ) ) ;
#1222 = VERTEX_POINT ( 'NONE', #606 ) ;
#1223 = LINE ( 'NONE', #777, #747 ) ;
#1224 = VECTOR ( 'NONE', #54, 1000.000000000000000 ) ;
#1225 = EDGE_CURVE ( 'NONE', #1295, #651, #698, .T. ) ;
#1226 = EDGE_LOOP ( 'NONE', ( #557, #204 ) ) ;
#1227 = ORIENTED_EDGE ( 'NONE', *, *, #688, .T. ) ;
#1228 = LINE ( 'NONE', #678, #315 ) ;
#1229 = ORIENTED_EDGE ( 'NONE', *, *, #1085, .F. ) ;
#1230 = DIRECTION ( 'NONE',  ( -0.000000000000000000, 1.000000000000000000, -0.000000000000000000 ) ) ;
#1231 = CC_DESIGN_PERSON_AND_ORGANIZATION_ASSIGNMENT ( #328, #874, ( #224 ) ) ;
#1232 = AXIS2_PLACEMENT_3D ( 'NONE', #248, #1244, #154 ) ;
#1233 = ORIENTED_EDGE ( 'NONE', *, *, #73, .T. ) ;
#1234 = LINE ( 'NONE', #1011, #523 ) ;
#1235 = ORIENTED_EDGE ( 'NONE', *, *, #230, .T. ) ;
#1236 = CARTESIAN_POINT ( 'NONE',  ( 25.00000000000000000, -8.155403775779943998E-14, -22.50000000000000000 ) ) ;
#1237 = AXIS2_PLACEMENT_3D ( 'NONE', #165, #1275, #614 ) ;
#1238 = AXIS2_PLACEMENT_3D ( 'NONE', #306, #299, #69 ) ;
#1239 = ORIENTED_EDGE ( 'NONE', *, *, #1105, .F. ) ;
#1240 = EDGE_CURVE ( 'NONE', #1421, #4, #369, .T. ) ;
#1241 = DIRECTION ( 'NONE',  ( 1.000000000000000000, 0.000000000000000000, 0.000000000000000000 ) ) ;
#1242 = ORIENTED_EDGE ( 'NONE', *, *, #1400, .T. ) ;
#1243 = CARTESIAN_POINT ( 'NONE',  ( -17.50000000000000000, -1.001000000000008550, -11.50000000000000355 ) ) ;
#1244 = DIRECTION ( 'NONE',  ( -0.000000000000000000, 1.000000000000000000, -0.000000000000000000 ) ) ;
#1245 = EDGE_CURVE ( 'NONE', #29, #1383, #363, .T. ) ;
#1246 = CARTESIAN_POINT ( 'NONE',  ( 17.49999999999999645, -1.000000000000000000, 16.09999999999999787 ) ) ;
#1247 = EDGE_LOOP ( 'NONE', ( #632, #624, #1420, #996 ) ) ;
#1248 = CARTESIAN_POINT ( 'NONE',  ( 0.000000000000000000, 19.50000000000000000, -22.50000000000006750 ) ) ;
#1249 = CARTESIAN_POINT ( 'NONE',  ( -13.50000000000000000, 7.999999999999988454, -21.50000000000000000 ) ) ;
#1250 = VECTOR ( 'NONE', #1060, 1000.000000000000000 ) ;
#1251 = CARTESIAN_POINT ( 'NONE',  ( 15.04999999999999893, 7.999999999999991118, -21.50000000000000000 ) ) ;
#1252 = DIRECTION ( 'NONE',  ( 1.000000000000000000, 0.000000000000000000, 0.000000000000000000 ) ) ;
#1253 = DIRECTION ( 'NONE',  ( -2.040851148208008245E-16, 0.000000000000000000, 1.000000000000000000 ) ) ;
#1254 = EDGE_CURVE ( 'NONE', #1206, #676, #1027, .T. ) ;
#1255 = LINE ( 'NONE', #1262, #1114 ) ;
#1256 = AXIS2_PLACEMENT_3D ( 'NONE', #95, #985, #783 ) ;
#1257 = CIRCLE ( 'NONE', #635, 1.549999999999999378 ) ;
#1258 = UNCERTAINTY_MEASURE_WITH_UNIT (LENGTH_MEASURE( 1.000000000000000082E-05 ), #1312, 'distance_accuracy_value', 'NONE');
#1259 = DIRECTION ( 'NONE',  ( 0.000000000000000000, 1.000000000000000000, -0.000000000000000000 ) ) ;
#1260 = ORIENTED_EDGE ( 'NONE', *, *, #588, .F. ) ;
#1261 = DIRECTION ( 'NONE',  ( 0.000000000000000000, 1.000000000000000000, 0.000000000000000000 ) ) ;
#1262 = CARTESIAN_POINT ( 'NONE',  ( 17.49999999999999645, -1.000000000000000000, 22.50000000000000000 ) ) ;
#1263 = EDGE_CURVE ( 'NONE', #573, #443, #376, .T. ) ;
#1264 = PLANE ( 'NONE',  #834 ) ;
#1265 = ORIENTED_EDGE ( 'NONE', *, *, #108, .F. ) ;
#1266 = FACE_OUTER_BOUND ( 'NONE', #691, .T. ) ;
#1267 = AXIS2_PLACEMENT_3D ( 'NONE', #658, #111, #341 ) ;
#1268 = LINE ( 'NONE', #188, #281 ) ;
#1269 = CARTESIAN_POINT ( 'NONE',  ( 0.000000000000000000, -1.000000000000000000, 0.000000000000000000 ) ) ;
#1270 = EDGE_CURVE ( 'NONE', #310, #120, #142, .T. ) ;
#1271 = CYLINDRICAL_SURFACE ( 'NONE', #1149, 1.600000000000000089 ) ;
#1272 = CARTESIAN_POINT ( 'NONE',  ( 17.50000000000000000, -1.000000000000000000, -11.50000000000000711 ) ) ;
#1273 = CARTESIAN_POINT ( 'NONE',  ( 17.49999999999999645, -1.000000000000000000, 22.50000000000000000 ) ) ;
#1274 = VERTEX_POINT ( 'NONE', #1154 ) ;
#1275 = DIRECTION ( 'NONE',  ( -1.000000000000000000, 0.000000000000000000, 0.000000000000000000 ) ) ;
#1276 = LINE ( 'NONE', #81, #237 ) ;
#1277 = VECTOR ( 'NONE', #542, 1000.000000000000000 ) ;
#1278 = AXIS2_PLACEMENT_3D ( 'NONE', #560, #754, #976 ) ;
#1279 = CARTESIAN_POINT ( 'NONE',  ( -25.00000000000000000, 36.00000000000000000, -22.50000000000012434 ) ) ;
#1280 = CARTESIAN_POINT ( 'NONE',  ( 17.49999999999999645, -1.000000000000000000, 22.50000000000000000 ) ) ;
#1281 = EDGE_LOOP ( 'NONE', ( #1357, #240, #1229, #1100 ) ) ;
#1282 = DIRECTION ( 'NONE',  ( -1.000000000000000000, 0.000000000000000000, 0.000000000000000000 ) ) ;
#1283 = CARTESIAN_POINT ( 'NONE',  ( 25.00000000000000000, -2.203438688951697860E-17, -21.50000000000000000 ) ) ;
#1284 = EDGE_CURVE ( 'NONE', #1066, #1428, #1133, .T. ) ;
#1285 = FACE_OUTER_BOUND ( 'NONE', #677, .T. ) ;
#1286 = DIRECTION ( 'NONE',  ( -1.000000000000000000, 0.000000000000000000, 0.000000000000000000 ) ) ;
#1287 = AXIS2_PLACEMENT_3D ( 'NONE', #942, #177, #1401 ) ;
#1288 = ORIENTED_EDGE ( 'NONE', *, *, #833, .F. ) ;
#1289 = VERTEX_POINT ( 'NONE', #932 ) ;
#1290 = DIRECTION ( 'NONE',  ( -0.000000000000000000, 1.000000000000000000, -0.000000000000000000 ) ) ;
#1291 = CC_DESIGN_PERSON_AND_ORGANIZATION_ASSIGNMENT ( #6, #445, ( #242 ) ) ;
#1292 = DIRECTION ( 'NONE',  ( 0.000000000000000000, 3.491481338843133355E-15, 1.000000000000000000 ) ) ;
#1293 = DIRECTION ( 'NONE',  ( 0.000000000000000000, 0.000000000000000000, 1.000000000000000000 ) ) ;
#1294 = EDGE_LOOP ( 'NONE', ( #793, #872, #352, #244 ) ) ;
#1295 = VERTEX_POINT ( 'NONE', #141 ) ;
#1296 = ORIENTED_EDGE ( 'NONE', *, *, #1201, .T. ) ;
#1297 = LINE ( 'NONE', #389, #331 ) ;
#1298 = ADVANCED_FACE ( 'NONE', ( #711 ), #912, .F. ) ;
#1299 = CARTESIAN_POINT ( 'NONE',  ( -13.50000000000000000, 30.99999999999998934, -22.50000000000010658 ) ) ;
#1300 = AXIS2_PLACEMENT_3D ( 'NONE', #66, #829, #1391 ) ;
#1301 = EDGE_CURVE ( 'NONE', #342, #573, #1061, .T. ) ;
#1302 = AXIS2_PLACEMENT_3D ( 'NONE', #444, #438, #1075 ) ;
#1303 = DIRECTION ( 'NONE',  ( -0.000000000000000000, 1.000000000000000000, -0.000000000000000000 ) ) ;
#1304 = CYLINDRICAL_SURFACE ( 'NONE', #168, 0.7366000000000004766 ) ;
#1305 = CIRCLE ( 'NONE', #1238, 2.899999999999999911 ) ;
#1306 = VERTEX_POINT ( 'NONE', #586 ) ;
#1307 = ADVANCED_FACE ( 'NONE', ( #147, #38, #479, #1039 ), #814, .T. ) ;
#1308 = ORIENTED_EDGE ( 'NONE', *, *, #1153, .T. ) ;
#1309 = CARTESIAN_POINT ( 'NONE',  ( -17.50000000000000000, 0.000000000000000000, -11.50000000000000355 ) ) ;
#1310 = ORIENTED_EDGE ( 'NONE', *, *, #1176, .F. ) ;
#1311 = DIRECTION ( 'NONE',  ( 0.000000000000000000, 3.469446951953613794E-15, 1.000000000000000000 ) ) ;
#1312 =( LENGTH_UNIT ( ) NAMED_UNIT ( * ) SI_UNIT ( .MILLI., .METRE. ) );
#1313 = CARTESIAN_POINT ( 'NONE',  ( -17.49999999999999645, -1.000000000000000000, 21.89999999999999858 ) ) ;
#1314 = VERTEX_POINT ( 'NONE', #1159 ) ;
#1315 = ORIENTED_EDGE ( 'NONE', *, *, #1409, .F. ) ;
#1316 = CARTESIAN_POINT ( 'NONE',  ( -15.05000000000000071, 30.99999999999998934, -21.50000000000000000 ) ) ;
#1317 = ORIENTED_EDGE ( 'NONE', *, *, #44, .T. ) ;
#1318 = FACE_BOUND ( 'NONE', #1172, .T. ) ;
#1319 = PERSON_AND_ORGANIZATION ( #1218, #1366 ) ;
#1320 = ADVANCED_FACE ( 'NONE', ( #924 ), #166, .F. ) ;
#1321 = ORIENTED_EDGE ( 'NONE', *, *, #297, .T. ) ;
#1322 = ORIENTED_EDGE ( 'NONE', *, *, #933, .T. ) ;
#1323 = CARTESIAN_POINT ( 'NONE',  ( -25.00000000000000000, -8.565197162635485029E-15, -20.76340000000000074 ) ) ;
#1324 = ORIENTED_EDGE ( 'NONE', *, *, #1054, .F. ) ;
#1325 = DIRECTION ( 'NONE',  ( 0.000000000000000000, -3.491481338843133355E-15, -1.000000000000000000 ) ) ;
#1326 = APPROVAL_DATE_TIME ( #764, #1141 ) ;
#1327 = VERTEX_POINT ( 'NONE', #485 ) ;
#1328 = AXIS2_PLACEMENT_3D ( 'NONE', #367, #247, #153 ) ;
#1329 = ORIENTED_EDGE ( 'NONE', *, *, #243, .F. ) ;
#1330 = CARTESIAN_POINT ( 'NONE',  ( -25.00000000000000000, 33.99999999999999289, -22.50000000000011724 ) ) ;
#1331 = ORIENTED_EDGE ( 'NONE', *, *, #1351, .F. ) ;
#1332 = DIRECTION ( 'NONE',  ( -0.000000000000000000, -0.000000000000000000, 1.000000000000000000 ) ) ;
#1333 = AXIS2_PLACEMENT_3D ( 'NONE', #1202, #89, #547 ) ;
#1334 = VECTOR ( 'NONE', #1375, 1000.000000000000000 ) ;
#1335 = EDGE_CURVE ( 'NONE', #16, #2, #1255, .T. ) ;
#1336 = VERTEX_POINT ( 'NONE', #266 ) ;
#1337 = ORIENTED_EDGE ( 'NONE', *, *, #1134, .F. ) ;
#1338 = DIRECTION ( 'NONE',  ( -0.000000000000000000, 1.000000000000000000, -0.000000000000000000 ) ) ;
#1339 = ORIENTED_EDGE ( 'NONE', *, *, #727, .F. ) ;
#1340 = LINE ( 'NONE', #769, #100 ) ;
#1341 = AXIS2_PLACEMENT_3D ( 'NONE', #170, #408, #497 ) ;
#1342 = EDGE_LOOP ( 'NONE', ( #975, #218, #723, #1405, #347, #460, #1107, #631, #788, #1321, #211, #1220, #386, #360 ) ) ;
#1343 = CARTESIAN_POINT ( 'NONE',  ( 15.05000000000000071, 30.99999999999998934, -21.50000000000000000 ) ) ;
#1344 = ORIENTED_EDGE ( 'NONE', *, *, #537, .T. ) ;
#1345 = CARTESIAN_POINT ( 'NONE',  ( 25.00000000000000000, 0.7365999999999970349, -21.50000000000000000 ) ) ;
#1346 = EDGE_CURVE ( 'NONE', #36, #310, #615, .T. ) ;
#1347 = VERTEX_POINT ( 'NONE', #358 ) ;
#1348 = LINE ( 'NONE', #354, #1106 ) ;
#1349 = EDGE_LOOP ( 'NONE', ( #1212, #966 ) ) ;
#1350 = CYLINDRICAL_SURFACE ( 'NONE', #1140, 1.600000000000002531 ) ;
#1351 = EDGE_CURVE ( 'NONE', #891, #898, #798, .T. ) ;
#1352 = AXIS2_PLACEMENT_3D ( 'NONE', #477, #30, #802 ) ;
#1353 = DIRECTION ( 'NONE',  ( -0.000000000000000000, -0.000000000000000000, 1.000000000000000000 ) ) ;
#1354 = AXIS2_PLACEMENT_3D ( 'NONE', #892, #121, #991 ) ;
#1355 = AXIS2_PLACEMENT_3D ( 'NONE', #152, #729, #162 ) ;
#1356 = LINE ( 'NONE', #371, #478 ) ;
#1357 = ORIENTED_EDGE ( 'NONE', *, *, #739, .T. ) ;
#1358 = CARTESIAN_POINT ( 'NONE',  ( -4.099999999999999645, 19.50000000000000000, -31.50000000000000000 ) ) ;
#1359 = DIRECTION ( 'NONE',  ( -0.000000000000000000, 1.000000000000000000, -0.000000000000000000 ) ) ;
#1360 = CIRCLE ( 'NONE', #362, 1.549999999999999378 ) ;
#1361 = EDGE_CURVE ( 'NONE', #870, #403, #1135, .T. ) ;
#1362 = CARTESIAN_POINT ( 'NONE',  ( 23.00000000000000000, 0.000000000000000000, 20.49999999999999645 ) ) ;
#1363 = DIRECTION ( 'NONE',  ( 0.000000000000000000, 1.000000000000000000, -0.000000000000000000 ) ) ;
#1364 = CARTESIAN_POINT ( 'NONE',  ( -25.00000000000000000, -1.000000000000000000, 22.50000000000000000 ) ) ;
#1365 = CARTESIAN_POINT ( 'NONE',  ( 0.000000000000000000, -1.000000000000000000, 0.000000000000000000 ) ) ;
#1366 = ORGANIZATION ( '未指定', '未指定', '' ) ;
#1367 = DIRECTION ( 'NONE',  ( 1.000000000000000000, 0.000000000000000000, 0.000000000000000000 ) ) ;
#1368 = ORIENTED_EDGE ( 'NONE', *, *, #893, .F. ) ;
#1369 = CARTESIAN_POINT ( 'NONE',  ( -17.49999999999999645, 0.000000000000000000, 22.50000000000000000 ) ) ;
#1370 = DIRECTION ( 'NONE',  ( 1.000000000000000000, 0.000000000000000000, 0.000000000000000000 ) ) ;
#1371 = CIRCLE ( 'NONE', #927, 2.899999999999999911 ) ;
#1372 = EDGE_LOOP ( 'NONE', ( #378, #1431, #451, #736 ) ) ;
#1373 = EDGE_CURVE ( 'NONE', #1336, #891, #422, .T. ) ;
#1374 = CARTESIAN_POINT ( 'NONE',  ( 23.00000000000000000, 34.00000000000000000, -21.50000000000011724 ) ) ;
#1375 = DIRECTION ( 'NONE',  ( -0.000000000000000000, -0.000000000000000000, 1.000000000000000000 ) ) ;
#1376 = DIRECTION ( 'NONE',  ( 1.000000000000000000, -0.000000000000000000, -0.000000000000000000 ) ) ;
#1377 = DIRECTION ( 'NONE',  ( 1.000000000000000000, 0.000000000000000000, 0.000000000000000000 ) ) ;
#1378 = DIRECTION ( 'NONE',  ( -0.000000000000000000, 0.000000000000000000, 1.000000000000000000 ) ) ;
#1379 = VECTOR ( 'NONE', #35, 1000.000000000000000 ) ;
#1380 = PLANE ( 'NONE',  #1341 ) ;
#1381 = CARTESIAN_POINT ( 'NONE',  ( -25.00000000000000000, 34.00000000000000000, -21.50000000000011724 ) ) ;
#1382 = LINE ( 'NONE', #387, #514 ) ;
#1383 = VERTEX_POINT ( 'NONE', #837 ) ;
#1384 = FACE_OUTER_BOUND ( 'NONE', #1247, .T. ) ;
#1385 = CARTESIAN_POINT ( 'NONE',  ( 23.00000000000000000, 36.00000000000000711, -21.50000000000012434 ) ) ;
#1386 = FACE_OUTER_BOUND ( 'NONE', #1052, .T. ) ;
#1387 = ORIENTED_EDGE ( 'NONE', *, *, #427, .T. ) ;
#1388 = ORIENTED_EDGE ( 'NONE', *, *, #1033, .F. ) ;
#1389 = ADVANCED_FACE ( 'NONE', ( #941 ), #1399, .F. ) ;
#1390 = CYLINDRICAL_SURFACE ( 'NONE', #75, 1.600000000000002531 ) ;
#1391 = DIRECTION ( 'NONE',  ( -0.000000000000000000, 0.000000000000000000, 1.000000000000000000 ) ) ;
#1392 = AXIS2_PLACEMENT_3D ( 'NONE', #652, #431, #337 ) ;
#1393 = AXIS2_PLACEMENT_3D ( 'NONE', #1374, #629, #1062 ) ;
#1394 = CYLINDRICAL_SURFACE ( 'NONE', #226, 1.600000000000002531 ) ;
#1395 = DIRECTION ( 'NONE',  ( -1.000000000000000000, 0.000000000000000000, 0.000000000000000000 ) ) ;
#1396 = EDGE_CURVE ( 'NONE', #972, #94, #969, .T. ) ;
#1397 = ORIENTED_EDGE ( 'NONE', *, *, #1098, .F. ) ;
#1398 = DIRECTION ( 'NONE',  ( 1.000000000000000000, -0.000000000000000000, -0.000000000000000000 ) ) ;
#1399 = PLANE ( 'NONE',  #1300 ) ;
#1400 = EDGE_CURVE ( 'NONE', #317, #388, #954, .T. ) ;
#1401 = DIRECTION ( 'NONE',  ( 0.000000000000000000, -1.000000000000000000, 3.469446951953611033E-15 ) ) ;
#1402 = FACE_BOUND ( 'NONE', #518, .T. ) ;
#1403 = CIRCLE ( 'NONE', #1287, 2.000000000000001776 ) ;
#1404 = VERTEX_POINT ( 'NONE', #1385 ) ;
#1405 = ORIENTED_EDGE ( 'NONE', *, *, #480, .F. ) ;
#1406 = EDGE_LOOP ( 'NONE', ( #14, #835, #201, #760 ) ) ;
#1407 = CARTESIAN_POINT ( 'NONE',  ( 17.50000000000000000, 0.000000000000000000, 5.499999999999998224 ) ) ;
#1408 = DIRECTION ( 'NONE',  ( 1.000000000000000000, 0.000000000000000000, 0.000000000000000000 ) ) ;
#1409 = EDGE_CURVE ( 'NONE', #649, #388, #58, .T. ) ;
#1410 = DIRECTION ( 'NONE',  ( -0.000000000000000000, -0.000000000000000000, 1.000000000000000000 ) ) ;
#1411 = DIRECTION ( 'NONE',  ( -0.000000000000000000, 0.000000000000000000, 1.000000000000000000 ) ) ;
#1412 = EDGE_CURVE ( 'NONE', #1306, #1203, #1276, .T. ) ;
#1413 = VERTEX_POINT ( 'NONE', #748 ) ;
#1414 = CARTESIAN_POINT ( 'NONE',  ( 17.49999999999999645, -1.000000000000000000, 21.89999999999999503 ) ) ;
#1415 = EDGE_LOOP ( 'NONE', ( #750, #1024, #1131, #70 ) ) ;
#1416 = DIRECTION ( 'NONE',  ( 0.000000000000000000, 1.000000000000000000, -0.000000000000000000 ) ) ;
#1417 = VECTOR ( 'NONE', #843, 1000.000000000000000 ) ;
#1418 = DIRECTION ( 'NONE',  ( 0.000000000000000000, -1.000000000000000000, 3.469446951953611033E-15 ) ) ;
#1419 = AXIS2_PLACEMENT_3D ( 'NONE', #413, #850, #1158 ) ;
#1420 = ORIENTED_EDGE ( 'NONE', *, *, #1175, .F. ) ;
#1421 = VERTEX_POINT ( 'NONE', #280 ) ;
#1422 = FACE_OUTER_BOUND ( 'NONE', #1137, .T. ) ;
#1423 = ORIENTED_EDGE ( 'NONE', *, *, #1270, .T. ) ;
#1424 = DIRECTION ( 'NONE',  ( -0.000000000000000000, -0.000000000000000000, -1.000000000000000000 ) ) ;
#1425 = COORDINATED_UNIVERSAL_TIME_OFFSET ( 8, 0, .AHEAD. ) ;
#1426 = ADVANCED_FACE ( 'NONE', ( #295 ), #851, .F. ) ;
#1427 = CARTESIAN_POINT ( 'NONE',  ( -17.50000000000000000, -1.000000000000000000, 5.499999999999998224 ) ) ;
#1428 = VERTEX_POINT ( 'NONE', #1182 ) ;
#1429 = EDGE_LOOP ( 'NONE', ( #536, #286, #131, #1388 ) ) ;
#1430 = DIRECTION ( 'NONE',  ( -0.000000000000000000, -0.000000000000000000, 1.000000000000000000 ) ) ;
#1431 = ORIENTED_EDGE ( 'NONE', *, *, #1263, .T. ) ;
#1432 = FACE_OUTER_BOUND ( 'NONE', #1342, .T. ) ;
#1433 = CALENDAR_DATE ( 2023, 13, 3 ) ;
ENDSEC;
END-ISO-10303-21;
