ISO-10303-21;
HEADER;
FILE_DESCRIPTION (( 'STEP AP214' ),
    '1' );
FILE_NAME ('联轴器改.STEP',
    '2023-06-07T05:11:21',
    ( 'lpp' ),
    ( '' ),
    'SwSTEP 2.0',
    'SolidWorks 2020',
    '' );
FILE_SCHEMA (( 'AUTOMOTIVE_DESIGN' ));
ENDSEC;

DATA;
#1 = DIRECTION ( 'NONE',  ( -0.000000000000000000, -0.000000000000000000, 1.000000000000000000 ) ) ;
#2 = DIRECTION ( 'NONE',  ( 1.000000000000000000, 0.000000000000000000, 0.000000000000000000 ) ) ;
#3 = CARTESIAN_POINT ( 'NONE',  ( 2.857606504790286106, 2.857606504790286994, 19.93749999863440792 ) ) ;
#4 = CARTESIAN_POINT ( 'NONE',  ( 1.530810862291726090E-16, 6.000000000000000888, 15.25000000000000355 ) ) ;
#5 = CARTESIAN_POINT ( 'NONE',  ( 1.673947134580573648, -4.041265874999999674, 24.74999999863440436 ) ) ;
#6 = CARTESIAN_POINT ( 'NONE',  ( -1.249995657775717861, 3.099998249103113057, 14.08245157935012593 ) ) ;
#7 = EDGE_CURVE ( 'NONE', #2822, #1740, #2159, .T. ) ;
#8 = CARTESIAN_POINT ( 'NONE',  ( 3.499999999999999112, 1.449747468305835341, 26.31249999726881583 ) ) ;
#9 = CARTESIAN_POINT ( 'NONE',  ( -2.857606504790286550, -2.857606504790286994, 25.43749999863440792 ) ) ;
#10 = DIRECTION ( 'NONE',  ( 1.000000000000000000, 0.000000000000000000, 0.000000000000000000 ) ) ;
#11 = CARTESIAN_POINT ( 'NONE',  ( 2.857606504790286994, -2.857606504790286994, 27.68749999863440792 ) ) ;
#12 = DIRECTION ( 'NONE',  ( -0.000000000000000000, -0.000000000000000000, 1.000000000000000000 ) ) ;
#13 = CARTESIAN_POINT ( 'NONE',  ( -7.423684977483266541E-16, 4.041265874999999674, 19.18749999863440792 ) ) ;
#14 = CARTESIAN_POINT ( 'NONE',  ( 4.041265874999998786, 1.673947134580575868, 28.99999999863440792 ) ) ;
#15 = CARTESIAN_POINT ( 'NONE',  ( 3.500000000000000000, 0.000000000000000000, 30.50000000000000355 ) ) ;
#16 = CARTESIAN_POINT ( 'NONE',  ( -4.041265874999999674, -1.673947134580573870, 26.49999999863440792 ) ) ;
#17 = CARTESIAN_POINT ( 'NONE',  ( -5.947528103181775272, -0.8171445131807570927, 11.00261425860432674 ) ) ;
#18 = CARTESIAN_POINT ( 'NONE',  ( 2.857606504790286106, 2.857606504790286994, 29.93749999863440792 ) ) ;
#19 = ADVANCED_FACE ( 'NONE', ( #3303 ), #3329, .T. ) ;
#20 = CARTESIAN_POINT ( 'NONE',  ( 0.1695051411479159553, 2.094741266835975502, 3.758782284767948845 ) ) ;
#21 = CARTESIAN_POINT ( 'NONE',  ( -4.041265874999999674, -4.949123318322177694E-16, 18.31249999863440792 ) ) ;
#22 = CARTESIAN_POINT ( 'NONE',  ( 0.1656262679825009909, 6.000000000000000888, 3.749999999999999556 ) ) ;
#23 = CARTESIAN_POINT ( 'NONE',  ( -4.041265875000000563, 1.673947134580572538, 23.37499999863441147 ) ) ;
#24 = CARTESIAN_POINT ( 'NONE',  ( 2.474873734152916782, -2.474873734152916782, 22.37500000000000355 ) ) ;
#25 = CARTESIAN_POINT ( 'NONE',  ( 1.449747468305833342, -3.500000000000000444, 31.06249999726881583 ) ) ;
#26 = PRODUCT_CONTEXT ( 'NONE', #2293, 'mechanical' ) ;
#27 = CARTESIAN_POINT ( 'NONE',  ( 4.041265874999998786, 1.673947134580575868, 24.87499999863440792 ) ) ;
#28 = DIRECTION ( 'NONE',  ( 0.000000000000000000, 0.000000000000000000, -1.000000000000000000 ) ) ;
#29 = CARTESIAN_POINT ( 'NONE',  ( 2.857606504790286106, 2.857606504790286994, 20.06249999863440792 ) ) ;
#30 = CARTESIAN_POINT ( 'NONE',  ( -2.857606504790286550, -2.857606504790286994, 19.43749999863440792 ) ) ;
#31 = CARTESIAN_POINT ( 'NONE',  ( 1.984736897505246400, -0.6879863464372468762, 10.97691401412786050 ) ) ;
#32 = CARTESIAN_POINT ( 'NONE',  ( -1.449747468305832898, -3.500000000000000444, 30.18750000000001066 ) ) ;
#33 = CARTESIAN_POINT ( 'NONE',  ( 2.857606504790286994, -2.857606504790286994, 23.81249999863440792 ) ) ;
#34 = CARTESIAN_POINT ( 'NONE',  ( -5.149568834345239488, -3.079635771832017532, 14.41006033903542694 ) ) ;
#35 = CARTESIAN_POINT ( 'NONE',  ( -2.857606504790286550, -2.857606504790286994, 28.43749999863440792 ) ) ;
#36 = CARTESIAN_POINT ( 'NONE',  ( -0.6374385072048538436, 2.006918889977283627, 3.912343455739504705 ) ) ;
#37 = CARTESIAN_POINT ( 'NONE',  ( -3.500000000000000000, -4.286263797015736595E-16, 25.00000000000000000 ) ) ;
#38 = DIRECTION ( 'NONE',  ( -0.000000000000000000, -0.000000000000000000, 1.000000000000000000 ) ) ;
#39 = CARTESIAN_POINT ( 'NONE',  ( -2.474873734152916338, -2.474873734152916782, 23.87499999726881583 ) ) ;
#40 = CARTESIAN_POINT ( 'NONE',  ( -7.423684977483266541E-16, 4.041265874999999674, 30.06249999863440792 ) ) ;
#41 = CARTESIAN_POINT ( 'NONE',  ( 4.041265874999998786, 1.673947134580575868, 24.99999999863440436 ) ) ;
#42 = EDGE_CURVE ( 'NONE', #740, #699, #3307, .T. ) ;
#43 = CARTESIAN_POINT ( 'NONE',  ( 2.474873734152916782, -2.474873734152916782, 23.12499999726881583 ) ) ;
#44 = CARTESIAN_POINT ( 'NONE',  ( -1.673947134580575424, 4.041265874999998786, 26.24999999863440792 ) ) ;
#45 = CARTESIAN_POINT ( 'NONE',  ( -1.449747468305832898, -3.500000000000000444, 22.18750000000000000 ) ) ;
#46 = AXIS2_PLACEMENT_3D ( 'NONE', #2486, #3402, #2322 ) ;
#47 = CARTESIAN_POINT ( 'NONE',  ( -2.474873734152917226, 2.474873734152916338, 26.62499999726881583 ) ) ;
#48 = CARTESIAN_POINT ( 'NONE',  ( 4.041265874999999674, -1.673947134580573648, 23.74999999863440792 ) ) ;
#49 = CARTESIAN_POINT ( 'NONE',  ( -1.449747468305832898, -3.500000000000000444, 30.93749999726881583 ) ) ;
#50 = CARTESIAN_POINT ( 'NONE',  ( 2.474561659161088847E-16, -4.041265874999999674, 26.56249999863440792 ) ) ;
#51 = DIRECTION ( 'NONE',  ( -1.000000000000000000, 0.000000000000000000, 0.000000000000000000 ) ) ;
#52 = CARTESIAN_POINT ( 'NONE',  ( -2.857606504790286550, -2.857606504790286994, 20.56249999863440792 ) ) ;
#53 = CARTESIAN_POINT ( 'NONE',  ( 1.673947134580573870, -4.041265874999999674, 29.74999999863440792 ) ) ;
#54 = CARTESIAN_POINT ( 'NONE',  ( -1.673947134580573204, -4.041265874999999674, 19.49999999863440792 ) ) ;
#55 = CARTESIAN_POINT ( 'NONE',  ( -4.041265874999999674, -4.949123318322177694E-16, 24.43749999863440436 ) ) ;
#56 = CARTESIAN_POINT ( 'NONE',  ( -6.000000000000000000, 0.000000000000000000, 17.10000000000000142 ) ) ;
#57 = CARTESIAN_POINT ( 'NONE',  ( -1.449747468305832898, -3.500000000000000444, 19.18750000000000355 ) ) ;
#58 = DIRECTION ( 'NONE',  ( 0.000000000000000000, 0.000000000000000000, 1.000000000000000000 ) ) ;
#59 =( BOUNDED_CURVE ( )  B_SPLINE_CURVE ( 2, ( #2446, #271, #1137, #1607, #1378, #1891, #1972, #583, #1915 ),
 .UNSPECIFIED., .F., .F. ) 
 B_SPLINE_CURVE_WITH_KNOTS ( ( 3, 2, 2, 2, 3 ),
 ( 0.000000000000000000, 0.009615384615384615918, 0.01923076923076923184, 0.02884615384615384429, 0.03846153846153846367 ),
 .UNSPECIFIED. ) 
 CURVE ( )  GEOMETRIC_REPRESENTATION_ITEM ( )  RATIONAL_B_SPLINE_CURVE ( ( 1.000000000000000000, 0.9238795325112867385, 1.000000000000000000, 0.9238795325112867385, 1.000000000000000000, 0.9238795325112867385, 1.000000000000000000, 0.9238795325112867385, 1.000000000000000000 ) ) 
 REPRESENTATION_ITEM ( '' )  );
#60 = CARTESIAN_POINT ( 'NONE',  ( -3.500000000000001332, 1.449747468305832454, 29.93750000000000711 ) ) ;
#61 = CARTESIAN_POINT ( 'NONE',  ( 2.474873734152916782, -2.474873734152916782, 24.12499999726881583 ) ) ;
#62 = CARTESIAN_POINT ( 'NONE',  ( 2.857606504790286994, -2.857606504790286994, 30.68749999863440792 ) ) ;
#63 =( BOUNDED_CURVE ( )  B_SPLINE_CURVE ( 2, ( #1620, #2499, #2752, #3604, #2989, #1903, #3652, #3063, #172 ),
 .UNSPECIFIED., .F., .F. ) 
 B_SPLINE_CURVE_WITH_KNOTS ( ( 3, 2, 2, 2, 3 ),
 ( 0.7307692307692307265, 0.7403846153846154188, 0.7500000000000000000, 0.7596153846153845812, 0.7692307692307692735 ),
 .UNSPECIFIED. ) 
 CURVE ( )  GEOMETRIC_REPRESENTATION_ITEM ( )  RATIONAL_B_SPLINE_CURVE ( ( 1.000000000000000000, 0.9238795325112867385, 1.000000000000000000, 0.9238795325112867385, 1.000000000000000000, 0.9238795325112867385, 1.000000000000000000, 0.9238795325112867385, 1.000000000000000000 ) ) 
 REPRESENTATION_ITEM ( '' )  );
#64 = CARTESIAN_POINT ( 'NONE',  ( -4.041265875000001451, 1.673947134580572538, 21.37499999863441147 ) ) ;
#65 = EDGE_CURVE ( 'NONE', #1685, #395, #3036, .T. ) ;
#66 = CARTESIAN_POINT ( 'NONE',  ( 2.474873734152915894, 2.474873734152917226, 26.62500000000000355 ) ) ;
#67 = CARTESIAN_POINT ( 'NONE',  ( -1.449747468305832898, -3.500000000000000000, 26.18750000000000711 ) ) ;
#68 = CARTESIAN_POINT ( 'NONE',  ( -3.500000000000000000, -4.286263797015736595E-16, 22.74999999726881583 ) ) ;
#69 = CARTESIAN_POINT ( 'NONE',  ( -4.041265874999999674, -4.949123318322177694E-16, 25.43749999863440792 ) ) ;
#70 = CARTESIAN_POINT ( 'NONE',  ( 3.500000000000000444, -1.449747468305833120, 24.43750000000000355 ) ) ;
#71 = CARTESIAN_POINT ( 'NONE',  ( 0.000000000000000000, 0.000000000000000000, 0.000000000000000000 ) ) ;
#72 = CARTESIAN_POINT ( 'NONE',  ( -2.857606504790286994, 2.857606504790286550, 24.18749999863440792 ) ) ;
#73 = CARTESIAN_POINT ( 'NONE',  ( -3.500000000000001332, 1.449747468305832010, 30.68749999726881938 ) ) ;
#74 = ADVANCED_FACE ( 'NONE', ( #2079 ), #2034, .T. ) ;
#75 = CARTESIAN_POINT ( 'NONE',  ( 4.041265874999999674, 0.000000000000000000, 27.81249999863440792 ) ) ;
#76 = CARTESIAN_POINT ( 'NONE',  ( 1.216189528961316046, 3.085974902334734704, 13.66852322225835792 ) ) ;
#77 = CARTESIAN_POINT ( 'NONE',  ( 1.673947134580573870, -4.041265874999999674, 30.74999999863440792 ) ) ;
#78 = DIRECTION ( 'NONE',  ( -0.000000000000000000, -0.000000000000000000, 1.000000000000000000 ) ) ;
#79 = EDGE_CURVE ( 'NONE', #2065, #2918, #884, .T. ) ;
#80 = CARTESIAN_POINT ( 'NONE',  ( -1.673947134580573426, -4.041265874999999674, 18.49999999863440792 ) ) ;
#81 = CARTESIAN_POINT ( 'NONE',  ( -3.500000000000000000, -4.286263797015736595E-16, 27.00000000000000355 ) ) ;
#82 = CARTESIAN_POINT ( 'NONE',  ( 2.474561659161088847E-16, -4.041265874999999674, 24.68749999863440436 ) ) ;
#83 = CARTESIAN_POINT ( 'NONE',  ( -2.857606504790286550, -2.857606504790286994, 22.43749999863440792 ) ) ;
#84 = CARTESIAN_POINT ( 'NONE',  ( -3.500000000000000000, -4.286263797015736595E-16, 22.74999999726881583 ) ) ;
#85 = CARTESIAN_POINT ( 'NONE',  ( 3.500000000000000000, 0.000000000000000000, 24.24999999726881583 ) ) ;
#86 =( GEOMETRIC_REPRESENTATION_CONTEXT ( 3 ) GLOBAL_UNCERTAINTY_ASSIGNED_CONTEXT ( ( #1410 ) ) GLOBAL_UNIT_ASSIGNED_CONTEXT ( ( #2098, #2386, #2122 ) ) REPRESENTATION_CONTEXT ( 'NONE', 'WORKASPACE' ) );
#87 = CARTESIAN_POINT ( 'NONE',  ( 1.673947134580573648, -4.041265874999999674, 30.74999999863440792 ) ) ;
#88 = CARTESIAN_POINT ( 'NONE',  ( 0.000000000000000000, 0.000000000000000000, 18.00000000000000355 ) ) ;
#89 = EDGE_CURVE ( 'NONE', #740, #712, #3367, .T. ) ;
#90 = CARTESIAN_POINT ( 'NONE',  ( -1.449747468305834674, 3.499999999999999556, 25.56249999726881938 ) ) ;
#91 = CARTESIAN_POINT ( 'NONE',  ( -2.857606504790286994, 2.857606504790286550, 21.31249999863441147 ) ) ;
#92 = AXIS2_PLACEMENT_3D ( 'NONE', #1386, #1146, #3339 ) ;
#93 = CARTESIAN_POINT ( 'NONE',  ( 3.500000000000000000, 0.000000000000000000, 27.24999999726881583 ) ) ;
#94 = CARTESIAN_POINT ( 'NONE',  ( -3.500000000000001332, 1.449747468305832454, 23.68749999726881583 ) ) ;
#95 = CARTESIAN_POINT ( 'NONE',  ( 2.857606504790286994, -2.857606504790286994, 22.81249999863440792 ) ) ;
#96 = CARTESIAN_POINT ( 'NONE',  ( 3.500000000000000444, -1.449747468305833120, 20.43750000000000355 ) ) ;
#97 = CARTESIAN_POINT ( 'NONE',  ( 0.000000000000000000, 0.000000000000000000, 11.00000000000000000 ) ) ;
#98 = ADVANCED_FACE ( 'NONE', ( #3342 ), #877, .T. ) ;
#99 = CARTESIAN_POINT ( 'NONE',  ( 2.474561659161088847E-16, -4.041265874999999674, 23.56249999863440792 ) ) ;
#100 = CARTESIAN_POINT ( 'NONE',  ( 3.500000000000000000, 0.000000000000000000, 29.24999999726881583 ) ) ;
#101 = CARTESIAN_POINT ( 'NONE',  ( 4.041265874999999674, -1.673947134580573426, 24.74999999863440436 ) ) ;
#102 = CARTESIAN_POINT ( 'NONE',  ( 2.000000000000000000, -0.6403124237432857857, 10.96684982237938044 ) ) ;
#103 = CARTESIAN_POINT ( 'NONE',  ( -3.500000000000000000, -1.449747468305833564, 21.81249999726881583 ) ) ;
#104 = CARTESIAN_POINT ( 'NONE',  ( -0.6299628033887912926, 5.968761835731644538, 15.09196968434856068 ) ) ;
#105 = CARTESIAN_POINT ( 'NONE',  ( -4.041265875000001451, 1.673947134580572538, 26.37499999863441147 ) ) ;
#106 = CARTESIAN_POINT ( 'NONE',  ( -5.916869328174747977, 1.013280469844870080, 11.06333542949766979 ) ) ;
#107 = CARTESIAN_POINT ( 'NONE',  ( 1.449747468305833342, -3.500000000000000444, 29.31250000000000000 ) ) ;
#108 = CARTESIAN_POINT ( 'NONE',  ( 4.041265874999998786, 1.673947134580575868, 23.99999999863440792 ) ) ;
#109 = CARTESIAN_POINT ( 'NONE',  ( 2.857606504790286106, 2.857606504790286994, 25.93749999863440792 ) ) ;
#110 = CARTESIAN_POINT ( 'NONE',  ( 3.500000000000000000, 0.000000000000000000, 19.24999999726881583 ) ) ;
#111 = CARTESIAN_POINT ( 'NONE',  ( -0.7730846652287505227, 1.956446060636631623, 4.004934708619222405 ) ) ;
#112 = CARTESIAN_POINT ( 'NONE',  ( 1.449747468305833786, 3.499999999999999556, 29.68750000000000711 ) ) ;
#113 = CARTESIAN_POINT ( 'NONE',  ( 3.500000000000000444, -1.449747468305833120, 24.18749999726881583 ) ) ;
#114 = CARTESIAN_POINT ( 'NONE',  ( -1.449747468305834897, 3.499999999999999112, 22.81250000000000355 ) ) ;
#115 = CARTESIAN_POINT ( 'NONE',  ( -3.500000000000001332, 1.449747468305832454, 24.68749999726881938 ) ) ;
#116 = CARTESIAN_POINT ( 'NONE',  ( 1.673947134580574092, 4.041265874999998786, 22.12499999863441502 ) ) ;
#117 = CARTESIAN_POINT ( 'NONE',  ( -1.449747468305834674, 3.499999999999999556, 20.81250000000000355 ) ) ;
#118 = CARTESIAN_POINT ( 'NONE',  ( 3.499999999999999556, 1.449747468305835341, 21.31249999726881228 ) ) ;
#119 = CARTESIAN_POINT ( 'NONE',  ( -1.449747468305834674, 3.499999999999999556, 29.56249999726881228 ) ) ;
#120 = CARTESIAN_POINT ( 'NONE',  ( 1.673947134580574092, 4.041265874999998786, 19.99999999863440792 ) ) ;
#121 = CARTESIAN_POINT ( 'NONE',  ( 2.100000000000000089, 2.571758278209441957E-16, 11.00000000000000000 ) ) ;
#122 = CARTESIAN_POINT ( 'NONE',  ( -7.423684977483266541E-16, 4.041265874999999674, 30.18749999863440792 ) ) ;
#123 = DIRECTION ( 'NONE',  ( 0.000000000000000000, 0.000000000000000000, 1.000000000000000000 ) ) ;
#124 = EDGE_CURVE ( 'NONE', #2918, #1544, #3372, .T. ) ;
#125 = CARTESIAN_POINT ( 'NONE',  ( 3.500000000000000000, 0.000000000000000000, 24.50000000000000000 ) ) ;
#126 = AXIS2_PLACEMENT_3D ( 'NONE', #1048, #1101, #3016 ) ;
#127 = CARTESIAN_POINT ( 'NONE',  ( 1.673947134580573870, -4.041265874999999674, 27.74999999863440792 ) ) ;
#128 = CARTESIAN_POINT ( 'NONE',  ( 2.143131898507868297E-16, -3.500000000000000000, 28.25000000000000355 ) ) ;
#129 = CARTESIAN_POINT ( 'NONE',  ( -2.857606504790286994, 2.857606504790286550, 21.31249999863441147 ) ) ;
#130 = CARTESIAN_POINT ( 'NONE',  ( 4.041265874999999674, 0.000000000000000000, 23.81249999863440792 ) ) ;
#131 = CARTESIAN_POINT ( 'NONE',  ( 3.500000000000000444, -1.449747468305833120, 19.18749999726881583 ) ) ;
#132 = CARTESIAN_POINT ( 'NONE',  ( 3.500000000000000000, 0.000000000000000000, 30.50000000000000355 ) ) ;
#133 = CARTESIAN_POINT ( 'NONE',  ( -6.429395695523603167E-16, 3.500000000000000000, 23.49999999726881583 ) ) ;
#134 = CARTESIAN_POINT ( 'NONE',  ( -4.041265874999999674, -4.949123318322177694E-16, 30.31249999863440792 ) ) ;
#135 = CARTESIAN_POINT ( 'NONE',  ( -3.500000000000000000, -4.286263797015736595E-16, 21.74999999726881583 ) ) ;
#136 = CARTESIAN_POINT ( 'NONE',  ( -2.857606504790286550, -2.857606504790286994, 18.56249999863440792 ) ) ;
#137 = CARTESIAN_POINT ( 'NONE',  ( -2.474873734152917226, 2.474873734152916338, 19.87500000000000355 ) ) ;
#138 = CARTESIAN_POINT ( 'NONE',  ( -3.500000000000000000, -4.286263797015736595E-16, 30.74999999726881583 ) ) ;
#139 = CARTESIAN_POINT ( 'NONE',  ( 2.474561659161088847E-16, -4.041265874999999674, 21.56249999863441147 ) ) ;
#140 = CARTESIAN_POINT ( 'NONE',  ( -3.500000000000001332, 1.449747468305832454, 18.93750000000000355 ) ) ;
#141 = FILL_AREA_STYLE ('',( #2888 ) ) ;
#142 = CARTESIAN_POINT ( 'NONE',  ( 3.500000000000000000, -1.449747468305833120, 30.18749999726881938 ) ) ;
#143 = CARTESIAN_POINT ( 'NONE',  ( -6.429395695523603167E-16, 3.500000000000000000, 27.75000000000000355 ) ) ;
#144 = CARTESIAN_POINT ( 'NONE',  ( 4.041265874999998786, 1.673947134580575868, 20.99999999863441147 ) ) ;
#145 = CARTESIAN_POINT ( 'NONE',  ( 2.857606504790286106, 2.857606504790286994, 23.93749999863440792 ) ) ;
#146 = CARTESIAN_POINT ( 'NONE',  ( -3.500000000000000000, 4.286263797015736595E-16, 18.00000000000000355 ) ) ;
#147 = CARTESIAN_POINT ( 'NONE',  ( 4.041265874999999674, 0.000000000000000000, 27.93749999863440792 ) ) ;
#148 = ADVANCED_FACE ( 'NONE', ( #3335 ), #2108, .T. ) ;
#149 = CARTESIAN_POINT ( 'NONE',  ( 3.500000000000000000, 0.000000000000000000, 19.24999999726881583 ) ) ;
#150 = CARTESIAN_POINT ( 'NONE',  ( 1.673947134580574092, 4.041265874999998786, 27.99999999863440792 ) ) ;
#151 = CARTESIAN_POINT ( 'NONE',  ( 1.673947134580574092, 4.041265874999998786, 27.99999999863440792 ) ) ;
#152 = DIRECTION ( 'NONE',  ( -0.000000000000000000, -0.000000000000000000, -1.000000000000000000 ) ) ;
#153 = CARTESIAN_POINT ( 'NONE',  ( -2.857606504790286994, 2.857606504790286550, 30.18749999863440792 ) ) ;
#154 = CARTESIAN_POINT ( 'NONE',  ( -2.857606504790286994, 2.857606504790286550, 22.31249999863440792 ) ) ;
#155 = CARTESIAN_POINT ( 'NONE',  ( 1.449747468305833786, 3.499999999999999556, 27.68750000000000355 ) ) ;
#156 = CARTESIAN_POINT ( 'NONE',  ( 2.474561659161088847E-16, -4.041265874999999674, 21.56249999863441147 ) ) ;
#157 = CARTESIAN_POINT ( 'NONE',  ( 2.857606504790286106, 2.857606504790286994, 21.93749999863440792 ) ) ;
#158 = CARTESIAN_POINT ( 'NONE',  ( 1.089800780525627566, 3.038369250212732631, 14.63413636732072654 ) ) ;
#159 = CARTESIAN_POINT ( 'NONE',  ( 4.041265874999999674, 0.000000000000000000, 29.93749999863440792 ) ) ;
#160 =( BOUNDED_CURVE ( )  B_SPLINE_CURVE ( 2, ( #3479, #2814, #2001, #2392, #626, #2304, #2578, #647, #2622 ),
 .UNSPECIFIED., .F., .F. ) 
 B_SPLINE_CURVE_WITH_KNOTS ( ( 3, 2, 2, 2, 3 ),
 ( 0.3846153846153846367, 0.3942307692307692180, 0.4038461538461538547, 0.4134615384615384359, 0.4230769230769230727 ),
 .UNSPECIFIED. ) 
 CURVE ( )  GEOMETRIC_REPRESENTATION_ITEM ( )  RATIONAL_B_SPLINE_CURVE ( ( 1.000000000000000000, 0.9238795325112867385, 1.000000000000000000, 0.9238795325112867385, 1.000000000000000000, 0.9238795325112867385, 1.000000000000000000, 0.9238795325112867385, 1.000000000000000000 ) ) 
 REPRESENTATION_ITEM ( '' )  );
#161 = CARTESIAN_POINT ( 'NONE',  ( 3.500000000000000000, 0.000000000000000000, 26.24999999726881583 ) ) ;
#162 =( BOUNDED_CURVE ( )  B_SPLINE_CURVE ( 2, ( #506, #1092, #887, #2006, #1117, #2308, #1641, #2689, #2718 ),
 .UNSPECIFIED., .F., .F. ) 
 B_SPLINE_CURVE_WITH_KNOTS ( ( 3, 2, 2, 2, 3 ),
 ( 0.5384615384615384359, 0.5480769230769231282, 0.5576923076923077094, 0.5673076923076922906, 0.5769230769230768718 ),
 .UNSPECIFIED. ) 
 CURVE ( )  GEOMETRIC_REPRESENTATION_ITEM ( )  RATIONAL_B_SPLINE_CURVE ( ( 1.000000000000000000, 0.9238795325112867385, 1.000000000000000000, 0.9238795325112867385, 1.000000000000000000, 0.9238795325112867385, 1.000000000000000000, 0.9238795325112867385, 1.000000000000000000 ) ) 
 REPRESENTATION_ITEM ( '' )  );
#163 = CARTESIAN_POINT ( 'NONE',  ( -1.449747468305832898, -3.500000000000000444, 26.18750000000000355 ) ) ;
#164 = CARTESIAN_POINT ( 'NONE',  ( 2.857606504790286106, 2.857606504790286994, 19.06249999863440792 ) ) ;
#165 = CARTESIAN_POINT ( 'NONE',  ( 1.673947134580573870, -4.041265874999999674, 22.62499999863441147 ) ) ;
#166 = CARTESIAN_POINT ( 'NONE',  ( 2.474873734152916782, -2.474873734152916782, 22.37500000000000355 ) ) ;
#167 = CARTESIAN_POINT ( 'NONE',  ( -1.449747468305834674, 3.499999999999999556, 20.56249999726881583 ) ) ;
#168 = CARTESIAN_POINT ( 'NONE',  ( 2.857606504790286994, -2.857606504790286994, 27.81249999863440792 ) ) ;
#169 = CARTESIAN_POINT ( 'NONE',  ( 3.499999999999999112, 1.449747468305835341, 19.31249999726881938 ) ) ;
#170 = CARTESIAN_POINT ( 'NONE',  ( -2.474873734152916338, -2.474873734152916782, 26.87499999726881583 ) ) ;
#171 = CARTESIAN_POINT ( 'NONE',  ( -4.041265875000001451, 1.673947134580572538, 29.24999999863440436 ) ) ;
#172 = CARTESIAN_POINT ( 'NONE',  ( 3.500000000000000000, 0.000000000000000000, 20.50000000000000355 ) ) ;
#173 = PLANE ( 'NONE',  #1326 ) ;
#174 = CARTESIAN_POINT ( 'NONE',  ( 2.857606504790286994, -2.857606504790286994, 19.81249999863440792 ) ) ;
#175 = CARTESIAN_POINT ( 'NONE',  ( -3.500000000000000000, -1.449747468305833564, 19.81249999726881938 ) ) ;
#176 = CARTESIAN_POINT ( 'NONE',  ( 0.000000000000000000, 0.000000000000000000, 18.00000000000000355 ) ) ;
#177 = CARTESIAN_POINT ( 'NONE',  ( 1.449747468305833342, -3.500000000000000444, 26.06249999726881583 ) ) ;
#178 = CARTESIAN_POINT ( 'NONE',  ( -2.857606504790286550, -2.857606504790286994, 21.43749999863441147 ) ) ;
#179 = CARTESIAN_POINT ( 'NONE',  ( 2.857606504790286994, -2.857606504790286994, 23.68749999863440792 ) ) ;
#180 = CARTESIAN_POINT ( 'NONE',  ( -7.423684977483266541E-16, 4.041265874999999674, 28.18749999863440792 ) ) ;
#181 = CARTESIAN_POINT ( 'NONE',  ( -0.1656694279915009449, 6.000000000000001776, 3.749999999999999112 ) ) ;
#182 = CARTESIAN_POINT ( 'NONE',  ( -2.474873734152916338, -2.474873734152916782, 20.87499999726881583 ) ) ;
#183 = CARTESIAN_POINT ( 'NONE',  ( -2.857606504790286550, -2.857606504790286994, 26.56249999863440792 ) ) ;
#184 = CARTESIAN_POINT ( 'NONE',  ( 1.449747468305833564, 3.500000000000000000, 25.68750000000000355 ) ) ;
#185 = CARTESIAN_POINT ( 'NONE',  ( 1.673947134580574092, 4.041265874999998786, 21.12499999863441147 ) ) ;
#186 = CARTESIAN_POINT ( 'NONE',  ( 4.041265874999999674, -1.673947134580573648, 18.74999999863440792 ) ) ;
#187 = CARTESIAN_POINT ( 'NONE',  ( -2.474873734152916338, -2.474873734152916782, 21.12500000000000355 ) ) ;
#188 = CARTESIAN_POINT ( 'NONE',  ( 0.000000000000000000, 0.000000000000000000, 0.000000000000000000 ) ) ;
#189 = CARTESIAN_POINT ( 'NONE',  ( 2.857606504790286994, -2.857606504790286994, 29.81249999863440792 ) ) ;
#190 = CARTESIAN_POINT ( 'NONE',  ( -0.6335232425564347736, 2.902820811364926090, 12.90990473176533904 ) ) ;
#191 = CARTESIAN_POINT ( 'NONE',  ( -7.423684977483266541E-16, 4.041265874999999674, 28.06249999863440792 ) ) ;
#192 = CARTESIAN_POINT ( 'NONE',  ( 3.770632937499999837, 0.000000000000000000, 30.65624999931720396 ) ) ;
#193 = CARTESIAN_POINT ( 'NONE',  ( -3.500000000000000000, -1.449747468305833564, 27.81249999726881583 ) ) ;
#194 = CARTESIAN_POINT ( 'NONE',  ( -4.041265874999999674, -4.949123318322177694E-16, 19.43749999863440792 ) ) ;
#195 = CARTESIAN_POINT ( 'NONE',  ( 3.500000000000000000, 0.000000000000000000, 20.24999999726881583 ) ) ;
#196 = ADVANCED_FACE ( 'NONE', ( #829 ), #2039, .F. ) ;
#197 = EDGE_CURVE ( 'NONE', #1597, #965, #3437, .T. ) ;
#198 = CARTESIAN_POINT ( 'NONE',  ( 1.673947134580573870, -4.041265874999999674, 21.62499999863441502 ) ) ;
#199 = CARTESIAN_POINT ( 'NONE',  ( -1.673947134580573204, -4.041265874999999674, 21.49999999863441147 ) ) ;
#200 = CARTESIAN_POINT ( 'NONE',  ( 2.474873734152915894, 2.474873734152917226, 24.62500000000000000 ) ) ;
#201 = CARTESIAN_POINT ( 'NONE',  ( -4.041265874999999674, -4.949123318322177694E-16, 25.43749999863440792 ) ) ;
#202 = CARTESIAN_POINT ( 'NONE',  ( -3.500000000000000000, -4.286263797015736595E-16, 22.00000000000000355 ) ) ;
#203 = CARTESIAN_POINT ( 'NONE',  ( 0.000000000000000000, 6.000000000000000888, 3.749999999999999112 ) ) ;
#204 = CARTESIAN_POINT ( 'NONE',  ( 2.474561659161088847E-16, -4.041265874999999674, 24.68749999863440436 ) ) ;
#205 = CARTESIAN_POINT ( 'NONE',  ( -1.449747468305834674, 3.499999999999999556, 23.81250000000000711 ) ) ;
#206 = CARTESIAN_POINT ( 'NONE',  ( -4.041265874999999674, -4.949123318322177694E-16, 19.31249999863440792 ) ) ;
#207 = CARTESIAN_POINT ( 'NONE',  ( 0.000000000000000000, 0.000000000000000000, 18.00000000000000355 ) ) ;
#208 = CARTESIAN_POINT ( 'NONE',  ( 3.500000000000000000, 0.000000000000000000, 21.50000000000000000 ) ) ;
#209 = CARTESIAN_POINT ( 'NONE',  ( -2.857606504790286994, 2.857606504790286550, 27.31249999863440792 ) ) ;
#210 = CARTESIAN_POINT ( 'NONE',  ( -3.500000000000001332, 1.449747468305832454, 19.68749999726881583 ) ) ;
#211 = CARTESIAN_POINT ( 'NONE',  ( -7.423684977483266541E-16, 4.041265874999999674, 27.06249999863440792 ) ) ;
#212 = CARTESIAN_POINT ( 'NONE',  ( -1.673947134580575424, 4.041265874999998786, 26.12499999863441147 ) ) ;
#213 = CARTESIAN_POINT ( 'NONE',  ( -3.500000000000000000, 4.286263797015736595E-16, 18.00000000000000355 ) ) ;
#214 =( BOUNDED_CURVE ( )  B_SPLINE_CURVE ( 2, ( #2424, #3191, #1529, #1835, #1787, #1245, #592, #1810, #1764 ),
 .UNSPECIFIED., .F., .F. ) 
 B_SPLINE_CURVE_WITH_KNOTS ( ( 3, 2, 2, 2, 3 ),
 ( 0.5000000000000000000, 0.5096153846153845812, 0.5192307692307692735, 0.5288461538461538547, 0.5384615384615384359 ),
 .UNSPECIFIED. ) 
 CURVE ( )  GEOMETRIC_REPRESENTATION_ITEM ( )  RATIONAL_B_SPLINE_CURVE ( ( 1.000000000000000000, 0.9238795325112867385, 1.000000000000000000, 0.9238795325112867385, 1.000000000000000000, 0.9238795325112867385, 1.000000000000000000, 0.9238795325112867385, 1.000000000000000000 ) ) 
 REPRESENTATION_ITEM ( '' )  );
#215 = CARTESIAN_POINT ( 'NONE',  ( 1.673947134580573648, -4.041265874999999674, 29.62499999863440792 ) ) ;
#216 = CARTESIAN_POINT ( 'NONE',  ( -1.673947134580575424, 4.041265874999998786, 20.24999999863441147 ) ) ;
#217 = CARTESIAN_POINT ( 'NONE',  ( 1.673947134580573648, -4.041265874999999674, 18.62499999863441147 ) ) ;
#218 = CARTESIAN_POINT ( 'NONE',  ( 1.530808498934192310E-16, 6.000000000000000888, 6.250000000000000888 ) ) ;
#219 = CARTESIAN_POINT ( 'NONE',  ( -1.673947134580575424, 4.041265874999998786, 27.24999999863440792 ) ) ;
#220 = CARTESIAN_POINT ( 'NONE',  ( -5.639654820975131599, -2.053580172395073511, 16.33078641601652592 ) ) ;
#221 = CARTESIAN_POINT ( 'NONE',  ( -1.449747468305832898, -3.500000000000000444, 18.18750000000000355 ) ) ;
#222 = CARTESIAN_POINT ( 'NONE',  ( 3.500000000000000000, 0.000000000000000000, 18.50000000000000355 ) ) ;
#223 = CARTESIAN_POINT ( 'NONE',  ( 0.000000000000000000, 0.000000000000000000, 35.00000000000000000 ) ) ;
#224 = CARTESIAN_POINT ( 'NONE',  ( 1.449747468305833564, 3.500000000000000000, 21.43749999726881228 ) ) ;
#225 = CARTESIAN_POINT ( 'NONE',  ( 4.041265874999999674, 0.000000000000000000, 25.93749999863440792 ) ) ;
#226 = CARTESIAN_POINT ( 'NONE',  ( 1.673947134580573870, -4.041265874999999674, 20.62499999863441147 ) ) ;
#227 = ORIENTED_EDGE ( 'NONE', *, *, #852, .F. ) ;
#228 = CARTESIAN_POINT ( 'NONE',  ( -2.474873734152917226, 2.474873734152916338, 29.62499999726881583 ) ) ;
#229 = CARTESIAN_POINT ( 'NONE',  ( 1.673947134580574092, 4.041265874999998786, 29.12499999863440792 ) ) ;
#230 = CARTESIAN_POINT ( 'NONE',  ( -0.3293484099497609452, 2.851926951934522947, 12.78295890884884578 ) ) ;
#231 = EDGE_CURVE ( 'NONE', #2701, #1475, #3002, .T. ) ;
#232 = ORIENTED_EDGE ( 'NONE', *, *, #2425, .F. ) ;
#233 = CARTESIAN_POINT ( 'NONE',  ( -2.857606504790286994, 2.857606504790286550, 25.18749999863440792 ) ) ;
#234 = CARTESIAN_POINT ( 'NONE',  ( -3.500000000000000000, -4.286263797015736595E-16, 25.74999999726881938 ) ) ;
#235 = CARTESIAN_POINT ( 'NONE',  ( -5.197575985905919183, 2.997902790758912417, 14.81519949350287924 ) ) ;
#236 = CARTESIAN_POINT ( 'NONE',  ( -4.041265874999999674, -4.949123318322177694E-16, 18.40624999863440792 ) ) ;
#237 = EDGE_LOOP ( 'NONE', ( #2908, #2080 ) ) ;
#238 = AXIS2_PLACEMENT_3D ( 'NONE', #617, #1191, #2295 ) ;
#239 = CARTESIAN_POINT ( 'NONE',  ( -2.857606504790286994, 2.857606504790286550, 19.18749999863440792 ) ) ;
#240 = CARTESIAN_POINT ( 'NONE',  ( -7.423684977483266541E-16, 4.041265874999999674, 19.06249999863440792 ) ) ;
#241 = CARTESIAN_POINT ( 'NONE',  ( 2.474561659161088847E-16, -4.041265874999999674, 28.68749999863440792 ) ) ;
#242 = CARTESIAN_POINT ( 'NONE',  ( 2.474873734152916782, -2.474873734152916782, 18.37500000000000355 ) ) ;
#243 = DIRECTION ( 'NONE',  ( -1.000000000000000000, 0.000000000000000000, 0.000000000000000000 ) ) ;
#244 = ORIENTED_EDGE ( 'NONE', *, *, #1241, .T. ) ;
#245 = CARTESIAN_POINT ( 'NONE',  ( 1.530810862315391917E-16, 6.000000000000000888, 6.250000000000000888 ) ) ;
#246 = AXIS2_PLACEMENT_3D ( 'NONE', #554, #2541, #849 ) ;
#247 = CARTESIAN_POINT ( 'NONE',  ( -1.673947134580573426, -4.041265874999999674, 25.62499999863441147 ) ) ;
#248 = CARTESIAN_POINT ( 'NONE',  ( -4.041265874999999674, -1.673947134580573870, 18.37499999863441147 ) ) ;
#249 = VERTEX_POINT ( 'NONE', #3146 ) ;
#250 = CARTESIAN_POINT ( 'NONE',  ( 0.9986844538568135921, 5.917449923182283023, 14.76920740344454686 ) ) ;
#251 = CARTESIAN_POINT ( 'NONE',  ( 2.857606504790286106, 2.857606504790286994, 23.06249999863440792 ) ) ;
#252 = CARTESIAN_POINT ( 'NONE',  ( -1.449747468305834897, 3.499999999999999112, 28.81250000000000355 ) ) ;
#253 = B_SPLINE_CURVE_WITH_KNOTS ( 'NONE', 1,
 ( #3046, #898 ),
 .UNSPECIFIED., .F., .F.,
 ( 2, 2 ),
 ( 0.000000000000000000, 1.000000000000000000 ),
 .UNSPECIFIED. ) ;
#254 = VERTEX_POINT ( 'NONE', #671 ) ;
#255 = CARTESIAN_POINT ( 'NONE',  ( -2.857606504790286550, -2.857606504790286994, 24.43749999863440436 ) ) ;
#256 = CARTESIAN_POINT ( 'NONE',  ( -0.1634114241445056570, 6.000000000000004441, 15.25000000000000711 ) ) ;
#257 = CARTESIAN_POINT ( 'NONE',  ( 2.857606504790286106, 2.857606504790286994, 26.93749999863440792 ) ) ;
#258 = CARTESIAN_POINT ( 'NONE',  ( 0.000000000000000000, 0.000000000000000000, 18.00000000000000355 ) ) ;
#259 = EDGE_LOOP ( 'NONE', ( #1991, #2780, #2828, #853 ) ) ;
#260 = CARTESIAN_POINT ( 'NONE',  ( 2.474561659161088847E-16, -4.041265874999999674, 18.68749999863440792 ) ) ;
#261 =( BOUNDED_CURVE ( )  B_SPLINE_CURVE ( 2, ( #125, #687, #3570, #440, #1862, #1086, #2351, #880, #2285 ),
 .UNSPECIFIED., .F., .F. ) 
 B_SPLINE_CURVE_WITH_KNOTS ( ( 3, 2, 2, 2, 3 ),
 ( 0.4615384615384615641, 0.4711538461538461453, 0.4807692307692307820, 0.4903846153846153633, 0.5000000000000000000 ),
 .UNSPECIFIED. ) 
 CURVE ( )  GEOMETRIC_REPRESENTATION_ITEM ( )  RATIONAL_B_SPLINE_CURVE ( ( 1.000000000000000000, 0.9238795325112867385, 1.000000000000000000, 0.9238795325112867385, 1.000000000000000000, 0.9238795325112867385, 1.000000000000000000, 0.9238795325112867385, 1.000000000000000000 ) ) 
 REPRESENTATION_ITEM ( '' )  );
#262 = CARTESIAN_POINT ( 'NONE',  ( 4.041265874999999674, 0.000000000000000000, 28.93749999863441147 ) ) ;
#263 = CARTESIAN_POINT ( 'NONE',  ( 3.500000000000000444, -1.449747468305833120, 30.43750000000000711 ) ) ;
#264 = CARTESIAN_POINT ( 'NONE',  ( 3.500000000000000000, -1.449747468305833120, 20.43750000000000355 ) ) ;
#265 = CARTESIAN_POINT ( 'NONE',  ( -2.857606504790286994, 2.857606504790286550, 26.31249999863440792 ) ) ;
#266 = CARTESIAN_POINT ( 'NONE',  ( -5.694252425798467243, -1.898828028194914808, 11.54143851940937715 ) ) ;
#267 = CARTESIAN_POINT ( 'NONE',  ( 1.673947134580573870, -4.041265874999999674, 30.62499999863440792 ) ) ;
#268 = CARTESIAN_POINT ( 'NONE',  ( -3.500000000000000000, 4.286263797015736595E-16, 18.00000000000000355 ) ) ;
#269 = ORIENTED_EDGE ( 'NONE', *, *, #2778, .F. ) ;
#270 = DIRECTION ( 'NONE',  ( -0.000000000000000000, -0.000000000000000000, 1.000000000000000000 ) ) ;
#271 = CARTESIAN_POINT ( 'NONE',  ( 3.500000000000000000, -1.449747468305833120, 30.43750000000000711 ) ) ;
#272 = CARTESIAN_POINT ( 'NONE',  ( -7.423684977483266541E-16, 4.041265874999999674, 26.18749999863440792 ) ) ;
#273 = CARTESIAN_POINT ( 'NONE',  ( -4.041265874999999674, -1.673947134580573870, 21.37499999863441147 ) ) ;
#274 = ORIENTED_EDGE ( 'NONE', *, *, #3034, .F. ) ;
#275 = CARTESIAN_POINT ( 'NONE',  ( 1.217298626417388618, 5.875563839680872924, 13.67229832393783617 ) ) ;
#276 = CARTESIAN_POINT ( 'NONE',  ( 4.041265874999999674, -1.673947134580573426, 22.87499999863441147 ) ) ;
#277 = CARTESIAN_POINT ( 'NONE',  ( 3.499999999999999556, 1.449747468305835341, 24.56250000000000000 ) ) ;
#278 = VERTEX_POINT ( 'NONE', #316 ) ;
#279 = CARTESIAN_POINT ( 'NONE',  ( 4.041265874999999674, -1.673947134580573648, 25.74999999863440436 ) ) ;
#280 = CARTESIAN_POINT ( 'NONE',  ( 1.449747468305833342, -3.500000000000000444, 28.06249999726881938 ) ) ;
#281 = CARTESIAN_POINT ( 'NONE',  ( -0.3278061979690366501, 5.992955371259924391, 15.21728962115137662 ) ) ;
#282 = CARTESIAN_POINT ( 'NONE',  ( -1.673947134580573204, -4.041265874999999674, 27.49999999863440792 ) ) ;
#283 = CARTESIAN_POINT ( 'NONE',  ( -2.474873734152916338, -2.474873734152916782, 29.12500000000000000 ) ) ;
#284 = ORIENTED_EDGE ( 'NONE', *, *, #393, .T. ) ;
#285 = CARTESIAN_POINT ( 'NONE',  ( 4.041265874999999674, -1.673947134580573648, 18.87499999863441147 ) ) ;
#286 = CARTESIAN_POINT ( 'NONE',  ( -4.041265874999999674, -1.673947134580573870, 18.37499999863441147 ) ) ;
#287 = CARTESIAN_POINT ( 'NONE',  ( -3.500000000000000444, -1.449747468305833342, 30.06250000000000355 ) ) ;
#288 = CARTESIAN_POINT ( 'NONE',  ( -7.423684977483266541E-16, 4.041265874999999674, 21.18749999863441147 ) ) ;
#289 = CARTESIAN_POINT ( 'NONE',  ( 2.474873734152916782, -2.474873734152916782, 19.37500000000000355 ) ) ;
#290 = CARTESIAN_POINT ( 'NONE',  ( -1.088680421162679712, 1.797344414602702001, 4.364773042119828084 ) ) ;
#291 = ORIENTED_EDGE ( 'NONE', *, *, #1643, .F. ) ;
#292 = CARTESIAN_POINT ( 'NONE',  ( -2.474873734152916338, -2.474873734152916782, 28.87499999726881938 ) ) ;
#293 = CARTESIAN_POINT ( 'NONE',  ( -6.429395695523603167E-16, 3.500000000000000000, 22.49999999726881583 ) ) ;
#294 = CARTESIAN_POINT ( 'NONE',  ( -4.041265874999999674, -1.673947134580573870, 29.37499999863440792 ) ) ;
#295 = CARTESIAN_POINT ( 'NONE',  ( -1.673947134580573426, -4.041265874999999674, 22.62499999863441147 ) ) ;
#296 = CARTESIAN_POINT ( 'NONE',  ( 3.499999999999999112, 1.449747468305835341, 21.31249999726881228 ) ) ;
#297 = VERTEX_POINT ( 'NONE', #1693 ) ;
#298 = CARTESIAN_POINT ( 'NONE',  ( -1.449747468305832898, -3.500000000000000000, 22.93749999726881583 ) ) ;
#299 = CARTESIAN_POINT ( 'NONE',  ( 2.857606504790286106, 2.857606504790286994, 26.06249999863440792 ) ) ;
#300 = CARTESIAN_POINT ( 'NONE',  ( -3.500000000000000444, -1.449747468305833342, 25.06250000000000355 ) ) ;
#301 = CARTESIAN_POINT ( 'NONE',  ( 0.000000000000000000, 0.000000000000000000, 11.00000000000000000 ) ) ;
#302 = ORIENTED_EDGE ( 'NONE', *, *, #1133, .F. ) ;
#303 = CARTESIAN_POINT ( 'NONE',  ( -2.474873734152916338, -2.474873734152916782, 30.87499999726881583 ) ) ;
#304 = CARTESIAN_POINT ( 'NONE',  ( -4.041265874999999674, -1.673947134580573648, 27.37499999863441147 ) ) ;
#305 = CARTESIAN_POINT ( 'NONE',  ( 3.500000000000000000, -1.449747468305833120, 18.43750000000000355 ) ) ;
#306 = MANIFOLD_SOLID_BREP ( '螺纹线1', #3394 ) ;
#307 = ORIENTED_EDGE ( 'NONE', *, *, #124, .F. ) ;
#308 = CARTESIAN_POINT ( 'NONE',  ( -1.449747468305832898, -3.500000000000000000, 23.18750000000000355 ) ) ;
#309 = CARTESIAN_POINT ( 'NONE',  ( -1.673947134580573426, -4.041265874999999674, 29.62499999863440792 ) ) ;
#310 = CARTESIAN_POINT ( 'NONE',  ( -2.857606504790286550, -2.857606504790286994, 19.43749999863440792 ) ) ;
#311 = CARTESIAN_POINT ( 'NONE',  ( -2.857606504790286994, 2.857606504790286550, 24.31249999863440792 ) ) ;
#312 = CARTESIAN_POINT ( 'NONE',  ( 3.499999999999999112, 1.449747468305835341, 22.31249999726881583 ) ) ;
#313 = CARTESIAN_POINT ( 'NONE',  ( 1.449747468305833342, -3.500000000000000444, 18.31250000000000000 ) ) ;
#314 = CARTESIAN_POINT ( 'NONE',  ( 0.000000000000000000, 0.000000000000000000, 18.00000000000000355 ) ) ;
#315 = ORIENTED_EDGE ( 'NONE', *, *, #1554, .F. ) ;
#316 = CARTESIAN_POINT ( 'NONE',  ( 1.530810862291726090E-16, 6.000000000000000888, 15.25000000000000355 ) ) ;
#317 = CARTESIAN_POINT ( 'NONE',  ( 2.474873734152916782, -2.474873734152916782, 23.12499999726881583 ) ) ;
#318 = CARTESIAN_POINT ( 'NONE',  ( -4.041265875000001451, 1.673947134580572538, 30.24999999863440792 ) ) ;
#319 = CARTESIAN_POINT ( 'NONE',  ( 2.474561659161088847E-16, -4.041265874999999674, 20.68749999863440792 ) ) ;
#320 = EDGE_CURVE ( 'NONE', #535, #2851, #160, .T. ) ;
#321 = CARTESIAN_POINT ( 'NONE',  ( 1.949358868961793556, 0.7810249675906638656, 11.00000000000000000 ) ) ;
#322 = ORIENTED_EDGE ( 'NONE', *, *, #2760, .T. ) ;
#323 = CARTESIAN_POINT ( 'NONE',  ( -2.474873734152917226, 2.474873734152916338, 23.62499999726881583 ) ) ;
#324 = CARTESIAN_POINT ( 'NONE',  ( -4.041265875000000563, 1.673947134580572538, 24.37499999863441147 ) ) ;
#325 = CARTESIAN_POINT ( 'NONE',  ( -2.474873734152917226, 2.474873734152916338, 24.87500000000000000 ) ) ;
#326 = B_SPLINE_CURVE_WITH_KNOTS ( 'NONE', 3,
 ( #1003, #1054, #1266, #3244 ),
 .UNSPECIFIED., .F., .F.,
 ( 4, 4 ),
 ( 0.0008043911161094167896, 0.001607678666151330467 ),
 .UNSPECIFIED. ) ;
#327 = DIRECTION ( 'NONE',  ( 1.000000000000000000, 0.000000000000000000, 0.000000000000000000 ) ) ;
#328 = ORIENTED_EDGE ( 'NONE', *, *, #2181, .T. ) ;
#329 = CARTESIAN_POINT ( 'NONE',  ( 1.673947134580573870, -4.041265874999999674, 23.62499999863441147 ) ) ;
#330 = CARTESIAN_POINT ( 'NONE',  ( 2.474873734152915894, 2.474873734152917226, 30.37499999726881583 ) ) ;
#331 = CARTESIAN_POINT ( 'NONE',  ( -2.857606504790286550, -2.857606504790286994, 26.43749999863440792 ) ) ;
#332 = CARTESIAN_POINT ( 'NONE',  ( -6.429395695523603167E-16, 3.500000000000000000, 18.75000000000000355 ) ) ;
#333 = VERTEX_POINT ( 'NONE', #3232 ) ;
#334 = DIRECTION ( 'NONE',  ( 1.000000000000000000, 0.000000000000000000, 0.000000000000000000 ) ) ;
#335 = CARTESIAN_POINT ( 'NONE',  ( -4.041265874999999674, -1.673947134580573870, 29.49999999863440436 ) ) ;
#336 = CARTESIAN_POINT ( 'NONE',  ( 2.474873734152915894, 2.474873734152917226, 26.62500000000000355 ) ) ;
#337 = CARTESIAN_POINT ( 'NONE',  ( 1.673947134580573870, -4.041265874999999674, 23.74999999863440792 ) ) ;
#338 = CARTESIAN_POINT ( 'NONE',  ( -1.673947134580573426, -4.041265874999999674, 24.49999999863440436 ) ) ;
#339 = CARTESIAN_POINT ( 'NONE',  ( 2.474873734152916782, -2.474873734152916782, 19.37500000000000355 ) ) ;
#340 = PLANE ( 'NONE',  #2951 ) ;
#341 = EDGE_LOOP ( 'NONE', ( #328, #1516 ) ) ;
#342 =( LENGTH_UNIT ( ) NAMED_UNIT ( * ) SI_UNIT ( .MILLI., .METRE. ) );
#343 = CARTESIAN_POINT ( 'NONE',  ( 2.474873734152915894, 2.474873734152917226, 25.37499999726881938 ) ) ;
#344 = CARTESIAN_POINT ( 'NONE',  ( -7.423684977483266541E-16, 4.041265874999999674, 21.18749999863441147 ) ) ;
#345 = AXIS2_PLACEMENT_3D ( 'NONE', #3076, #1, #2445 ) ;
#346 = CARTESIAN_POINT ( 'NONE',  ( 3.500000000000000000, 0.000000000000000000, 22.50000000000000355 ) ) ;
#347 = ORIENTED_EDGE ( 'NONE', *, *, #3126, .T. ) ;
#348 = CARTESIAN_POINT ( 'NONE',  ( -2.474873734152916338, -2.474873734152916782, 22.87499999726881583 ) ) ;
#349 = CARTESIAN_POINT ( 'NONE',  ( 1.673947134580573648, -4.041265874999999674, 22.74999999863440792 ) ) ;
#350 = CARTESIAN_POINT ( 'NONE',  ( 3.500000000000000000, 0.000000000000000000, 19.50000000000000355 ) ) ;
#351 = CARTESIAN_POINT ( 'NONE',  ( -1.449747468305834897, 3.499999999999999112, 27.81250000000000355 ) ) ;
#352 = ORIENTED_EDGE ( 'NONE', *, *, #2156, .T. ) ;
#353 = CARTESIAN_POINT ( 'NONE',  ( 3.500000000000000444, -1.449747468305833120, 29.18749999726881583 ) ) ;
#354 = CARTESIAN_POINT ( 'NONE',  ( 1.673947134580573648, -4.041265874999999674, 24.62499999863440792 ) ) ;
#355 = CARTESIAN_POINT ( 'NONE',  ( 4.041265874999999674, 0.000000000000000000, 30.87499999863440792 ) ) ;
#356 = CARTESIAN_POINT ( 'NONE',  ( -0.9990562021281875760, 5.917380509007154288, 13.23134879431373356 ) ) ;
#357 = ORIENTED_EDGE ( 'NONE', *, *, #2611, .T. ) ;
#358 = EDGE_CURVE ( 'NONE', #2146, #3157, #905, .T. ) ;
#359 = CARTESIAN_POINT ( 'NONE',  ( -2.857606504790286994, 2.857606504790286550, 26.31249999863440792 ) ) ;
#360 = CARTESIAN_POINT ( 'NONE',  ( -3.500000000000000000, -4.286263797015736595E-16, 29.00000000000000000 ) ) ;
#361 = CARTESIAN_POINT ( 'NONE',  ( 4.041265874999999674, -1.673947134580573648, 23.87499999863441502 ) ) ;
#362 = CARTESIAN_POINT ( 'NONE',  ( 2.857606504790286994, -2.857606504790286994, 25.68749999863440792 ) ) ;
#363 = CARTESIAN_POINT ( 'NONE',  ( 2.474873734152916782, -2.474873734152916782, 20.12499999726881583 ) ) ;
#364 = DIRECTION ( 'NONE',  ( -0.000000000000000000, -0.000000000000000000, 1.000000000000000000 ) ) ;
#365 = CARTESIAN_POINT ( 'NONE',  ( -0.1692266577791239901, 2.100000000000000089, 6.250000000000000000 ) ) ;
#366 = ORIENTED_EDGE ( 'NONE', *, *, #573, .F. ) ;
#367 = ADVANCED_FACE ( 'NONE', ( #836 ), #912, .T. ) ;
#368 = CARTESIAN_POINT ( 'NONE',  ( 2.474873734152915894, 2.474873734152917226, 29.62500000000000355 ) ) ;
#369 = CARTESIAN_POINT ( 'NONE',  ( -1.449747468305834674, 3.499999999999999556, 22.56249999726881583 ) ) ;
#370 = CARTESIAN_POINT ( 'NONE',  ( -2.474873734152917226, 2.474873734152916338, 26.87500000000000355 ) ) ;
#371 = ORIENTED_EDGE ( 'NONE', *, *, #42, .F. ) ;
#372 = CARTESIAN_POINT ( 'NONE',  ( -1.449747468305834897, 3.499999999999999112, 24.56249999726882294 ) ) ;
#373 = CARTESIAN_POINT ( 'NONE',  ( 2.857606504790286994, -2.857606504790286994, 21.81249999863441147 ) ) ;
#374 = CARTESIAN_POINT ( 'NONE',  ( 2.474873734152915894, 2.474873734152917226, 21.62500000000000355 ) ) ;
#375 = VERTEX_POINT ( 'NONE', #2350 ) ;
#376 = CARTESIAN_POINT ( 'NONE',  ( -2.474873734152917226, 2.474873734152916338, 28.62499999726881938 ) ) ;
#377 = CARTESIAN_POINT ( 'NONE',  ( -7.423684977483266541E-16, 4.041265874999999674, 21.06249999863440792 ) ) ;
#378 = CARTESIAN_POINT ( 'NONE',  ( 0.000000000000000000, 2.836811590500855740, 12.74999999999999822 ) ) ;
#379 = CARTESIAN_POINT ( 'NONE',  ( 1.449747468305833786, 3.499999999999999556, 18.68750000000000355 ) ) ;
#380 = APPLICATION_PROTOCOL_DEFINITION ( 'draft international standard', 'automotive_design', 1998, #2293 ) ;
#381 = ORIENTED_EDGE ( 'NONE', *, *, #1246, .F. ) ;
#382 =( BOUNDED_CURVE ( )  B_SPLINE_CURVE ( 2, ( #674, #994, #1237, #114, #3531, #966, #1220, #703, #2845 ),
 .UNSPECIFIED., .F., .F. ) 
 B_SPLINE_CURVE_WITH_KNOTS ( ( 3, 2, 2, 2, 3 ),
 ( 0.5769230769230768718, 0.5865384615384615641, 0.5961538461538461453, 0.6057692307692307265, 0.6153846153846154188 ),
 .UNSPECIFIED. ) 
 CURVE ( )  GEOMETRIC_REPRESENTATION_ITEM ( )  RATIONAL_B_SPLINE_CURVE ( ( 1.000000000000000000, 0.9238795325112867385, 1.000000000000000000, 0.9238795325112867385, 1.000000000000000000, 0.9238795325112867385, 1.000000000000000000, 0.9238795325112867385, 1.000000000000000000 ) ) 
 REPRESENTATION_ITEM ( '' )  );
#383 = STYLED_ITEM ( 'NONE', ( #890 ), #306 ) ;
#384 = CARTESIAN_POINT ( 'NONE',  ( 0.000000000000000000, 0.000000000000000000, 11.00000000000000000 ) ) ;
#385 = CARTESIAN_POINT ( 'NONE',  ( -3.500000000000000000, -4.286263797015736595E-16, 28.00000000000000355 ) ) ;
#386 = CARTESIAN_POINT ( 'NONE',  ( -4.041265874999999674, -4.949123318322177694E-16, 20.43749999863440792 ) ) ;
#387 = CARTESIAN_POINT ( 'NONE',  ( -1.673947134580575424, 4.041265874999998786, 26.12499999863441147 ) ) ;
#388 = CARTESIAN_POINT ( 'NONE',  ( -2.474873734152917226, 2.474873734152916338, 22.62499999726881583 ) ) ;
#389 = CARTESIAN_POINT ( 'NONE',  ( 2.474873734152916782, -2.474873734152916782, 21.12499999726881583 ) ) ;
#390 = CARTESIAN_POINT ( 'NONE',  ( 3.499999999999999112, 1.449747468305835341, 19.56250000000000355 ) ) ;
#391 = ORIENTED_EDGE ( 'NONE', *, *, #2829, .T. ) ;
#392 =( BOUNDED_CURVE ( )  B_SPLINE_CURVE ( 2, ( #208, #1160, #1919, #2768, #3385, #2243, #187, #1397, #3646 ),
 .UNSPECIFIED., .F., .F. ) 
 B_SPLINE_CURVE_WITH_KNOTS ( ( 3, 2, 2, 2, 3 ),
 ( 0.6923076923076922906, 0.7019230769230768718, 0.7115384615384615641, 0.7211538461538461453, 0.7307692307692307265 ),
 .UNSPECIFIED. ) 
 CURVE ( )  GEOMETRIC_REPRESENTATION_ITEM ( )  RATIONAL_B_SPLINE_CURVE ( ( 1.000000000000000000, 0.9238795325112867385, 1.000000000000000000, 0.9238795325112867385, 1.000000000000000000, 0.9238795325112867385, 1.000000000000000000, 0.9238795325112867385, 1.000000000000000000 ) ) 
 REPRESENTATION_ITEM ( '' )  );
#393 = EDGE_CURVE ( 'NONE', #418, #3000, #1814, .T. ) ;
#394 = CARTESIAN_POINT ( 'NONE',  ( 3.500000000000000444, -1.449747468305833120, 25.18749999726881583 ) ) ;
#395 = VERTEX_POINT ( 'NONE', #1235 ) ;
#396 = ORIENTED_EDGE ( 'NONE', *, *, #3174, .T. ) ;
#397 = CARTESIAN_POINT ( 'NONE',  ( 1.449747468305833786, 3.499999999999999556, 23.43749999726881583 ) ) ;
#398 = CARTESIAN_POINT ( 'NONE',  ( -1.673947134580575424, 4.041265874999998786, 22.24999999863440792 ) ) ;
#399 = CARTESIAN_POINT ( 'NONE',  ( 3.500000000000000000, 0.000000000000000000, 20.50000000000000355 ) ) ;
#400 = ORIENTED_EDGE ( 'NONE', *, *, #1363, .T. ) ;
#401 = CARTESIAN_POINT ( 'NONE',  ( 0.000000000000000000, 0.000000000000000000, 35.00000000000000000 ) ) ;
#402 = ORIENTED_EDGE ( 'NONE', *, *, #2356, .F. ) ;
#403 = CARTESIAN_POINT ( 'NONE',  ( 2.857606504790286106, 2.857606504790286994, 20.93749999863440792 ) ) ;
#404 = DIRECTION ( 'NONE',  ( 0.000000000000000000, 0.000000000000000000, 1.000000000000000000 ) ) ;
#405 = CARTESIAN_POINT ( 'NONE',  ( -7.423684977483266541E-16, 4.041265874999999674, 23.06249999863440792 ) ) ;
#406 = CARTESIAN_POINT ( 'NONE',  ( 0.3306535122691042217, 2.852181336733898398, 15.21638793480099316 ) ) ;
#407 = CARTESIAN_POINT ( 'NONE',  ( -1.449747468305834897, 3.499999999999999112, 18.81250000000000355 ) ) ;
#408 = CARTESIAN_POINT ( 'NONE',  ( -1.216893427121908733, 5.875645812392042977, 13.67111881098721327 ) ) ;
#409 = EDGE_LOOP ( 'NONE', ( #723, #939, #1454, #547 ) ) ;
#410 = EDGE_CURVE ( 'NONE', #483, #2984, #768, .T. ) ;
#411 = ORIENTED_EDGE ( 'NONE', *, *, #700, .T. ) ;
#412 = MECHANICAL_DESIGN_GEOMETRIC_PRESENTATION_REPRESENTATION (  '', ( #613 ), #86 ) ;
#413 = CARTESIAN_POINT ( 'NONE',  ( 2.474873734152916782, -2.474873734152916782, 30.12499999726881583 ) ) ;
#414 = CARTESIAN_POINT ( 'NONE',  ( -3.500000000000000000, -4.286263797015736595E-16, 21.74999999726881583 ) ) ;
#415 = CARTESIAN_POINT ( 'NONE',  ( 3.499999999999999556, 1.449747468305835341, 26.56250000000000000 ) ) ;
#416 = CARTESIAN_POINT ( 'NONE',  ( -4.041265875000001451, 1.673947134580572538, 19.37499999863440792 ) ) ;
#417 = CARTESIAN_POINT ( 'NONE',  ( -7.423684977483266541E-16, 4.041265874999999674, 24.06249999863440792 ) ) ;
#418 = VERTEX_POINT ( 'NONE', #3014 ) ;
#419 = CARTESIAN_POINT ( 'NONE',  ( 0.000000000000000000, 0.000000000000000000, 18.00000000000000355 ) ) ;
#420 = CARTESIAN_POINT ( 'NONE',  ( -3.500000000000000000, -4.286263797015736595E-16, 19.00000000000000355 ) ) ;
#421 = CARTESIAN_POINT ( 'NONE',  ( -2.857606504790286994, 2.857606504790286550, 28.31249999863440792 ) ) ;
#422 = ORIENTED_EDGE ( 'NONE', *, *, #2933, .T. ) ;
#423 = AXIS2_PLACEMENT_3D ( 'NONE', #1472, #3152, #2335 ) ;
#424 = CARTESIAN_POINT ( 'NONE',  ( 4.041265874999998786, 1.673947134580575868, 27.87499999863441147 ) ) ;
#425 = ORIENTED_EDGE ( 'NONE', *, *, #2535, .T. ) ;
#426 = CARTESIAN_POINT ( 'NONE',  ( 4.041265874999999674, -1.673947134580573648, 26.74999999863440436 ) ) ;
#427 = CARTESIAN_POINT ( 'NONE',  ( 3.500000000000000000, 0.000000000000000000, 18.00000000000000355 ) ) ;
#428 = ORIENTED_EDGE ( 'NONE', *, *, #924, .F. ) ;
#429 = CARTESIAN_POINT ( 'NONE',  ( -4.041265874999999674, -4.949123318322177694E-16, 30.31249999863440792 ) ) ;
#430 = CARTESIAN_POINT ( 'NONE',  ( -4.041265875000000563, 1.673947134580572538, 19.37499999863440792 ) ) ;
#431 = EDGE_LOOP ( 'NONE', ( #961, #1604 ) ) ;
#432 = AXIS2_PLACEMENT_3D ( 'NONE', #1214, #2950, #3251 ) ;
#433 = ORIENTED_EDGE ( 'NONE', *, *, #1247, .T. ) ;
#434 = CARTESIAN_POINT ( 'NONE',  ( -2.474873734152916338, -2.474873734152916782, 27.12500000000000355 ) ) ;
#435 = CARTESIAN_POINT ( 'NONE',  ( -4.041265875000000563, 1.673947134580572538, 21.24999999863441147 ) ) ;
#436 = CARTESIAN_POINT ( 'NONE',  ( -2.857606504790286994, 2.857606504790286550, 29.31249999863440792 ) ) ;
#437 = ORIENTED_EDGE ( 'NONE', *, *, #3580, .F. ) ;
#438 = ORIENTED_EDGE ( 'NONE', *, *, #2958, .T. ) ;
#439 = CARTESIAN_POINT ( 'NONE',  ( 0.08444962980125420016, 2.100000000000000089, 6.250000000000002665 ) ) ;
#440 = CARTESIAN_POINT ( 'NONE',  ( 1.449747468305833564, -3.500000000000000000, 24.31250000000000000 ) ) ;
#441 = CARTESIAN_POINT ( 'NONE',  ( 2.474561659161088847E-16, -4.041265874999999674, 26.68749999863440792 ) ) ;
#442 = CARTESIAN_POINT ( 'NONE',  ( -2.474873734152916338, -2.474873734152916782, 28.12500000000000355 ) ) ;
#443 = CARTESIAN_POINT ( 'NONE',  ( -7.423684977483266541E-16, 4.041265874999999674, 19.18749999863440792 ) ) ;
#444 = CARTESIAN_POINT ( 'NONE',  ( -4.041265875000001451, 1.673947134580572538, 26.24999999863440436 ) ) ;
#445 = CARTESIAN_POINT ( 'NONE',  ( -2.474873734152916338, -2.474873734152916782, 24.87499999726881938 ) ) ;
#446 = VERTEX_POINT ( 'NONE', #481 ) ;
#447 = CARTESIAN_POINT ( 'NONE',  ( -3.500000000000000444, -1.449747468305833342, 18.81249999726881938 ) ) ;
#448 = CARTESIAN_POINT ( 'NONE',  ( 1.673947134580573648, -4.041265874999999674, 27.74999999863440792 ) ) ;
#449 = ORIENTED_EDGE ( 'NONE', *, *, #3628, .F. ) ;
#450 = CARTESIAN_POINT ( 'NONE',  ( -4.041265875000001451, 1.673947134580572538, 28.24999999863440792 ) ) ;
#451 = ORIENTED_EDGE ( 'NONE', *, *, #1210, .T. ) ;
#452 = CARTESIAN_POINT ( 'NONE',  ( -1.673947134580575424, 4.041265874999998786, 29.12499999863440792 ) ) ;
#453 = EDGE_LOOP ( 'NONE', ( #425, #1627, #1699, #492, #2911, #2824, #979, #459 ) ) ;
#454 =( BOUNDED_CURVE ( )  B_SPLINE_CURVE ( 2, ( #3042, #1072, #1956, #2481, #2726, #2418, #2200, #2962, #429, #1145, #153, #1321, #2458, #1621, #3338, #1549, #2436, #3634, #3654, #215, #513, #1927, #1385, #841, #1573, #2699, #2671, #1343, #2250, #1650, #487, #819, #3259, #726, #3018, #3310, #1300, #2753, #1850, #3605, #3064, #2991, #1123, #789, #1369, #3370, #2171, #3395, #75, #3135, #11, #2827, #3086, #282, #2885, #304, #3447, #2014, #593, #3426, #2515, #2774, #257, #2552, #2803, #3188, #2589, #568, #50, #1168, #331, #1736, #866, #1208, #1420, #1402, #616, #894, #1190, #2315, #1709, #1679, #1762, #974, #3491, #922, #2534, #1437, #2036, #1987, #2294, #2364, #2570, #2343, #3106, #27, #2854, #101, #3160, #354, #3466, #636, #1785, #949, #1227, #1456, #2063, #658, #1243, #2272, #1478, #2708, #3316, #462, #179, #763, #1286, #2607, #3264, #2465, #3589, #3563, #3243, #1080, #405, #1858, #1303, #2207, #682, #1555, #710, #734, #1107, #2442, #2633, #2177, #2997, #2402, #1053, #2939, #3023, #2913, #157, #3613, #1327, #3541, #2150, #1032, #139, #199, #1527, #3217, #494, #435, #1002, #1834, #377, #1579, #2422, #1265, #796, #2656, #1884, #2677, #1499, #2118, #3289, #1348, #1598, #2094, #2384, #2969, #3515, #120, #1809, #1149, #825, #599, #2555, #3346, #1195, #54, #310, #2520, #3069, #3451, #2020, #620, #240, #2835, #3639, #1371, #1425, #2808, #900, #217, #3092, #1388, #928, #1212, #3659 ),
 .UNSPECIFIED., .F., .F. ) 
 B_SPLINE_CURVE_WITH_KNOTS ( ( 3, 2, 2, 2, 2, 2, 2, 2, 2, 2, 2, 2, 2, 2, 2, 2, 2, 2, 2, 2, 2, 2, 2, 2, 2, 2, 2, 2, 2, 2, 2, 2, 2, 2, 2, 2, 2, 2, 2, 2, 2, 2, 2, 2, 2, 2, 2, 2, 2, 2, 2, 2, 2, 2, 2, 2, 2, 2, 2, 2, 2, 2, 2, 2, 2, 2, 2, 2, 2, 2, 2, 2, 2, 2, 2, 2, 2, 2, 2, 2, 2, 2, 2, 2, 2, 2, 2, 2, 2, 2, 2, 2, 2, 2, 2, 2, 2, 2, 2, 2, 3 ),
 ( 0.000000000000000000, 0.009615384615384615918, 0.01923076923076923184, 0.02884615384615384776, 0.03846153846153846367, 0.04807692307692307959, 0.05769230769230769551, 0.06730769230769230449, 0.07692307692307692735, 0.08653846153846153633, 0.09615384615384615918, 0.1057692307692307682, 0.1153846153846153910, 0.1250000000000000000, 0.1346153846153846090, 0.1442307692307692180, 0.1538461538461538547, 0.1634615384615384637, 0.1730769230769230727, 0.1826923076923076816, 0.1923076923076923184, 0.2019230769230769273, 0.2115384615384615363, 0.2211538461538461453, 0.2307692307692307820, 0.2403846153846153910, 0.2500000000000000000, 0.2596153846153846367, 0.2692307692307692180, 0.2788461538461538547, 0.2884615384615384359, 0.2980769230769230727, 0.3076923076923077094, 0.3173076923076922906, 0.3269230769230769273, 0.3365384615384615641, 0.3461538461538461453, 0.3557692307692307820, 0.3653846153846153633, 0.3750000000000000000, 0.3846153846153846367, 0.3942307692307692180, 0.4038461538461538547, 0.4134615384615384359, 0.4230769230769230727, 0.4326923076923077094, 0.4423076923076922906, 0.4519230769230769273, 0.4615384615384615641, 0.4711538461538461453, 0.4807692307692307820, 0.4903846153846153633, 0.5000000000000000000, 0.5096153846153845812, 0.5192307692307692735, 0.5288461538461538547, 0.5384615384615384359, 0.5480769230769231282, 0.5576923076923077094, 0.5673076923076924016, 0.5769230769230768718, 0.5865384615384615641, 0.5961538461538461453, 0.6057692307692307265, 0.6153846153846154188, 0.6250000000000000000, 0.6346153846153845812, 0.6442307692307692735, 0.6538461538461538547, 0.6634615384615384359, 0.6730769230769231282, 0.6826923076923077094, 0.6923076923076922906, 0.7019230769230768718, 0.7115384615384615641, 0.7211538461538461453, 0.7307692307692307265, 0.7403846153846154188, 0.7500000000000000000, 0.7596153846153845812, 0.7692307692307692735, 0.7788461538461538547, 0.7884615384615384359, 0.7980769230769231282, 0.8076923076923077094, 0.8173076923076922906, 0.8269230769230768718, 0.8365384615384615641, 0.8461538461538461453, 0.8557692307692307265, 0.8653846153846154188, 0.8750000000000000000, 0.8846153846153845812, 0.8942307692307692735, 0.9038461538461538547, 0.9134615384615384359, 0.9230769230769231282, 0.9326923076923077094, 0.9423076923076922906, 0.9519230769230768718, 0.9615384615384615641 ),
 .UNSPECIFIED. ) 
 CURVE ( )  GEOMETRIC_REPRESENTATION_ITEM ( )  RATIONAL_B_SPLINE_CURVE ( ( 1.000000000000000000, 0.9238795325112867385, 1.000000000000000000, 0.9238795325112867385, 1.000000000000000000, 0.9238795325112867385, 1.000000000000000000, 0.9238795325112867385, 1.000000000000000000, 0.9238795325112867385, 1.000000000000000000, 0.9238795325112867385, 1.000000000000000000, 0.9238795325112867385, 1.000000000000000000, 0.9238795325112867385, 1.000000000000000000, 0.9238795325112867385, 1.000000000000000000, 0.9238795325112867385, 1.000000000000000000, 0.9238795325112867385, 1.000000000000000000, 0.9238795325112867385, 1.000000000000000000, 0.9238795325112867385, 1.000000000000000000, 0.9238795325112867385, 1.000000000000000000, 0.9238795325112867385, 1.000000000000000000, 0.9238795325112867385, 1.000000000000000000, 0.9238795325112867385, 1.000000000000000000, 0.9238795325112867385, 1.000000000000000000, 0.9238795325112867385, 1.000000000000000000, 0.9238795325112867385, 1.000000000000000000, 0.9238795325112867385, 1.000000000000000000, 0.9238795325112867385, 1.000000000000000000, 0.9238795325112867385, 1.000000000000000000, 0.9238795325112867385, 1.000000000000000000, 0.9238795325112867385, 1.000000000000000000, 0.9238795325112867385, 1.000000000000000000, 0.9238795325112867385, 1.000000000000000000, 0.9238795325112867385, 1.000000000000000000, 0.9238795325112867385, 1.000000000000000000, 0.9238795325112867385, 1.000000000000000000, 0.9238795325112867385, 1.000000000000000000, 0.9238795325112867385, 1.000000000000000000, 0.9238795325112867385, 1.000000000000000000, 0.9238795325112867385, 1.000000000000000000, 0.9238795325112867385, 1.000000000000000000, 0.9238795325112867385, 1.000000000000000000, 0.9238795325112867385, 1.000000000000000000, 0.9238795325112867385, 1.000000000000000000, 0.9238795325112867385, 1.000000000000000000, 0.9238795325112867385, 1.000000000000000000, 0.9238795325112867385, 1.000000000000000000, 0.9238795325112867385, 1.000000000000000000, 0.9238795325112867385, 1.000000000000000000, 0.9238795325112867385, 1.000000000000000000, 0.9238795325112867385, 1.000000000000000000, 0.9238795325112867385, 1.000000000000000000, 0.9238795325112867385, 1.000000000000000000, 0.9238795325112867385, 1.000000000000000000, 0.9238795325112867385, 1.000000000000000000, 0.9238795325112867385, 1.000000000000000000, 0.9238795325112867385, 1.000000000000000000, 0.9238795325112867385, 1.000000000000000000, 0.9238795325112867385, 1.000000000000000000, 0.9238795325112867385, 1.000000000000000000, 0.9238795325112867385, 1.000000000000000000, 0.9238795325112867385, 1.000000000000000000, 0.9238795325112867385, 1.000000000000000000, 0.9238795325112867385, 1.000000000000000000, 0.9238795325112867385, 1.000000000000000000, 0.9238795325112867385, 1.000000000000000000, 0.9238795325112867385, 1.000000000000000000, 0.9238795325112867385, 1.000000000000000000, 0.9238795325112867385, 1.000000000000000000, 0.9238795325112867385, 1.000000000000000000, 0.9238795325112867385, 1.000000000000000000, 0.9238795325112867385, 1.000000000000000000, 0.9238795325112867385, 1.000000000000000000, 0.9238795325112867385, 1.000000000000000000, 0.9238795325112867385, 1.000000000000000000, 0.9238795325112867385, 1.000000000000000000, 0.9238795325112867385, 1.000000000000000000, 0.9238795325112867385, 1.000000000000000000, 0.9238795325112867385, 1.000000000000000000, 0.9238795325112867385, 1.000000000000000000, 0.9238795325112867385, 1.000000000000000000, 0.9238795325112867385, 1.000000000000000000, 0.9238795325112867385, 1.000000000000000000, 0.9238795325112867385, 1.000000000000000000, 0.9238795325112867385, 1.000000000000000000, 0.9238795325112867385, 1.000000000000000000, 0.9238795325112867385, 1.000000000000000000, 0.9238795325112867385, 1.000000000000000000, 0.9238795325112867385, 1.000000000000000000, 0.9238795325112867385, 1.000000000000000000, 0.9238795325112867385, 1.000000000000000000, 0.9238795325112867385, 1.000000000000000000, 0.9238795325112867385, 1.000000000000000000, 0.9238795325112867385, 1.000000000000000000, 0.9238795325112867385, 1.000000000000000000, 0.9238795325112867385, 1.000000000000000000, 0.9238795325112867385, 1.000000000000000000, 0.9238795325112867385, 1.000000000000000000, 0.9238795325112867385, 1.000000000000000000, 0.9238795325112867385, 1.000000000000000000, 0.9238795325112867385, 1.000000000000000000, 0.9238795325112867385, 1.000000000000000000, 0.9238795325112867385, 1.000000000000000000, 0.9238795325112867385, 1.000000000000000000, 0.9238795325112867385, 1.000000000000000000, 0.9238795325112867385, 1.000000000000000000 ) ) 
 REPRESENTATION_ITEM ( '' )  );
#455 = CARTESIAN_POINT ( 'NONE',  ( 3.500000000000000000, 0.000000000000000000, 31.24999999726881583 ) ) ;
#456 = CARTESIAN_POINT ( 'NONE',  ( 1.673947134580573648, -4.041265874999999674, 19.74999999863440792 ) ) ;
#457 = ORIENTED_EDGE ( 'NONE', *, *, #1874, .F. ) ;
#458 = DIRECTION ( 'NONE',  ( 1.000000000000000000, 0.000000000000000000, 0.000000000000000000 ) ) ;
#459 = ORIENTED_EDGE ( 'NONE', *, *, #1797, .F. ) ;
#460 = CARTESIAN_POINT ( 'NONE',  ( 2.143131898507868297E-16, -3.500000000000000000, 25.99999999726881583 ) ) ;
#461 = CARTESIAN_POINT ( 'NONE',  ( -2.857606504790286994, 2.857606504790286550, 21.18749999863441147 ) ) ;
#462 = CARTESIAN_POINT ( 'NONE',  ( 4.041265874999999674, -1.673947134580573426, 23.74999999863440792 ) ) ;
#463 = CARTESIAN_POINT ( 'NONE',  ( 3.500000000000000000, 0.000000000000000000, 24.50000000000000000 ) ) ;
#464 = CARTESIAN_POINT ( 'NONE',  ( 4.041265874999999674, 0.000000000000000000, 27.93749999863440792 ) ) ;
#465 = EDGE_CURVE ( 'NONE', #3131, #1633, #1934, .T. ) ;
#466 = ORIENTED_EDGE ( 'NONE', *, *, #565, .T. ) ;
#467 = ORIENTED_EDGE ( 'NONE', *, *, #410, .F. ) ;
#468 = ADVANCED_FACE ( 'NONE', ( #2145 ), #2167, .T. ) ;
#469 = CARTESIAN_POINT ( 'NONE',  ( 0.1674389874724593885, 2.094926799166128006, 6.241530731943509380 ) ) ;
#470 = CARTESIAN_POINT ( 'NONE',  ( 2.143131898507868297E-16, -3.500000000000000000, 20.99999999726881583 ) ) ;
#471 = CARTESIAN_POINT ( 'NONE',  ( 2.857606504790286994, -2.857606504790286994, 26.81249999863440792 ) ) ;
#472 = CARTESIAN_POINT ( 'NONE',  ( -3.500000000000000000, -4.286263797015736595E-16, 26.00000000000000355 ) ) ;
#473 = CARTESIAN_POINT ( 'NONE',  ( -1.673947134580575424, 4.041265874999998786, 20.24999999863441147 ) ) ;
#474 = CARTESIAN_POINT ( 'NONE',  ( -1.673947134580573426, -4.041265874999999674, 21.49999999863441147 ) ) ;
#475 = CARTESIAN_POINT ( 'NONE',  ( -3.500000000000000000, -4.286263797015736595E-16, 24.74999999726881938 ) ) ;
#476 = ORIENTED_EDGE ( 'NONE', *, *, #2228, .F. ) ;
#477 = CARTESIAN_POINT ( 'NONE',  ( 0.7681220519353016973, 5.951770555479773073, 14.99951947515788220 ) ) ;
#478 = CARTESIAN_POINT ( 'NONE',  ( -4.041265875000000563, 1.673947134580572538, 29.37499999863440792 ) ) ;
#479 = CARTESIAN_POINT ( 'NONE',  ( -5.947774448066541098, 0.8157439999189669555, 11.00212434524299177 ) ) ;
#480 = ORIENTED_EDGE ( 'NONE', *, *, #2626, .T. ) ;
#481 = CARTESIAN_POINT ( 'NONE',  ( -3.500000000000000000, -4.286263797015736595E-16, 29.00000000000000000 ) ) ;
#482 = CARTESIAN_POINT ( 'NONE',  ( -2.857606504790286994, 2.857606504790286550, 27.18749999863440792 ) ) ;
#483 = VERTEX_POINT ( 'NONE', #1543 ) ;
#484 = CARTESIAN_POINT ( 'NONE',  ( 4.041265874999998786, 1.673947134580575868, 24.87499999863440792 ) ) ;
#485 = DIRECTION ( 'NONE',  ( 0.8660254037844408170, 0.000000000000000000, 0.4999999999999961697 ) ) ;
#486 = ORIENTED_EDGE ( 'NONE', *, *, #2986, .F. ) ;
#487 = CARTESIAN_POINT ( 'NONE',  ( 2.857606504790286106, 2.857606504790286994, 28.93749999863441147 ) ) ;
#488 = CARTESIAN_POINT ( 'NONE',  ( -1.673947134580573204, -4.041265874999999674, 19.62499999863441147 ) ) ;
#489 = AXIS2_PLACEMENT_3D ( 'NONE', #3077, #3594, #2 ) ;
#490 = ORIENTED_EDGE ( 'NONE', *, *, #2694, .T. ) ;
#491 = DIRECTION ( 'NONE',  ( 1.000000000000000000, 0.000000000000000000, 0.000000000000000000 ) ) ;
#492 = ORIENTED_EDGE ( 'NONE', *, *, #1741, .F. ) ;
#493 = CARTESIAN_POINT ( 'NONE',  ( -1.673947134580573426, -4.041265874999999674, 21.49999999863441147 ) ) ;
#494 = CARTESIAN_POINT ( 'NONE',  ( -4.041265874999999674, -4.949123318322177694E-16, 21.31249999863441147 ) ) ;
#495 = CARTESIAN_POINT ( 'NONE',  ( -2.857606504790286550, -2.857606504790286994, 25.56249999863440792 ) ) ;
#496 = CARTESIAN_POINT ( 'NONE',  ( -1.449747468305832898, -3.500000000000000000, 18.93749999726881583 ) ) ;
#497 = ORIENTED_EDGE ( 'NONE', *, *, #3414, .T. ) ;
#498 = VERTEX_POINT ( 'NONE', #1315 ) ;
#499 = CARTESIAN_POINT ( 'NONE',  ( 0.4110145365817011731, 2.060842040911430306, 6.183326443098305703 ) ) ;
#500 = DIRECTION ( 'NONE',  ( 0.000000000000000000, 0.000000000000000000, 1.000000000000000000 ) ) ;
#501 = CARTESIAN_POINT ( 'NONE',  ( 2.857606504790286994, -2.857606504790286994, 23.81249999863440792 ) ) ;
#502 = CARTESIAN_POINT ( 'NONE',  ( -3.500000000000000444, -1.449747468305833342, 23.06250000000000355 ) ) ;
#503 = CARTESIAN_POINT ( 'NONE',  ( -4.041265875000001451, 1.673947134580572538, 21.24999999863440792 ) ) ;
#504 = CARTESIAN_POINT ( 'NONE',  ( 2.143131898507868297E-16, -3.500000000000000000, 24.99999999726881938 ) ) ;
#505 = VERTEX_POINT ( 'NONE', #3578 ) ;
#506 = CARTESIAN_POINT ( 'NONE',  ( 3.500000000000000000, 0.000000000000000000, 24.24999999726881583 ) ) ;
#507 = CARTESIAN_POINT ( 'NONE',  ( 2.857606504790286106, 2.857606504790286994, 30.06249999863440792 ) ) ;
#508 = VERTEX_POINT ( 'NONE', #3276 ) ;
#509 = VERTEX_POINT ( 'NONE', #1045 ) ;
#510 = CARTESIAN_POINT ( 'NONE',  ( 4.041265874999998786, 1.673947134580575868, 26.87499999863441147 ) ) ;
#511 = DIRECTION ( 'NONE',  ( 0.000000000000000000, 0.000000000000000000, -1.000000000000000000 ) ) ;
#512 = EDGE_LOOP ( 'NONE', ( #486, #3343, #2887, #3214 ) ) ;
#513 = CARTESIAN_POINT ( 'NONE',  ( 2.474561659161088847E-16, -4.041265874999999674, 29.56249999863440792 ) ) ;
#514 = CARTESIAN_POINT ( 'NONE',  ( 2.000000000000000000, 0.6403124237432857857, 11.00000000000000000 ) ) ;
#515 = VERTEX_POINT ( 'NONE', #132 ) ;
#516 = CARTESIAN_POINT ( 'NONE',  ( 0.000000000000000000, 0.000000000000000000, 0.000000000000000000 ) ) ;
#517 = EDGE_LOOP ( 'NONE', ( #862, #3193 ) ) ;
#518 = EDGE_CURVE ( 'NONE', #2756, #2146, #528, .T. ) ;
#519 = CARTESIAN_POINT ( 'NONE',  ( -1.673947134580573426, -4.041265874999999674, 26.49999999863440792 ) ) ;
#520 =( BOUNDED_CURVE ( )  B_SPLINE_CURVE ( 2, ( #2559, #3526, #2597, #669, #2024, #3202, #3502, #390, #1199 ),
 .UNSPECIFIED., .F., .F. ) 
 B_SPLINE_CURVE_WITH_KNOTS ( ( 3, 2, 2, 2, 3 ),
 ( 0.8076923076923077094, 0.8173076923076922906, 0.8269230769230768718, 0.8365384615384615641, 0.8461538461538461453 ),
 .UNSPECIFIED. ) 
 CURVE ( )  GEOMETRIC_REPRESENTATION_ITEM ( )  RATIONAL_B_SPLINE_CURVE ( ( 1.000000000000000000, 0.9238795325112867385, 1.000000000000000000, 0.9238795325112867385, 1.000000000000000000, 0.9238795325112867385, 1.000000000000000000, 0.9238795325112867385, 1.000000000000000000 ) ) 
 REPRESENTATION_ITEM ( '' )  );
#521 = CARTESIAN_POINT ( 'NONE',  ( 2.474561659161088847E-16, -4.041265874999999674, 20.56249999863440792 ) ) ;
#522 = CARTESIAN_POINT ( 'NONE',  ( -2.474873734152917226, 2.474873734152916338, 27.62499999726881583 ) ) ;
#523 = CARTESIAN_POINT ( 'NONE',  ( -3.500000000000000000, -4.286263797015736595E-16, 20.00000000000000355 ) ) ;
#524 = CARTESIAN_POINT ( 'NONE',  ( 1.673947134580574092, 4.041265874999998786, 27.12499999863441502 ) ) ;
#525 = CARTESIAN_POINT ( 'NONE',  ( -1.449747468305834897, 3.499999999999999112, 30.56249999726881583 ) ) ;
#526 = CARTESIAN_POINT ( 'NONE',  ( 4.041265874999999674, 0.000000000000000000, 29.81249999863440792 ) ) ;
#527 = CARTESIAN_POINT ( 'NONE',  ( -3.500000000000001332, 1.449747468305832454, 21.93750000000000355 ) ) ;
#528 =( BOUNDED_CURVE ( )  B_SPLINE_CURVE ( 2, ( #3627, #210, #751, #1119, #1616, #2414, #1067, #169, #149 ),
 .UNSPECIFIED., .F., .F. ) 
 B_SPLINE_CURVE_WITH_KNOTS ( ( 3, 2, 2, 2, 3 ),
 ( 0.8846153846153845812, 0.8942307692307692735, 0.9038461538461538547, 0.9134615384615384359, 0.9230769230769231282 ),
 .UNSPECIFIED. ) 
 CURVE ( )  GEOMETRIC_REPRESENTATION_ITEM ( )  RATIONAL_B_SPLINE_CURVE ( ( 1.000000000000000000, 0.9238795325112867385, 1.000000000000000000, 0.9238795325112867385, 1.000000000000000000, 0.9238795325112867385, 1.000000000000000000, 0.9238795325112867385, 1.000000000000000000 ) ) 
 REPRESENTATION_ITEM ( '' )  );
#529 = VERTEX_POINT ( 'NONE', #3224 ) ;
#530 = ORIENTED_EDGE ( 'NONE', *, *, #2990, .F. ) ;
#531 =( BOUNDED_CURVE ( )  B_SPLINE_CURVE ( 2, ( #1163, #1950, #2770, #252, #1184, #3624, #2290, #2455, #3129 ),
 .UNSPECIFIED., .F., .F. ) 
 B_SPLINE_CURVE_WITH_KNOTS ( ( 3, 2, 2, 2, 3 ),
 ( 0.1153846153846153910, 0.1250000000000000000, 0.1346153846153846090, 0.1442307692307692180, 0.1538461538461538547 ),
 .UNSPECIFIED. ) 
 CURVE ( )  GEOMETRIC_REPRESENTATION_ITEM ( )  RATIONAL_B_SPLINE_CURVE ( ( 1.000000000000000000, 0.9238795325112867385, 1.000000000000000000, 0.9238795325112867385, 1.000000000000000000, 0.9238795325112867385, 1.000000000000000000, 0.9238795325112867385, 1.000000000000000000 ) ) 
 REPRESENTATION_ITEM ( '' )  );
#532 = DIRECTION ( 'NONE',  ( -0.000000000000000000, -0.000000000000000000, -1.000000000000000000 ) ) ;
#533 = CARTESIAN_POINT ( 'NONE',  ( 1.673947134580574092, 4.041265874999998786, 26.12499999863441147 ) ) ;
#534 = CARTESIAN_POINT ( 'NONE',  ( 4.041265874999998786, 1.673947134580575868, 18.87499999863441147 ) ) ;
#535 = VERTEX_POINT ( 'NONE', #161 ) ;
#536 = AXIS2_PLACEMENT_3D ( 'NONE', #176, #2420, #458 ) ;
#537 = CARTESIAN_POINT ( 'NONE',  ( -3.500000000000000000, -4.286263797015736595E-16, 29.74999999726881583 ) ) ;
#538 = CARTESIAN_POINT ( 'NONE',  ( 2.857606504790286994, -2.857606504790286994, 26.81249999863440792 ) ) ;
#539 = EDGE_LOOP ( 'NONE', ( #2776, #3215, #794, #690 ) ) ;
#540 = CARTESIAN_POINT ( 'NONE',  ( -1.673947134580575424, 4.041265874999998786, 27.12499999863441502 ) ) ;
#541 = CARTESIAN_POINT ( 'NONE',  ( -1.449747468305834897, 3.499999999999999112, 25.56249999726881938 ) ) ;
#542 = ORIENTED_EDGE ( 'NONE', *, *, #3013, .T. ) ;
#543 = ADVANCED_FACE ( 'NONE', ( #3254 ), #3520, .F. ) ;
#544 = DIRECTION ( 'NONE',  ( -1.000000000000000000, -1.224646799147352961E-16, 0.000000000000000000 ) ) ;
#545 = CARTESIAN_POINT ( 'NONE',  ( 3.500000000000000000, -1.449747468305833120, 29.43750000000000711 ) ) ;
#546 = LINE ( 'NONE', #2117, #1756 ) ;
#547 = ORIENTED_EDGE ( 'NONE', *, *, #1247, .F. ) ;
#548 = EDGE_CURVE ( 'NONE', #685, #249, #1000, .T. ) ;
#549 = CARTESIAN_POINT ( 'NONE',  ( -4.041265874999999674, -1.673947134580573870, 19.49999999863440792 ) ) ;
#550 = CARTESIAN_POINT ( 'NONE',  ( 4.041265874999999674, 0.000000000000000000, 30.93749999863440792 ) ) ;
#551 = LINE ( 'NONE', #1233, #1804 ) ;
#552 = CARTESIAN_POINT ( 'NONE',  ( -6.429395695523603167E-16, 3.500000000000000000, 27.49999999726881583 ) ) ;
#553 = CARTESIAN_POINT ( 'NONE',  ( 4.041265874999999674, -1.673947134580573648, 25.87499999863441147 ) ) ;
#554 = CARTESIAN_POINT ( 'NONE',  ( 4.041265874999999674, 0.000000000000000000, 30.87499999863440792 ) ) ;
#555 = CARTESIAN_POINT ( 'NONE',  ( 4.041265874999998786, 1.673947134580575868, 29.87499999863440436 ) ) ;
#556 = VERTEX_POINT ( 'NONE', #2405 ) ;
#557 = CARTESIAN_POINT ( 'NONE',  ( 0.6371287258144432419, 2.007007337859007645, 6.087816467797160236 ) ) ;
#558 = CARTESIAN_POINT ( 'NONE',  ( -3.500000000000000000, -4.286263797015736595E-16, 27.00000000000000355 ) ) ;
#559 = CARTESIAN_POINT ( 'NONE',  ( -1.673947134580575424, 4.041265874999998786, 24.24999999863440792 ) ) ;
#560 = CARTESIAN_POINT ( 'NONE',  ( -2.857606504790286994, 2.857606504790286550, 20.18749999863440792 ) ) ;
#561 = PLANE ( 'NONE',  #1931 ) ;
#562 = CARTESIAN_POINT ( 'NONE',  ( 4.041265874999998786, 1.673947134580575868, 22.99999999863440436 ) ) ;
#563 = ORIENTED_EDGE ( 'NONE', *, *, #393, .F. ) ;
#564 = VECTOR ( 'NONE', #2501, 1000.000000000000000 ) ;
#565 = EDGE_CURVE ( 'NONE', #1530, #2754, #2068, .T. ) ;
#566 = CARTESIAN_POINT ( 'NONE',  ( -4.041265874999999674, -1.673947134580573870, 24.37499999863441147 ) ) ;
#567 = DIRECTION ( 'NONE',  ( -0.000000000000000000, -0.000000000000000000, 1.000000000000000000 ) ) ;
#568 = CARTESIAN_POINT ( 'NONE',  ( 1.673947134580573648, -4.041265874999999674, 26.62499999863441147 ) ) ;
#569 = CARTESIAN_POINT ( 'NONE',  ( 1.449747468305833786, 3.499999999999999556, 25.68750000000000711 ) ) ;
#570 = LINE ( 'NONE', #3136, #1796 ) ;
#571 = EDGE_CURVE ( 'NONE', #1970, #529, #1094, .T. ) ;
#572 = CARTESIAN_POINT ( 'NONE',  ( 1.673947134580574092, 4.041265874999998786, 20.12499999863441147 ) ) ;
#573 = EDGE_CURVE ( 'NONE', #515, #483, #59, .T. ) ;
#574 = CARTESIAN_POINT ( 'NONE',  ( 4.041265874999999674, -1.673947134580573648, 28.87499999863441147 ) ) ;
#575 = FACE_OUTER_BOUND ( 'NONE', #739, .T. ) ;
#576 = DIRECTION ( 'NONE',  ( -0.000000000000000000, -0.000000000000000000, 1.000000000000000000 ) ) ;
#577 = CARTESIAN_POINT ( 'NONE',  ( -2.857606504790286550, -2.857606504790286994, 21.56249999863441147 ) ) ;
#578 = CARTESIAN_POINT ( 'NONE',  ( 3.500000000000000000, 0.000000000000000000, 26.50000000000000355 ) ) ;
#579 = CARTESIAN_POINT ( 'NONE',  ( -5.839937740935669197, -1.390059491479948450, 11.22156824932037900 ) ) ;
#580 = CARTESIAN_POINT ( 'NONE',  ( -6.429395695523603167E-16, 3.500000000000000000, 18.75000000000000355 ) ) ;
#581 = VECTOR ( 'NONE', #3379, 1000.000000000000000 ) ;
#582 = CARTESIAN_POINT ( 'NONE',  ( 3.500000000000000000, 0.000000000000000000, 25.50000000000000355 ) ) ;
#583 = CARTESIAN_POINT ( 'NONE',  ( -3.500000000000000000, -1.449747468305833564, 30.06250000000000355 ) ) ;
#584 = CARTESIAN_POINT ( 'NONE',  ( 1.673947134580574092, 4.041265874999998786, 25.12499999863441147 ) ) ;
#585 = CARTESIAN_POINT ( 'NONE',  ( 4.041265874999998786, 1.673947134580575868, 21.87499999863441147 ) ) ;
#586 = CARTESIAN_POINT ( 'NONE',  ( 1.092146436861834102, 5.900108688871172902, 13.37038067467587332 ) ) ;
#587 = CARTESIAN_POINT ( 'NONE',  ( -4.041265875000000563, 1.673947134580572538, 25.37499999863441147 ) ) ;
#588 = CARTESIAN_POINT ( 'NONE',  ( -3.500000000000000000, -4.286263797015736595E-16, 24.00000000000000000 ) ) ;
#589 = CARTESIAN_POINT ( 'NONE',  ( 2.857606504790286994, -2.857606504790286994, 23.68749999863440792 ) ) ;
#590 = ORIENTED_EDGE ( 'NONE', *, *, #2789, .T. ) ;
#591 = CARTESIAN_POINT ( 'NONE',  ( 2.143131898507868297E-16, -3.500000000000000000, 27.99999999726881583 ) ) ;
#592 = CARTESIAN_POINT ( 'NONE',  ( 2.474873734152915894, 2.474873734152917226, 23.62500000000000355 ) ) ;
#593 = CARTESIAN_POINT ( 'NONE',  ( -2.857606504790286994, 2.857606504790286550, 27.18749999863440792 ) ) ;
#594 = CARTESIAN_POINT ( 'NONE',  ( -3.500000000000000000, -4.286263797015736595E-16, 29.00000000000000000 ) ) ;
#595 = VECTOR ( 'NONE', #2506, 1000.000000000000000 ) ;
#596 = CARTESIAN_POINT ( 'NONE',  ( -2.857606504790286994, 2.857606504790286550, 20.31249999863440792 ) ) ;
#597 = CARTESIAN_POINT ( 'NONE',  ( 4.041265874999999674, -1.673947134580573648, 30.87499999863440792 ) ) ;
#598 = VECTOR ( 'NONE', #3065, 1000.000000000000000 ) ;
#599 = CARTESIAN_POINT ( 'NONE',  ( 4.041265874999999674, -1.673947134580573426, 19.74999999863440792 ) ) ;
#600 = CARTESIAN_POINT ( 'NONE',  ( -4.041265874999999674, -1.673947134580573870, 21.49999999863441147 ) ) ;
#601 = CARTESIAN_POINT ( 'NONE',  ( 2.474873734152915894, 2.474873734152917226, 20.37499999726881228 ) ) ;
#602 = CARTESIAN_POINT ( 'NONE',  ( 3.500000000000000444, -1.449747468305833120, 19.43750000000000355 ) ) ;
#603 = CARTESIAN_POINT ( 'NONE',  ( -0.3306816871973095040, 2.075420378092508678, 3.791674933112773260 ) ) ;
#604 = CARTESIAN_POINT ( 'NONE',  ( 2.474873734152915894, 2.474873734152917226, 22.37499999726881583 ) ) ;
#605 = CARTESIAN_POINT ( 'NONE',  ( 4.041265874999998786, 1.673947134580575868, 26.87499999863441147 ) ) ;
#606 = CARTESIAN_POINT ( 'NONE',  ( -2.857606504790286994, 2.857606504790286550, 23.31249999863440792 ) ) ;
#607 = CARTESIAN_POINT ( 'NONE',  ( 2.143131898507868297E-16, -3.500000000000000000, 28.25000000000000355 ) ) ;
#608 = DIRECTION ( 'NONE',  ( -0.000000000000000000, -0.000000000000000000, 1.000000000000000000 ) ) ;
#609 = CARTESIAN_POINT ( 'NONE',  ( 4.041265874999999674, 0.000000000000000000, 25.93749999863440792 ) ) ;
#610 = CARTESIAN_POINT ( 'NONE',  ( 3.500000000000000444, -1.449747468305833120, 23.43750000000000000 ) ) ;
#611 = EDGE_CURVE ( 'NONE', #1665, #2849, #1075, .T. ) ;
#612 = LINE ( 'NONE', #1489, #3083 ) ;
#613 = STYLED_ITEM ( 'NONE', ( #1083 ), #1853 ) ;
#614 = CARTESIAN_POINT ( 'NONE',  ( -1.449747468305834897, 3.499999999999999112, 26.56249999726881583 ) ) ;
#615 = CARTESIAN_POINT ( 'NONE',  ( -3.500000000000000444, -1.449747468305833342, 29.81249999726881583 ) ) ;
#616 = CARTESIAN_POINT ( 'NONE',  ( -7.423684977483266541E-16, 4.041265874999999674, 26.06249999863440792 ) ) ;
#617 = CARTESIAN_POINT ( 'NONE',  ( 0.000000000000000000, 0.000000000000000000, 18.00000000000000355 ) ) ;
#618 = CARTESIAN_POINT ( 'NONE',  ( -2.474873734152916338, -2.474873734152916782, 23.12500000000000355 ) ) ;
#619 = CARTESIAN_POINT ( 'NONE',  ( -1.673947134580575424, 4.041265874999998786, 29.24999999863440436 ) ) ;
#620 = CARTESIAN_POINT ( 'NONE',  ( -1.673947134580575424, 4.041265874999998786, 19.12499999863441147 ) ) ;
#621 = CARTESIAN_POINT ( 'NONE',  ( 1.673947134580574092, 4.041265874999998786, 23.12499999863441147 ) ) ;
#622 = CARTESIAN_POINT ( 'NONE',  ( 3.500000000000000000, 0.000000000000000000, 25.24999999726881938 ) ) ;
#623 = CARTESIAN_POINT ( 'NONE',  ( -2.474873734152916338, -2.474873734152916782, 19.12500000000000355 ) ) ;
#624 = CARTESIAN_POINT ( 'NONE',  ( -4.041265874999999674, -4.949123318322177694E-16, 18.31249999863440792 ) ) ;
#625 = VECTOR ( 'NONE', #51, 1000.000000000000000 ) ;
#626 = CARTESIAN_POINT ( 'NONE',  ( 2.143131898507868297E-16, -3.500000000000000000, 25.99999999726881583 ) ) ;
#627 = CARTESIAN_POINT ( 'NONE',  ( 1.449747468305833342, -3.500000000000000444, 23.06249999726881938 ) ) ;
#628 = CARTESIAN_POINT ( 'NONE',  ( -1.673947134580575424, 4.041265874999998786, 30.12499999863440792 ) ) ;
#629 = CARTESIAN_POINT ( 'NONE',  ( 1.673947134580574092, 4.041265874999998786, 22.12499999863441502 ) ) ;
#630 = CARTESIAN_POINT ( 'NONE',  ( 0.1656262679825014072, 6.000000000000002665, 12.75000000000000178 ) ) ;
#631 = CARTESIAN_POINT ( 'NONE',  ( -1.673947134580575424, 4.041265874999998786, 24.24999999863440792 ) ) ;
#632 = CARTESIAN_POINT ( 'NONE',  ( 2.143131898507868297E-16, -3.500000000000000000, 24.25000000000000000 ) ) ;
#633 = ADVANCED_FACE ( 'NONE', ( #2296, #2179 ), #964, .F. ) ;
#634 = EDGE_CURVE ( 'NONE', #375, #3178, #978, .T. ) ;
#635 = CARTESIAN_POINT ( 'NONE',  ( 1.449747468305833342, -3.500000000000000444, 29.06249999726881583 ) ) ;
#636 = CARTESIAN_POINT ( 'NONE',  ( -1.673947134580573204, -4.041265874999999674, 24.49999999863440436 ) ) ;
#637 = CARTESIAN_POINT ( 'NONE',  ( 0.9975112469129200354, 3.005091133218602106, 14.77048507951002776 ) ) ;
#638 = VECTOR ( 'NONE', #950, 1000.000000000000000 ) ;
#639 = CARTESIAN_POINT ( 'NONE',  ( 0.000000000000000000, 0.000000000000000000, 11.00000000000000000 ) ) ;
#640 = CARTESIAN_POINT ( 'NONE',  ( 2.474561659161088847E-16, -4.041265874999999674, 18.56249999863440792 ) ) ;
#641 = VECTOR ( 'NONE', #659, 1000.000000000000000 ) ;
#642 = CARTESIAN_POINT ( 'NONE',  ( -6.429395695523603167E-16, 3.500000000000000000, 28.75000000000000000 ) ) ;
#643 = CARTESIAN_POINT ( 'NONE',  ( 1.673947134580573870, -4.041265874999999674, 21.74999999863440792 ) ) ;
#644 = CARTESIAN_POINT ( 'NONE',  ( -4.041265874999999674, -1.673947134580573870, 22.37499999863441147 ) ) ;
#645 = CARTESIAN_POINT ( 'NONE',  ( 3.500000000000000444, -1.449747468305833120, 21.18749999726881583 ) ) ;
#646 = CARTESIAN_POINT ( 'NONE',  ( -1.088896343312206305, 1.797221859772744068, 5.635034548701856494 ) ) ;
#647 = CARTESIAN_POINT ( 'NONE',  ( -3.500000000000000000, -1.449747468305833564, 25.81249999726881583 ) ) ;
#648 = CARTESIAN_POINT ( 'NONE',  ( 3.500000000000000000, 0.000000000000000000, 25.24999999726881938 ) ) ;
#649 = CARTESIAN_POINT ( 'NONE',  ( 1.673947134580574092, 4.041265874999998786, 21.12499999863441147 ) ) ;
#650 = EDGE_CURVE ( 'NONE', #2711, #2930, #1056, .T. ) ;
#651 = DIRECTION ( 'NONE',  ( 1.000000000000000000, 0.000000000000000000, 0.000000000000000000 ) ) ;
#652 = ADVANCED_FACE ( 'NONE', ( #3504 ), #1051, .T. ) ;
#653 = CARTESIAN_POINT ( 'NONE',  ( 2.474873734152915894, 2.474873734152917226, 23.37499999726881583 ) ) ;
#654 = CARTESIAN_POINT ( 'NONE',  ( -1.673947134580573204, -4.041265874999999674, 22.62499999863441147 ) ) ;
#655 = CARTESIAN_POINT ( 'NONE',  ( -3.500000000000000444, -1.449747468305833342, 21.06250000000000711 ) ) ;
#656 = VECTOR ( 'NONE', #12, 1000.000000000000000 ) ;
#657 = CARTESIAN_POINT ( 'NONE',  ( 2.143131898507868297E-16, -3.500000000000000000, 28.99999999726881583 ) ) ;
#658 = CARTESIAN_POINT ( 'NONE',  ( -1.673947134580575424, 4.041265874999998786, 24.12499999863441147 ) ) ;
#659 = DIRECTION ( 'NONE',  ( -0.000000000000000000, -0.000000000000000000, 1.000000000000000000 ) ) ;
#660 = CYLINDRICAL_SURFACE ( 'NONE', #2703, 3.500000000000000000 ) ;
#661 = CARTESIAN_POINT ( 'NONE',  ( -1.241843620414986527, 5.870101538635536187, 14.16438057335065004 ) ) ;
#662 = EDGE_CURVE ( 'NONE', #1665, #2711, #3380, .T. ) ;
#663 = ORIENTED_EDGE ( 'NONE', *, *, #3448, .F. ) ;
#664 = CARTESIAN_POINT ( 'NONE',  ( 2.143131898507868297E-16, -3.500000000000000000, 27.25000000000000355 ) ) ;
#665 = CARTESIAN_POINT ( 'NONE',  ( -7.423684977483266541E-16, 4.041265874999999674, 23.18749999863440792 ) ) ;
#666 = CARTESIAN_POINT ( 'NONE',  ( -1.673947134580575424, 4.041265874999998786, 23.12499999863441147 ) ) ;
#667 = CARTESIAN_POINT ( 'NONE',  ( 0.000000000000000000, 0.000000000000000000, 11.00000000000000000 ) ) ;
#668 = CARTESIAN_POINT ( 'NONE',  ( 2.474873734152916782, -2.474873734152916782, 19.12499999726881583 ) ) ;
#669 = CARTESIAN_POINT ( 'NONE',  ( -1.449747468305834897, 3.499999999999999112, 19.81250000000000355 ) ) ;
#670 = EDGE_LOOP ( 'NONE', ( #2771, #3280, #3198, #721 ) ) ;
#671 = CARTESIAN_POINT ( 'NONE',  ( -1.949358868961793556, -0.7810249675906638656, 11.00000000000000000 ) ) ;
#672 = CARTESIAN_POINT ( 'NONE',  ( -3.500000000000000000, -4.286263797015736595E-16, 22.74999999726881583 ) ) ;
#673 = CARTESIAN_POINT ( 'NONE',  ( -4.041265875000001451, 1.673947134580572538, 22.37499999863441147 ) ) ;
#674 = CARTESIAN_POINT ( 'NONE',  ( -3.500000000000000000, -4.286263797015736595E-16, 23.00000000000000355 ) ) ;
#675 = CARTESIAN_POINT ( 'NONE',  ( 3.500000000000000000, 0.000000000000000000, 23.24999999726881583 ) ) ;
#676 = CARTESIAN_POINT ( 'NONE',  ( -1.673947134580575424, 4.041265874999998786, 21.24999999863441147 ) ) ;
#677 = CARTESIAN_POINT ( 'NONE',  ( 2.474873734152915894, 2.474873734152917226, 20.62500000000000355 ) ) ;
#678 = VERTEX_POINT ( 'NONE', #3440 ) ;
#679 = ORIENTED_EDGE ( 'NONE', *, *, #2181, .F. ) ;
#680 = ADVANCED_FACE ( 'NONE', ( #1044 ), #2215, .T. ) ;
#681 = CARTESIAN_POINT ( 'NONE',  ( -2.474873734152916338, -2.474873734152916782, 27.87499999726881583 ) ) ;
#682 = CARTESIAN_POINT ( 'NONE',  ( 4.041265874999999674, 0.000000000000000000, 22.81249999863440792 ) ) ;
#683 = CARTESIAN_POINT ( 'NONE',  ( 1.528722718240420924E-16, 2.836811590500855740, 15.25000000000000355 ) ) ;
#684 = CARTESIAN_POINT ( 'NONE',  ( 2.857606504790286106, 2.857606504790286994, 30.06249999863440792 ) ) ;
#685 = VERTEX_POINT ( 'NONE', #2537 ) ;
#686 = APPLICATION_CONTEXT ( 'automotive_design' ) ;
#687 = CARTESIAN_POINT ( 'NONE',  ( 3.500000000000000000, -1.449747468305833120, 24.43750000000000355 ) ) ;
#688 = DIRECTION ( 'NONE',  ( -0.000000000000000000, 0.000000000000000000, 1.000000000000000000 ) ) ;
#689 = CARTESIAN_POINT ( 'NONE',  ( -1.673947134580573426, -4.041265874999999674, 28.62499999863440792 ) ) ;
#690 = ORIENTED_EDGE ( 'NONE', *, *, #1268, .T. ) ;
#691 = CARTESIAN_POINT ( 'NONE',  ( -5.473338018064979771, 2.461277614697563010, 12.10466439699552765 ) ) ;
#692 = CARTESIAN_POINT ( 'NONE',  ( -3.500000000000001332, 1.449747468305832010, 27.93750000000000711 ) ) ;
#693 = CARTESIAN_POINT ( 'NONE',  ( 2.857606504790286994, -2.857606504790286994, 19.81249999863440792 ) ) ;
#694 = CARTESIAN_POINT ( 'NONE',  ( -7.423684977483266541E-16, 4.041265874999999674, 25.06249999863440792 ) ) ;
#695 = CARTESIAN_POINT ( 'NONE',  ( 3.500000000000000444, -1.449747468305833120, 20.18749999726881583 ) ) ;
#696 = DIRECTION ( 'NONE',  ( 1.000000000000000000, 0.000000000000000000, 0.000000000000000000 ) ) ;
#697 = PRODUCT_DEFINITION_CONTEXT ( 'detailed design', #686, 'design' ) ;
#698 = ORIENTED_EDGE ( 'NONE', *, *, #2778, .T. ) ;
#699 = VERTEX_POINT ( 'NONE', #2254 ) ;
#700 = EDGE_CURVE ( 'NONE', #3209, #2198, #253, .T. ) ;
#701 = CARTESIAN_POINT ( 'NONE',  ( -2.474873734152917226, 2.474873734152916338, 24.62499999726881938 ) ) ;
#702 = AXIS2_PLACEMENT_3D ( 'NONE', #1122, #1071, #1548 ) ;
#703 = CARTESIAN_POINT ( 'NONE',  ( 3.499999999999999112, 1.449747468305835341, 22.56250000000000355 ) ) ;
#704 = CARTESIAN_POINT ( 'NONE',  ( 3.500000000000000000, 0.000000000000000000, 28.24999999726881583 ) ) ;
#705 = CARTESIAN_POINT ( 'NONE',  ( -4.041265875000000563, 1.673947134580572538, 21.37499999863441147 ) ) ;
#706 = CARTESIAN_POINT ( 'NONE',  ( 2.474873734152916782, -2.474873734152916782, 20.37500000000000355 ) ) ;
#707 = ORIENTED_EDGE ( 'NONE', *, *, #1981, .T. ) ;
#708 = DIRECTION ( 'NONE',  ( 0.000000000000000000, 0.000000000000000000, 1.000000000000000000 ) ) ;
#709 = DIRECTION ( 'NONE',  ( -0.000000000000000000, -0.000000000000000000, 1.000000000000000000 ) ) ;
#710 = CARTESIAN_POINT ( 'NONE',  ( 2.857606504790286994, -2.857606504790286994, 22.68749999863440792 ) ) ;
#711 = CARTESIAN_POINT ( 'NONE',  ( -2.857606504790286550, -2.857606504790286994, 29.56249999863440792 ) ) ;
#712 = VERTEX_POINT ( 'NONE', #2503 ) ;
#713 = ADVANCED_FACE ( 'NONE', ( #1019 ), #2252, .T. ) ;
#714 = CARTESIAN_POINT ( 'NONE',  ( 1.449747468305833564, -3.500000000000000000, 30.06249999726881583 ) ) ;
#715 = CARTESIAN_POINT ( 'NONE',  ( -2.857606504790286994, 2.857606504790286550, 28.31249999863440792 ) ) ;
#716 = ORIENTED_EDGE ( 'NONE', *, *, #2531, .F. ) ;
#717 = CARTESIAN_POINT ( 'NONE',  ( 1.449747468305833342, -3.500000000000000444, 26.31250000000000355 ) ) ;
#718 = CARTESIAN_POINT ( 'NONE',  ( 2.857606504790286106, 2.857606504790286994, 20.06249999863440792 ) ) ;
#719 = CARTESIAN_POINT ( 'NONE',  ( 2.857606504790286994, -2.857606504790286994, 23.68749999863440792 ) ) ;
#720 = CARTESIAN_POINT ( 'NONE',  ( -4.041265874999999674, -4.949123318322177694E-16, 27.43749999863440792 ) ) ;
#721 = ORIENTED_EDGE ( 'NONE', *, *, #3074, .F. ) ;
#722 = EDGE_CURVE ( 'NONE', #1677, #1740, #1154, .T. ) ;
#723 = ORIENTED_EDGE ( 'NONE', *, *, #3601, .F. ) ;
#724 = CARTESIAN_POINT ( 'NONE',  ( 2.857606504790286106, 2.857606504790286994, 27.93749999863440792 ) ) ;
#725 = CARTESIAN_POINT ( 'NONE',  ( 0.000000000000000000, 6.000000000000000888, 5.000000000000000000 ) ) ;
#726 = CARTESIAN_POINT ( 'NONE',  ( 4.041265874999999674, -1.673947134580573426, 28.74999999863440792 ) ) ;
#727 = CARTESIAN_POINT ( 'NONE',  ( -4.041265874999999674, -4.949123318322177694E-16, 22.43749999863440792 ) ) ;
#728 = ORIENTED_EDGE ( 'NONE', *, *, #1393, .F. ) ;
#729 = EDGE_LOOP ( 'NONE', ( #1581, #2880, #371 ) ) ;
#730 = CARTESIAN_POINT ( 'NONE',  ( 1.449747468305833786, 3.499999999999999556, 28.43749999726881938 ) ) ;
#731 = CARTESIAN_POINT ( 'NONE',  ( 3.500000000000000000, 0.000000000000000000, 23.50000000000000355 ) ) ;
#732 = CARTESIAN_POINT ( 'NONE',  ( -1.449747468305832898, -3.500000000000000444, 25.93749999726881228 ) ) ;
#733 = ORIENTED_EDGE ( 'NONE', *, *, #1554, .T. ) ;
#734 = CARTESIAN_POINT ( 'NONE',  ( 1.673947134580573648, -4.041265874999999674, 22.62499999863441147 ) ) ;
#735 = CARTESIAN_POINT ( 'NONE',  ( 2.857606504790286994, -2.857606504790286994, 25.81249999863440792 ) ) ;
#736 = EDGE_LOOP ( 'NONE', ( #1656, #2916, #396, #476 ) ) ;
#737 = EDGE_CURVE ( 'NONE', #1530, #515, #2300, .T. ) ;
#738 = CARTESIAN_POINT ( 'NONE',  ( -1.249935086906630355, 5.868361124105376803, 4.835943233701769373 ) ) ;
#739 = EDGE_LOOP ( 'NONE', ( #3286, #3176 ) ) ;
#740 = VERTEX_POINT ( 'NONE', #121 ) ;
#741 = CARTESIAN_POINT ( 'NONE',  ( 2.474873734152916782, -2.474873734152916782, 27.37500000000000355 ) ) ;
#742 = CARTESIAN_POINT ( 'NONE',  ( -2.857606504790286994, 2.857606504790286550, 19.31249999863440792 ) ) ;
#743 = CARTESIAN_POINT ( 'NONE',  ( 4.041265874999998786, 1.673947134580575868, 24.87499999863440792 ) ) ;
#744 = CARTESIAN_POINT ( 'NONE',  ( 3.500000000000000000, -1.449747468305833120, 22.43750000000000711 ) ) ;
#745 = CARTESIAN_POINT ( 'NONE',  ( -1.449747468305832898, -3.500000000000000444, 20.93749999726881228 ) ) ;
#746 = CARTESIAN_POINT ( 'NONE',  ( 4.041265874999998786, 1.673947134580575868, 27.99999999863440792 ) ) ;
#747 = EDGE_CURVE ( 'NONE', #249, #755, #3155, .T. ) ;
#748 = ORIENTED_EDGE ( 'NONE', *, *, #2425, .T. ) ;
#749 = ORIENTED_EDGE ( 'NONE', *, *, #924, .T. ) ;
#750 = EDGE_LOOP ( 'NONE', ( #3168, #322, #933, #762 ) ) ;
#751 = CARTESIAN_POINT ( 'NONE',  ( -2.474873734152917226, 2.474873734152916338, 19.62499999726881583 ) ) ;
#752 = CARTESIAN_POINT ( 'NONE',  ( -4.041265875000001451, 1.673947134580572538, 26.24999999863440436 ) ) ;
#753 = CARTESIAN_POINT ( 'NONE',  ( 0.000000000000000000, 0.000000000000000000, 18.00000000000000355 ) ) ;
#754 = CARTESIAN_POINT ( 'NONE',  ( 1.673947134580573648, -4.041265874999999674, 21.74999999863441147 ) ) ;
#755 = VERTEX_POINT ( 'NONE', #683 ) ;
#756 = ORIENTED_EDGE ( 'NONE', *, *, #573, .T. ) ;
#757 = ORIENTED_EDGE ( 'NONE', *, *, #2600, .T. ) ;
#758 = AXIS2_PLACEMENT_3D ( 'NONE', #516, #822, #2227 ) ;
#759 = CARTESIAN_POINT ( 'NONE',  ( -6.000000000000000000, 0.2089105103119915097, 17.10000000000000142 ) ) ;
#760 = CARTESIAN_POINT ( 'NONE',  ( -2.474873734152916338, -2.474873734152916782, 25.87499999726881583 ) ) ;
#761 = CARTESIAN_POINT ( 'NONE',  ( -1.673947134580575424, 4.041265874999998786, 21.12499999863441147 ) ) ;
#762 = ORIENTED_EDGE ( 'NONE', *, *, #747, .T. ) ;
#763 = CARTESIAN_POINT ( 'NONE',  ( 1.673947134580573648, -4.041265874999999674, 23.62499999863441147 ) ) ;
#764 = CARTESIAN_POINT ( 'NONE',  ( 2.474873734152916782, -2.474873734152916782, 20.37500000000000355 ) ) ;
#765 = CARTESIAN_POINT ( 'NONE',  ( 1.673947134580573870, -4.041265874999999674, 25.74999999863440436 ) ) ;
#766 = ORIENTED_EDGE ( 'NONE', *, *, #1741, .T. ) ;
#767 = ORIENTED_EDGE ( 'NONE', *, *, #1887, .F. ) ;
#768 =( BOUNDED_CURVE ( )  B_SPLINE_CURVE ( 2, ( #1776, #60, #1201, #3204, #3505, #112, #368, #1515, #3332 ),
 .UNSPECIFIED., .F., .F. ) 
 B_SPLINE_CURVE_WITH_KNOTS ( ( 3, 2, 2, 2, 3 ),
 ( 0.03846153846153846367, 0.04807692307692307959, 0.05769230769230769551, 0.06730769230769230449, 0.07692307692307692735 ),
 .UNSPECIFIED. ) 
 CURVE ( )  GEOMETRIC_REPRESENTATION_ITEM ( )  RATIONAL_B_SPLINE_CURVE ( ( 1.000000000000000000, 0.9238795325112867385, 1.000000000000000000, 0.9238795325112867385, 1.000000000000000000, 0.9238795325112867385, 1.000000000000000000, 0.9238795325112867385, 1.000000000000000000 ) ) 
 REPRESENTATION_ITEM ( '' )  );
#769 =( BOUNDED_CURVE ( )  B_SPLINE_CURVE ( 2, ( #135, #3482, #3459, #1519, #1825, #2417, #2960, #296, #2563 ),
 .UNSPECIFIED., .F., .F. ) 
 B_SPLINE_CURVE_WITH_KNOTS ( ( 3, 2, 2, 2, 3 ),
 ( 0.7307692307692307265, 0.7403846153846154188, 0.7500000000000000000, 0.7596153846153845812, 0.7692307692307692735 ),
 .UNSPECIFIED. ) 
 CURVE ( )  GEOMETRIC_REPRESENTATION_ITEM ( )  RATIONAL_B_SPLINE_CURVE ( ( 1.000000000000000000, 0.9238795325112867385, 1.000000000000000000, 0.9238795325112867385, 1.000000000000000000, 0.9238795325112867385, 1.000000000000000000, 0.9238795325112867385, 1.000000000000000000 ) ) 
 REPRESENTATION_ITEM ( '' )  );
#770 = CARTESIAN_POINT ( 'NONE',  ( 1.215298732863336895, 1.714278066737372042, 4.665273018395655669 ) ) ;
#771 = EDGE_LOOP ( 'NONE', ( #3201, #227, #1982, #2869, #2069, #1668, #2964 ) ) ;
#772 = ORIENTED_EDGE ( 'NONE', *, *, #2600, .F. ) ;
#773 =( BOUNDED_CURVE ( )  B_SPLINE_CURVE ( 2, ( #1928, #3371, #1651, #2316, #1957, #569, #1421, #2273, #2516 ),
 .UNSPECIFIED., .F., .F. ) 
 B_SPLINE_CURVE_WITH_KNOTS ( ( 3, 2, 2, 2, 3 ),
 ( 0.3461538461538461453, 0.3557692307692307820, 0.3653846153846153633, 0.3750000000000000000, 0.3846153846153846367 ),
 .UNSPECIFIED. ) 
 CURVE ( )  GEOMETRIC_REPRESENTATION_ITEM ( )  RATIONAL_B_SPLINE_CURVE ( ( 1.000000000000000000, 0.9238795325112867385, 1.000000000000000000, 0.9238795325112867385, 1.000000000000000000, 0.9238795325112867385, 1.000000000000000000, 0.9238795325112867385, 1.000000000000000000 ) ) 
 REPRESENTATION_ITEM ( '' )  );
#774 = CARTESIAN_POINT ( 'NONE',  ( -1.449747468305834674, 3.499999999999999556, 21.56249999726881583 ) ) ;
#775 = ORIENTED_EDGE ( 'NONE', *, *, #3331, .T. ) ;
#776 = CARTESIAN_POINT ( 'NONE',  ( 2.474873734152916782, -2.474873734152916782, 23.37500000000000355 ) ) ;
#777 = CARTESIAN_POINT ( 'NONE',  ( 1.673947134580574092, 4.041265874999998786, 20.12499999863441147 ) ) ;
#778 = CARTESIAN_POINT ( 'NONE',  ( 4.041265874999998786, 1.673947134580575868, 20.87499999863441147 ) ) ;
#779 = CARTESIAN_POINT ( 'NONE',  ( 1.449747468305833786, 3.499999999999999556, 29.43749999726881938 ) ) ;
#780 = CARTESIAN_POINT ( 'NONE',  ( 0.3282665342002876185, 5.992915249958480572, 15.21707901764058946 ) ) ;
#781 = CARTESIAN_POINT ( 'NONE',  ( 4.041265874999998786, 1.673947134580575868, 28.99999999863441147 ) ) ;
#782 =( BOUNDED_CURVE ( )  B_SPLINE_CURVE ( 2, ( #904, #2391, #3476, #87, #1467, #1773, #2076, #2373, #1093, #2644, #2666, #2433, #3359, #2474, #507, #1844, #3033, #2719, #189, #1313, #2954, #1064, #3647, #3059, #3274, #478, #2166, #1297, #1043, #229, #3576, #781, #1567, #2453, #1541, #2134, #3253, #1869, #2982, #2245, #1920, #2690, #421, #3328, #1339, #3551, #1588, #746, #147, #3011, #168, #448, #2192, #3301, #3599, #1896, #720, #3623, #209, #2219, #812, #1118, #1359, #1613, #2495, #2746, #538, #835, #1140, #1514, #1820, #2412, #1755, #1417, #3386, #44, #1730, #2876, #299, #3417, #609, #2336, #1381, #2820, #2054, #2584, #3461, #3153, #69, #587, #1948, #2549, #2359, #2847, #1976, #3128, #1182, #1703, #1642, #5, #2529, #2796, #2289, #3180, #2565, #324, #1671, #631, #942, #915, #2007, #2769, #2511, #1222, #2309, #3082, #3443, #2265, #3101, #3484, #1398, #23, #1205, #1434, #2032, #1161, #251, #562, #1452, #276, #95, #349, #860, #654, #888, #968, #727, #2380, #154, #398, #2603, #116, #2992, #1877, #1494, #1473, #373, #754, #3606, #2201, #2934, #1803, #1521, #705, #3211, #676, #1322, #1550, #3555, #997, #2906, #790, #2672, #2700, #1829, #2114, #2086, #1239, #3282, #2437, #1026, #2143, #3582, #2172, #1780, #2649, #2459, #3019, #174, #456, #1073, #488, #1282, #3311, #194, #430, #2963, #2398, #1574, #3239, #1049, #1301, #3511, #1262, #1851, #2629, #2419, #3533, #136, #3260, #2482 ),
 .UNSPECIFIED., .F., .F. ) 
 B_SPLINE_CURVE_WITH_KNOTS ( ( 3, 2, 2, 2, 2, 2, 2, 2, 2, 2, 2, 2, 2, 2, 2, 2, 2, 2, 2, 2, 2, 2, 2, 2, 2, 2, 2, 2, 2, 2, 2, 2, 2, 2, 2, 2, 2, 2, 2, 2, 2, 2, 2, 2, 2, 2, 2, 2, 2, 2, 2, 2, 2, 2, 2, 2, 2, 2, 2, 2, 2, 2, 2, 2, 2, 2, 2, 2, 2, 2, 2, 2, 2, 2, 2, 2, 2, 2, 2, 2, 2, 2, 2, 2, 2, 2, 2, 2, 2, 2, 2, 2, 2, 2, 2, 2, 2, 2, 2, 2, 3 ),
 ( 0.000000000000000000, 0.009615384615384615918, 0.01923076923076923184, 0.02884615384615384776, 0.03846153846153846367, 0.04807692307692307959, 0.05769230769230769551, 0.06730769230769230449, 0.07692307692307692735, 0.08653846153846153633, 0.09615384615384615918, 0.1057692307692307682, 0.1153846153846153910, 0.1250000000000000000, 0.1346153846153846090, 0.1442307692307692180, 0.1538461538461538547, 0.1634615384615384637, 0.1730769230769230727, 0.1826923076923076816, 0.1923076923076923184, 0.2019230769230769273, 0.2115384615384615363, 0.2211538461538461453, 0.2307692307692307820, 0.2403846153846153910, 0.2500000000000000000, 0.2596153846153846367, 0.2692307692307692180, 0.2788461538461538547, 0.2884615384615384359, 0.2980769230769230727, 0.3076923076923077094, 0.3173076923076922906, 0.3269230769230769273, 0.3365384615384615641, 0.3461538461538461453, 0.3557692307692307820, 0.3653846153846153633, 0.3750000000000000000, 0.3846153846153846367, 0.3942307692307692180, 0.4038461538461538547, 0.4134615384615384359, 0.4230769230769230727, 0.4326923076923077094, 0.4423076923076922906, 0.4519230769230769273, 0.4615384615384615641, 0.4711538461538461453, 0.4807692307692307820, 0.4903846153846153633, 0.5000000000000000000, 0.5096153846153845812, 0.5192307692307692735, 0.5288461538461538547, 0.5384615384615384359, 0.5480769230769231282, 0.5576923076923077094, 0.5673076923076924016, 0.5769230769230768718, 0.5865384615384615641, 0.5961538461538461453, 0.6057692307692307265, 0.6153846153846154188, 0.6250000000000000000, 0.6346153846153845812, 0.6442307692307692735, 0.6538461538461538547, 0.6634615384615384359, 0.6730769230769231282, 0.6826923076923077094, 0.6923076923076922906, 0.7019230769230768718, 0.7115384615384615641, 0.7211538461538461453, 0.7307692307692307265, 0.7403846153846154188, 0.7500000000000000000, 0.7596153846153845812, 0.7692307692307692735, 0.7788461538461538547, 0.7884615384615384359, 0.7980769230769231282, 0.8076923076923077094, 0.8173076923076922906, 0.8269230769230768718, 0.8365384615384615641, 0.8461538461538461453, 0.8557692307692307265, 0.8653846153846154188, 0.8750000000000000000, 0.8846153846153845812, 0.8942307692307692735, 0.9038461538461538547, 0.9134615384615384359, 0.9230769230769231282, 0.9326923076923077094, 0.9423076923076922906, 0.9519230769230768718, 0.9615384615384615641 ),
 .UNSPECIFIED. ) 
 CURVE ( )  GEOMETRIC_REPRESENTATION_ITEM ( )  RATIONAL_B_SPLINE_CURVE ( ( 1.000000000000000000, 0.9238795325112867385, 1.000000000000000000, 0.9238795325112867385, 1.000000000000000000, 0.9238795325112867385, 1.000000000000000000, 0.9238795325112867385, 1.000000000000000000, 0.9238795325112867385, 1.000000000000000000, 0.9238795325112867385, 1.000000000000000000, 0.9238795325112867385, 1.000000000000000000, 0.9238795325112867385, 1.000000000000000000, 0.9238795325112867385, 1.000000000000000000, 0.9238795325112867385, 1.000000000000000000, 0.9238795325112867385, 1.000000000000000000, 0.9238795325112867385, 1.000000000000000000, 0.9238795325112867385, 1.000000000000000000, 0.9238795325112867385, 1.000000000000000000, 0.9238795325112867385, 1.000000000000000000, 0.9238795325112867385, 1.000000000000000000, 0.9238795325112867385, 1.000000000000000000, 0.9238795325112867385, 1.000000000000000000, 0.9238795325112867385, 1.000000000000000000, 0.9238795325112867385, 1.000000000000000000, 0.9238795325112867385, 1.000000000000000000, 0.9238795325112867385, 1.000000000000000000, 0.9238795325112867385, 1.000000000000000000, 0.9238795325112867385, 1.000000000000000000, 0.9238795325112867385, 1.000000000000000000, 0.9238795325112867385, 1.000000000000000000, 0.9238795325112867385, 1.000000000000000000, 0.9238795325112867385, 1.000000000000000000, 0.9238795325112867385, 1.000000000000000000, 0.9238795325112867385, 1.000000000000000000, 0.9238795325112867385, 1.000000000000000000, 0.9238795325112867385, 1.000000000000000000, 0.9238795325112867385, 1.000000000000000000, 0.9238795325112867385, 1.000000000000000000, 0.9238795325112867385, 1.000000000000000000, 0.9238795325112867385, 1.000000000000000000, 0.9238795325112867385, 1.000000000000000000, 0.9238795325112867385, 1.000000000000000000, 0.9238795325112867385, 1.000000000000000000, 0.9238795325112867385, 1.000000000000000000, 0.9238795325112867385, 1.000000000000000000, 0.9238795325112867385, 1.000000000000000000, 0.9238795325112867385, 1.000000000000000000, 0.9238795325112867385, 1.000000000000000000, 0.9238795325112867385, 1.000000000000000000, 0.9238795325112867385, 1.000000000000000000, 0.9238795325112867385, 1.000000000000000000, 0.9238795325112867385, 1.000000000000000000, 0.9238795325112867385, 1.000000000000000000, 0.9238795325112867385, 1.000000000000000000, 0.9238795325112867385, 1.000000000000000000, 0.9238795325112867385, 1.000000000000000000, 0.9238795325112867385, 1.000000000000000000, 0.9238795325112867385, 1.000000000000000000, 0.9238795325112867385, 1.000000000000000000, 0.9238795325112867385, 1.000000000000000000, 0.9238795325112867385, 1.000000000000000000, 0.9238795325112867385, 1.000000000000000000, 0.9238795325112867385, 1.000000000000000000, 0.9238795325112867385, 1.000000000000000000, 0.9238795325112867385, 1.000000000000000000, 0.9238795325112867385, 1.000000000000000000, 0.9238795325112867385, 1.000000000000000000, 0.9238795325112867385, 1.000000000000000000, 0.9238795325112867385, 1.000000000000000000, 0.9238795325112867385, 1.000000000000000000, 0.9238795325112867385, 1.000000000000000000, 0.9238795325112867385, 1.000000000000000000, 0.9238795325112867385, 1.000000000000000000, 0.9238795325112867385, 1.000000000000000000, 0.9238795325112867385, 1.000000000000000000, 0.9238795325112867385, 1.000000000000000000, 0.9238795325112867385, 1.000000000000000000, 0.9238795325112867385, 1.000000000000000000, 0.9238795325112867385, 1.000000000000000000, 0.9238795325112867385, 1.000000000000000000, 0.9238795325112867385, 1.000000000000000000, 0.9238795325112867385, 1.000000000000000000, 0.9238795325112867385, 1.000000000000000000, 0.9238795325112867385, 1.000000000000000000, 0.9238795325112867385, 1.000000000000000000, 0.9238795325112867385, 1.000000000000000000, 0.9238795325112867385, 1.000000000000000000, 0.9238795325112867385, 1.000000000000000000, 0.9238795325112867385, 1.000000000000000000, 0.9238795325112867385, 1.000000000000000000, 0.9238795325112867385, 1.000000000000000000, 0.9238795325112867385, 1.000000000000000000, 0.9238795325112867385, 1.000000000000000000, 0.9238795325112867385, 1.000000000000000000, 0.9238795325112867385, 1.000000000000000000, 0.9238795325112867385, 1.000000000000000000, 0.9238795325112867385, 1.000000000000000000, 0.9238795325112867385, 1.000000000000000000, 0.9238795325112867385, 1.000000000000000000, 0.9238795325112867385, 1.000000000000000000, 0.9238795325112867385, 1.000000000000000000, 0.9238795325112867385, 1.000000000000000000, 0.9238795325112867385, 1.000000000000000000, 0.9238795325112867385, 1.000000000000000000 ) ) 
 REPRESENTATION_ITEM ( '' )  );
#783 = ORIENTED_EDGE ( 'NONE', *, *, #2029, .F. ) ;
#784 = VERTEX_POINT ( 'NONE', #2634 ) ;
#785 = CARTESIAN_POINT ( 'NONE',  ( 2.474873734152916782, -2.474873734152916782, 27.12499999726881583 ) ) ;
#786 = CARTESIAN_POINT ( 'NONE',  ( -2.857606504790286994, 2.857606504790286550, 26.18749999863440792 ) ) ;
#787 = DIRECTION ( 'NONE',  ( -1.000000000000000000, 0.000000000000000000, 0.000000000000000000 ) ) ;
#788 = ADVANCED_FACE ( 'NONE', ( #2246 ), #2239, .T. ) ;
#789 = CARTESIAN_POINT ( 'NONE',  ( -1.673947134580575424, 4.041265874999998786, 28.12499999863440792 ) ) ;
#790 = CARTESIAN_POINT ( 'NONE',  ( 4.041265874999999674, -1.673947134580573426, 20.87499999863440792 ) ) ;
#791 = LINE ( 'NONE', #2582, #2078 ) ;
#792 = ORIENTED_EDGE ( 'NONE', *, *, #2933, .F. ) ;
#793 = CARTESIAN_POINT ( 'NONE',  ( -1.449747468305832898, -3.500000000000000000, 19.93749999726881228 ) ) ;
#794 = ORIENTED_EDGE ( 'NONE', *, *, #2996, .T. ) ;
#795 = CARTESIAN_POINT ( 'NONE',  ( -4.041265874999999674, -4.949123318322177694E-16, 21.31249999863441147 ) ) ;
#796 = CARTESIAN_POINT ( 'NONE',  ( 4.041265874999999674, 0.000000000000000000, 20.81249999863440792 ) ) ;
#797 = CARTESIAN_POINT ( 'NONE',  ( 0.000000000000000000, 0.000000000000000000, 18.00000000000000355 ) ) ;
#798 = CARTESIAN_POINT ( 'NONE',  ( -2.857606504790286550, -2.857606504790286994, 27.56249999863440792 ) ) ;
#799 = CARTESIAN_POINT ( 'NONE',  ( -5.317213259781096824, -2.781193767495672819, 12.61607258767137552 ) ) ;
#800 = VERTEX_POINT ( 'NONE', #102 ) ;
#801 = EDGE_CURVE ( 'NONE', #2909, #254, #326, .T. ) ;
#802 = FACE_OUTER_BOUND ( 'NONE', #1663, .T. ) ;
#803 = CARTESIAN_POINT ( 'NONE',  ( -1.186126370351687553, 5.881677493222346342, 5.402913886768640594 ) ) ;
#804 = B_SPLINE_CURVE_WITH_KNOTS ( 'NONE', 3,
 ( #3341, #759, #1323, #3636, #1879, #2461, #2961, #2698, #1849, #3633, #3653, #1904, #818, #1368, #235, #1024, #2141, #1481, #2613, #2921, #2638, #2407, #1789, #691, #1508, #2128, #1249, #106, #479, #3012, #2475, #2220 ),
 .UNSPECIFIED., .F., .F.,
 ( 4, 2, 2, 2, 2, 2, 2, 2, 2, 2, 2, 2, 2, 2, 2, 4 ),
 ( 0.000000000000000000, 0.0006171252694665896104, 0.001234250538933179221, 0.001851375808399768723, 0.002468501077866358442, 0.003085626347332947727, 0.003702751616799537446, 0.004319876886266127598, 0.004937002155732716883, 0.005554127425199306169, 0.006171252694665895454, 0.006788377964132485606, 0.007405503233599074892, 0.008639753772532251727, 0.009256879041998841012, 0.009874004311465428563 ),
 .UNSPECIFIED. ) ;
#805 = CARTESIAN_POINT ( 'NONE',  ( -2.857606504790286550, -2.857606504790286994, 22.56249999863440792 ) ) ;
#806 = ORIENTED_EDGE ( 'NONE', *, *, #3580, .T. ) ;
#807 = CARTESIAN_POINT ( 'NONE',  ( 2.474873734152915894, 2.474873734152917226, 22.62500000000000355 ) ) ;
#808 = CARTESIAN_POINT ( 'NONE',  ( -7.423684977483266541E-16, 4.041265874999999674, 21.06249999863440792 ) ) ;
#809 = CARTESIAN_POINT ( 'NONE',  ( -4.041265874999999674, -4.949123318322177694E-16, 26.31249999863440792 ) ) ;
#810 = CARTESIAN_POINT ( 'NONE',  ( 0.000000000000000000, 6.000000000000000888, 3.749999999999999112 ) ) ;
#811 = PLANE ( 'NONE',  #1565 ) ;
#812 = CARTESIAN_POINT ( 'NONE',  ( -7.423684977483266541E-16, 4.041265874999999674, 27.18749999863440792 ) ) ;
#813 = ORIENTED_EDGE ( 'NONE', *, *, #1210, .F. ) ;
#814 = CARTESIAN_POINT ( 'NONE',  ( -6.429395695523603167E-16, 3.500000000000000000, 26.49999999726881583 ) ) ;
#815 = CARTESIAN_POINT ( 'NONE',  ( 1.673947134580574092, 4.041265874999998786, 26.99999999863440792 ) ) ;
#816 = CARTESIAN_POINT ( 'NONE',  ( -2.857606504790286550, -2.857606504790286994, 27.43749999863440792 ) ) ;
#817 = DIRECTION ( 'NONE',  ( 1.000000000000000000, 0.000000000000000000, 0.000000000000000000 ) ) ;
#818 = CARTESIAN_POINT ( 'NONE',  ( -5.317437469864293220, 2.780773568278527286, 15.38484959994084811 ) ) ;
#819 = CARTESIAN_POINT ( 'NONE',  ( 4.041265874999998786, 1.673947134580575868, 28.87499999863440792 ) ) ;
#820 = DIRECTION ( 'NONE',  ( -0.000000000000000000, -0.000000000000000000, 1.000000000000000000 ) ) ;
#821 = VECTOR ( 'NONE', #3294, 1000.000000000000000 ) ;
#822 = DIRECTION ( 'NONE',  ( -0.000000000000000000, 0.000000000000000000, 1.000000000000000000 ) ) ;
#823 = CARTESIAN_POINT ( 'NONE',  ( -4.041265875000001451, 1.673947134580572538, 19.37499999863440792 ) ) ;
#824 = CARTESIAN_POINT ( 'NONE',  ( 2.857606504790286106, 2.857606504790286994, 21.93749999863440792 ) ) ;
#825 = CARTESIAN_POINT ( 'NONE',  ( 4.041265874999999674, 0.000000000000000000, 19.81249999863440792 ) ) ;
#826 = CARTESIAN_POINT ( 'NONE',  ( 4.041265874999999674, -1.673947134580573648, 26.87499999863441147 ) ) ;
#827 = CARTESIAN_POINT ( 'NONE',  ( -4.041265874999999674, -4.949123318322177694E-16, 29.31249999863440792 ) ) ;
#828 = CARTESIAN_POINT ( 'NONE',  ( 3.500000000000000000, 0.000000000000000000, 21.50000000000000000 ) ) ;
#829 = FACE_OUTER_BOUND ( 'NONE', #1929, .T. ) ;
#830 = DIRECTION ( 'NONE',  ( 1.000000000000000000, 0.000000000000000000, 0.000000000000000000 ) ) ;
#831 = CARTESIAN_POINT ( 'NONE',  ( -4.041265874999999674, -1.673947134580573870, 26.37499999863441147 ) ) ;
#832 = CARTESIAN_POINT ( 'NONE',  ( 2.857606504790286994, -2.857606504790286994, 25.81249999863440792 ) ) ;
#833 = CARTESIAN_POINT ( 'NONE',  ( -2.857606504790286994, 2.857606504790286550, 22.18749999863440792 ) ) ;
#834 = CARTESIAN_POINT ( 'NONE',  ( 1.091125582612481271, 5.900303112435465458, 5.631616423771936830 ) ) ;
#835 = CARTESIAN_POINT ( 'NONE',  ( 1.673947134580573648, -4.041265874999999674, 26.74999999863440792 ) ) ;
#836 = FACE_OUTER_BOUND ( 'NONE', #539, .T. ) ;
#837 = CARTESIAN_POINT ( 'NONE',  ( -0.6323141787866436436, 2.902607874067269833, 15.09063191864153985 ) ) ;
#838 = ORIENTED_EDGE ( 'NONE', *, *, #3256, .T. ) ;
#839 = CARTESIAN_POINT ( 'NONE',  ( 1.673947134580574092, 4.041265874999998786, 24.99999999863440436 ) ) ;
#840 = DIRECTION ( 'NONE',  ( 0.000000000000000000, -1.000000000000000000, 0.000000000000000000 ) ) ;
#841 = CARTESIAN_POINT ( 'NONE',  ( -4.041265874999999674, -1.673947134580573648, 29.37499999863440792 ) ) ;
#842 = CARTESIAN_POINT ( 'NONE',  ( 0.000000000000000000, 0.000000000000000000, 18.00000000000000355 ) ) ;
#843 = EDGE_LOOP ( 'NONE', ( #1941, #733, #3192, #1949, #1959, #1807 ) ) ;
#844 = ORIENTED_EDGE ( 'NONE', *, *, #3221, .F. ) ;
#845 = CARTESIAN_POINT ( 'NONE',  ( -1.673947134580573426, -4.041265874999999674, 18.62499999863440792 ) ) ;
#846 = CARTESIAN_POINT ( 'NONE',  ( 2.857606504790286994, -2.857606504790286994, 18.68749999863440792 ) ) ;
#847 = CARTESIAN_POINT ( 'NONE',  ( -2.100000000000000089, 0.1341505700819276004, 10.89999999999999858 ) ) ;
#848 = CARTESIAN_POINT ( 'NONE',  ( 1.673947134580574092, 4.041265874999998786, 28.12499999863440792 ) ) ;
#849 = DIRECTION ( 'NONE',  ( 0.000000000000000000, -0.000000000000000000, -1.000000000000000000 ) ) ;
#850 = CARTESIAN_POINT ( 'NONE',  ( 2.474561659161088847E-16, -4.041265874999999674, 30.56249999863440792 ) ) ;
#851 = CARTESIAN_POINT ( 'NONE',  ( -3.500000000000000000, -4.286263797015736595E-16, 19.00000000000000355 ) ) ;
#852 = EDGE_CURVE ( 'NONE', #2975, #2909, #2057, .T. ) ;
#853 = ORIENTED_EDGE ( 'NONE', *, *, #2081, .F. ) ;
#854 = DIRECTION ( 'NONE',  ( -1.000000000000000000, 0.000000000000000000, 0.000000000000000000 ) ) ;
#855 = CARTESIAN_POINT ( 'NONE',  ( 3.500000000000000000, -1.449747468305833120, 21.18749999726881583 ) ) ;
#856 = CARTESIAN_POINT ( 'NONE',  ( -4.041265875000001451, 1.673947134580572538, 24.37499999863441502 ) ) ;
#857 = ORIENTED_EDGE ( 'NONE', *, *, #2692, .T. ) ;
#858 = CARTESIAN_POINT ( 'NONE',  ( -7.423684977483266541E-16, 4.041265874999999674, 22.06249999863440792 ) ) ;
#859 = CARTESIAN_POINT ( 'NONE',  ( 1.250077802930039228, 5.868330724573413093, 4.835561216637455750 ) ) ;
#860 = CARTESIAN_POINT ( 'NONE',  ( 2.474561659161088847E-16, -4.041265874999999674, 22.68749999863440792 ) ) ;
#861 = FACE_OUTER_BOUND ( 'NONE', #3222, .T. ) ;
#862 = ORIENTED_EDGE ( 'NONE', *, *, #2502, .F. ) ;
#863 = AXIS2_PLACEMENT_3D ( 'NONE', #1362, #2477, #2722 ) ;
#864 = CARTESIAN_POINT ( 'NONE',  ( 1.673947134580574092, 4.041265874999998786, 25.99999999863440792 ) ) ;
#865 =( LENGTH_UNIT ( ) NAMED_UNIT ( * ) SI_UNIT ( .MILLI., .METRE. ) );
#866 = CARTESIAN_POINT ( 'NONE',  ( -4.041265874999999674, -4.949123318322177694E-16, 26.31249999863440792 ) ) ;
#867 = DIRECTION ( 'NONE',  ( 1.000000000000000000, 0.000000000000000000, 0.000000000000000000 ) ) ;
#868 = CIRCLE ( 'NONE', #1097, 3.100000000000000533 ) ;
#869 = VECTOR ( 'NONE', #2469, 1000.000000000000000 ) ;
#870 = ORIENTED_EDGE ( 'NONE', *, *, #65, .F. ) ;
#871 = CARTESIAN_POINT ( 'NONE',  ( -4.041265874999999674, -1.673947134580573870, 20.49999999863440792 ) ) ;
#872 = CARTESIAN_POINT ( 'NONE',  ( -2.857606504790286550, -2.857606504790286994, 18.43749999863440792 ) ) ;
#873 = CARTESIAN_POINT ( 'NONE',  ( 3.500000000000000000, 0.000000000000000000, 18.00000000000000355 ) ) ;
#874 = CARTESIAN_POINT ( 'NONE',  ( -1.673947134580575424, 4.041265874999998786, 21.24999999863440792 ) ) ;
#875 = CARTESIAN_POINT ( 'NONE',  ( 2.143131898507868297E-16, -3.500000000000000000, 19.25000000000000355 ) ) ;
#876 = CARTESIAN_POINT ( 'NONE',  ( -2.474873734152917226, 2.474873734152916338, 21.87500000000000355 ) ) ;
#877 = CYLINDRICAL_SURFACE ( 'NONE', #3434, 6.000000000000000888 ) ;
#878 = ORIENTED_EDGE ( 'NONE', *, *, #3414, .F. ) ;
#879 = CARTESIAN_POINT ( 'NONE',  ( 3.500000000000000000, -1.449747468305833120, 25.43750000000000355 ) ) ;
#880 = CARTESIAN_POINT ( 'NONE',  ( -3.500000000000000000, -1.449747468305833564, 24.06250000000000000 ) ) ;
#881 = CARTESIAN_POINT ( 'NONE',  ( 1.673947134580574092, 4.041265874999998786, 29.99999999863440436 ) ) ;
#882 = CYLINDRICAL_SURFACE ( 'NONE', #423, 3.500000000000000000 ) ;
#883 = CARTESIAN_POINT ( 'NONE',  ( 4.041265874999998786, 1.673947134580575868, 25.99999999863440792 ) ) ;
#884 = LINE ( 'NONE', #3003, #2124 ) ;
#885 = ORIENTED_EDGE ( 'NONE', *, *, #1133, .T. ) ;
#886 = CARTESIAN_POINT ( 'NONE',  ( 1.673947134580574092, 4.041265874999998786, 20.99999999863441147 ) ) ;
#887 = CARTESIAN_POINT ( 'NONE',  ( 2.474873734152916782, -2.474873734152916782, 24.12499999726881583 ) ) ;
#888 = CARTESIAN_POINT ( 'NONE',  ( -2.857606504790286550, -2.857606504790286994, 22.56249999863440792 ) ) ;
#889 = CARTESIAN_POINT ( 'NONE',  ( -3.500000000000000000, -4.286263797015736595E-16, 23.00000000000000355 ) ) ;
#890 = PRESENTATION_STYLE_ASSIGNMENT (( #2560 ) ) ;
#891 = ORIENTED_EDGE ( 'NONE', *, *, #737, .F. ) ;
#892 = CARTESIAN_POINT ( 'NONE',  ( -1.449747468305834674, 3.499999999999999556, 30.56249999726881583 ) ) ;
#893 = CARTESIAN_POINT ( 'NONE',  ( -1.092095569954299350, 5.900116150698967665, 13.37046071167466899 ) ) ;
#894 = CARTESIAN_POINT ( 'NONE',  ( 1.673947134580574092, 4.041265874999998786, 25.99999999863440792 ) ) ;
#895 = DIRECTION ( 'NONE',  ( 1.000000000000000000, 0.000000000000000000, 0.000000000000000000 ) ) ;
#896 = ORIENTED_EDGE ( 'NONE', *, *, #1099, .F. ) ;
#897 = EDGE_CURVE ( 'NONE', #965, #1685, #3463, .T. ) ;
#898 = CARTESIAN_POINT ( 'NONE',  ( -4.041265874999999674, -4.949123318322177694E-16, 18.31249999863440792 ) ) ;
#899 = CARTESIAN_POINT ( 'NONE',  ( 4.041265874999999674, 0.000000000000000000, 19.81249999863440792 ) ) ;
#900 = CARTESIAN_POINT ( 'NONE',  ( 2.857606504790286994, -2.857606504790286994, 18.68749999863440792 ) ) ;
#901 = CARTESIAN_POINT ( 'NONE',  ( -4.041265874999999674, -1.673947134580573870, 24.49999999863440436 ) ) ;
#902 = CARTESIAN_POINT ( 'NONE',  ( -5.197252404183978491, -2.998463458842047125, 14.81334055277369544 ) ) ;
#903 = CARTESIAN_POINT ( 'NONE',  ( 2.474873734152915894, 2.474873734152917226, 18.62500000000000355 ) ) ;
#904 = CARTESIAN_POINT ( 'NONE',  ( 4.041265874999999674, 0.000000000000000000, 30.93749999863440792 ) ) ;
#905 = LINE ( 'NONE', #3528, #2040 ) ;
#906 =( BOUNDED_CURVE ( )  B_SPLINE_CURVE ( 2, ( #578, #1996, #995, #1023, #1826, #67, #1432, #2334, #2060 ),
 .UNSPECIFIED., .F., .F. ) 
 B_SPLINE_CURVE_WITH_KNOTS ( ( 3, 2, 2, 2, 3 ),
 ( 0.3076923076923077094, 0.3173076923076922906, 0.3269230769230769273, 0.3365384615384615641, 0.3461538461538461453 ),
 .UNSPECIFIED. ) 
 CURVE ( )  GEOMETRIC_REPRESENTATION_ITEM ( )  RATIONAL_B_SPLINE_CURVE ( ( 1.000000000000000000, 0.9238795325112867385, 1.000000000000000000, 0.9238795325112867385, 1.000000000000000000, 0.9238795325112867385, 1.000000000000000000, 0.9238795325112867385, 1.000000000000000000 ) ) 
 REPRESENTATION_ITEM ( '' )  );
#907 = ORIENTED_EDGE ( 'NONE', *, *, #1874, .T. ) ;
#908 = CARTESIAN_POINT ( 'NONE',  ( 3.500000000000000444, -1.449747468305833120, 22.18749999726881583 ) ) ;
#909 =( BOUNDED_CURVE ( )  B_SPLINE_CURVE ( 2, ( #675, #2379, #43, #1779, #1754, #298, #348, #941, #1204 ),
 .UNSPECIFIED., .F., .F. ) 
 B_SPLINE_CURVE_WITH_KNOTS ( ( 3, 2, 2, 2, 3 ),
 ( 0.6153846153846154188, 0.6250000000000000000, 0.6346153846153845812, 0.6442307692307692735, 0.6538461538461538547 ),
 .UNSPECIFIED. ) 
 CURVE ( )  GEOMETRIC_REPRESENTATION_ITEM ( )  RATIONAL_B_SPLINE_CURVE ( ( 1.000000000000000000, 0.9238795325112867385, 1.000000000000000000, 0.9238795325112867385, 1.000000000000000000, 0.9238795325112867385, 1.000000000000000000, 0.9238795325112867385, 1.000000000000000000 ) ) 
 REPRESENTATION_ITEM ( '' )  );
#910 = FACE_OUTER_BOUND ( 'NONE', #750, .T. ) ;
#911 = CARTESIAN_POINT ( 'NONE',  ( 1.673947134580573870, -4.041265874999999674, 25.74999999863440436 ) ) ;
#912 = CYLINDRICAL_SURFACE ( 'NONE', #2799, 3.500000000000000000 ) ;
#913 = ORIENTED_EDGE ( 'NONE', *, *, #2996, .F. ) ;
#914 = DIRECTION ( 'NONE',  ( 0.000000000000000000, 0.000000000000000000, -1.000000000000000000 ) ) ;
#915 = CARTESIAN_POINT ( 'NONE',  ( 1.673947134580574092, 4.041265874999998786, 24.12499999863441147 ) ) ;
#916 = CARTESIAN_POINT ( 'NONE',  ( -3.500000000000001332, 1.449747468305832010, 24.93750000000000355 ) ) ;
#917 = MECHANICAL_DESIGN_GEOMETRIC_PRESENTATION_REPRESENTATION (  '', ( #383 ), #3183 ) ;
#918 = CYLINDRICAL_SURFACE ( 'NONE', #2195, 1.250000000000002887 ) ;
#919 = SURFACE_STYLE_FILL_AREA ( #2328 ) ;
#920 = ORIENTED_EDGE ( 'NONE', *, *, #1981, .F. ) ;
#921 = CARTESIAN_POINT ( 'NONE',  ( -3.500000000000000000, -4.286263797015736595E-16, 29.74999999726881583 ) ) ;
#922 = CARTESIAN_POINT ( 'NONE',  ( -1.673947134580573204, -4.041265874999999674, 25.49999999863440792 ) ) ;
#923 = CARTESIAN_POINT ( 'NONE',  ( -1.673947134580575424, 4.041265874999998786, 29.24999999863440436 ) ) ;
#924 = EDGE_CURVE ( 'NONE', #1733, #2868, #1157, .T. ) ;
#925 = ORIENTED_EDGE ( 'NONE', *, *, #3126, .F. ) ;
#926 = CARTESIAN_POINT ( 'NONE',  ( -3.500000000000000000, -1.449747468305833564, 23.06250000000000355 ) ) ;
#927 = CARTESIAN_POINT ( 'NONE',  ( 2.857606504790286106, 2.857606504790286994, 29.06249999863441147 ) ) ;
#928 = CARTESIAN_POINT ( 'NONE',  ( -2.857606504790286550, -2.857606504790286994, 18.43749999863440792 ) ) ;
#929 = CARTESIAN_POINT ( 'NONE',  ( 2.857606504790286994, -2.857606504790286994, 22.81249999863440792 ) ) ;
#930 = VECTOR ( 'NONE', #1911, 1000.000000000000000 ) ;
#931 = CARTESIAN_POINT ( 'NONE',  ( -2.474873734152916338, -2.474873734152916782, 18.12500000000000355 ) ) ;
#932 = DIRECTION ( 'NONE',  ( 0.000000000000000000, -1.000000000000000000, 0.000000000000000000 ) ) ;
#933 = ORIENTED_EDGE ( 'NONE', *, *, #548, .T. ) ;
#934 = B_SPLINE_CURVE_WITH_KNOTS ( 'NONE', 1,
 ( #3179, #3442 ),
 .UNSPECIFIED., .F., .F.,
 ( 2, 2 ),
 ( 0.000000000000000000, 1.000000000000000000 ),
 .UNSPECIFIED. ) ;
#935 = CARTESIAN_POINT ( 'NONE',  ( 2.474873734152916782, -2.474873734152916782, 29.12499999726881583 ) ) ;
#936 = CARTESIAN_POINT ( 'NONE',  ( 2.143131898507868297E-16, -3.500000000000000000, 22.99999999726881583 ) ) ;
#937 = CARTESIAN_POINT ( 'NONE',  ( 4.041265874999999674, 0.000000000000000000, 28.81249999863440792 ) ) ;
#938 = FACE_OUTER_BOUND ( 'NONE', #3237, .T. ) ;
#939 = ORIENTED_EDGE ( 'NONE', *, *, #2067, .F. ) ;
#940 = DIRECTION ( 'NONE',  ( -0.000000000000000000, -0.000000000000000000, 1.000000000000000000 ) ) ;
#941 = CARTESIAN_POINT ( 'NONE',  ( -3.500000000000000000, -1.449747468305833564, 22.81249999726881583 ) ) ;
#942 = CARTESIAN_POINT ( 'NONE',  ( -7.423684977483266541E-16, 4.041265874999999674, 24.18749999863440792 ) ) ;
#943 = CARTESIAN_POINT ( 'NONE',  ( -1.449747468305832898, -3.500000000000000444, 24.18750000000000355 ) ) ;
#944 = EDGE_CURVE ( 'NONE', #2728, #3178, #1007, .T. ) ;
#945 = CARTESIAN_POINT ( 'NONE',  ( -0.3301402767847456121, 2.852070099464281583, 15.21667851148068173 ) ) ;
#946 = ORIENTED_EDGE ( 'NONE', *, *, #2958, .F. ) ;
#947 = CARTESIAN_POINT ( 'NONE',  ( -1.673947134580573426, -4.041265874999999674, 23.49999999863440792 ) ) ;
#948 = CARTESIAN_POINT ( 'NONE',  ( 3.500000000000000444, -1.449747468305833120, 31.18749999726881938 ) ) ;
#949 = CARTESIAN_POINT ( 'NONE',  ( -4.041265874999999674, -1.673947134580573648, 24.37499999863441147 ) ) ;
#950 = DIRECTION ( 'NONE',  ( 0.000000000000000000, 0.000000000000000000, 1.000000000000000000 ) ) ;
#951 = FACE_OUTER_BOUND ( 'NONE', #1958, .T. ) ;
#952 = ORIENTED_EDGE ( 'NONE', *, *, #2253, .T. ) ;
#953 = CARTESIAN_POINT ( 'NONE',  ( -7.423684977483266541E-16, 4.041265874999999674, 19.06249999863440792 ) ) ;
#954 = CARTESIAN_POINT ( 'NONE',  ( -1.449747468305834674, 3.499999999999999556, 27.81250000000000355 ) ) ;
#955 = CARTESIAN_POINT ( 'NONE',  ( -1.673947134580573426, -4.041265874999999674, 21.62499999863441502 ) ) ;
#956 = CARTESIAN_POINT ( 'NONE',  ( 1.673947134580574092, 4.041265874999998786, 24.99999999863440436 ) ) ;
#957 = LINE ( 'NONE', #1628, #2203 ) ;
#958 = CARTESIAN_POINT ( 'NONE',  ( 1.449747468305833564, 3.500000000000000000, 19.43749999726881583 ) ) ;
#959 = CARTESIAN_POINT ( 'NONE',  ( 0.000000000000000000, 0.000000000000000000, 18.00000000000000355 ) ) ;
#960 = VECTOR ( 'NONE', #2208, 1000.000000000000000 ) ;
#961 = ORIENTED_EDGE ( 'NONE', *, *, #197, .F. ) ;
#962 = CARTESIAN_POINT ( 'NONE',  ( -3.500000000000000000, -1.449747468305833564, 25.06250000000000000 ) ) ;
#963 = CARTESIAN_POINT ( 'NONE',  ( -3.500000000000000444, -1.449747468305833342, 24.81249999726881938 ) ) ;
#964 = CYLINDRICAL_SURFACE ( 'NONE', #1331, 3.100000000000000533 ) ;
#965 = VERTEX_POINT ( 'NONE', #1629 ) ;
#966 = CARTESIAN_POINT ( 'NONE',  ( 1.449747468305833786, 3.499999999999999556, 22.68750000000000355 ) ) ;
#967 = CARTESIAN_POINT ( 'NONE',  ( 0.000000000000000000, 0.000000000000000000, 18.00000000000000355 ) ) ;
#968 = CARTESIAN_POINT ( 'NONE',  ( -4.041265874999999674, -1.673947134580573648, 22.49999999863440792 ) ) ;
#969 = CARTESIAN_POINT ( 'NONE',  ( 3.499999999999999556, 1.449747468305835341, 20.56250000000000711 ) ) ;
#970 = CYLINDRICAL_SURFACE ( 'NONE', #3631, 3.500000000000000000 ) ;
#971 = ORIENTED_EDGE ( 'NONE', *, *, #1528, .F. ) ;
#972 = CARTESIAN_POINT ( 'NONE',  ( -4.041265874999999674, -4.949123318322177694E-16, 24.31249999863440436 ) ) ;
#973 = CARTESIAN_POINT ( 'NONE',  ( -1.449747468305832898, -3.500000000000000444, 28.93749999726881583 ) ) ;
#974 = CARTESIAN_POINT ( 'NONE',  ( 1.673947134580573648, -4.041265874999999674, 25.62499999863441147 ) ) ;
#975 = CARTESIAN_POINT ( 'NONE',  ( 1.449747468305833564, -3.500000000000000000, 22.06249999726881583 ) ) ;
#976 = CARTESIAN_POINT ( 'NONE',  ( -0.3282050358826025249, 5.992938828568170173, 12.78278291933165001 ) ) ;
#977 = FACE_OUTER_BOUND ( 'NONE', #2136, .T. ) ;
#978 = LINE ( 'NONE', #2765, #3392 ) ;
#979 = ORIENTED_EDGE ( 'NONE', *, *, #1643, .T. ) ;
#980 = CARTESIAN_POINT ( 'NONE',  ( -3.500000000000000444, -1.449747468305833342, 27.06250000000000000 ) ) ;
#981 = CARTESIAN_POINT ( 'NONE',  ( 4.041265874999999674, 0.000000000000000000, 22.93749999863440792 ) ) ;
#982 = CARTESIAN_POINT ( 'NONE',  ( -2.857606504790286994, 2.857606504790286550, 24.18749999863440792 ) ) ;
#983 = FACE_BOUND ( 'NONE', #431, .T. ) ;
#984 = CARTESIAN_POINT ( 'NONE',  ( -2.474873734152916338, -2.474873734152916782, 20.87499999726881583 ) ) ;
#985 = CARTESIAN_POINT ( 'NONE',  ( 3.500000000000000000, 0.000000000000000000, 19.24999999726881583 ) ) ;
#986 = VECTOR ( 'NONE', #1041, 1000.000000000000000 ) ;
#987 = CARTESIAN_POINT ( 'NONE',  ( -1.449747468305832898, -3.500000000000000000, 28.93749999726881938 ) ) ;
#988 = CARTESIAN_POINT ( 'NONE',  ( 1.449747468305833564, 3.500000000000000000, 22.43749999726881583 ) ) ;
#989 = FACE_OUTER_BOUND ( 'NONE', #1575, .T. ) ;
#990 = LINE ( 'NONE', #1955, #1015 ) ;
#991 = CARTESIAN_POINT ( 'NONE',  ( 2.857606504790286106, 2.857606504790286994, 22.06249999863440792 ) ) ;
#992 = FACE_OUTER_BOUND ( 'NONE', #1447, .T. ) ;
#993 = EDGE_CURVE ( 'NONE', #2659, #1530, #2427, .T. ) ;
#994 = CARTESIAN_POINT ( 'NONE',  ( -3.500000000000001332, 1.449747468305832454, 22.93750000000000355 ) ) ;
#995 = CARTESIAN_POINT ( 'NONE',  ( 2.474873734152916782, -2.474873734152916782, 26.37500000000000355 ) ) ;
#996 = CARTESIAN_POINT ( 'NONE',  ( -6.429395695523603167E-16, 3.500000000000000000, 24.49999999726881583 ) ) ;
#997 = CARTESIAN_POINT ( 'NONE',  ( 4.041265874999998786, 1.673947134580575868, 20.99999999863440792 ) ) ;
#998 = CARTESIAN_POINT ( 'NONE',  ( -6.429395695523603167E-16, 3.500000000000000000, 21.75000000000000355 ) ) ;
#999 = FACE_OUTER_BOUND ( 'NONE', #1711, .T. ) ;
#1000 = LINE ( 'NONE', #1813, #2226 ) ;
#1001 = CARTESIAN_POINT ( 'NONE',  ( -3.500000000000000000, -4.286263797015736595E-16, 27.74999999726881583 ) ) ;
#1002 = CARTESIAN_POINT ( 'NONE',  ( -2.857606504790286994, 2.857606504790286550, 21.18749999863441147 ) ) ;
#1003 = CARTESIAN_POINT ( 'NONE',  ( -2.100000000000000089, -3.840884861430584379E-23, 10.90000000000000036 ) ) ;
#1004 = CARTESIAN_POINT ( 'NONE',  ( 4.041265874999998786, 1.673947134580575868, 29.99999999863440436 ) ) ;
#1005 = CARTESIAN_POINT ( 'NONE',  ( -0.9999280223985116400, 5.917257064483841589, 14.76786352510259093 ) ) ;
#1006 = FACE_OUTER_BOUND ( 'NONE', #843, .T. ) ;
#1007 = LINE ( 'NONE', #1081, #3420 ) ;
#1008 = CARTESIAN_POINT ( 'NONE',  ( -2.857606504790286550, -2.857606504790286994, 27.56249999863440792 ) ) ;
#1009 = CARTESIAN_POINT ( 'NONE',  ( -2.474873734152916338, -2.474873734152916782, 27.12500000000000355 ) ) ;
#1010 = CARTESIAN_POINT ( 'NONE',  ( 1.673947134580573870, -4.041265874999999674, 19.74999999863441147 ) ) ;
#1011 = CIRCLE ( 'NONE', #2831, 2.100000000000000089 ) ;
#1012 = CARTESIAN_POINT ( 'NONE',  ( -2.857606504790286994, 2.857606504790286550, 25.18749999863440792 ) ) ;
#1013 = CARTESIAN_POINT ( 'NONE',  ( 2.474873734152915894, 2.474873734152917226, 22.37499999726881583 ) ) ;
#1014 = AXIS2_PLACEMENT_3D ( 'NONE', #3586, #3021, #3314 ) ;
#1015 = VECTOR ( 'NONE', #511, 1000.000000000000000 ) ;
#1016 = CARTESIAN_POINT ( 'NONE',  ( 1.449747468305833564, -3.500000000000000000, 19.31250000000000355 ) ) ;
#1017 = CARTESIAN_POINT ( 'NONE',  ( -1.214634994357284503, 1.714740165333850097, 4.663250571012619083 ) ) ;
#1018 = CARTESIAN_POINT ( 'NONE',  ( 2.474873734152916782, -2.474873734152916782, 22.12499999726881583 ) ) ;
#1019 = FACE_OUTER_BOUND ( 'NONE', #3381, .T. ) ;
#1020 = EDGE_CURVE ( 'NONE', #2711, #1989, #3468, .T. ) ;
#1021 = CARTESIAN_POINT ( 'NONE',  ( 4.041265874999999674, -1.673947134580573648, 29.74999999863440792 ) ) ;
#1022 = CARTESIAN_POINT ( 'NONE',  ( -3.500000000000001332, 1.449747468305832454, 26.93750000000000355 ) ) ;
#1023 = CARTESIAN_POINT ( 'NONE',  ( 1.449747468305833564, -3.500000000000000000, 26.31250000000000355 ) ) ;
#1024 = CARTESIAN_POINT ( 'NONE',  ( -5.149883675480754874, 3.079109514311371587, 14.41358911485266781 ) ) ;
#1025 = CARTESIAN_POINT ( 'NONE',  ( 3.500000000000000000, -1.449747468305833120, 28.18749999726881938 ) ) ;
#1026 = CARTESIAN_POINT ( 'NONE',  ( -2.857606504790286994, 2.857606504790286550, 20.31249999863440792 ) ) ;
#1027 = CARTESIAN_POINT ( 'NONE',  ( -3.500000000000000000, -4.286263797015736595E-16, 20.00000000000000355 ) ) ;
#1028 = DIRECTION ( 'NONE',  ( 1.000000000000000000, 0.000000000000000000, 0.000000000000000000 ) ) ;
#1029 = VECTOR ( 'NONE', #3323, 1000.000000000000000 ) ;
#1030 = CARTESIAN_POINT ( 'NONE',  ( 3.500000000000000000, 0.000000000000000000, 18.00000000000000355 ) ) ;
#1031 = CARTESIAN_POINT ( 'NONE',  ( 6.000000000000000888, 7.347880794884120722E-16, 0.000000000000000000 ) ) ;
#1032 = CARTESIAN_POINT ( 'NONE',  ( 1.673947134580573648, -4.041265874999999674, 21.62499999863441147 ) ) ;
#1033 = CARTESIAN_POINT ( 'NONE',  ( -4.041265874999999674, -1.673947134580573870, 29.49999999863440436 ) ) ;
#1034 = CARTESIAN_POINT ( 'NONE',  ( -1.250032309329061508, 5.868340415034846380, 14.08128537165804595 ) ) ;
#1035 = CARTESIAN_POINT ( 'NONE',  ( -1.449747468305832898, -3.500000000000000000, 29.93749999726881938 ) ) ;
#1036 =( BOUNDED_CURVE ( )  B_SPLINE_CURVE ( 2, ( #3319, #1939, #3073, #3615, #1132, #496, #2788, #1177, #2237 ),
 .UNSPECIFIED., .F., .F. ) 
 B_SPLINE_CURVE_WITH_KNOTS ( ( 3, 2, 2, 2, 3 ),
 ( 0.9230769230769231282, 0.9326923076923077094, 0.9423076923076922906, 0.9519230769230768718, 0.9615384615384615641 ),
 .UNSPECIFIED. ) 
 CURVE ( )  GEOMETRIC_REPRESENTATION_ITEM ( )  RATIONAL_B_SPLINE_CURVE ( ( 1.000000000000000000, 0.9238795325112867385, 1.000000000000000000, 0.9238795325112867385, 1.000000000000000000, 0.9238795325112867385, 1.000000000000000000, 0.9238795325112867385, 1.000000000000000000 ) ) 
 REPRESENTATION_ITEM ( '' )  );
#1037 = CARTESIAN_POINT ( 'NONE',  ( -2.474873734152917226, 2.474873734152916338, 27.87500000000000355 ) ) ;
#1038 = CARTESIAN_POINT ( 'NONE',  ( -1.673947134580575424, 4.041265874999998786, 19.24999999863440792 ) ) ;
#1039 = FACE_OUTER_BOUND ( 'NONE', #2653, .T. ) ;
#1040 = CARTESIAN_POINT ( 'NONE',  ( 4.041265874999999674, 0.000000000000000000, 25.81249999863440792 ) ) ;
#1041 = DIRECTION ( 'NONE',  ( -0.000000000000000000, -0.000000000000000000, 1.000000000000000000 ) ) ;
#1042 = DIRECTION ( 'NONE',  ( 1.000000000000000000, 0.000000000000000000, 0.000000000000000000 ) ) ;
#1043 = CARTESIAN_POINT ( 'NONE',  ( -7.423684977483266541E-16, 4.041265874999999674, 29.18749999863440792 ) ) ;
#1044 = FACE_OUTER_BOUND ( 'NONE', #1906, .T. ) ;
#1045 = CARTESIAN_POINT ( 'NONE',  ( 1.949358868961793556, -0.7810249675906638656, 11.00000000000000000 ) ) ;
#1046 = LINE ( 'NONE', #2896, #2267 ) ;
#1047 = CARTESIAN_POINT ( 'NONE',  ( 1.673947134580573870, -4.041265874999999674, 29.62499999863440792 ) ) ;
#1048 = CARTESIAN_POINT ( 'NONE',  ( 0.000000000000000000, 6.000000000000000888, 14.00000000000000000 ) ) ;
#1049 = CARTESIAN_POINT ( 'NONE',  ( 2.857606504790286106, 2.857606504790286994, 19.06249999863440792 ) ) ;
#1050 = VECTOR ( 'NONE', #485, 1000.000000000000000 ) ;
#1051 = CYLINDRICAL_SURFACE ( 'NONE', #489, 3.500000000000000000 ) ;
#1052 = CARTESIAN_POINT ( 'NONE',  ( -3.500000000000001332, 1.449747468305832454, 27.93750000000000711 ) ) ;
#1053 = CARTESIAN_POINT ( 'NONE',  ( -2.857606504790286994, 2.857606504790286550, 22.18749999863440792 ) ) ;
#1054 = CARTESIAN_POINT ( 'NONE',  ( -2.100000000000000089, -0.2679330505265786200, 10.90000000000000036 ) ) ;
#1055 = CARTESIAN_POINT ( 'NONE',  ( 2.857606504790286994, -2.857606504790286994, 28.81249999863440792 ) ) ;
#1056 = LINE ( 'NONE', #3295, #1029 ) ;
#1057 = CARTESIAN_POINT ( 'NONE',  ( -1.241843620414984972, 5.870101538635534411, 5.164380573350645598 ) ) ;
#1058 = CARTESIAN_POINT ( 'NONE',  ( 1.673947134580573870, -4.041265874999999674, 28.74999999863440792 ) ) ;
#1059 = CARTESIAN_POINT ( 'NONE',  ( 1.449747468305833564, 3.500000000000000000, 28.68750000000000711 ) ) ;
#1060 = CARTESIAN_POINT ( 'NONE',  ( 1.673947134580574092, 4.041265874999998786, 19.12499999863441147 ) ) ;
#1061 = CARTESIAN_POINT ( 'NONE',  ( -1.673947134580575424, 4.041265874999998786, 24.12499999863441502 ) ) ;
#1062 = CARTESIAN_POINT ( 'NONE',  ( -6.429395695523603167E-16, 3.500000000000000000, 29.49999999726881583 ) ) ;
#1063 = CARTESIAN_POINT ( 'NONE',  ( 2.143131898507868297E-16, -3.500000000000000000, 20.99999999726881583 ) ) ;
#1064 = CARTESIAN_POINT ( 'NONE',  ( -1.673947134580573204, -4.041265874999999674, 29.62499999863440792 ) ) ;
#1065 = CARTESIAN_POINT ( 'NONE',  ( 3.500000000000000000, 0.000000000000000000, 25.24999999726881938 ) ) ;
#1066 = CARTESIAN_POINT ( 'NONE',  ( -1.250008679244121179, 3.100003499695206166, 13.83529440994225546 ) ) ;
#1067 = CARTESIAN_POINT ( 'NONE',  ( 2.474873734152915894, 2.474873734152917226, 19.37499999726881583 ) ) ;
#1068 = CARTESIAN_POINT ( 'NONE',  ( 2.857606504790286106, 2.857606504790286994, 27.93749999863440792 ) ) ;
#1069 = VECTOR ( 'NONE', #1637, 1000.000000000000000 ) ;
#1070 = CARTESIAN_POINT ( 'NONE',  ( -4.041265874999999674, -1.673947134580573870, 25.37499999863441147 ) ) ;
#1071 = DIRECTION ( 'NONE',  ( 0.000000000000000000, 0.000000000000000000, 1.000000000000000000 ) ) ;
#1072 = CARTESIAN_POINT ( 'NONE',  ( 4.041265874999999674, -1.673947134580573426, 30.74999999863440792 ) ) ;
#1073 = CARTESIAN_POINT ( 'NONE',  ( 2.474561659161088847E-16, -4.041265874999999674, 19.68749999863440792 ) ) ;
#1074 = CARTESIAN_POINT ( 'NONE',  ( -3.500000000000000000, -4.286263797015736595E-16, 18.74999999726881583 ) ) ;
#1075 = LINE ( 'NONE', #2742, #1069 ) ;
#1076 = ADVANCED_FACE ( 'NONE', ( #2275 ), #1660, .F. ) ;
#1077 = DIRECTION ( 'NONE',  ( -0.000000000000000000, 0.000000000000000000, 1.000000000000000000 ) ) ;
#1078 = CARTESIAN_POINT ( 'NONE',  ( -7.423684977483266541E-16, 4.041265874999999674, 21.06249999863440792 ) ) ;
#1079 = PLANE ( 'NONE',  #1255 ) ;
#1080 = CARTESIAN_POINT ( 'NONE',  ( -1.673947134580575424, 4.041265874999998786, 23.12499999863441147 ) ) ;
#1081 = CARTESIAN_POINT ( 'NONE',  ( 2.000000000000000000, 0.000000000000000000, 17.10000000000000142 ) ) ;
#1082 = CARTESIAN_POINT ( 'NONE',  ( 4.041265874999999674, -1.673947134580573648, 28.87499999863441147 ) ) ;
#1083 = PRESENTATION_STYLE_ASSIGNMENT (( #3517 ) ) ;
#1084 = EDGE_CURVE ( 'NONE', #2919, #3178, #3312, .T. ) ;
#1085 = CARTESIAN_POINT ( 'NONE',  ( -0.7691680017106983236, 5.951628850031973172, 4.001341621895597278 ) ) ;
#1086 = CARTESIAN_POINT ( 'NONE',  ( -1.449747468305832898, -3.500000000000000000, 24.18750000000000355 ) ) ;
#1087 = CARTESIAN_POINT ( 'NONE',  ( -3.500000000000000000, -4.286263797015736595E-16, 20.74999999726881583 ) ) ;
#1088 = CARTESIAN_POINT ( 'NONE',  ( 2.474873734152915894, 2.474873734152917226, 23.62500000000000355 ) ) ;
#1089 = SURFACE_STYLE_FILL_AREA ( #141 ) ;
#1090 = CARTESIAN_POINT ( 'NONE',  ( 4.041265874999998786, 1.673947134580575868, 19.87499999863440792 ) ) ;
#1091 = CARTESIAN_POINT ( 'NONE',  ( 3.500000000000000000, 0.000000000000000000, 29.24999999726881583 ) ) ;
#1092 = CARTESIAN_POINT ( 'NONE',  ( 3.500000000000000000, -1.449747468305833120, 24.18749999726881583 ) ) ;
#1093 = CARTESIAN_POINT ( 'NONE',  ( -4.041265874999999674, -4.949123318322177694E-16, 30.43749999863440792 ) ) ;
#1094 = CIRCLE ( 'NONE', #3558, 3.500000000000000000 ) ;
#1095 = CARTESIAN_POINT ( 'NONE',  ( 3.500000000000000000, 0.000000000000000000, 20.50000000000000355 ) ) ;
#1096 = EDGE_CURVE ( 'NONE', #2822, #784, #1324, .T. ) ;
#1097 = AXIS2_PLACEMENT_3D ( 'NONE', #1259, #651, #914 ) ;
#1098 = CARTESIAN_POINT ( 'NONE',  ( 2.143131898507868297E-16, -3.500000000000000000, 26.99999999726881583 ) ) ;
#1099 = EDGE_CURVE ( 'NONE', #1932, #699, #1046, .T. ) ;
#1100 = CARTESIAN_POINT ( 'NONE',  ( 2.474561659161088847E-16, -4.041265874999999674, 25.56249999863440792 ) ) ;
#1101 = DIRECTION ( 'NONE',  ( 0.000000000000000000, -1.000000000000000000, 0.000000000000000000 ) ) ;
#1102 = CARTESIAN_POINT ( 'NONE',  ( -2.474873734152916338, -2.474873734152916782, 27.87499999726881583 ) ) ;
#1103 = CARTESIAN_POINT ( 'NONE',  ( 2.474873734152916782, -2.474873734152916782, 18.37500000000000355 ) ) ;
#1104 = CARTESIAN_POINT ( 'NONE',  ( 1.449747468305833564, -3.500000000000000000, 20.06249999726881938 ) ) ;
#1105 = AXIS2_PLACEMENT_3D ( 'NONE', #3664, #243, #404 ) ;
#1106 = CARTESIAN_POINT ( 'NONE',  ( 1.673947134580574092, 4.041265874999998786, 20.99999999863441147 ) ) ;
#1107 = CARTESIAN_POINT ( 'NONE',  ( 2.474561659161088847E-16, -4.041265874999999674, 22.56249999863440792 ) ) ;
#1108 = CARTESIAN_POINT ( 'NONE',  ( -2.100000000000000089, -3.840884861430584379E-23, 10.90000000000000036 ) ) ;
#1109 = CARTESIAN_POINT ( 'NONE',  ( -4.041265875000001451, 1.673947134580572538, 28.37499999863441147 ) ) ;
#1110 = CARTESIAN_POINT ( 'NONE',  ( -5.233075498417158578, -2.936446228047555174, 12.98630507314248028 ) ) ;
#1111 = CARTESIAN_POINT ( 'NONE',  ( 0.000000000000000000, 0.000000000000000000, 18.00000000000000355 ) ) ;
#1112 = VECTOR ( 'NONE', #3302, 1000.000000000000000 ) ;
#1113 = CARTESIAN_POINT ( 'NONE',  ( -1.091833514733748789, 5.900169758489261618, 5.630349936529398747 ) ) ;
#1114 = CARTESIAN_POINT ( 'NONE',  ( 4.041265874999999674, -1.673947134580573648, 22.87499999863441502 ) ) ;
#1115 = CARTESIAN_POINT ( 'NONE',  ( 2.143131898507868297E-16, -3.500000000000000000, 23.25000000000000355 ) ) ;
#1116 = CARTESIAN_POINT ( 'NONE',  ( -4.041265874999999674, -1.673947134580573870, 19.37499999863440792 ) ) ;
#1117 = CARTESIAN_POINT ( 'NONE',  ( 2.143131898507868297E-16, -3.500000000000000000, 23.99999999726881583 ) ) ;
#1118 = CARTESIAN_POINT ( 'NONE',  ( 1.673947134580574092, 4.041265874999998786, 27.12499999863441147 ) ) ;
#1119 = CARTESIAN_POINT ( 'NONE',  ( -1.449747468305834897, 3.499999999999999112, 19.56249999726881938 ) ) ;
#1120 = VECTOR ( 'NONE', #1524, 1000.000000000000000 ) ;
#1121 = CARTESIAN_POINT ( 'NONE',  ( -7.423684977483266541E-16, 4.041265874999999674, 26.06249999863440792 ) ) ;
#1122 = CARTESIAN_POINT ( 'NONE',  ( 0.000000000000000000, 0.000000000000000000, 35.00000000000000000 ) ) ;
#1123 = CARTESIAN_POINT ( 'NONE',  ( -2.857606504790286994, 2.857606504790286550, 28.18749999863440792 ) ) ;
#1124 = CARTESIAN_POINT ( 'NONE',  ( -1.449747468305832898, -3.500000000000000000, 18.18750000000000355 ) ) ;
#1125 = CYLINDRICAL_SURFACE ( 'NONE', #1505, 1.250000000000001110 ) ;
#1126 = CIRCLE ( 'NONE', #2654, 2.100000000000000089 ) ;
#1127 = CARTESIAN_POINT ( 'NONE',  ( 4.041265874999999674, 0.000000000000000000, 18.93749999863440792 ) ) ;
#1128 = CARTESIAN_POINT ( 'NONE',  ( -4.041265874999999674, -4.949123318322177694E-16, 20.31249999863440792 ) ) ;
#1129 = CARTESIAN_POINT ( 'NONE',  ( -3.500000000000000000, -4.286263797015736595E-16, 27.74999999726881583 ) ) ;
#1130 = CARTESIAN_POINT ( 'NONE',  ( 2.857606504790286106, 2.857606504790286994, 28.06249999863440792 ) ) ;
#1131 = CARTESIAN_POINT ( 'NONE',  ( -1.673947134580575424, 4.041265874999998786, 29.12499999863440792 ) ) ;
#1132 = CARTESIAN_POINT ( 'NONE',  ( 2.143131898507868297E-16, -3.500000000000000000, 18.99999999726881583 ) ) ;
#1133 = EDGE_CURVE ( 'NONE', #3330, #3000, #2214, .T. ) ;
#1134 = CYLINDRICAL_SURFACE ( 'NONE', #2090, 3.500000000000000000 ) ;
#1135 = CARTESIAN_POINT ( 'NONE',  ( -1.250032309329060176, 5.868340415034844604, 5.081285371658045946 ) ) ;
#1136 = PLANE ( 'NONE',  #1806 ) ;
#1137 = CARTESIAN_POINT ( 'NONE',  ( 2.474873734152916782, -2.474873734152916782, 30.37500000000000355 ) ) ;
#1138 = CARTESIAN_POINT ( 'NONE',  ( -2.857606504790286994, 2.857606504790286550, 25.31249999863440792 ) ) ;
#1139 = CARTESIAN_POINT ( 'NONE',  ( -2.857606504790286550, -2.857606504790286994, 21.43749999863441147 ) ) ;
#1140 = CARTESIAN_POINT ( 'NONE',  ( 2.474561659161088847E-16, -4.041265874999999674, 26.68749999863440792 ) ) ;
#1141 = ADVANCED_FACE ( 'NONE', ( #2261 ), #3486, .T. ) ;
#1142 = EDGE_CURVE ( 'NONE', #2756, #2868, #2184, .T. ) ;
#1143 = CARTESIAN_POINT ( 'NONE',  ( -1.209133691162133983, 3.083712356011356182, 14.32750686464290624 ) ) ;
#1144 = CARTESIAN_POINT ( 'NONE',  ( 4.041265874999999674, 0.000000000000000000, 24.81249999863440436 ) ) ;
#1145 = CARTESIAN_POINT ( 'NONE',  ( -4.041265875000000563, 1.673947134580572538, 30.24999999863440792 ) ) ;
#1146 = DIRECTION ( 'NONE',  ( -0.000000000000000000, -0.000000000000000000, 1.000000000000000000 ) ) ;
#1147 = CARTESIAN_POINT ( 'NONE',  ( -4.041265874999999674, -4.949123318322177694E-16, 20.43749999863440792 ) ) ;
#1148 = CARTESIAN_POINT ( 'NONE',  ( 2.857606504790286994, -2.857606504790286994, 19.68749999863440792 ) ) ;
#1149 = CARTESIAN_POINT ( 'NONE',  ( 4.041265874999998786, 1.673947134580575868, 19.87499999863441147 ) ) ;
#1150 = CARTESIAN_POINT ( 'NONE',  ( -1.673947134580573426, -4.041265874999999674, 27.62499999863441147 ) ) ;
#1151 = CARTESIAN_POINT ( 'NONE',  ( -3.500000000000000000, -4.286263797015736595E-16, 20.74999999726881583 ) ) ;
#1152 = CARTESIAN_POINT ( 'NONE',  ( -4.041265875000001451, 1.673947134580572538, 30.24999999863440792 ) ) ;
#1153 = CARTESIAN_POINT ( 'NONE',  ( 4.041265874999999674, 0.000000000000000000, 30.93749999863440792 ) ) ;
#1154 =( BOUNDED_CURVE ( )  B_SPLINE_CURVE ( 2, ( #1993, #2832, #3138, #3449, #2755, #308, #618, #926, #1346 ),
 .UNSPECIFIED., .F., .F. ) 
 B_SPLINE_CURVE_WITH_KNOTS ( ( 3, 2, 2, 2, 3 ),
 ( 0.5384615384615384359, 0.5480769230769231282, 0.5576923076923077094, 0.5673076923076922906, 0.5769230769230768718 ),
 .UNSPECIFIED. ) 
 CURVE ( )  GEOMETRIC_REPRESENTATION_ITEM ( )  RATIONAL_B_SPLINE_CURVE ( ( 1.000000000000000000, 0.9238795325112867385, 1.000000000000000000, 0.9238795325112867385, 1.000000000000000000, 0.9238795325112867385, 1.000000000000000000, 0.9238795325112867385, 1.000000000000000000 ) ) 
 REPRESENTATION_ITEM ( '' )  );
#1155 = VECTOR ( 'NONE', #2193, 1000.000000000000000 ) ;
#1156 = CARTESIAN_POINT ( 'NONE',  ( 3.500000000000000000, 0.000000000000000000, 18.00000000000000355 ) ) ;
#1157 =( BOUNDED_CURVE ( )  B_SPLINE_CURVE ( 2, ( #3591, #264, #764, #2466, #2234, #3317, #2487, #1600, #523 ),
 .UNSPECIFIED., .F., .F. ) 
 B_SPLINE_CURVE_WITH_KNOTS ( ( 3, 2, 2, 2, 3 ),
 ( 0.7692307692307692735, 0.7788461538461538547, 0.7884615384615384359, 0.7980769230769231282, 0.8076923076923077094 ),
 .UNSPECIFIED. ) 
 CURVE ( )  GEOMETRIC_REPRESENTATION_ITEM ( )  RATIONAL_B_SPLINE_CURVE ( ( 1.000000000000000000, 0.9238795325112867385, 1.000000000000000000, 0.9238795325112867385, 1.000000000000000000, 0.9238795325112867385, 1.000000000000000000, 0.9238795325112867385, 1.000000000000000000 ) ) 
 REPRESENTATION_ITEM ( '' )  );
#1158 = CARTESIAN_POINT ( 'NONE',  ( -1.673947134580573426, -4.041265874999999674, 23.62499999863441147 ) ) ;
#1159 = CARTESIAN_POINT ( 'NONE',  ( -1.673947134580575424, 4.041265874999998786, 22.12499999863441502 ) ) ;
#1160 = CARTESIAN_POINT ( 'NONE',  ( 3.500000000000000000, -1.449747468305833120, 21.43750000000000355 ) ) ;
#1161 = CARTESIAN_POINT ( 'NONE',  ( 1.673947134580574092, 4.041265874999998786, 23.12499999863441147 ) ) ;
#1162 = FACE_BOUND ( 'NONE', #1639, .T. ) ;
#1163 = CARTESIAN_POINT ( 'NONE',  ( -3.500000000000000000, -4.286263797015736595E-16, 29.00000000000000000 ) ) ;
#1164 = B_SPLINE_CURVE_WITH_KNOTS ( 'NONE', 3,
 ( #3257, #3553, #976, #3220, #3246, #356, #893, #408, #2533, #1034, #661, #1189, #1459, #2658, #1005, #1289, #104, #281, #256, #3085 ),
 .UNSPECIFIED., .F., .F.,
 ( 4, 2, 2, 2, 2, 2, 2, 2, 2, 4 ),
 ( 0.000000000000000000, 0.0004898527925187289586, 0.0009797055850374579173, 0.001469558377556186768, 0.001959411170074915835, 0.002204337566334283079, 0.002449263962593649889, 0.002939116755112389148, 0.003428969547631128406, 0.003918822340149868098 ),
 .UNSPECIFIED. ) ;
#1165 =( BOUNDED_CURVE ( )  B_SPLINE_CURVE ( 2, ( #2628, #94, #323, #3532, #2031, #397, #653, #1221, #1451 ),
 .UNSPECIFIED., .F., .F. ) 
 B_SPLINE_CURVE_WITH_KNOTS ( ( 3, 2, 2, 2, 3 ),
 ( 0.5769230769230768718, 0.5865384615384615641, 0.5961538461538461453, 0.6057692307692307265, 0.6153846153846154188 ),
 .UNSPECIFIED. ) 
 CURVE ( )  GEOMETRIC_REPRESENTATION_ITEM ( )  RATIONAL_B_SPLINE_CURVE ( ( 1.000000000000000000, 0.9238795325112867385, 1.000000000000000000, 0.9238795325112867385, 1.000000000000000000, 0.9238795325112867385, 1.000000000000000000, 0.9238795325112867385, 1.000000000000000000 ) ) 
 REPRESENTATION_ITEM ( '' )  );
#1166 = VECTOR ( 'NONE', #1771, 1000.000000000000000 ) ;
#1167 = CARTESIAN_POINT ( 'NONE',  ( 1.673947134580573870, -4.041265874999999674, 27.62499999863441147 ) ) ;
#1168 = CARTESIAN_POINT ( 'NONE',  ( -1.673947134580573204, -4.041265874999999674, 26.49999999863440792 ) ) ;
#1169 = CARTESIAN_POINT ( 'NONE',  ( 2.000000000000000000, -0.7810249675906638656, 11.00000000000000000 ) ) ;
#1170 = CIRCLE ( 'NONE', #536, 3.500000000000000000 ) ;
#1171 = CARTESIAN_POINT ( 'NONE',  ( 2.857606504790286994, -2.857606504790286994, 18.81249999863440792 ) ) ;
#1172 = CARTESIAN_POINT ( 'NONE',  ( 4.041265874999999674, -1.673947134580573648, 19.74999999863441147 ) ) ;
#1173 = CARTESIAN_POINT ( 'NONE',  ( 2.474873734152916782, -2.474873734152916782, 30.37500000000000355 ) ) ;
#1174 = CARTESIAN_POINT ( 'NONE',  ( 2.857606504790286106, 2.857606504790286994, 23.06249999863440792 ) ) ;
#1175 = CARTESIAN_POINT ( 'NONE',  ( -5.639137269008836384, -2.054963024627177948, 11.67048490474648581 ) ) ;
#1176 = CARTESIAN_POINT ( 'NONE',  ( 4.041265874999999674, 0.000000000000000000, 30.81249999863440792 ) ) ;
#1177 = CARTESIAN_POINT ( 'NONE',  ( -3.500000000000000000, -1.449747468305833564, 18.81249999726881938 ) ) ;
#1178 = CARTESIAN_POINT ( 'NONE',  ( 1.449747468305833564, -3.500000000000000000, 29.06249999726881583 ) ) ;
#1179 = CARTESIAN_POINT ( 'NONE',  ( 4.041265874999999674, -1.673947134580573648, 23.87499999863441502 ) ) ;
#1180 = CARTESIAN_POINT ( 'NONE',  ( 4.041265874999999674, 0.000000000000000000, 21.81249999863440792 ) ) ;
#1181 = CARTESIAN_POINT ( 'NONE',  ( 0.9992252543351203276, 5.917348716280394605, 13.23160485189495006 ) ) ;
#1182 = CARTESIAN_POINT ( 'NONE',  ( 4.041265874999999674, 0.000000000000000000, 24.93749999863440792 ) ) ;
#1183 = LINE ( 'NONE', #1030, #1120 ) ;
#1184 = CARTESIAN_POINT ( 'NONE',  ( -6.429395695523603167E-16, 3.500000000000000000, 28.75000000000000000 ) ) ;
#1185 = CARTESIAN_POINT ( 'NONE',  ( 1.449747468305833342, -3.500000000000000444, 25.31250000000000000 ) ) ;
#1186 = AXIS2_PLACEMENT_3D ( 'NONE', #2327, #58, #2045 ) ;
#1187 = CARTESIAN_POINT ( 'NONE',  ( -4.041265874999999674, -1.673947134580573870, 23.37499999863441502 ) ) ;
#1188 = CARTESIAN_POINT ( 'NONE',  ( 2.474873734152916782, -2.474873734152916782, 28.12499999726881583 ) ) ;
#1189 = CARTESIAN_POINT ( 'NONE',  ( -1.209813661503296611, 5.876786414010351400, 14.32488067794265163 ) ) ;
#1190 = CARTESIAN_POINT ( 'NONE',  ( 2.857606504790286106, 2.857606504790286994, 25.93749999863440792 ) ) ;
#1191 = DIRECTION ( 'NONE',  ( 0.000000000000000000, 0.000000000000000000, 1.000000000000000000 ) ) ;
#1192 = CYLINDRICAL_SURFACE ( 'NONE', #2618, 3.500000000000000000 ) ;
#1193 = DIRECTION ( 'NONE',  ( -0.000000000000000000, -0.000000000000000000, 1.000000000000000000 ) ) ;
#1194 = CARTESIAN_POINT ( 'NONE',  ( -4.041265874999999674, -1.673947134580573870, 19.37499999863440792 ) ) ;
#1195 = CARTESIAN_POINT ( 'NONE',  ( 2.474561659161088847E-16, -4.041265874999999674, 19.56249999863440792 ) ) ;
#1196 = CARTESIAN_POINT ( 'NONE',  ( 1.673947134580574092, 4.041265874999998786, 25.12499999863441147 ) ) ;
#1197 = CARTESIAN_POINT ( 'NONE',  ( -2.474873734152917226, 2.474873734152916338, 20.62499999726881583 ) ) ;
#1198 = CARTESIAN_POINT ( 'NONE',  ( -3.500000000000000000, -4.286263797015736595E-16, 19.00000000000000355 ) ) ;
#1199 = CARTESIAN_POINT ( 'NONE',  ( 3.500000000000000000, 0.000000000000000000, 19.50000000000000355 ) ) ;
#1200 = VECTOR ( 'NONE', #3052, 1000.000000000000000 ) ;
#1201 = CARTESIAN_POINT ( 'NONE',  ( -2.474873734152917226, 2.474873734152916338, 29.87500000000000355 ) ) ;
#1202 = CARTESIAN_POINT ( 'NONE',  ( -1.449747468305832898, -3.500000000000000444, 21.93749999726881228 ) ) ;
#1203 = CARTESIAN_POINT ( 'NONE',  ( 4.041265874999998786, 1.673947134580575868, 23.99999999863440792 ) ) ;
#1204 = CARTESIAN_POINT ( 'NONE',  ( -3.500000000000000000, -4.286263797015736595E-16, 22.74999999726881583 ) ) ;
#1205 = CARTESIAN_POINT ( 'NONE',  ( -2.857606504790286994, 2.857606504790286550, 23.31249999863440792 ) ) ;
#1206 = CARTESIAN_POINT ( 'NONE',  ( 3.500000000000000000, 0.000000000000000000, 24.50000000000000000 ) ) ;
#1207 = CARTESIAN_POINT ( 'NONE',  ( 2.474873734152916782, -2.474873734152916782, 31.12499999726881583 ) ) ;
#1208 = CARTESIAN_POINT ( 'NONE',  ( -4.041265875000000563, 1.673947134580572538, 26.24999999863440792 ) ) ;
#1209 = CARTESIAN_POINT ( 'NONE',  ( 1.673947134580574092, 4.041265874999998786, 30.12499999863440792 ) ) ;
#1210 = EDGE_CURVE ( 'NONE', #1732, #3330, #1558, .T. ) ;
#1211 = CARTESIAN_POINT ( 'NONE',  ( -4.041265875000001451, 1.673947134580572538, 19.24999999863440792 ) ) ;
#1212 = CARTESIAN_POINT ( 'NONE',  ( -4.041265874999999674, -1.673947134580573648, 18.37499999863441147 ) ) ;
#1213 = CARTESIAN_POINT ( 'NONE',  ( 2.857606504790286106, 2.857606504790286994, 25.06249999863440792 ) ) ;
#1214 = CARTESIAN_POINT ( 'NONE',  ( 0.000000000000000000, 0.000000000000000000, 18.00000000000000355 ) ) ;
#1215 = CARTESIAN_POINT ( 'NONE',  ( -1.673947134580573426, -4.041265874999999674, 30.49999999863440436 ) ) ;
#1216 = DIRECTION ( 'NONE',  ( 1.000000000000000000, 0.000000000000000000, 0.000000000000000000 ) ) ;
#1217 = CARTESIAN_POINT ( 'NONE',  ( 3.500000000000000000, 0.000000000000000000, 29.24999999726881583 ) ) ;
#1218 = CARTESIAN_POINT ( 'NONE',  ( -3.500000000000001332, 1.449747468305832010, 23.68749999726881583 ) ) ;
#1219 = CARTESIAN_POINT ( 'NONE',  ( -1.673947134580573426, -4.041265874999999674, 28.49999999863441147 ) ) ;
#1220 = CARTESIAN_POINT ( 'NONE',  ( 2.474873734152915894, 2.474873734152917226, 22.62500000000000355 ) ) ;
#1221 = CARTESIAN_POINT ( 'NONE',  ( 3.499999999999999112, 1.449747468305835341, 23.31249999726881583 ) ) ;
#1222 = CARTESIAN_POINT ( 'NONE',  ( 4.041265874999999674, -1.673947134580573426, 23.87499999863441147 ) ) ;
#1223 = CARTESIAN_POINT ( 'NONE',  ( 2.474873734152916782, -2.474873734152916782, 25.37500000000000000 ) ) ;
#1224 = CARTESIAN_POINT ( 'NONE',  ( -0.7688914490346605568, 2.937107787439718898, 14.99892430056851644 ) ) ;
#1225 = CARTESIAN_POINT ( 'NONE',  ( 2.474561659161088847E-16, -4.041265874999999674, 26.56249999863440792 ) ) ;
#1226 = CARTESIAN_POINT ( 'NONE',  ( -3.500000000000000444, -1.449747468305833342, 28.81249999726881938 ) ) ;
#1227 = CARTESIAN_POINT ( 'NONE',  ( -4.041265874999999674, -4.949123318322177694E-16, 24.31249999863440436 ) ) ;
#1228 = CARTESIAN_POINT ( 'NONE',  ( 1.673947134580574092, 4.041265874999998786, 30.12499999863440792 ) ) ;
#1229 = CARTESIAN_POINT ( 'NONE',  ( 3.500000000000000000, 0.000000000000000000, 27.50000000000000355 ) ) ;
#1230 = CARTESIAN_POINT ( 'NONE',  ( -4.041265874999999674, -4.949123318322177694E-16, 21.43749999863441147 ) ) ;
#1231 = CARTESIAN_POINT ( 'NONE',  ( -4.041265874999999674, -4.949123318322177694E-16, 25.31249999863440792 ) ) ;
#1232 = CARTESIAN_POINT ( 'NONE',  ( 3.499999999999999556, 1.449747468305835341, 19.31249999726882294 ) ) ;
#1233 = CARTESIAN_POINT ( 'NONE',  ( 1.530808498934193543E-16, 6.000000000000000888, 15.25000000000000355 ) ) ;
#1234 = ADVANCED_FACE ( 'NONE', ( #992 ), #3489, .T. ) ;
#1235 = CARTESIAN_POINT ( 'NONE',  ( 0.000000000000000000, 2.100000000000000089, 3.749999999999999112 ) ) ;
#1236 = CARTESIAN_POINT ( 'NONE',  ( 2.143131898507868297E-16, -3.500000000000000000, 24.99999999726881938 ) ) ;
#1237 = CARTESIAN_POINT ( 'NONE',  ( -2.474873734152917226, 2.474873734152916338, 22.87500000000000355 ) ) ;
#1238 = DIRECTION ( 'NONE',  ( -0.000000000000000000, -0.000000000000000000, 1.000000000000000000 ) ) ;
#1239 = CARTESIAN_POINT ( 'NONE',  ( -4.041265874999999674, -1.673947134580573648, 20.49999999863440792 ) ) ;
#1240 = CARTESIAN_POINT ( 'NONE',  ( 2.474873734152916782, -2.474873734152916782, 21.37500000000000355 ) ) ;
#1241 = EDGE_CURVE ( 'NONE', #3137, #678, #1940, .T. ) ;
#1242 = CARTESIAN_POINT ( 'NONE',  ( 3.499999999999999556, 1.449747468305835341, 28.31249999726881583 ) ) ;
#1243 = CARTESIAN_POINT ( 'NONE',  ( -7.423684977483266541E-16, 4.041265874999999674, 24.06249999863440792 ) ) ;
#1244 = DIRECTION ( 'NONE',  ( -0.000000000000000000, 0.000000000000000000, 1.000000000000000000 ) ) ;
#1245 = CARTESIAN_POINT ( 'NONE',  ( 1.449747468305833786, 3.499999999999999556, 23.68750000000000355 ) ) ;
#1246 = EDGE_CURVE ( 'NONE', #2754, #2701, #2426, .T. ) ;
#1247 = EDGE_CURVE ( 'NONE', #1913, #1544, #3495, .T. ) ;
#1248 = CARTESIAN_POINT ( 'NONE',  ( -1.673947134580575424, 4.041265874999998786, 28.24999999863440792 ) ) ;
#1249 = CARTESIAN_POINT ( 'NONE',  ( -5.802958540582592306, 1.571620821106682886, 11.29760246530702972 ) ) ;
#1250 = CARTESIAN_POINT ( 'NONE',  ( 3.500000000000000444, -1.449747468305833120, 26.43750000000000355 ) ) ;
#1251 = CARTESIAN_POINT ( 'NONE',  ( 1.673947134580574092, 4.041265874999998786, 24.12499999863441502 ) ) ;
#1252 = CARTESIAN_POINT ( 'NONE',  ( 2.474561659161088847E-16, -4.041265874999999674, 24.56249999863440436 ) ) ;
#1253 = CARTESIAN_POINT ( 'NONE',  ( 2.143131898507868297E-16, -3.500000000000000000, 19.99999999726881583 ) ) ;
#1254 =( BOUNDED_CURVE ( )  B_SPLINE_CURVE ( 2, ( #2344, #140, #3493, #407, #332, #379, #2038, #2064, #1763 ),
 .UNSPECIFIED., .F., .F. ) 
 B_SPLINE_CURVE_WITH_KNOTS ( ( 3, 2, 2, 2, 3 ),
 ( 0.8846153846153845812, 0.8942307692307692735, 0.9038461538461538547, 0.9134615384615384359, 0.9230769230769231282 ),
 .UNSPECIFIED. ) 
 CURVE ( )  GEOMETRIC_REPRESENTATION_ITEM ( )  RATIONAL_B_SPLINE_CURVE ( ( 1.000000000000000000, 0.9238795325112867385, 1.000000000000000000, 0.9238795325112867385, 1.000000000000000000, 0.9238795325112867385, 1.000000000000000000, 0.9238795325112867385, 1.000000000000000000 ) ) 
 REPRESENTATION_ITEM ( '' )  );
#1255 = AXIS2_PLACEMENT_3D ( 'NONE', #3068, #1578, #1576 ) ;
#1256 = CARTESIAN_POINT ( 'NONE',  ( -3.500000000000000000, -4.286263797015736595E-16, 28.74999999726881938 ) ) ;
#1257 = CARTESIAN_POINT ( 'NONE',  ( 3.499999999999999556, 1.449747468305835341, 22.31249999726881583 ) ) ;
#1258 = CARTESIAN_POINT ( 'NONE',  ( 4.041265874999999674, 0.000000000000000000, 20.93749999863440792 ) ) ;
#1259 = CARTESIAN_POINT ( 'NONE',  ( 2.000000000000000000, 0.000000000000000000, 14.00000000000000000 ) ) ;
#1260 = ADVANCED_FACE ( 'NONE', ( #3397 ), #1134, .T. ) ;
#1261 = CARTESIAN_POINT ( 'NONE',  ( 1.449747468305833786, 3.499999999999999556, 24.43749999726881583 ) ) ;
#1262 = CARTESIAN_POINT ( 'NONE',  ( 4.041265874999999674, -1.673947134580573426, 18.87499999863441147 ) ) ;
#1263 = CARTESIAN_POINT ( 'NONE',  ( -6.429395695523603167E-16, 3.500000000000000000, 20.75000000000000355 ) ) ;
#1264 = CARTESIAN_POINT ( 'NONE',  ( -2.857606504790286550, -2.857606504790286994, 18.56249999863440792 ) ) ;
#1265 = CARTESIAN_POINT ( 'NONE',  ( 4.041265874999998786, 1.673947134580575868, 20.87499999863440792 ) ) ;
#1266 = CARTESIAN_POINT ( 'NONE',  ( -2.047480262951990149, -0.5361239496377633307, 10.93624206346344074 ) ) ;
#1267 = CARTESIAN_POINT ( 'NONE',  ( 4.041265874999999674, -1.673947134580573648, 29.87499999863440436 ) ) ;
#1268 = EDGE_CURVE ( 'NONE', #1999, #556, #261, .T. ) ;
#1269 =( NAMED_UNIT ( * ) SI_UNIT ( $, .STERADIAN. ) SOLID_ANGLE_UNIT ( ) );
#1270 = CARTESIAN_POINT ( 'NONE',  ( -4.041265875000001451, 1.673947134580572538, 27.37499999863441147 ) ) ;
#1271 = CARTESIAN_POINT ( 'NONE',  ( -1.449747468305834674, 3.499999999999999556, 29.81250000000000000 ) ) ;
#1272 = CARTESIAN_POINT ( 'NONE',  ( -1.673947134580573426, -4.041265874999999674, 19.62499999863441147 ) ) ;
#1273 = CARTESIAN_POINT ( 'NONE',  ( 4.041265874999999674, -1.673947134580573648, 24.74999999863440792 ) ) ;
#1274 = CARTESIAN_POINT ( 'NONE',  ( 3.500000000000000000, 0.000000000000000000, 22.24999999726881583 ) ) ;
#1275 = CARTESIAN_POINT ( 'NONE',  ( -2.474873734152916338, -2.474873734152916782, 19.12500000000000355 ) ) ;
#1276 = CARTESIAN_POINT ( 'NONE',  ( -1.249942764156295905, 1.687496101150219197, 4.830259638420969281 ) ) ;
#1277 = CARTESIAN_POINT ( 'NONE',  ( -0.7690062347545922883, 2.937155023383302588, 13.00128704147934044 ) ) ;
#1278 = CARTESIAN_POINT ( 'NONE',  ( 1.449747468305833564, -3.500000000000000000, 27.06249999726881583 ) ) ;
#1279 = CARTESIAN_POINT ( 'NONE',  ( 2.857606504790286994, -2.857606504790286994, 29.68749999863440792 ) ) ;
#1280 = EDGE_CURVE ( 'NONE', #297, #1677, #3535, .T. ) ;
#1281 = CARTESIAN_POINT ( 'NONE',  ( -2.474873734152916338, -2.474873734152916782, 28.12500000000000355 ) ) ;
#1282 = CARTESIAN_POINT ( 'NONE',  ( -2.857606504790286550, -2.857606504790286994, 19.56249999863440792 ) ) ;
#1283 = CARTESIAN_POINT ( 'NONE',  ( 1.449747468305833564, 3.500000000000000000, 19.68750000000000000 ) ) ;
#1284 = ADVANCED_FACE ( 'NONE', ( #3612 ), #1136, .F. ) ;
#1285 = CARTESIAN_POINT ( 'NONE',  ( -3.500000000000000000, 4.286263797015736595E-16, 18.00000000000000355 ) ) ;
#1286 = CARTESIAN_POINT ( 'NONE',  ( 2.474561659161088847E-16, -4.041265874999999674, 23.56249999863440792 ) ) ;
#1287 = CARTESIAN_POINT ( 'NONE',  ( 0.1671282996793991282, 2.836811590500856184, 12.74999999999999822 ) ) ;
#1288 = CARTESIAN_POINT ( 'NONE',  ( 3.500000000000000000, 0.000000000000000000, 22.24999999726881583 ) ) ;
#1289 = CARTESIAN_POINT ( 'NONE',  ( -0.7676516456877644501, 5.951848298472884657, 15.00009069290421415 ) ) ;
#1290 = CARTESIAN_POINT ( 'NONE',  ( -2.474873734152916338, -2.474873734152916782, 29.87499999726881583 ) ) ;
#1291 = CARTESIAN_POINT ( 'NONE',  ( -3.500000000000001332, 1.449747468305832010, 21.68749999726881583 ) ) ;
#1292 = CARTESIAN_POINT ( 'NONE',  ( 3.500000000000000444, -1.449747468305833120, 27.43750000000000711 ) ) ;
#1293 = CARTESIAN_POINT ( 'NONE',  ( -2.857606504790286550, -2.857606504790286994, 20.56249999863440792 ) ) ;
#1294 = CARTESIAN_POINT ( 'NONE',  ( -4.041265874999999674, -4.949123318322177694E-16, 23.31249999863440792 ) ) ;
#1295 = CARTESIAN_POINT ( 'NONE',  ( 3.500000000000000000, 0.000000000000000000, 27.50000000000000355 ) ) ;
#1296 = CARTESIAN_POINT ( 'NONE',  ( 0.000000000000000000, 6.000000000000000888, 14.00000000000000000 ) ) ;
#1297 = CARTESIAN_POINT ( 'NONE',  ( -1.673947134580575424, 4.041265874999998786, 29.24999999863440792 ) ) ;
#1298 = CARTESIAN_POINT ( 'NONE',  ( -2.857606504790286994, 2.857606504790286550, 29.18749999863440792 ) ) ;
#1299 = CARTESIAN_POINT ( 'NONE',  ( -2.474873734152917226, 2.474873734152916338, 25.62499999726881938 ) ) ;
#1300 = CARTESIAN_POINT ( 'NONE',  ( 2.474561659161088847E-16, -4.041265874999999674, 28.56249999863440792 ) ) ;
#1301 = CARTESIAN_POINT ( 'NONE',  ( 4.041265874999998786, 1.673947134580575868, 18.99999999863440792 ) ) ;
#1302 = CARTESIAN_POINT ( 'NONE',  ( -4.041265874999999674, -1.673947134580573870, 21.37499999863441147 ) ) ;
#1303 = CARTESIAN_POINT ( 'NONE',  ( 2.857606504790286106, 2.857606504790286994, 22.93749999863440792 ) ) ;
#1304 = CARTESIAN_POINT ( 'NONE',  ( 2.474561659161088847E-16, -4.041265874999999674, 25.68749999863440792 ) ) ;
#1305 = B_SPLINE_CURVE_WITH_KNOTS ( 'NONE', 3,
 ( #2664, #3273, #2897, #1416, #2264, #2494, #834, #1975, #1587, #859, #3416, #3032, #3010, #1895, #2288, #1702, #22, #810 ),
 .UNSPECIFIED., .F., .F.,
 ( 4, 2, 2, 2, 2, 2, 2, 2, 4 ),
 ( 0.003918822340149863762, 0.004408547516782008319, 0.004898272693414153743, 0.005387997870046298300, 0.005877723046678443725, 0.006367448223310588282, 0.006857173399942732839, 0.007346898576574877396, 0.007836623753207023688 ),
 .UNSPECIFIED. ) ;
#1306 = ADVANCED_FACE ( 'NONE', ( #2330 ), #2205, .F. ) ;
#1307 = CARTESIAN_POINT ( 'NONE',  ( 0.9978624969567096992, 1.851938134009584180, 5.769536302151059282 ) ) ;
#1308 = CARTESIAN_POINT ( 'NONE',  ( -1.673947134580573426, -4.041265874999999674, 26.62499999863441502 ) ) ;
#1309 = CARTESIAN_POINT ( 'NONE',  ( -2.474873734152916338, -2.474873734152916782, 26.12500000000000355 ) ) ;
#1310 = CARTESIAN_POINT ( 'NONE',  ( 2.857606504790286994, -2.857606504790286994, 18.81249999863440792 ) ) ;
#1311 = CARTESIAN_POINT ( 'NONE',  ( -2.857606504790286994, 2.857606504790286550, 23.18749999863440792 ) ) ;
#1312 = CARTESIAN_POINT ( 'NONE',  ( 2.474873734152915894, 2.474873734152917226, 20.37499999726881228 ) ) ;
#1313 = CARTESIAN_POINT ( 'NONE',  ( 1.673947134580573648, -4.041265874999999674, 29.74999999863440792 ) ) ;
#1314 = CARTESIAN_POINT ( 'NONE',  ( -0.9983928384826078473, 3.005378063110811571, 13.23057820236546611 ) ) ;
#1315 = CARTESIAN_POINT ( 'NONE',  ( -3.500000000000000000, -4.286263797015736595E-16, 26.00000000000000355 ) ) ;
#1316 = EDGE_CURVE ( 'NONE', #1590, #712, #1126, .T. ) ;
#1317 = CARTESIAN_POINT ( 'NONE',  ( 2.474873734152915894, 2.474873734152917226, 27.37499999726881583 ) ) ;
#1318 = CARTESIAN_POINT ( 'NONE',  ( 4.041265874999999674, -1.673947134580573648, 27.74999999863440792 ) ) ;
#1319 = PRODUCT_RELATED_PRODUCT_CATEGORY ( 'part', '', ( #2605 ) ) ;
#1320 = DIRECTION ( 'NONE',  ( -0.000000000000000000, -0.000000000000000000, 1.000000000000000000 ) ) ;
#1321 = CARTESIAN_POINT ( 'NONE',  ( -1.673947134580575424, 4.041265874999998786, 30.12499999863440792 ) ) ;
#1322 = CARTESIAN_POINT ( 'NONE',  ( -7.423684977483266541E-16, 4.041265874999999674, 21.18749999863441147 ) ) ;
#1323 = CARTESIAN_POINT ( 'NONE',  ( -5.989128303967611089, 0.4136489393868501008, 17.07910376036721445 ) ) ;
#1324 =( BOUNDED_CURVE ( )  B_SPLINE_CURVE ( 2, ( #84, #2617, #388, #1538, #2925, #2074, #1013, #312, #1274 ),
 .UNSPECIFIED., .F., .F. ) 
 B_SPLINE_CURVE_WITH_KNOTS ( ( 3, 2, 2, 2, 3 ),
 ( 0.6538461538461538547, 0.6634615384615384359, 0.6730769230769231282, 0.6826923076923077094, 0.6923076923076922906 ),
 .UNSPECIFIED. ) 
 CURVE ( )  GEOMETRIC_REPRESENTATION_ITEM ( )  RATIONAL_B_SPLINE_CURVE ( ( 1.000000000000000000, 0.9238795325112867385, 1.000000000000000000, 0.9238795325112867385, 1.000000000000000000, 0.9238795325112867385, 1.000000000000000000, 0.9238795325112867385, 1.000000000000000000 ) ) 
 REPRESENTATION_ITEM ( '' )  );
#1325 = CARTESIAN_POINT ( 'NONE',  ( -6.429395695523603167E-16, 3.500000000000000000, 27.75000000000000355 ) ) ;
#1326 = AXIS2_PLACEMENT_3D ( 'NONE', #236, #2500, #544 ) ;
#1327 = CARTESIAN_POINT ( 'NONE',  ( 4.041265874999999674, 0.000000000000000000, 21.81249999863440792 ) ) ;
#1328 = DIRECTION ( 'NONE',  ( -1.000000000000000000, 0.000000000000000000, 0.000000000000000000 ) ) ;
#1329 = CARTESIAN_POINT ( 'NONE',  ( -4.041265874999999674, -4.949123318322177694E-16, 28.43749999863440792 ) ) ;
#1330 = CARTESIAN_POINT ( 'NONE',  ( 0.3306458352400286071, 2.075434277453434895, 6.208349164986844748 ) ) ;
#1331 = AXIS2_PLACEMENT_3D ( 'NONE', #2508, #1944, #3004 ) ;
#1332 = CARTESIAN_POINT ( 'NONE',  ( -2.857606504790286550, -2.857606504790286994, 26.43749999863440792 ) ) ;
#1333 = CARTESIAN_POINT ( 'NONE',  ( 2.857606504790286994, -2.857606504790286994, 27.81249999863440792 ) ) ;
#1334 = CARTESIAN_POINT ( 'NONE',  ( -2.474873734152917226, 2.474873734152916338, 22.87500000000000355 ) ) ;
#1335 = CARTESIAN_POINT ( 'NONE',  ( -4.041265875000001451, 1.673947134580572538, 20.24999999863441147 ) ) ;
#1336 = CARTESIAN_POINT ( 'NONE',  ( 2.474873734152916782, -2.474873734152916782, 25.12499999726881938 ) ) ;
#1337 = CARTESIAN_POINT ( 'NONE',  ( 0.7696664105633581610, 5.951561186396122416, 13.00175362310550753 ) ) ;
#1338 = DIRECTION ( 'NONE',  ( 0.000000000000000000, 0.000000000000000000, 1.000000000000000000 ) ) ;
#1339 = CARTESIAN_POINT ( 'NONE',  ( -7.423684977483266541E-16, 4.041265874999999674, 28.18749999863440792 ) ) ;
#1340 = EDGE_CURVE ( 'NONE', #755, #249, #3353, .T. ) ;
#1341 = CARTESIAN_POINT ( 'NONE',  ( -3.500000000000000000, -1.449747468305833564, 26.81249999726881938 ) ) ;
#1342 = CARTESIAN_POINT ( 'NONE',  ( -3.500000000000000000, -4.286263797015736595E-16, 24.74999999726881938 ) ) ;
#1343 = CARTESIAN_POINT ( 'NONE',  ( -1.673947134580575424, 4.041265874999998786, 29.12499999863440792 ) ) ;
#1344 = CARTESIAN_POINT ( 'NONE',  ( -2.474873734152916338, -2.474873734152916782, 18.12500000000000355 ) ) ;
#1345 = CARTESIAN_POINT ( 'NONE',  ( 2.143131898507868297E-16, -3.500000000000000000, 19.99999999726881583 ) ) ;
#1346 = CARTESIAN_POINT ( 'NONE',  ( -3.500000000000000000, -4.286263797015736595E-16, 23.00000000000000355 ) ) ;
#1347 = CARTESIAN_POINT ( 'NONE',  ( 4.041265874999998786, 1.673947134580575868, 20.87499999863441147 ) ) ;
#1348 = CARTESIAN_POINT ( 'NONE',  ( -4.041265874999999674, -1.673947134580573648, 20.37499999863441147 ) ) ;
#1349 = CARTESIAN_POINT ( 'NONE',  ( -4.041265874999999674, -4.949123318322177694E-16, 26.43749999863440792 ) ) ;
#1350 = CARTESIAN_POINT ( 'NONE',  ( -5.149890533468952647, -3.079109232768352022, 13.58535062453717934 ) ) ;
#1351 = DIRECTION ( 'NONE',  ( 1.000000000000000000, 0.000000000000000000, 0.000000000000000000 ) ) ;
#1352 =( BOUNDED_CURVE ( )  B_SPLINE_CURVE ( 2, ( #1801, #1022, #370, #2904, #2627, #1753, #66, #2873, #1729 ),
 .UNSPECIFIED., .F., .F. ) 
 B_SPLINE_CURVE_WITH_KNOTS ( ( 3, 2, 2, 2, 3 ),
 ( 0.2692307692307692180, 0.2788461538461538547, 0.2884615384615384359, 0.2980769230769230727, 0.3076923076923077094 ),
 .UNSPECIFIED. ) 
 CURVE ( )  GEOMETRIC_REPRESENTATION_ITEM ( )  RATIONAL_B_SPLINE_CURVE ( ( 1.000000000000000000, 0.9238795325112867385, 1.000000000000000000, 0.9238795325112867385, 1.000000000000000000, 0.9238795325112867385, 1.000000000000000000, 0.9238795325112867385, 1.000000000000000000 ) ) 
 REPRESENTATION_ITEM ( '' )  );
#1353 =( BOUNDED_CURVE ( )  B_SPLINE_CURVE ( 2, ( #1295, #1841, #1880, #2147, #2421, #2652, #434, #1553, #558 ),
 .UNSPECIFIED., .F., .F. ) 
 B_SPLINE_CURVE_WITH_KNOTS ( ( 3, 2, 2, 2, 3 ),
 ( 0.2307692307692307820, 0.2403846153846153910, 0.2500000000000000000, 0.2596153846153846367, 0.2692307692307692180 ),
 .UNSPECIFIED. ) 
 CURVE ( )  GEOMETRIC_REPRESENTATION_ITEM ( )  RATIONAL_B_SPLINE_CURVE ( ( 1.000000000000000000, 0.9238795325112867385, 1.000000000000000000, 0.9238795325112867385, 1.000000000000000000, 0.9238795325112867385, 1.000000000000000000, 0.9238795325112867385, 1.000000000000000000 ) ) 
 REPRESENTATION_ITEM ( '' )  );
#1354 =( BOUNDED_CURVE ( )  B_SPLINE_CURVE ( 2, ( #2011, #3037, #47, #614, #814, #2221, #3363, #8, #3650 ),
 .UNSPECIFIED., .F., .F. ) 
 B_SPLINE_CURVE_WITH_KNOTS ( ( 3, 2, 2, 2, 3 ),
 ( 0.3461538461538461453, 0.3557692307692307820, 0.3653846153846153633, 0.3750000000000000000, 0.3846153846153846367 ),
 .UNSPECIFIED. ) 
 CURVE ( )  GEOMETRIC_REPRESENTATION_ITEM ( )  RATIONAL_B_SPLINE_CURVE ( ( 1.000000000000000000, 0.9238795325112867385, 1.000000000000000000, 0.9238795325112867385, 1.000000000000000000, 0.9238795325112867385, 1.000000000000000000, 0.9238795325112867385, 1.000000000000000000 ) ) 
 REPRESENTATION_ITEM ( '' )  );
#1355 = CARTESIAN_POINT ( 'NONE',  ( -4.041265874999999674, -1.673947134580573870, 24.49999999863440436 ) ) ;
#1356 = CARTESIAN_POINT ( 'NONE',  ( -2.857606504790286550, -2.857606504790286994, 20.43749999863440792 ) ) ;
#1357 = DIRECTION ( 'NONE',  ( -0.000000000000000000, -0.000000000000000000, 1.000000000000000000 ) ) ;
#1358 = CARTESIAN_POINT ( 'NONE',  ( 3.500000000000000000, 0.000000000000000000, 29.24999999726881583 ) ) ;
#1359 = CARTESIAN_POINT ( 'NONE',  ( 2.857606504790286106, 2.857606504790286994, 27.06249999863440792 ) ) ;
#1360 = EDGE_CURVE ( 'NONE', #446, #1652, #531, .T. ) ;
#1361 = AXIS2_PLACEMENT_3D ( 'NONE', #3632, #1384, #3336 ) ;
#1362 = CARTESIAN_POINT ( 'NONE',  ( 0.000000000000000000, 0.000000000000000000, 18.00000000000000355 ) ) ;
#1363 = EDGE_CURVE ( 'NONE', #3000, #1999, #2211, .T. ) ;
#1364 = CARTESIAN_POINT ( 'NONE',  ( 3.500000000000000000, 0.000000000000000000, 27.24999999726881583 ) ) ;
#1365 = CARTESIAN_POINT ( 'NONE',  ( 2.857606504790286994, -2.857606504790286994, 25.68749999863440792 ) ) ;
#1366 = CARTESIAN_POINT ( 'NONE',  ( 3.500000000000000000, 0.000000000000000000, 25.24999999726881938 ) ) ;
#1367 = ADVANCED_FACE ( 'NONE', ( #2348 ), #3562, .T. ) ;
#1368 = CARTESIAN_POINT ( 'NONE',  ( -5.233050472930570685, 2.936498873099461449, 15.01364906194324789 ) ) ;
#1369 = CARTESIAN_POINT ( 'NONE',  ( -7.423684977483266541E-16, 4.041265874999999674, 28.06249999863440792 ) ) ;
#1370 = CARTESIAN_POINT ( 'NONE',  ( -4.041265874999999674, -1.673947134580573870, 20.37499999863441147 ) ) ;
#1371 = CARTESIAN_POINT ( 'NONE',  ( 4.041265874999998786, 1.673947134580575868, 18.87499999863441147 ) ) ;
#1372 = CARTESIAN_POINT ( 'NONE',  ( -4.041265875000001451, 1.673947134580572538, 27.37499999863441147 ) ) ;
#1373 = CARTESIAN_POINT ( 'NONE',  ( -2.474873734152917226, 2.474873734152916338, 30.62499999726881583 ) ) ;
#1374 = CARTESIAN_POINT ( 'NONE',  ( -7.423684977483266541E-16, 4.041265874999999674, 29.06249999863440792 ) ) ;
#1375 = CARTESIAN_POINT ( 'NONE',  ( 3.500000000000000000, 0.000000000000000000, 18.00000000000000355 ) ) ;
#1376 = UNCERTAINTY_MEASURE_WITH_UNIT (LENGTH_MEASURE( 1.000000000000000082E-05 ), #342, 'distance_accuracy_value', 'NONE');
#1377 = CARTESIAN_POINT ( 'NONE',  ( 0.3317140748884314649, 2.075244260414197850, 3.791977159983155321 ) ) ;
#1378 = CARTESIAN_POINT ( 'NONE',  ( 2.143131898507868297E-16, -3.500000000000000000, 30.25000000000000355 ) ) ;
#1379 = CARTESIAN_POINT ( 'NONE',  ( -4.041265874999999674, -4.949123318322177694E-16, 24.43749999863440436 ) ) ;
#1380 = CARTESIAN_POINT ( 'NONE',  ( 2.857606504790286106, 2.857606504790286994, 21.93749999863440792 ) ) ;
#1381 = CARTESIAN_POINT ( 'NONE',  ( 2.857606504790286994, -2.857606504790286994, 25.81249999863440792 ) ) ;
#1382 = EDGE_CURVE ( 'NONE', #1475, #1480, #3625, .T. ) ;
#1383 = CARTESIAN_POINT ( 'NONE',  ( 4.041265874999999674, -1.673947134580573648, 24.74999999863440792 ) ) ;
#1384 = DIRECTION ( 'NONE',  ( 0.000000000000000000, 0.000000000000000000, -1.000000000000000000 ) ) ;
#1385 = CARTESIAN_POINT ( 'NONE',  ( -2.857606504790286550, -2.857606504790286994, 29.43749999863440792 ) ) ;
#1386 = CARTESIAN_POINT ( 'NONE',  ( 0.000000000000000000, 0.000000000000000000, 18.00000000000000355 ) ) ;
#1387 = CARTESIAN_POINT ( 'NONE',  ( 2.857606504790286994, -2.857606504790286994, 30.81249999863440792 ) ) ;
#1388 = CARTESIAN_POINT ( 'NONE',  ( -1.673947134580573204, -4.041265874999999674, 18.49999999863440792 ) ) ;
#1389 = CARTESIAN_POINT ( 'NONE',  ( 4.041265874999999674, 0.000000000000000000, 28.93749999863441147 ) ) ;
#1390 = CARTESIAN_POINT ( 'NONE',  ( -5.989023754804995825, -0.4152230219290547475, 10.92109820224749939 ) ) ;
#1391 = CARTESIAN_POINT ( 'NONE',  ( 3.500000000000000444, -1.449747468305833120, 18.43750000000000000 ) ) ;
#1392 = CARTESIAN_POINT ( 'NONE',  ( 3.500000000000000000, 0.000000000000000000, 31.24999999726881583 ) ) ;
#1393 = EDGE_CURVE ( 'NONE', #529, #1970, #1170, .T. ) ;
#1394 = CARTESIAN_POINT ( 'NONE',  ( 0.7727704950834834996, 1.956586358165672168, 5.995359957547737650 ) ) ;
#1395 = CARTESIAN_POINT ( 'NONE',  ( -4.041265875000001451, 1.673947134580572538, 25.37499999863441147 ) ) ;
#1396 = CARTESIAN_POINT ( 'NONE',  ( -4.041265874999999674, -4.949123318322177694E-16, 21.31249999863441147 ) ) ;
#1397 = CARTESIAN_POINT ( 'NONE',  ( -3.500000000000000000, -1.449747468305833564, 21.06250000000000000 ) ) ;
#1398 = CARTESIAN_POINT ( 'NONE',  ( -4.041265874999999674, -4.949123318322177694E-16, 23.43749999863440792 ) ) ;
#1399 = CARTESIAN_POINT ( 'NONE',  ( -3.500000000000001332, 1.449747468305832010, 25.93750000000000355 ) ) ;
#1400 = DIRECTION ( 'NONE',  ( -0.000000000000000000, 0.000000000000000000, 1.000000000000000000 ) ) ;
#1401 = CARTESIAN_POINT ( 'NONE',  ( -4.041265875000001451, 1.673947134580572538, 27.24999999863440792 ) ) ;
#1402 = CARTESIAN_POINT ( 'NONE',  ( -1.673947134580575424, 4.041265874999998786, 26.12499999863441147 ) ) ;
#1403 = CARTESIAN_POINT ( 'NONE',  ( 3.500000000000000000, 0.000000000000000000, 18.50000000000000355 ) ) ;
#1404 = AXIS2_PLACEMENT_3D ( 'NONE', #842, #2775, #895 ) ;
#1405 = CARTESIAN_POINT ( 'NONE',  ( -2.857606504790286550, -2.857606504790286994, 30.56249999863440792 ) ) ;
#1406 = CARTESIAN_POINT ( 'NONE',  ( 1.449747468305833342, -3.500000000000000444, 30.31250000000000000 ) ) ;
#1407 = CARTESIAN_POINT ( 'NONE',  ( -4.041265874999999674, -4.949123318322177694E-16, 22.43749999863440792 ) ) ;
#1408 = CARTESIAN_POINT ( 'NONE',  ( -5.528782573534040345, -2.335659526963556942, 11.95202339229589050 ) ) ;
#1409 = CARTESIAN_POINT ( 'NONE',  ( -4.041265874999999674, -4.949123318322177694E-16, 30.31249999863440792 ) ) ;
#1410 = UNCERTAINTY_MEASURE_WITH_UNIT (LENGTH_MEASURE( 1.000000000000000082E-05 ), #2098, 'distance_accuracy_value', 'NONE');
#1411 = CARTESIAN_POINT ( 'NONE',  ( 3.500000000000000000, -1.449747468305833120, 29.18749999726881938 ) ) ;
#1412 = CARTESIAN_POINT ( 'NONE',  ( -3.500000000000000000, -4.286263797015736595E-16, 23.74999999726881583 ) ) ;
#1413 = CARTESIAN_POINT ( 'NONE',  ( -2.857606504790286550, -2.857606504790286994, 30.43749999863440792 ) ) ;
#1414 = CARTESIAN_POINT ( 'NONE',  ( 2.474561659161088847E-16, -4.041265874999999674, 23.68749999863440792 ) ) ;
#1415 = CARTESIAN_POINT ( 'NONE',  ( 4.041265874999999674, 0.000000000000000000, 20.81249999863440792 ) ) ;
#1416 = CARTESIAN_POINT ( 'NONE',  ( 0.6292449150185003282, 5.968822576319731787, 6.092287091189954928 ) ) ;
#1417 = CARTESIAN_POINT ( 'NONE',  ( -4.041265875000000563, 1.673947134580572538, 26.37499999863441147 ) ) ;
#1418 = CARTESIAN_POINT ( 'NONE',  ( 1.449747468305833342, -3.500000000000000444, 22.31250000000000355 ) ) ;
#1419 = CARTESIAN_POINT ( 'NONE',  ( 2.143131898507868297E-16, -3.500000000000000000, 29.99999999726881583 ) ) ;
#1420 = CARTESIAN_POINT ( 'NONE',  ( -2.857606504790286994, 2.857606504790286550, 26.18749999863440792 ) ) ;
#1421 = CARTESIAN_POINT ( 'NONE',  ( 2.474873734152915894, 2.474873734152917226, 25.62500000000000355 ) ) ;
#1422 = EDGE_CURVE ( 'NONE', #1509, #3209, #2017, .T. ) ;
#1423 = CARTESIAN_POINT ( 'NONE',  ( -2.857606504790286994, 2.857606504790286550, 19.31249999863440792 ) ) ;
#1424 = CARTESIAN_POINT ( 'NONE',  ( 1.673947134580573870, -4.041265874999999674, 18.62499999863440792 ) ) ;
#1425 = CARTESIAN_POINT ( 'NONE',  ( 4.041265874999999674, 0.000000000000000000, 18.81249999863440792 ) ) ;
#1426 = CARTESIAN_POINT ( 'NONE',  ( 4.041265874999998786, 1.673947134580575868, 24.99999999863440436 ) ) ;
#1427 = CARTESIAN_POINT ( 'NONE',  ( -3.500000000000000444, -1.449747468305833342, 19.06250000000000355 ) ) ;
#1428 = DIRECTION ( 'NONE',  ( -0.000000000000000000, -0.000000000000000000, -1.000000000000000000 ) ) ;
#1429 = CARTESIAN_POINT ( 'NONE',  ( -2.474873734152916338, -2.474873734152916782, 21.87499999726881583 ) ) ;
#1430 = CARTESIAN_POINT ( 'NONE',  ( 4.041265874999999674, 0.000000000000000000, 30.81249999863440792 ) ) ;
#1431 = CARTESIAN_POINT ( 'NONE',  ( -2.857606504790286550, -2.857606504790286994, 25.56249999863440792 ) ) ;
#1432 = CARTESIAN_POINT ( 'NONE',  ( -2.474873734152916338, -2.474873734152916782, 26.12500000000000355 ) ) ;
#1433 = CARTESIAN_POINT ( 'NONE',  ( -3.500000000000000000, -4.286263797015736595E-16, 24.74999999726881938 ) ) ;
#1434 = CARTESIAN_POINT ( 'NONE',  ( -1.673947134580575424, 4.041265874999998786, 23.24999999863440792 ) ) ;
#1435 = CARTESIAN_POINT ( 'NONE',  ( 3.499999999999999556, 1.449747468305835341, 23.56250000000000355 ) ) ;
#1436 = CARTESIAN_POINT ( 'NONE',  ( -3.500000000000000000, -4.286263797015736595E-16, 30.74999999726881583 ) ) ;
#1437 = CARTESIAN_POINT ( 'NONE',  ( -4.041265874999999674, -1.673947134580573648, 25.37499999863441147 ) ) ;
#1438 = CARTESIAN_POINT ( 'NONE',  ( -7.423684977483266541E-16, 4.041265874999999674, 29.18749999863440792 ) ) ;
#1439 = EDGE_CURVE ( 'NONE', #1633, #535, #1354, .T. ) ;
#1440 =( BOUNDED_CURVE ( )  B_SPLINE_CURVE ( 2, ( #2396, #1778, #2030, #2084, #607, #2357, #1281, #2378, #2601 ),
 .UNSPECIFIED., .F., .F. ) 
 B_SPLINE_CURVE_WITH_KNOTS ( ( 3, 2, 2, 2, 3 ),
 ( 0.1538461538461538547, 0.1634615384615384637, 0.1730769230769230727, 0.1826923076923076816, 0.1923076923076923184 ),
 .UNSPECIFIED. ) 
 CURVE ( )  GEOMETRIC_REPRESENTATION_ITEM ( )  RATIONAL_B_SPLINE_CURVE ( ( 1.000000000000000000, 0.9238795325112867385, 1.000000000000000000, 0.9238795325112867385, 1.000000000000000000, 0.9238795325112867385, 1.000000000000000000, 0.9238795325112867385, 1.000000000000000000 ) ) 
 REPRESENTATION_ITEM ( '' )  );
#1441 = ORIENTED_EDGE ( 'NONE', *, *, #897, .T. ) ;
#1442 = CARTESIAN_POINT ( 'NONE',  ( 2.474873734152915894, 2.474873734152917226, 27.37499999726881583 ) ) ;
#1443 = CARTESIAN_POINT ( 'NONE',  ( 1.673947134580573870, -4.041265874999999674, 22.74999999863440792 ) ) ;
#1444 = CARTESIAN_POINT ( 'NONE',  ( 3.500000000000000000, -1.449747468305833120, 25.18749999726881938 ) ) ;
#1445 = CARTESIAN_POINT ( 'NONE',  ( -4.041265874999999674, -1.673947134580573870, 30.37499999863440792 ) ) ;
#1446 = CARTESIAN_POINT ( 'NONE',  ( -0.4111418969202660367, 2.060819050996618884, 3.816712844326506815 ) ) ;
#1447 = EDGE_LOOP ( 'NONE', ( #232, #3108, #1765, #244 ) ) ;
#1448 = CARTESIAN_POINT ( 'NONE',  ( -3.500000000000001332, 1.449747468305832010, 25.68749999726881583 ) ) ;
#1449 = CARTESIAN_POINT ( 'NONE',  ( 4.041265874999999674, 0.000000000000000000, 29.81249999863440792 ) ) ;
#1450 = CARTESIAN_POINT ( 'NONE',  ( 4.041265874999999674, 0.000000000000000000, 21.93749999863440792 ) ) ;
#1451 = CARTESIAN_POINT ( 'NONE',  ( 3.500000000000000000, 0.000000000000000000, 23.24999999726881583 ) ) ;
#1452 = CARTESIAN_POINT ( 'NONE',  ( 4.041265874999999674, 0.000000000000000000, 22.93749999863440792 ) ) ;
#1453 = CARTESIAN_POINT ( 'NONE',  ( -6.429395695523603167E-16, 3.500000000000000000, 19.75000000000000355 ) ) ;
#1454 = ORIENTED_EDGE ( 'NONE', *, *, #124, .T. ) ;
#1455 = CARTESIAN_POINT ( 'NONE',  ( -1.449747468305834674, 3.499999999999999556, 28.56249999726881938 ) ) ;
#1456 = CARTESIAN_POINT ( 'NONE',  ( -4.041265875000000563, 1.673947134580572538, 24.24999999863440792 ) ) ;
#1457 = CARTESIAN_POINT ( 'NONE',  ( 0.7684757381093431094, 2.937022129861126096, 14.99906005094920758 ) ) ;
#1458 = DIRECTION ( 'NONE',  ( 1.000000000000000000, 0.000000000000000000, 0.000000000000000000 ) ) ;
#1459 = CARTESIAN_POINT ( 'NONE',  ( -1.186126370351687775, 5.881677493222346342, 14.40291388676864415 ) ) ;
#1460 = ORIENTED_EDGE ( 'NONE', *, *, #565, .F. ) ;
#1461 = CARTESIAN_POINT ( 'NONE',  ( 1.673947134580574092, 4.041265874999998786, 18.99999999863440792 ) ) ;
#1462 = ORIENTED_EDGE ( 'NONE', *, *, #650, .F. ) ;
#1463 = CARTESIAN_POINT ( 'NONE',  ( -3.500000000000001332, 1.449747468305832010, 26.93750000000000711 ) ) ;
#1464 = CARTESIAN_POINT ( 'NONE',  ( -4.041265874999999674, -4.949123318322177694E-16, 23.43749999863440792 ) ) ;
#1465 = CARTESIAN_POINT ( 'NONE',  ( -1.673947134580575424, 4.041265874999998786, 25.12499999863441147 ) ) ;
#1466 = CARTESIAN_POINT ( 'NONE',  ( -3.500000000000000000, -4.286263797015736595E-16, 19.74999999726881583 ) ) ;
#1467 = CARTESIAN_POINT ( 'NONE',  ( 2.474561659161088847E-16, -4.041265874999999674, 30.68749999863440792 ) ) ;
#1468 = VERTEX_POINT ( 'NONE', #2059 ) ;
#1469 = CARTESIAN_POINT ( 'NONE',  ( 2.474873734152915894, 2.474873734152917226, 24.37499999726881583 ) ) ;
#1470 = CARTESIAN_POINT ( 'NONE',  ( -7.423684977483266541E-16, 4.041265874999999674, 22.18749999863440792 ) ) ;
#1471 = CARTESIAN_POINT ( 'NONE',  ( -4.041265874999999674, -4.949123318322177694E-16, 18.43749999863440792 ) ) ;
#1472 = CARTESIAN_POINT ( 'NONE',  ( 0.000000000000000000, 0.000000000000000000, 18.00000000000000355 ) ) ;
#1473 = CARTESIAN_POINT ( 'NONE',  ( 4.041265874999999674, -1.673947134580573426, 21.87499999863441147 ) ) ;
#1474 = CARTESIAN_POINT ( 'NONE',  ( 1.449747468305833342, -3.500000000000000444, 21.31250000000000711 ) ) ;
#1475 = VERTEX_POINT ( 'NONE', #2340 ) ;
#1476 = CARTESIAN_POINT ( 'NONE',  ( 1.673947134580574092, 4.041265874999998786, 22.99999999863440436 ) ) ;
#1477 = CARTESIAN_POINT ( 'NONE',  ( 3.500000000000000444, -1.449747468305833120, 28.18749999726881938 ) ) ;
#1478 = CARTESIAN_POINT ( 'NONE',  ( 2.857606504790286106, 2.857606504790286994, 23.93749999863440792 ) ) ;
#1479 = CARTESIAN_POINT ( 'NONE',  ( 2.474561659161088847E-16, -4.041265874999999674, 30.68749999863440792 ) ) ;
#1480 = VERTEX_POINT ( 'NONE', #2587 ) ;
#1481 = CARTESIAN_POINT ( 'NONE',  ( -5.136988358046869152, 3.100217843163962428, 13.79665410859088581 ) ) ;
#1482 = VERTEX_POINT ( 'NONE', #3608 ) ;
#1483 = CARTESIAN_POINT ( 'NONE',  ( -3.500000000000000444, -1.449747468305833342, 29.06250000000000000 ) ) ;
#1484 = CARTESIAN_POINT ( 'NONE',  ( 2.857606504790286994, -2.857606504790286994, 24.81249999863440436 ) ) ;
#1485 = CARTESIAN_POINT ( 'NONE',  ( -4.041265874999999674, -1.673947134580573870, 25.37499999863441147 ) ) ;
#1486 = DIRECTION ( 'NONE',  ( 0.000000000000000000, 1.000000000000000000, -0.000000000000000000 ) ) ;
#1487 = CARTESIAN_POINT ( 'NONE',  ( 2.143131898507868297E-16, -3.500000000000000000, 18.99999999726881583 ) ) ;
#1488 = CARTESIAN_POINT ( 'NONE',  ( -3.500000000000000000, -4.286263797015736595E-16, 23.74999999726881583 ) ) ;
#1489 = CARTESIAN_POINT ( 'NONE',  ( 3.500000000000000000, 0.000000000000000000, 18.00000000000000355 ) ) ;
#1490 =( NAMED_UNIT ( * ) PLANE_ANGLE_UNIT ( ) SI_UNIT ( $, .RADIAN. ) );
#1491 = ORIENTED_EDGE ( 'NONE', *, *, #2626, .F. ) ;
#1492 = CARTESIAN_POINT ( 'NONE',  ( -1.449747468305832898, -3.500000000000000444, 23.93749999726881583 ) ) ;
#1493 = CARTESIAN_POINT ( 'NONE',  ( 2.474873734152915894, 2.474873734152917226, 24.37499999726881583 ) ) ;
#1494 = CARTESIAN_POINT ( 'NONE',  ( 4.041265874999999674, 0.000000000000000000, 21.93749999863440792 ) ) ;
#1495 = CARTESIAN_POINT ( 'NONE',  ( -2.474873734152917226, 2.474873734152916338, 20.87500000000000355 ) ) ;
#1496 = ORIENTED_EDGE ( 'NONE', *, *, #2029, .T. ) ;
#1497 = CARTESIAN_POINT ( 'NONE',  ( -2.474873734152917226, 2.474873734152916338, 28.62499999726881938 ) ) ;
#1498 = CARTESIAN_POINT ( 'NONE',  ( -3.500000000000001332, 1.449747468305832010, 29.68749999726881583 ) ) ;
#1499 = CARTESIAN_POINT ( 'NONE',  ( 2.474561659161088847E-16, -4.041265874999999674, 20.56249999863440792 ) ) ;
#1500 = CARTESIAN_POINT ( 'NONE',  ( 1.528722718240420924E-16, 2.836811590500855740, 15.25000000000000355 ) ) ;
#1501 = CARTESIAN_POINT ( 'NONE',  ( 2.857606504790286994, -2.857606504790286994, 29.81249999863440792 ) ) ;
#1502 = APPLICATION_PROTOCOL_DEFINITION ( 'draft international standard', 'automotive_design', 1998, #686 ) ;
#1503 = EDGE_CURVE ( 'NONE', #1989, #2756, #2077, .T. ) ;
#1504 = ORIENTED_EDGE ( 'NONE', *, *, #2397, .F. ) ;
#1505 = AXIS2_PLACEMENT_3D ( 'NONE', #725, #840, #2249 ) ;
#1506 = DIRECTION ( 'NONE',  ( 1.000000000000000000, 0.000000000000000000, 0.000000000000000000 ) ) ;
#1507 = CARTESIAN_POINT ( 'NONE',  ( -4.041265874999999674, -4.949123318322177694E-16, 27.43749999863440792 ) ) ;
#1508 = CARTESIAN_POINT ( 'NONE',  ( -5.529915138505381300, 2.332979917082622201, 11.94898574179154416 ) ) ;
#1509 = VERTEX_POINT ( 'NONE', #1878 ) ;
#1510 = CARTESIAN_POINT ( 'NONE',  ( -2.474873734152917226, 2.474873734152916338, 29.87500000000000355 ) ) ;
#1511 = CARTESIAN_POINT ( 'NONE',  ( -4.041265874999999674, -4.949123318322177694E-16, 19.43749999863440792 ) ) ;
#1512 = CARTESIAN_POINT ( 'NONE',  ( -2.857606504790286550, -2.857606504790286994, 24.43749999863440436 ) ) ;
#1513 = CARTESIAN_POINT ( 'NONE',  ( -3.500000000000001332, 1.449747468305832010, 20.68749999726881228 ) ) ;
#1514 = CARTESIAN_POINT ( 'NONE',  ( -1.673947134580573204, -4.041265874999999674, 26.62499999863441147 ) ) ;
#1515 = CARTESIAN_POINT ( 'NONE',  ( 3.499999999999999112, 1.449747468305835341, 29.56250000000000355 ) ) ;
#1516 = ORIENTED_EDGE ( 'NONE', *, *, #65, .T. ) ;
#1517 = CARTESIAN_POINT ( 'NONE',  ( -4.041265874999999674, -1.673947134580573870, 27.37499999863441147 ) ) ;
#1518 = CARTESIAN_POINT ( 'NONE',  ( -2.857606504790286550, -2.857606504790286994, 28.43749999863440792 ) ) ;
#1519 = CARTESIAN_POINT ( 'NONE',  ( -1.449747468305834897, 3.499999999999999112, 21.56249999726881583 ) ) ;
#1520 = CARTESIAN_POINT ( 'NONE',  ( 0.000000000000000000, 0.000000000000000000, 18.00000000000000355 ) ) ;
#1521 = CARTESIAN_POINT ( 'NONE',  ( -4.041265874999999674, -4.949123318322177694E-16, 21.43749999863441147 ) ) ;
#1522 = CARTESIAN_POINT ( 'NONE',  ( 2.474873734152915894, 2.474873734152917226, 19.62500000000000355 ) ) ;
#1523 = EDGE_LOOP ( 'NONE', ( #1491, #2749, #1907, #3313 ) ) ;
#1524 = DIRECTION ( 'NONE',  ( -0.000000000000000000, -0.000000000000000000, 1.000000000000000000 ) ) ;
#1525 = CARTESIAN_POINT ( 'NONE',  ( 1.673947134580573870, -4.041265874999999674, 22.62499999863441147 ) ) ;
#1526 = CARTESIAN_POINT ( 'NONE',  ( 1.984736897505240627, 0.6879863464372443227, 10.97691401412786227 ) ) ;
#1527 = CARTESIAN_POINT ( 'NONE',  ( -2.857606504790286550, -2.857606504790286994, 21.43749999863441147 ) ) ;
#1528 = EDGE_CURVE ( 'NONE', #2185, #333, #2859, .T. ) ;
#1529 = CARTESIAN_POINT ( 'NONE',  ( -2.474873734152917226, 2.474873734152916338, 23.87500000000000355 ) ) ;
#1530 = VERTEX_POINT ( 'NONE', #2705 ) ;
#1531 = B_SPLINE_CURVE_WITH_KNOTS ( 'NONE', 3,
 ( #1686, #3091, #31, #2298 ),
 .UNSPECIFIED., .F., .F.,
 ( 4, 4 ),
 ( 0.000000000000000000, 0.0001531779306072114904 ),
 .UNSPECIFIED. ) ;
#1532 = CARTESIAN_POINT ( 'NONE',  ( 2.143131898507868297E-16, -3.500000000000000000, 29.99999999726881583 ) ) ;
#1533 = CARTESIAN_POINT ( 'NONE',  ( 1.673947134580574092, 4.041265874999998786, 28.12499999863440792 ) ) ;
#1534 = ORIENTED_EDGE ( 'NONE', *, *, #634, .T. ) ;
#1535 = CARTESIAN_POINT ( 'NONE',  ( 2.143131898507868297E-16, -3.500000000000000000, 26.25000000000000355 ) ) ;
#1536 = CARTESIAN_POINT ( 'NONE',  ( -4.041265874999999674, -1.673947134580573870, 20.49999999863440792 ) ) ;
#1537 = CARTESIAN_POINT ( 'NONE',  ( 1.673947134580573870, -4.041265874999999674, 25.62499999863441147 ) ) ;
#1538 = CARTESIAN_POINT ( 'NONE',  ( -1.449747468305834897, 3.499999999999999112, 22.56249999726881583 ) ) ;
#1539 = DIRECTION ( 'NONE',  ( -1.000000000000000000, 0.000000000000000000, 0.000000000000000000 ) ) ;
#1540 = CARTESIAN_POINT ( 'NONE',  ( 1.449747468305833342, -3.500000000000000444, 20.06249999726881938 ) ) ;
#1541 = CARTESIAN_POINT ( 'NONE',  ( 2.857606504790286994, -2.857606504790286994, 28.81249999863440792 ) ) ;
#1542 = ADVANCED_FACE ( 'NONE', ( #2324 ), #3557, .T. ) ;
#1543 = CARTESIAN_POINT ( 'NONE',  ( -3.500000000000000000, -4.286263797015736595E-16, 30.00000000000000355 ) ) ;
#1544 = VERTEX_POINT ( 'NONE', #3610 ) ;
#1545 = CARTESIAN_POINT ( 'NONE',  ( 3.500000000000000444, -1.449747468305833120, 27.18749999726881583 ) ) ;
#1546 = CARTESIAN_POINT ( 'NONE',  ( -1.673947134580575424, 4.041265874999998786, 28.12499999863440792 ) ) ;
#1547 = EDGE_CURVE ( 'NONE', #3131, #333, #1183, .T. ) ;
#1548 = DIRECTION ( 'NONE',  ( 1.000000000000000000, 0.000000000000000000, 0.000000000000000000 ) ) ;
#1549 = CARTESIAN_POINT ( 'NONE',  ( 4.041265874999998786, 1.673947134580575868, 29.87499999863441147 ) ) ;
#1550 = CARTESIAN_POINT ( 'NONE',  ( 1.673947134580574092, 4.041265874999998786, 21.12499999863441147 ) ) ;
#1551 = ORIENTED_EDGE ( 'NONE', *, *, #1882, .T. ) ;
#1552 = CARTESIAN_POINT ( 'NONE',  ( -1.449747468305834897, 3.499999999999999112, 28.56249999726881938 ) ) ;
#1553 = CARTESIAN_POINT ( 'NONE',  ( -3.500000000000000000, -1.449747468305833564, 27.06250000000000355 ) ) ;
#1554 = EDGE_CURVE ( 'NONE', #1468, #2109, #3539, .T. ) ;
#1555 = CARTESIAN_POINT ( 'NONE',  ( 4.041265874999999674, -1.673947134580573426, 22.74999999863440792 ) ) ;
#1556 = CARTESIAN_POINT ( 'NONE',  ( 2.474561659161088847E-16, -4.041265874999999674, 27.68749999863440792 ) ) ;
#1557 = ORIENTED_EDGE ( 'NONE', *, *, #1922, .T. ) ;
#1558 =( BOUNDED_CURVE ( )  B_SPLINE_CURVE ( 2, ( #622, #1444, #1336, #1564, #504, #3031, #445, #2473, #475 ),
 .UNSPECIFIED., .F., .F. ) 
 B_SPLINE_CURVE_WITH_KNOTS ( ( 3, 2, 2, 2, 3 ),
 ( 0.4615384615384615641, 0.4711538461538461453, 0.4807692307692307820, 0.4903846153846153633, 0.5000000000000000000 ),
 .UNSPECIFIED. ) 
 CURVE ( )  GEOMETRIC_REPRESENTATION_ITEM ( )  RATIONAL_B_SPLINE_CURVE ( ( 1.000000000000000000, 0.9238795325112867385, 1.000000000000000000, 0.9238795325112867385, 1.000000000000000000, 0.9238795325112867385, 1.000000000000000000, 0.9238795325112867385, 1.000000000000000000 ) ) 
 REPRESENTATION_ITEM ( '' )  );
#1559 = CARTESIAN_POINT ( 'NONE',  ( 0.000000000000000000, 2.100000000000000089, 3.749999999999999112 ) ) ;
#1560 = VERTEX_POINT ( 'NONE', #3404 ) ;
#1561 = CARTESIAN_POINT ( 'NONE',  ( -3.500000000000000444, -1.449747468305833342, 24.06250000000000000 ) ) ;
#1562 = CARTESIAN_POINT ( 'NONE',  ( 1.673947134580573870, -4.041265874999999674, 18.74999999863440792 ) ) ;
#1563 = CARTESIAN_POINT ( 'NONE',  ( -7.423684977483266541E-16, 4.041265874999999674, 23.06249999863440792 ) ) ;
#1564 = CARTESIAN_POINT ( 'NONE',  ( 1.449747468305833564, -3.500000000000000000, 25.06249999726881938 ) ) ;
#1565 = AXIS2_PLACEMENT_3D ( 'NONE', #188, #1338, #2244 ) ;
#1566 = CARTESIAN_POINT ( 'NONE',  ( 3.499999999999999556, 1.449747468305835341, 20.31249999726881583 ) ) ;
#1567 = CARTESIAN_POINT ( 'NONE',  ( 4.041265874999999674, 0.000000000000000000, 28.93749999863441147 ) ) ;
#1568 = ORIENTED_EDGE ( 'NONE', *, *, #1020, .T. ) ;
#1569 = CARTESIAN_POINT ( 'NONE',  ( -2.474873734152917226, 2.474873734152916338, 26.62499999726881583 ) ) ;
#1570 =( BOUNDED_CURVE ( )  B_SPLINE_CURVE ( 2, ( #1433, #115, #3238, #372, #996, #1261, #1493, #2113, #1828 ),
 .UNSPECIFIED., .F., .F. ) 
 B_SPLINE_CURVE_WITH_KNOTS ( ( 3, 2, 2, 2, 3 ),
 ( 0.5000000000000000000, 0.5096153846153845812, 0.5192307692307692735, 0.5288461538461538547, 0.5384615384615384359 ),
 .UNSPECIFIED. ) 
 CURVE ( )  GEOMETRIC_REPRESENTATION_ITEM ( )  RATIONAL_B_SPLINE_CURVE ( ( 1.000000000000000000, 0.9238795325112867385, 1.000000000000000000, 0.9238795325112867385, 1.000000000000000000, 0.9238795325112867385, 1.000000000000000000, 0.9238795325112867385, 1.000000000000000000 ) ) 
 REPRESENTATION_ITEM ( '' )  );
#1571 = CARTESIAN_POINT ( 'NONE',  ( -1.673947134580575424, 4.041265874999998786, 27.12499999863441502 ) ) ;
#1572 = CARTESIAN_POINT ( 'NONE',  ( -3.500000000000001332, 1.449747468305832454, 25.68749999726881938 ) ) ;
#1573 = CARTESIAN_POINT ( 'NONE',  ( -4.041265874999999674, -4.949123318322177694E-16, 29.31249999863440792 ) ) ;
#1574 = CARTESIAN_POINT ( 'NONE',  ( -7.423684977483266541E-16, 4.041265874999999674, 19.18749999863440792 ) ) ;
#1575 = EDGE_LOOP ( 'NONE', ( #302, #813, #2168, #284 ) ) ;
#1576 = DIRECTION ( 'NONE',  ( 1.000000000000000000, 0.000000000000000000, -0.000000000000000000 ) ) ;
#1577 = CARTESIAN_POINT ( 'NONE',  ( 2.474873734152915894, 2.474873734152917226, 27.62500000000000355 ) ) ;
#1578 = DIRECTION ( 'NONE',  ( 0.000000000000000000, 0.000000000000000000, 1.000000000000000000 ) ) ;
#1579 = CARTESIAN_POINT ( 'NONE',  ( 1.673947134580574092, 4.041265874999998786, 20.99999999863440792 ) ) ;
#1580 = CARTESIAN_POINT ( 'NONE',  ( 4.041265874999999674, 0.000000000000000000, 26.93749999863440792 ) ) ;
#1581 = ORIENTED_EDGE ( 'NONE', *, *, #2535, .F. ) ;
#1582 = CARTESIAN_POINT ( 'NONE',  ( 1.250027170630405138, 1.687433576123949397, 4.832221618655933248 ) ) ;
#1583 = CARTESIAN_POINT ( 'NONE',  ( -1.673947134580573426, -4.041265874999999674, 27.62499999863441147 ) ) ;
#1584 = ORIENTED_EDGE ( 'NONE', *, *, #2338, .T. ) ;
#1585 = CARTESIAN_POINT ( 'NONE',  ( -1.449747468305834674, 3.499999999999999556, 22.81250000000000355 ) ) ;
#1586 = CARTESIAN_POINT ( 'NONE',  ( 1.673947134580573870, -4.041265874999999674, 18.62499999863440792 ) ) ;
#1587 = CARTESIAN_POINT ( 'NONE',  ( 1.249921918242510976, 5.868363929124337908, 5.165619519227383272 ) ) ;
#1588 = CARTESIAN_POINT ( 'NONE',  ( 2.857606504790286106, 2.857606504790286994, 28.06249999863440792 ) ) ;
#1589 = EDGE_CURVE ( 'NONE', #3109, #498, #906, .T. ) ;
#1590 = VERTEX_POINT ( 'NONE', #2927 ) ;
#1591 = CARTESIAN_POINT ( 'NONE',  ( -1.673947134580573426, -4.041265874999999674, 27.49999999863440792 ) ) ;
#1592 = AXIS2_PLACEMENT_3D ( 'NONE', #3393, #2066, #10 ) ;
#1593 = CARTESIAN_POINT ( 'NONE',  ( -6.429395695523603167E-16, 3.500000000000000000, 25.49999999726881938 ) ) ;
#1594 = CARTESIAN_POINT ( 'NONE',  ( 1.449747468305833564, -3.500000000000000000, 18.31250000000000000 ) ) ;
#1595 = ORIENTED_EDGE ( 'NONE', *, *, #1382, .F. ) ;
#1596 = CARTESIAN_POINT ( 'NONE',  ( 4.041265874999999674, 0.000000000000000000, 20.81249999863440792 ) ) ;
#1597 = VERTEX_POINT ( 'NONE', #1843 ) ;
#1598 = CARTESIAN_POINT ( 'NONE',  ( -4.041265874999999674, -4.949123318322177694E-16, 20.31249999863440792 ) ) ;
#1599 = DIRECTION ( 'NONE',  ( -0.000000000000000000, -0.000000000000000000, 1.000000000000000000 ) ) ;
#1600 = CARTESIAN_POINT ( 'NONE',  ( -3.500000000000000000, -1.449747468305833564, 20.06250000000000355 ) ) ;
#1601 = CARTESIAN_POINT ( 'NONE',  ( -4.041265875000001451, 1.673947134580572538, 25.37499999863441147 ) ) ;
#1602 = CARTESIAN_POINT ( 'NONE',  ( -5.137279935793064745, -3.099734658888105177, 13.79075229286630488 ) ) ;
#1603 = CARTESIAN_POINT ( 'NONE',  ( 3.500000000000000000, 0.000000000000000000, 20.24999999726881583 ) ) ;
#1604 = ORIENTED_EDGE ( 'NONE', *, *, #2692, .F. ) ;
#1605 = CARTESIAN_POINT ( 'NONE',  ( -0.7676516456877631178, 5.951848298472885546, 6.000090692904213263 ) ) ;
#1606 = ORIENTED_EDGE ( 'NONE', *, *, #3587, .F. ) ;
#1607 = CARTESIAN_POINT ( 'NONE',  ( 1.449747468305833564, -3.500000000000000000, 30.31250000000000355 ) ) ;
#1608 = CARTESIAN_POINT ( 'NONE',  ( -1.673947134580573426, -4.041265874999999674, 24.62499999863441147 ) ) ;
#1609 = EDGE_LOOP ( 'NONE', ( #3241, #542, #2675, #1752, #347, #291, #1722 ) ) ;
#1610 = CARTESIAN_POINT ( 'NONE',  ( -1.673947134580575424, 4.041265874999998786, 20.12499999863441147 ) ) ;
#1611 = CARTESIAN_POINT ( 'NONE',  ( 1.449747468305833564, -3.500000000000000000, 22.31250000000000355 ) ) ;
#1612 = DIRECTION ( 'NONE',  ( 1.000000000000000000, 0.000000000000000000, 0.000000000000000000 ) ) ;
#1613 = CARTESIAN_POINT ( 'NONE',  ( 4.041265874999998786, 1.673947134580575868, 26.99999999863440792 ) ) ;
#1614 = ORIENTED_EDGE ( 'NONE', *, *, #2311, .T. ) ;
#1615 = EDGE_CURVE ( 'NONE', #1560, #2185, #3519, .T. ) ;
#1616 = CARTESIAN_POINT ( 'NONE',  ( -6.429395695523603167E-16, 3.500000000000000000, 19.49999999726881583 ) ) ;
#1617 = ORIENTED_EDGE ( 'NONE', *, *, #2276, .F. ) ;
#1618 = CARTESIAN_POINT ( 'NONE',  ( 2.857606504790286106, 2.857606504790286994, 26.93749999863440792 ) ) ;
#1619 = CARTESIAN_POINT ( 'NONE',  ( 1.673947134580573870, -4.041265874999999674, 25.62499999863441147 ) ) ;
#1620 = CARTESIAN_POINT ( 'NONE',  ( -3.500000000000000000, -4.286263797015736595E-16, 21.00000000000000355 ) ) ;
#1621 = CARTESIAN_POINT ( 'NONE',  ( 1.673947134580574092, 4.041265874999998786, 29.99999999863440792 ) ) ;
#1622 = CARTESIAN_POINT ( 'NONE',  ( 2.000000000000000000, 0.7810249675906638656, 11.00000000000000000 ) ) ;
#1623 = VERTEX_POINT ( 'NONE', #1488 ) ;
#1624 = ORIENTED_EDGE ( 'NONE', *, *, #3601, .T. ) ;
#1625 = CARTESIAN_POINT ( 'NONE',  ( 2.474561659161088847E-16, -4.041265874999999674, 19.68749999863440792 ) ) ;
#1626 = CARTESIAN_POINT ( 'NONE',  ( -1.673947134580575424, 4.041265874999998786, 20.12499999863441147 ) ) ;
#1627 = ORIENTED_EDGE ( 'NONE', *, *, #89, .T. ) ;
#1628 = CARTESIAN_POINT ( 'NONE',  ( -3.500000000000000000, 4.286263797015736595E-16, 18.00000000000000355 ) ) ;
#1629 = CARTESIAN_POINT ( 'NONE',  ( 1.530810862315391917E-16, 6.000000000000000888, 6.250000000000000888 ) ) ;
#1630 = CARTESIAN_POINT ( 'NONE',  ( 4.041265874999998786, 1.673947134580575868, 26.99999999863440792 ) ) ;
#1631 = CARTESIAN_POINT ( 'NONE',  ( 1.673947134580574092, 4.041265874999998786, 28.99999999863440436 ) ) ;
#1632 = CARTESIAN_POINT ( 'NONE',  ( 1.449747468305833786, 3.499999999999999556, 21.68750000000000355 ) ) ;
#1633 = VERTEX_POINT ( 'NONE', #2106 ) ;
#1634 = ADVANCED_FACE ( 'NONE', ( #1162, #3607 ), #811, .F. ) ;
#1635 = CARTESIAN_POINT ( 'NONE',  ( -0.6299628033887906264, 5.968761835731645427, 6.091969684348565117 ) ) ;
#1636 = EDGE_LOOP ( 'NONE', ( #1595, #1614, #2891, #2008 ) ) ;
#1637 = DIRECTION ( 'NONE',  ( -0.000000000000000000, -0.000000000000000000, 1.000000000000000000 ) ) ;
#1638 = CARTESIAN_POINT ( 'NONE',  ( -2.857606504790286994, 2.857606504790286550, 24.31249999863440792 ) ) ;
#1639 = EDGE_LOOP ( 'NONE', ( #3309, #2938 ) ) ;
#1640 = CARTESIAN_POINT ( 'NONE',  ( 4.041265874999999674, -1.673947134580573648, 20.74999999863440792 ) ) ;
#1641 = CARTESIAN_POINT ( 'NONE',  ( -2.474873734152916338, -2.474873734152916782, 23.87499999726881583 ) ) ;
#1642 = CARTESIAN_POINT ( 'NONE',  ( 2.857606504790286994, -2.857606504790286994, 24.81249999863440436 ) ) ;
#1643 = EDGE_CURVE ( 'NONE', #509, #800, #1531, .T. ) ;
#1644 = EDGE_LOOP ( 'NONE', ( #2806, #925, #402, #1584, #896 ) ) ;
#1645 =( GEOMETRIC_REPRESENTATION_CONTEXT ( 3 ) GLOBAL_UNCERTAINTY_ASSIGNED_CONTEXT ( ( #2119 ) ) GLOBAL_UNIT_ASSIGNED_CONTEXT ( ( #865, #2367, #1269 ) ) REPRESENTATION_CONTEXT ( 'NONE', 'WORKASPACE' ) );
#1646 = ORIENTED_EDGE ( 'NONE', *, *, #1887, .T. ) ;
#1647 = CARTESIAN_POINT ( 'NONE',  ( -4.041265874999999674, -4.949123318322177694E-16, 18.43749999863440792 ) ) ;
#1648 = CARTESIAN_POINT ( 'NONE',  ( 2.857606504790286994, -2.857606504790286994, 24.68749999863440436 ) ) ;
#1649 = CARTESIAN_POINT ( 'NONE',  ( 0.000000000000000000, 0.000000000000000000, 18.00000000000000355 ) ) ;
#1650 = CARTESIAN_POINT ( 'NONE',  ( 1.673947134580574092, 4.041265874999998786, 28.99999999863440792 ) ) ;
#1651 = CARTESIAN_POINT ( 'NONE',  ( -2.474873734152917226, 2.474873734152916338, 25.87500000000000355 ) ) ;
#1652 = VERTEX_POINT ( 'NONE', #2782 ) ;
#1653 = ORIENTED_EDGE ( 'NONE', *, *, #2123, .T. ) ;
#1654 = CARTESIAN_POINT ( 'NONE',  ( -1.673947134580573426, -4.041265874999999674, 20.62499999863441147 ) ) ;
#1655 = CARTESIAN_POINT ( 'NONE',  ( -1.673947134580573426, -4.041265874999999674, 30.62499999863440792 ) ) ;
#1656 = ORIENTED_EDGE ( 'NONE', *, *, #1439, .F. ) ;
#1657 = CARTESIAN_POINT ( 'NONE',  ( -3.500000000000001332, 1.449747468305832454, 27.68749999726881583 ) ) ;
#1658 = CARTESIAN_POINT ( 'NONE',  ( -3.500000000000000000, -4.286263797015736595E-16, 30.74999999726881583 ) ) ;
#1659 = CARTESIAN_POINT ( 'NONE',  ( -2.857606504790286550, -2.857606504790286994, 28.56249999863440792 ) ) ;
#1660 = PLANE ( 'NONE',  #246 ) ;
#1661 = CARTESIAN_POINT ( 'NONE',  ( 2.143131898507868297E-16, -3.500000000000000000, 18.25000000000000355 ) ) ;
#1662 = CARTESIAN_POINT ( 'NONE',  ( 1.449747468305833564, -3.500000000000000000, 31.06249999726881583 ) ) ;
#1663 = EDGE_LOOP ( 'NONE', ( #946, #1460, #1930, #756 ) ) ;
#1664 = CARTESIAN_POINT ( 'NONE',  ( 1.214997509849733204, 1.714501635279906733, 5.335877277043246991 ) ) ;
#1665 = VERTEX_POINT ( 'NONE', #3401 ) ;
#1666 = CARTESIAN_POINT ( 'NONE',  ( 2.474873734152916782, -2.474873734152916782, 21.12499999726881583 ) ) ;
#1667 = CARTESIAN_POINT ( 'NONE',  ( -4.041265874999999674, -1.673947134580573870, 23.49999999863440792 ) ) ;
#1668 = ORIENTED_EDGE ( 'NONE', *, *, #944, .T. ) ;
#1669 = CARTESIAN_POINT ( 'NONE',  ( 2.857606504790286994, -2.857606504790286994, 21.68749999863441147 ) ) ;
#1670 = CARTESIAN_POINT ( 'NONE',  ( 1.091125582612483269, 5.900303112435467234, 14.63161642377193772 ) ) ;
#1671 = CARTESIAN_POINT ( 'NONE',  ( -2.857606504790286994, 2.857606504790286550, 24.31249999863440792 ) ) ;
#1672 = CARTESIAN_POINT ( 'NONE',  ( 3.499999999999999556, 1.449747468305835341, 22.56250000000000355 ) ) ;
#1673 = PRODUCT_DEFINITION_SHAPE ( 'NONE', 'NONE',  #2568 ) ;
#1674 = ADVANCED_FACE ( 'NONE', ( #2361 ), #1079, .T. ) ;
#1675 = EDGE_CURVE ( 'NONE', #712, #1590, #3577, .T. ) ;
#1676 = ORIENTED_EDGE ( 'NONE', *, *, #3213, .F. ) ;
#1677 = VERTEX_POINT ( 'NONE', #731 ) ;
#1678 = CARTESIAN_POINT ( 'NONE',  ( -7.423684977483266541E-16, 4.041265874999999674, 27.06249999863440792 ) ) ;
#1679 = CARTESIAN_POINT ( 'NONE',  ( 4.041265874999999674, -1.673947134580573426, 25.74999999863441147 ) ) ;
#1680 = CARTESIAN_POINT ( 'NONE',  ( 2.143131898507868297E-16, -3.500000000000000000, 18.25000000000000355 ) ) ;
#1681 = ORIENTED_EDGE ( 'NONE', *, *, #3164, .F. ) ;
#1682 = ORIENTED_EDGE ( 'NONE', *, *, #2182, .F. ) ;
#1683 = CARTESIAN_POINT ( 'NONE',  ( -1.673947134580575424, 4.041265874999998786, 19.24999999863440792 ) ) ;
#1684 = CARTESIAN_POINT ( 'NONE',  ( -4.041265874999999674, -4.949123318322177694E-16, 30.43749999863440792 ) ) ;
#1685 = VERTEX_POINT ( 'NONE', #3585 ) ;
#1686 = CARTESIAN_POINT ( 'NONE',  ( 1.949358868961793556, -0.7810249675906638656, 11.00000000000000000 ) ) ;
#1687 = CARTESIAN_POINT ( 'NONE',  ( 3.500000000000000000, 0.000000000000000000, 29.50000000000000355 ) ) ;
#1688 = CARTESIAN_POINT ( 'NONE',  ( 2.474561659161088847E-16, -4.041265874999999674, 23.68749999863440792 ) ) ;
#1689 = CARTESIAN_POINT ( 'NONE',  ( -5.473201505120214527, -2.461574116654074995, 12.10507077287675770 ) ) ;
#1690 = CARTESIAN_POINT ( 'NONE',  ( -1.673947134580573426, -4.041265874999999674, 29.49999999863440436 ) ) ;
#1691 = CARTESIAN_POINT ( 'NONE',  ( -1.215162229938042238, 1.714375225747181597, 5.335178876804119952 ) ) ;
#1692 = ORIENTED_EDGE ( 'NONE', *, *, #358, .T. ) ;
#1693 = CARTESIAN_POINT ( 'NONE',  ( 3.500000000000000000, 0.000000000000000000, 23.24999999726881583 ) ) ;
#1694 = EDGE_LOOP ( 'NONE', ( #437, #2840 ) ) ;
#1695 = CARTESIAN_POINT ( 'NONE',  ( -2.474873734152917226, 2.474873734152916338, 23.62499999726881583 ) ) ;
#1696 = CARTESIAN_POINT ( 'NONE',  ( 4.041265874999999674, -1.673947134580573648, 28.74999999863440792 ) ) ;
#1697 =( BOUNDED_CURVE ( )  B_SPLINE_CURVE ( 2, ( #1772, #3475, #339, #1016, #2075, #3252, #1275, #3550, #420 ),
 .UNSPECIFIED., .F., .F. ) 
 B_SPLINE_CURVE_WITH_KNOTS ( ( 3, 2, 2, 2, 3 ),
 ( 0.8461538461538461453, 0.8557692307692307265, 0.8653846153846154188, 0.8750000000000000000, 0.8846153846153845812 ),
 .UNSPECIFIED. ) 
 CURVE ( )  GEOMETRIC_REPRESENTATION_ITEM ( )  RATIONAL_B_SPLINE_CURVE ( ( 1.000000000000000000, 0.9238795325112867385, 1.000000000000000000, 0.9238795325112867385, 1.000000000000000000, 0.9238795325112867385, 1.000000000000000000, 0.9238795325112867385, 1.000000000000000000 ) ) 
 REPRESENTATION_ITEM ( '' )  );
#1698 = CARTESIAN_POINT ( 'NONE',  ( 4.041265874999999674, 0.000000000000000000, 22.93749999863440792 ) ) ;
#1699 = ORIENTED_EDGE ( 'NONE', *, *, #1316, .F. ) ;
#1700 = EDGE_CURVE ( 'NONE', #3178, #2919, #804, .T. ) ;
#1701 = CARTESIAN_POINT ( 'NONE',  ( -4.041265874999999674, -4.949123318322177694E-16, 20.31249999863440792 ) ) ;
#1702 = CARTESIAN_POINT ( 'NONE',  ( 0.3300052203812350871, 5.992815780368902168, 3.783402181232426109 ) ) ;
#1703 = CARTESIAN_POINT ( 'NONE',  ( 4.041265874999999674, -1.673947134580573426, 24.87499999863440792 ) ) ;
#1704 = CARTESIAN_POINT ( 'NONE',  ( 2.143131898507868297E-16, -3.500000000000000000, 25.25000000000000000 ) ) ;
#1705 = ORIENTED_EDGE ( 'NONE', *, *, #2123, .F. ) ;
#1706 = ORIENTED_EDGE ( 'NONE', *, *, #3567, .T. ) ;
#1707 = CARTESIAN_POINT ( 'NONE',  ( -4.041265875000001451, 1.673947134580572538, 23.24999999863440792 ) ) ;
#1708 = CARTESIAN_POINT ( 'NONE',  ( -3.500000000000001332, 1.449747468305832010, 27.68749999726881583 ) ) ;
#1709 = CARTESIAN_POINT ( 'NONE',  ( 4.041265874999999674, 0.000000000000000000, 25.81249999863440792 ) ) ;
#1710 = CARTESIAN_POINT ( 'NONE',  ( 2.143131898507868297E-16, -3.500000000000000000, 29.25000000000000000 ) ) ;
#1711 = EDGE_LOOP ( 'NONE', ( #2833, #857, #2089, #870 ) ) ;
#1712 = AXIS2_PLACEMENT_3D ( 'NONE', #97, #2823, #3156 ) ;
#1713 = ORIENTED_EDGE ( 'NONE', *, *, #1439, .T. ) ;
#1714 = CARTESIAN_POINT ( 'NONE',  ( 1.673947134580574092, 4.041265874999998786, 19.12499999863441147 ) ) ;
#1715 = CARTESIAN_POINT ( 'NONE',  ( -1.673947134580575424, 4.041265874999998786, 19.12499999863441147 ) ) ;
#1716 = ORIENTED_EDGE ( 'NONE', *, *, #1096, .T. ) ;
#1717 = CARTESIAN_POINT ( 'NONE',  ( -2.474873734152916338, -2.474873734152916782, 30.12500000000000355 ) ) ;
#1718 = CARTESIAN_POINT ( 'NONE',  ( 4.041265874999999674, 0.000000000000000000, 24.93749999863440792 ) ) ;
#1719 = CARTESIAN_POINT ( 'NONE',  ( 2.474873734152915894, 2.474873734152917226, 30.37499999726881583 ) ) ;
#1720 = CARTESIAN_POINT ( 'NONE',  ( -3.500000000000001332, 1.449747468305832010, 18.93750000000000000 ) ) ;
#1721 = CARTESIAN_POINT ( 'NONE',  ( -0.7719932105418630952, 1.956919285319601354, 5.996038555901232137 ) ) ;
#1722 = ORIENTED_EDGE ( 'NONE', *, *, #2502, .T. ) ;
#1723 = DIRECTION ( 'NONE',  ( -0.000000000000000000, -0.000000000000000000, 1.000000000000000000 ) ) ;
#1724 = EDGE_LOOP ( 'NONE', ( #2841, #728 ) ) ;
#1725 = CARTESIAN_POINT ( 'NONE',  ( -2.474873734152916338, -2.474873734152916782, 24.87499999726881938 ) ) ;
#1726 = CARTESIAN_POINT ( 'NONE',  ( 4.041265874999999674, -1.673947134580573648, 30.74999999863440792 ) ) ;
#1727 = CARTESIAN_POINT ( 'NONE',  ( -4.041265874999999674, -1.673947134580573870, 25.49999999863440436 ) ) ;
#1728 = ORIENTED_EDGE ( 'NONE', *, *, #2611, .F. ) ;
#1729 = CARTESIAN_POINT ( 'NONE',  ( 3.500000000000000000, 0.000000000000000000, 26.50000000000000355 ) ) ;
#1730 = CARTESIAN_POINT ( 'NONE',  ( -7.423684977483266541E-16, 4.041265874999999674, 26.18749999863440792 ) ) ;
#1731 = CARTESIAN_POINT ( 'NONE',  ( -2.474873734152916338, -2.474873734152916782, 22.12500000000000355 ) ) ;
#1732 = VERTEX_POINT ( 'NONE', #1065 ) ;
#1733 = VERTEX_POINT ( 'NONE', #1095 ) ;
#1734 = CARTESIAN_POINT ( 'NONE',  ( 4.041265874999998786, 1.673947134580575868, 23.87499999863441502 ) ) ;
#1735 = CARTESIAN_POINT ( 'NONE',  ( -3.500000000000000444, -1.449747468305833342, 30.81249999726881583 ) ) ;
#1736 = CARTESIAN_POINT ( 'NONE',  ( -4.041265874999999674, -1.673947134580573648, 26.37499999863441147 ) ) ;
#1737 = CARTESIAN_POINT ( 'NONE',  ( 1.090746260119790589, 3.038725313589572430, 13.36812467956738359 ) ) ;
#1738 = CARTESIAN_POINT ( 'NONE',  ( -1.673947134580573426, -4.041265874999999674, 30.62499999863440792 ) ) ;
#1739 = EDGE_LOOP ( 'NONE', ( #2673, #3351, #1496, #3044 ) ) ;
#1740 = VERTEX_POINT ( 'NONE', #2454 ) ;
#1741 = EDGE_CURVE ( 'NONE', #2909, #1590, #2318, .T. ) ;
#1742 = CARTESIAN_POINT ( 'NONE',  ( 2.857606504790286106, 2.857606504790286994, 19.93749999863440792 ) ) ;
#1743 = ORIENTED_EDGE ( 'NONE', *, *, #1922, .F. ) ;
#1744 = CARTESIAN_POINT ( 'NONE',  ( -3.500000000000000444, -1.449747468305833342, 26.06250000000000355 ) ) ;
#1745 = CARTESIAN_POINT ( 'NONE',  ( 4.041265874999998786, 1.673947134580575868, 22.99999999863440436 ) ) ;
#1746 = CARTESIAN_POINT ( 'NONE',  ( 1.673947134580574092, 4.041265874999998786, 29.99999999863440436 ) ) ;
#1747 = CARTESIAN_POINT ( 'NONE',  ( -0.3344903974913360223, 2.079057563921688612, 6.215642438474829667 ) ) ;
#1748 = ORIENTED_EDGE ( 'NONE', *, *, #1503, .T. ) ;
#1749 = CARTESIAN_POINT ( 'NONE',  ( -1.449747468305834674, 3.499999999999999556, 24.56249999726881583 ) ) ;
#1750 = CARTESIAN_POINT ( 'NONE',  ( 2.474561659161088847E-16, -4.041265874999999674, 29.56249999863440792 ) ) ;
#1751 = CARTESIAN_POINT ( 'NONE',  ( 2.857606504790286994, -2.857606504790286994, 21.81249999863441147 ) ) ;
#1752 = ORIENTED_EDGE ( 'NONE', *, *, #944, .F. ) ;
#1753 = CARTESIAN_POINT ( 'NONE',  ( 1.449747468305833786, 3.499999999999999556, 26.68750000000000355 ) ) ;
#1754 = CARTESIAN_POINT ( 'NONE',  ( 2.143131898507868297E-16, -3.500000000000000000, 22.99999999726881583 ) ) ;
#1755 = CARTESIAN_POINT ( 'NONE',  ( -4.041265874999999674, -4.949123318322177694E-16, 26.43749999863440792 ) ) ;
#1756 = VECTOR ( 'NONE', #709, 1000.000000000000000 ) ;
#1757 = CARTESIAN_POINT ( 'NONE',  ( -3.500000000000000000, -4.286263797015736595E-16, 22.00000000000000355 ) ) ;
#1758 = EDGE_LOOP ( 'NONE', ( #381, #438, #2116, #783 ) ) ;
#1759 = LINE ( 'NONE', #1375, #595 ) ;
#1760 = AXIS2_PLACEMENT_3D ( 'NONE', #797, #1599, #1028 ) ;
#1761 = CARTESIAN_POINT ( 'NONE',  ( -6.429395695523603167E-16, 3.500000000000000000, 28.49999999726881938 ) ) ;
#1762 = CARTESIAN_POINT ( 'NONE',  ( 2.857606504790286994, -2.857606504790286994, 25.68749999863440792 ) ) ;
#1763 = CARTESIAN_POINT ( 'NONE',  ( 3.500000000000000000, 0.000000000000000000, 18.50000000000000355 ) ) ;
#1764 = CARTESIAN_POINT ( 'NONE',  ( 3.500000000000000000, 0.000000000000000000, 23.50000000000000355 ) ) ;
#1765 = ORIENTED_EDGE ( 'NONE', *, *, #2081, .T. ) ;
#1766 = CARTESIAN_POINT ( 'NONE',  ( 4.041265874999998786, 1.673947134580575868, 19.87499999863440792 ) ) ;
#1767 = CARTESIAN_POINT ( 'NONE',  ( 1.449747468305833564, 3.500000000000000000, 26.68750000000000355 ) ) ;
#1768 = CARTESIAN_POINT ( 'NONE',  ( -4.041265875000001451, 1.673947134580572538, 21.37499999863441147 ) ) ;
#1769 = CARTESIAN_POINT ( 'NONE',  ( -4.041265875000001451, 1.673947134580572538, 24.24999999863440792 ) ) ;
#1770 = CARTESIAN_POINT ( 'NONE',  ( -5.946931978406047925, -0.8217088487649328865, 16.99620721954035218 ) ) ;
#1771 = DIRECTION ( 'NONE',  ( -0.000000000000000000, -0.000000000000000000, 1.000000000000000000 ) ) ;
#1772 = CARTESIAN_POINT ( 'NONE',  ( 3.500000000000000000, 0.000000000000000000, 19.50000000000000355 ) ) ;
#1773 = CARTESIAN_POINT ( 'NONE',  ( -1.673947134580573204, -4.041265874999999674, 30.62499999863440792 ) ) ;
#1774 = ORIENTED_EDGE ( 'NONE', *, *, #1241, .F. ) ;
#1775 = CIRCLE ( 'NONE', #238, 6.000000000000000888 ) ;
#1776 = CARTESIAN_POINT ( 'NONE',  ( -3.500000000000000000, -4.286263797015736595E-16, 30.00000000000000355 ) ) ;
#1777 = CARTESIAN_POINT ( 'NONE',  ( -6.429395695523603167E-16, 3.500000000000000000, 25.49999999726881938 ) ) ;
#1778 = CARTESIAN_POINT ( 'NONE',  ( 3.500000000000000000, -1.449747468305833120, 28.43750000000000355 ) ) ;
#1779 = CARTESIAN_POINT ( 'NONE',  ( 1.449747468305833564, -3.500000000000000000, 23.06249999726881583 ) ) ;
#1780 = CARTESIAN_POINT ( 'NONE',  ( 2.857606504790286106, 2.857606504790286994, 20.06249999863440792 ) ) ;
#1781 = CYLINDRICAL_SURFACE ( 'NONE', #92, 3.500000000000000000 ) ;
#1782 = CARTESIAN_POINT ( 'NONE',  ( 2.143131898507868297E-16, -3.500000000000000000, 20.25000000000000355 ) ) ;
#1783 = CARTESIAN_POINT ( 'NONE',  ( -4.041265874999999674, -4.949123318322177694E-16, 23.31249999863440792 ) ) ;
#1784 = CARTESIAN_POINT ( 'NONE',  ( -1.449747468305832898, -3.500000000000000444, 27.93749999726881583 ) ) ;
#1785 = CARTESIAN_POINT ( 'NONE',  ( -2.857606504790286550, -2.857606504790286994, 24.43749999863440436 ) ) ;
#1786 = CARTESIAN_POINT ( 'NONE',  ( 2.857606504790286994, -2.857606504790286994, 30.81249999863440792 ) ) ;
#1787 = CARTESIAN_POINT ( 'NONE',  ( -6.429395695523603167E-16, 3.500000000000000000, 23.75000000000000355 ) ) ;
#1788 = CYLINDRICAL_SURFACE ( 'NONE', #1105, 3.100000000000000533 ) ;
#1789 = CARTESIAN_POINT ( 'NONE',  ( -5.367189839240057658, 2.684881708039498438, 12.43743967845636611 ) ) ;
#1790 = CARTESIAN_POINT ( 'NONE',  ( -1.449747468305832898, -3.500000000000000444, 28.18750000000000711 ) ) ;
#1791 = CARTESIAN_POINT ( 'NONE',  ( -2.857606504790286550, -2.857606504790286994, 22.56249999863440792 ) ) ;
#1792 = CARTESIAN_POINT ( 'NONE',  ( 2.474561659161088847E-16, -4.041265874999999674, 25.56249999863440792 ) ) ;
#1793 = CARTESIAN_POINT ( 'NONE',  ( -3.500000000000000000, 4.286263797015736595E-16, 18.00000000000000355 ) ) ;
#1794 = CARTESIAN_POINT ( 'NONE',  ( -1.449747468305832898, -3.500000000000000444, 18.93749999726881583 ) ) ;
#1795 = DIRECTION ( 'NONE',  ( -0.000000000000000000, -0.000000000000000000, 1.000000000000000000 ) ) ;
#1796 = VECTOR ( 'NONE', #2015, 1000.000000000000000 ) ;
#1797 = EDGE_CURVE ( 'NONE', #1932, #800, #3588, .T. ) ;
#1798 = CARTESIAN_POINT ( 'NONE',  ( -3.500000000000000000, -4.286263797015736595E-16, 25.74999999726881938 ) ) ;
#1799 = CARTESIAN_POINT ( 'NONE',  ( 4.041265874999999674, -1.673947134580573648, 20.87499999863441147 ) ) ;
#1800 = ORIENTED_EDGE ( 'NONE', *, *, #2679, .F. ) ;
#1801 = CARTESIAN_POINT ( 'NONE',  ( -3.500000000000000000, -4.286263797015736595E-16, 27.00000000000000355 ) ) ;
#1802 = CARTESIAN_POINT ( 'NONE',  ( 0.3300052203812331997, 5.992815780368902168, 12.78340218123242344 ) ) ;
#1803 = CARTESIAN_POINT ( 'NONE',  ( -4.041265874999999674, -1.673947134580573648, 21.49999999863441147 ) ) ;
#1804 = VECTOR ( 'NONE', #932, 1000.000000000000000 ) ;
#1805 = CARTESIAN_POINT ( 'NONE',  ( -3.500000000000001332, 1.449747468305832010, 20.93750000000000355 ) ) ;
#1806 = AXIS2_PLACEMENT_3D ( 'NONE', #301, #1077, #3488 ) ;
#1807 = ORIENTED_EDGE ( 'NONE', *, *, #634, .F. ) ;
#1808 = LINE ( 'NONE', #268, #581 ) ;
#1809 = CARTESIAN_POINT ( 'NONE',  ( 2.857606504790286106, 2.857606504790286994, 19.93749999863440792 ) ) ;
#1810 = CARTESIAN_POINT ( 'NONE',  ( 3.499999999999999112, 1.449747468305835341, 23.56250000000000355 ) ) ;
#1811 = EDGE_CURVE ( 'NONE', #1732, #418, #2368, .T. ) ;
#1812 = FACE_OUTER_BOUND ( 'NONE', #2160, .T. ) ;
#1813 = CARTESIAN_POINT ( 'NONE',  ( 0.000000000000000000, 6.000000000000000888, 12.74999999999999822 ) ) ;
#1814 =( BOUNDED_CURVE ( )  B_SPLINE_CURVE ( 2, ( #582, #879, #2374, #2598, #2901, #3456, #3119, #962, #37 ),
 .UNSPECIFIED., .F., .F. ) 
 B_SPLINE_CURVE_WITH_KNOTS ( ( 3, 2, 2, 2, 3 ),
 ( 0.3846153846153846367, 0.3942307692307692180, 0.4038461538461538547, 0.4134615384615384359, 0.4230769230769230727 ),
 .UNSPECIFIED. ) 
 CURVE ( )  GEOMETRIC_REPRESENTATION_ITEM ( )  RATIONAL_B_SPLINE_CURVE ( ( 1.000000000000000000, 0.9238795325112867385, 1.000000000000000000, 0.9238795325112867385, 1.000000000000000000, 0.9238795325112867385, 1.000000000000000000, 0.9238795325112867385, 1.000000000000000000 ) ) 
 REPRESENTATION_ITEM ( '' )  );
#1815 = CARTESIAN_POINT ( 'NONE',  ( 4.041265874999999674, -1.673947134580573648, 27.87499999863441147 ) ) ;
#1816 = CARTESIAN_POINT ( 'NONE',  ( 1.449747468305833342, -3.500000000000000444, 28.31250000000000711 ) ) ;
#1817 = CARTESIAN_POINT ( 'NONE',  ( -4.041265875000001451, 1.673947134580572538, 20.37499999863441147 ) ) ;
#1818 = CARTESIAN_POINT ( 'NONE',  ( 4.041265874999999674, 0.000000000000000000, 24.81249999863440436 ) ) ;
#1819 = CARTESIAN_POINT ( 'NONE',  ( -3.500000000000000444, -1.449747468305833342, 20.81249999726881583 ) ) ;
#1820 = CARTESIAN_POINT ( 'NONE',  ( -2.857606504790286550, -2.857606504790286994, 26.56249999863440792 ) ) ;
#1821 = LINE ( 'NONE', #1622, #598 ) ;
#1822 =( BOUNDED_CURVE ( )  B_SPLINE_CURVE ( 2, ( #2727, #545, #3635, #3427, #1710, #3043, #283, #3655, #594 ),
 .UNSPECIFIED., .F., .F. ) 
 B_SPLINE_CURVE_WITH_KNOTS ( ( 3, 2, 2, 2, 3 ),
 ( 0.07692307692307692735, 0.08653846153846153633, 0.09615384615384615918, 0.1057692307692307682, 0.1153846153846153910 ),
 .UNSPECIFIED. ) 
 CURVE ( )  GEOMETRIC_REPRESENTATION_ITEM ( )  RATIONAL_B_SPLINE_CURVE ( ( 1.000000000000000000, 0.9238795325112867385, 1.000000000000000000, 0.9238795325112867385, 1.000000000000000000, 0.9238795325112867385, 1.000000000000000000, 0.9238795325112867385, 1.000000000000000000 ) ) 
 REPRESENTATION_ITEM ( '' )  );
#1823 = CARTESIAN_POINT ( 'NONE',  ( -1.449747468305832898, -3.500000000000000444, 26.93749999726881583 ) ) ;
#1824 = CARTESIAN_POINT ( 'NONE',  ( -4.041265874999999674, -4.949123318322177694E-16, 28.31249999863440792 ) ) ;
#1825 = CARTESIAN_POINT ( 'NONE',  ( -6.429395695523603167E-16, 3.500000000000000000, 21.49999999726881583 ) ) ;
#1826 = CARTESIAN_POINT ( 'NONE',  ( 2.143131898507868297E-16, -3.500000000000000000, 26.25000000000000355 ) ) ;
#1827 = ADVANCED_FACE ( 'NONE', ( #2382 ), #3583, .F. ) ;
#1828 = CARTESIAN_POINT ( 'NONE',  ( 3.500000000000000000, 0.000000000000000000, 24.24999999726881583 ) ) ;
#1829 = CARTESIAN_POINT ( 'NONE',  ( 2.474561659161088847E-16, -4.041265874999999674, 20.68749999863440792 ) ) ;
#1830 = CIRCLE ( 'NONE', #1404, 6.000000000000000888 ) ;
#1831 = CARTESIAN_POINT ( 'NONE',  ( -2.474873734152916338, -2.474873734152916782, 20.12500000000000355 ) ) ;
#1832 = CARTESIAN_POINT ( 'NONE',  ( 6.000000000000000888, 7.347880794884120722E-16, 35.00000000000000000 ) ) ;
#1833 = CARTESIAN_POINT ( 'NONE',  ( -2.857606504790286550, -2.857606504790286994, 22.43749999863440792 ) ) ;
#1834 = CARTESIAN_POINT ( 'NONE',  ( -1.673947134580575424, 4.041265874999998786, 21.12499999863441147 ) ) ;
#1835 = CARTESIAN_POINT ( 'NONE',  ( -1.449747468305834897, 3.499999999999999112, 23.81250000000000711 ) ) ;
#1836 = CARTESIAN_POINT ( 'NONE',  ( -3.500000000000000000, -1.449747468305833564, 29.81249999726881583 ) ) ;
#1837 = CARTESIAN_POINT ( 'NONE',  ( 4.041265874999998786, 1.673947134580575868, 27.99999999863440792 ) ) ;
#1838 = CARTESIAN_POINT ( 'NONE',  ( -2.474873734152917226, 2.474873734152916338, 26.87500000000000355 ) ) ;
#1839 = CARTESIAN_POINT ( 'NONE',  ( 4.041265874999998786, 1.673947134580575868, 18.99999999863440792 ) ) ;
#1840 = CARTESIAN_POINT ( 'NONE',  ( -4.041265875000001451, 1.673947134580572538, 25.24999999863440792 ) ) ;
#1841 = CARTESIAN_POINT ( 'NONE',  ( 3.500000000000000000, -1.449747468305833120, 27.43750000000000355 ) ) ;
#1842 = CARTESIAN_POINT ( 'NONE',  ( 3.500000000000000000, 0.000000000000000000, 21.24999999726881583 ) ) ;
#1843 = CARTESIAN_POINT ( 'NONE',  ( 0.000000000000000000, 6.000000000000000888, 3.749999999999999112 ) ) ;
#1844 = CARTESIAN_POINT ( 'NONE',  ( 4.041265874999998786, 1.673947134580575868, 29.99999999863440792 ) ) ;
#1845 = CIRCLE ( 'NONE', #3315, 2.100000000000000089 ) ;
#1846 = CARTESIAN_POINT ( 'NONE',  ( 2.143131898507868297E-16, -3.500000000000000000, 26.99999999726881583 ) ) ;
#1847 = CARTESIAN_POINT ( 'NONE',  ( 1.673947134580573870, -4.041265874999999674, 30.62499999863440792 ) ) ;
#1848 = CARTESIAN_POINT ( 'NONE',  ( 3.499999999999999112, 1.449747468305835341, 25.31249999726881938 ) ) ;
#1849 = CARTESIAN_POINT ( 'NONE',  ( -5.639283980538243313, 2.054549912203854412, 16.32985986774452769 ) ) ;
#1850 = CARTESIAN_POINT ( 'NONE',  ( -2.857606504790286550, -2.857606504790286994, 28.43749999863440792 ) ) ;
#1851 = CARTESIAN_POINT ( 'NONE',  ( 2.857606504790286994, -2.857606504790286994, 18.81249999863440792 ) ) ;
#1852 = LINE ( 'NONE', #2385, #3079 ) ;
#1853 = ADVANCED_BREP_SHAPE_REPRESENTATION ( '联轴器改', ( #306, #2787 ), #1645 ) ;
#1854 = ADVANCED_FACE ( 'NONE', ( #2375 ), #3600, .T. ) ;
#1855 = CARTESIAN_POINT ( 'NONE',  ( 3.500000000000000000, 0.000000000000000000, 27.50000000000000355 ) ) ;
#1856 = FACE_BOUND ( 'NONE', #1724, .T. ) ;
#1857 = CARTESIAN_POINT ( 'NONE',  ( -4.041265875000001451, 1.673947134580572538, 22.24999999863440792 ) ) ;
#1858 = CARTESIAN_POINT ( 'NONE',  ( 1.673947134580574092, 4.041265874999998786, 22.99999999863440436 ) ) ;
#1859 = CARTESIAN_POINT ( 'NONE',  ( -1.673947134580573426, -4.041265874999999674, 25.62499999863441147 ) ) ;
#1860 = AXIS2_PLACEMENT_3D ( 'NONE', #639, #2238, #1914 ) ;
#1861 = CIRCLE ( 'NONE', #2476, 3.100000000000000533 ) ;
#1862 = CARTESIAN_POINT ( 'NONE',  ( 2.143131898507868297E-16, -3.500000000000000000, 24.25000000000000000 ) ) ;
#1863 = CARTESIAN_POINT ( 'NONE',  ( -2.857606504790286550, -2.857606504790286994, 28.56249999863440792 ) ) ;
#1864 = CARTESIAN_POINT ( 'NONE',  ( -3.500000000000001332, 1.449747468305832010, 23.93750000000000000 ) ) ;
#1865 = CARTESIAN_POINT ( 'NONE',  ( 1.673947134580573870, -4.041265874999999674, 20.74999999863440792 ) ) ;
#1866 = CARTESIAN_POINT ( 'NONE',  ( -2.857606504790286994, 2.857606504790286550, 26.18749999863440792 ) ) ;
#1867 = CARTESIAN_POINT ( 'NONE',  ( -1.449747468305834897, 3.499999999999999112, 29.56249999726881583 ) ) ;
#1868 = CARTESIAN_POINT ( 'NONE',  ( 2.474873734152915894, 2.474873734152917226, 19.37499999726881583 ) ) ;
#1869 = CARTESIAN_POINT ( 'NONE',  ( -1.673947134580573204, -4.041265874999999674, 28.62499999863440792 ) ) ;
#1870 = CARTESIAN_POINT ( 'NONE',  ( -2.100000000000000089, 0.000000000000000000, 11.00000000000000000 ) ) ;
#1871 = FACE_OUTER_BOUND ( 'NONE', #3421, .T. ) ;
#1872 = CARTESIAN_POINT ( 'NONE',  ( -2.857606504790286550, -2.857606504790286994, 27.43749999863440792 ) ) ;
#1873 = CARTESIAN_POINT ( 'NONE',  ( 4.041265874999998786, 1.673947134580575868, 25.87499999863441147 ) ) ;
#1874 = EDGE_CURVE ( 'NONE', #333, #3185, #1353, .T. ) ;
#1875 = DIRECTION ( 'NONE',  ( -0.000000000000000000, 0.000000000000000000, 1.000000000000000000 ) ) ;
#1876 = CARTESIAN_POINT ( 'NONE',  ( -6.000000000000000888, 6.593693876289827176E-24, 10.90000000000000036 ) ) ;
#1877 = CARTESIAN_POINT ( 'NONE',  ( 4.041265874999998786, 1.673947134580575868, 21.99999999863440792 ) ) ;
#1878 = CARTESIAN_POINT ( 'NONE',  ( -3.500000000000000000, -4.286263797015736595E-16, 18.74999999726881583 ) ) ;
#1879 = CARTESIAN_POINT ( 'NONE',  ( -5.916740177403951861, 1.014239445489611313, 16.93641666204018037 ) ) ;
#1880 = CARTESIAN_POINT ( 'NONE',  ( 2.474873734152916782, -2.474873734152916782, 27.37500000000000355 ) ) ;
#1881 = ORIENTED_EDGE ( 'NONE', *, *, #197, .T. ) ;
#1882 = EDGE_CURVE ( 'NONE', #508, #3206, #2636, .T. ) ;
#1883 = CARTESIAN_POINT ( 'NONE',  ( 4.041265874999998786, 1.673947134580575868, 22.87499999863441502 ) ) ;
#1884 = CARTESIAN_POINT ( 'NONE',  ( 2.857606504790286994, -2.857606504790286994, 20.68749999863440792 ) ) ;
#1885 = CARTESIAN_POINT ( 'NONE',  ( 1.673947134580573870, -4.041265874999999674, 26.74999999863440436 ) ) ;
#1886 = CARTESIAN_POINT ( 'NONE',  ( -2.474873734152916338, -2.474873734152916782, 30.87499999726881583 ) ) ;
#1887 = EDGE_CURVE ( 'NONE', #678, #2849, #2739, .T. ) ;
#1888 = ADVANCED_FACE ( 'NONE', ( #2394 ), #1192, .T. ) ;
#1889 = ORIENTED_EDGE ( 'NONE', *, *, #518, .T. ) ;
#1890 = DIRECTION ( 'NONE',  ( -0.8660254037844383745, 0.000000000000000000, 0.5000000000000003331 ) ) ;
#1891 = CARTESIAN_POINT ( 'NONE',  ( -1.449747468305832898, -3.500000000000000000, 30.18750000000000711 ) ) ;
#1892 = CARTESIAN_POINT ( 'NONE',  ( 2.857606504790286994, -2.857606504790286994, 28.81249999863440792 ) ) ;
#1893 = CARTESIAN_POINT ( 'NONE',  ( 2.474873734152915894, 2.474873734152917226, 24.62500000000000000 ) ) ;
#1894 = CARTESIAN_POINT ( 'NONE',  ( 2.474561659161088847E-16, -4.041265874999999674, 20.56249999863440792 ) ) ;
#1895 = CARTESIAN_POINT ( 'NONE',  ( 0.7696664105633581610, 5.951561186396124192, 4.001753623105508417 ) ) ;
#1896 = CARTESIAN_POINT ( 'NONE',  ( -4.041265874999999674, -1.673947134580573648, 27.49999999863440792 ) ) ;
#1897 = ORIENTED_EDGE ( 'NONE', *, *, #1547, .T. ) ;
#1898 = ORIENTED_EDGE ( 'NONE', *, *, #2986, .T. ) ;
#1899 = CARTESIAN_POINT ( 'NONE',  ( 3.500000000000000000, -1.449747468305833120, 27.18749999726881583 ) ) ;
#1900 = CARTESIAN_POINT ( 'NONE',  ( -1.673947134580573426, -4.041265874999999674, 27.49999999863440792 ) ) ;
#1901 = AXIS2_PLACEMENT_3D ( 'NONE', #3322, #3593, #2764 ) ;
#1902 = CARTESIAN_POINT ( 'NONE',  ( -4.041265874999999674, -4.949123318322177694E-16, 27.31249999863440792 ) ) ;
#1903 = CARTESIAN_POINT ( 'NONE',  ( 1.449747468305833786, 3.499999999999999556, 20.68750000000000355 ) ) ;
#1904 = CARTESIAN_POINT ( 'NONE',  ( -5.366593199265691894, 2.686067525780533760, 15.56051781610676876 ) ) ;
#1905 = CARTESIAN_POINT ( 'NONE',  ( -2.100000000000000089, -3.840884861430584379E-23, 10.90000000000000036 ) ) ;
#1906 = EDGE_LOOP ( 'NONE', ( #757, #2945, #411, #792 ) ) ;
#1907 = ORIENTED_EDGE ( 'NONE', *, *, #2228, .T. ) ;
#1908 = ORIENTED_EDGE ( 'NONE', *, *, #2737, .T. ) ;
#1909 = CARTESIAN_POINT ( 'NONE',  ( 2.857606504790286106, 2.857606504790286994, 19.06249999863440792 ) ) ;
#1910 = CARTESIAN_POINT ( 'NONE',  ( 4.041265874999999674, -1.673947134580573648, 20.74999999863440792 ) ) ;
#1911 = DIRECTION ( 'NONE',  ( 0.000000000000000000, -1.000000000000000000, 0.000000000000000000 ) ) ;
#1912 = CARTESIAN_POINT ( 'NONE',  ( -2.857606504790286994, 2.857606504790286550, 25.31249999863440792 ) ) ;
#1913 = VERTEX_POINT ( 'NONE', #3406 ) ;
#1914 = DIRECTION ( 'NONE',  ( 1.000000000000000000, 0.000000000000000000, 0.000000000000000000 ) ) ;
#1915 = CARTESIAN_POINT ( 'NONE',  ( -3.500000000000000000, -4.286263797015736595E-16, 30.00000000000000355 ) ) ;
#1916 = CARTESIAN_POINT ( 'NONE',  ( -2.857606504790286550, -2.857606504790286994, 23.56249999863440792 ) ) ;
#1917 = CARTESIAN_POINT ( 'NONE',  ( -1.673947134580575424, 4.041265874999998786, 21.12499999863441147 ) ) ;
#1918 = CARTESIAN_POINT ( 'NONE',  ( 2.143131898507868297E-16, -3.500000000000000000, 22.25000000000000355 ) ) ;
#1919 = CARTESIAN_POINT ( 'NONE',  ( 2.474873734152916782, -2.474873734152916782, 21.37500000000000355 ) ) ;
#1920 = CARTESIAN_POINT ( 'NONE',  ( -4.041265874999999674, -4.949123318322177694E-16, 28.43749999863440792 ) ) ;
#1921 = ORIENTED_EDGE ( 'NONE', *, *, #79, .T. ) ;
#1922 = EDGE_CURVE ( 'NONE', #1509, #2000, #3626, .T. ) ;
#1923 = CARTESIAN_POINT ( 'NONE',  ( 2.474873734152916782, -2.474873734152916782, 27.12499999726881583 ) ) ;
#1924 = ORIENTED_EDGE ( 'NONE', *, *, #42, .T. ) ;
#1925 = CARTESIAN_POINT ( 'NONE',  ( 2.857606504790286994, -2.857606504790286994, 27.68749999863440792 ) ) ;
#1926 = PRESENTATION_LAYER_ASSIGNMENT (  '', '', ( #613 ) ) ;
#1927 = CARTESIAN_POINT ( 'NONE',  ( -1.673947134580573204, -4.041265874999999674, 29.49999999863440792 ) ) ;
#1928 = CARTESIAN_POINT ( 'NONE',  ( -3.500000000000000000, -4.286263797015736595E-16, 26.00000000000000355 ) ) ;
#1929 = EDGE_LOOP ( 'NONE', ( #1881, #1441, #679, #530 ) ) ;
#1930 = ORIENTED_EDGE ( 'NONE', *, *, #737, .T. ) ;
#1931 = AXIS2_PLACEMENT_3D ( 'NONE', #3622, #1612, #2745 ) ;
#1932 = VERTEX_POINT ( 'NONE', #3350 ) ;
#1933 = CARTESIAN_POINT ( 'NONE',  ( -1.673947134580573426, -4.041265874999999674, 19.62499999863441147 ) ) ;
#1934 =( BOUNDED_CURVE ( )  B_SPLINE_CURVE ( 2, ( #2645, #1899, #785, #1278, #1098, #2985, #2137, #1341, #2434 ),
 .UNSPECIFIED., .F., .F. ) 
 B_SPLINE_CURVE_WITH_KNOTS ( ( 3, 2, 2, 2, 3 ),
 ( 0.3076923076923077094, 0.3173076923076922906, 0.3269230769230769273, 0.3365384615384615641, 0.3461538461538461453 ),
 .UNSPECIFIED. ) 
 CURVE ( )  GEOMETRIC_REPRESENTATION_ITEM ( )  RATIONAL_B_SPLINE_CURVE ( ( 1.000000000000000000, 0.9238795325112867385, 1.000000000000000000, 0.9238795325112867385, 1.000000000000000000, 0.9238795325112867385, 1.000000000000000000, 0.9238795325112867385, 1.000000000000000000 ) ) 
 REPRESENTATION_ITEM ( '' )  );
#1935 = CARTESIAN_POINT ( 'NONE',  ( 1.449747468305833786, 3.499999999999999556, 27.43749999726881583 ) ) ;
#1936 = CARTESIAN_POINT ( 'NONE',  ( 2.857606504790286994, -2.857606504790286994, 26.81249999863440792 ) ) ;
#1937 = CARTESIAN_POINT ( 'NONE',  ( -3.500000000000001332, 1.449747468305832454, 30.68749999726881938 ) ) ;
#1938 = CARTESIAN_POINT ( 'NONE',  ( 2.857606504790286106, 2.857606504790286994, 28.93749999863441147 ) ) ;
#1939 = CARTESIAN_POINT ( 'NONE',  ( 3.500000000000000000, -1.449747468305833120, 19.18749999726881583 ) ) ;
#1940 =( BOUNDED_CURVE ( )  B_SPLINE_CURVE ( 2, ( #3299, #744, #166, #1611, #1918, #2218, #2717, #2242, #3358 ),
 .UNSPECIFIED., .F., .F. ) 
 B_SPLINE_CURVE_WITH_KNOTS ( ( 3, 2, 2, 2, 3 ),
 ( 0.6153846153846154188, 0.6250000000000000000, 0.6346153846153845812, 0.6442307692307692735, 0.6538461538461538547 ),
 .UNSPECIFIED. ) 
 CURVE ( )  GEOMETRIC_REPRESENTATION_ITEM ( )  RATIONAL_B_SPLINE_CURVE ( ( 1.000000000000000000, 0.9238795325112867385, 1.000000000000000000, 0.9238795325112867385, 1.000000000000000000, 0.9238795325112867385, 1.000000000000000000, 0.9238795325112867385, 1.000000000000000000 ) ) 
 REPRESENTATION_ITEM ( '' )  );
#1941 = ORIENTED_EDGE ( 'NONE', *, *, #2393, .F. ) ;
#1942 = ORIENTED_EDGE ( 'NONE', *, *, #2051, .F. ) ;
#1943 = CARTESIAN_POINT ( 'NONE',  ( -0.3282050358826025804, 5.992938828568171061, 3.782782919331652227 ) ) ;
#1944 = DIRECTION ( 'NONE',  ( -1.000000000000000000, 0.000000000000000000, 0.000000000000000000 ) ) ;
#1945 = CARTESIAN_POINT ( 'NONE',  ( -7.423684977483266541E-16, 4.041265874999999674, 25.18749999863440792 ) ) ;
#1946 = CARTESIAN_POINT ( 'NONE',  ( 2.857606504790286994, -2.857606504790286994, 19.68749999863440792 ) ) ;
#1947 = CARTESIAN_POINT ( 'NONE',  ( -3.500000000000000000, -4.286263797015736595E-16, 19.74999999726881583 ) ) ;
#1948 = CARTESIAN_POINT ( 'NONE',  ( -2.857606504790286994, 2.857606504790286550, 25.31249999863440792 ) ) ;
#1949 = ORIENTED_EDGE ( 'NONE', *, *, #2253, .F. ) ;
#1950 = CARTESIAN_POINT ( 'NONE',  ( -3.500000000000001332, 1.449747468305832454, 28.93750000000000355 ) ) ;
#1951 = ORIENTED_EDGE ( 'NONE', *, *, #662, .T. ) ;
#1952 = CARTESIAN_POINT ( 'NONE',  ( 1.528722718240420924E-16, 2.836811590500855740, 15.25000000000000355 ) ) ;
#1953 = ORIENTED_EDGE ( 'NONE', *, *, #518, .F. ) ;
#1954 = CARTESIAN_POINT ( 'NONE',  ( 1.673947134580573870, -4.041265874999999674, 24.62499999863441147 ) ) ;
#1955 = CARTESIAN_POINT ( 'NONE',  ( 3.500000000000000000, 0.000000000000000000, 30.87499999863441147 ) ) ;
#1956 = CARTESIAN_POINT ( 'NONE',  ( 2.857606504790286994, -2.857606504790286994, 30.68749999863440792 ) ) ;
#1957 = CARTESIAN_POINT ( 'NONE',  ( -6.429395695523603167E-16, 3.500000000000000000, 25.75000000000000355 ) ) ;
#1958 = EDGE_LOOP ( 'NONE', ( #3231, #2763, #1728, #274 ) ) ;
#1959 = ORIENTED_EDGE ( 'NONE', *, *, #1700, .F. ) ;
#1960 = ORIENTED_EDGE ( 'NONE', *, *, #3174, .F. ) ;
#1961 = CARTESIAN_POINT ( 'NONE',  ( 1.673947134580573870, -4.041265874999999674, 19.74999999863441147 ) ) ;
#1962 = CARTESIAN_POINT ( 'NONE',  ( 1.673947134580573870, -4.041265874999999674, 30.74999999863440792 ) ) ;
#1963 = DIRECTION ( 'NONE',  ( -0.000000000000000000, -0.000000000000000000, 1.000000000000000000 ) ) ;
#1964 = CARTESIAN_POINT ( 'NONE',  ( 1.673947134580573870, -4.041265874999999674, 27.74999999863440792 ) ) ;
#1965 = CARTESIAN_POINT ( 'NONE',  ( 3.499999999999999112, 1.449747468305835341, 30.31249999726881583 ) ) ;
#1966 = CARTESIAN_POINT ( 'NONE',  ( -3.500000000000000444, -1.449747468305833342, 18.06250000000000355 ) ) ;
#1967 = CARTESIAN_POINT ( 'NONE',  ( 2.143131898507868297E-16, -3.500000000000000000, 30.99999999726881583 ) ) ;
#1968 = ORIENTED_EDGE ( 'NONE', *, *, #3494, .F. ) ;
#1969 = ORIENTED_EDGE ( 'NONE', *, *, #852, .T. ) ;
#1970 = VERTEX_POINT ( 'NONE', #2710 ) ;
#1971 = CARTESIAN_POINT ( 'NONE',  ( 0.7715236709059931641, 1.957144258141034321, 4.003466625489979336 ) ) ;
#1972 = CARTESIAN_POINT ( 'NONE',  ( -2.474873734152916338, -2.474873734152916782, 30.12500000000000355 ) ) ;
#1973 = CARTESIAN_POINT ( 'NONE',  ( 1.673947134580574092, 4.041265874999998786, 23.12499999863441147 ) ) ;
#1974 = CARTESIAN_POINT ( 'NONE',  ( 4.041265874999999674, -1.673947134580573648, 21.74999999863440792 ) ) ;
#1975 = CARTESIAN_POINT ( 'NONE',  ( 1.217283505800180077, 5.875572544199750169, 5.328199954778642500 ) ) ;
#1976 = CARTESIAN_POINT ( 'NONE',  ( 2.857606504790286106, 2.857606504790286994, 25.06249999863440792 ) ) ;
#1977 = ORIENTED_EDGE ( 'NONE', *, *, #611, .F. ) ;
#1978 = CARTESIAN_POINT ( 'NONE',  ( 3.500000000000000444, -1.449747468305833120, 22.43750000000000000 ) ) ;
#1979 = ORIENTED_EDGE ( 'NONE', *, *, #358, .F. ) ;
#1980 = EDGE_LOOP ( 'NONE', ( #1743, #920, #1692, #2121 ) ) ;
#1981 = EDGE_CURVE ( 'NONE', #2146, #1509, #1036, .T. ) ;
#1982 = ORIENTED_EDGE ( 'NONE', *, *, #2397, .T. ) ;
#1983 = CARTESIAN_POINT ( 'NONE',  ( 2.857606504790286106, 2.857606504790286994, 25.93749999863440792 ) ) ;
#1984 = ORIENTED_EDGE ( 'NONE', *, *, #3362, .F. ) ;
#1985 = CARTESIAN_POINT ( 'NONE',  ( 3.499999999999999556, 1.449747468305835341, 29.31249999726881583 ) ) ;
#1986 = CARTESIAN_POINT ( 'NONE',  ( 0.000000000000000000, 0.000000000000000000, 18.00000000000000355 ) ) ;
#1987 = CARTESIAN_POINT ( 'NONE',  ( -4.041265875000000563, 1.673947134580572538, 25.24999999863440792 ) ) ;
#1988 = CARTESIAN_POINT ( 'NONE',  ( -3.500000000000000000, -1.449747468305833564, 18.06250000000000355 ) ) ;
#1989 = VERTEX_POINT ( 'NONE', #1603 ) ;
#1990 = ORIENTED_EDGE ( 'NONE', *, *, #3034, .T. ) ;
#1991 = ORIENTED_EDGE ( 'NONE', *, *, #1096, .F. ) ;
#1992 = ORIENTED_EDGE ( 'NONE', *, *, #2182, .T. ) ;
#1993 = CARTESIAN_POINT ( 'NONE',  ( 3.500000000000000000, 0.000000000000000000, 23.50000000000000355 ) ) ;
#1994 = CARTESIAN_POINT ( 'NONE',  ( -2.857606504790286994, 2.857606504790286550, 30.31249999863440792 ) ) ;
#1995 = CARTESIAN_POINT ( 'NONE',  ( 2.857606504790286106, 2.857606504790286994, 24.06249999863440792 ) ) ;
#1996 = CARTESIAN_POINT ( 'NONE',  ( 3.500000000000000000, -1.449747468305833120, 26.43750000000000711 ) ) ;
#1997 = CARTESIAN_POINT ( 'NONE',  ( -4.041265875000001451, 1.673947134580572538, 29.24999999863440436 ) ) ;
#1998 = CARTESIAN_POINT ( 'NONE',  ( -0.9978523008356170454, 1.851971217944700765, 5.769647391785102997 ) ) ;
#1999 = VERTEX_POINT ( 'NONE', #2490 ) ;
#2000 = VERTEX_POINT ( 'NONE', #851 ) ;
#2001 = CARTESIAN_POINT ( 'NONE',  ( 2.474873734152916782, -2.474873734152916782, 26.12499999726881583 ) ) ;
#2002 = CARTESIAN_POINT ( 'NONE',  ( 1.449747468305833342, -3.500000000000000444, 22.06249999726881583 ) ) ;
#2003 = CARTESIAN_POINT ( 'NONE',  ( 2.857606504790286994, -2.857606504790286994, 28.68749999863440792 ) ) ;
#2004 = CARTESIAN_POINT ( 'NONE',  ( 2.857606504790286994, -2.857606504790286994, 22.81249999863440792 ) ) ;
#2005 = CARTESIAN_POINT ( 'NONE',  ( 4.041265874999999674, 0.000000000000000000, 19.81249999863440792 ) ) ;
#2006 = CARTESIAN_POINT ( 'NONE',  ( 1.449747468305833564, -3.500000000000000000, 24.06249999726881938 ) ) ;
#2007 = CARTESIAN_POINT ( 'NONE',  ( 2.857606504790286106, 2.857606504790286994, 24.06249999863440792 ) ) ;
#2008 = ORIENTED_EDGE ( 'NONE', *, *, #3331, .F. ) ;
#2009 = CARTESIAN_POINT ( 'NONE',  ( 1.449747468305833342, -3.500000000000000444, 24.31250000000000000 ) ) ;
#2010 = VERTEX_POINT ( 'NONE', #222 ) ;
#2011 = CARTESIAN_POINT ( 'NONE',  ( -3.500000000000000000, -4.286263797015736595E-16, 26.74999999726881583 ) ) ;
#2012 = CARTESIAN_POINT ( 'NONE',  ( -2.857606504790286994, 2.857606504790286550, 23.18749999863440792 ) ) ;
#2013 = CARTESIAN_POINT ( 'NONE',  ( -2.474873734152917226, 2.474873734152916338, 27.62499999726881583 ) ) ;
#2014 = CARTESIAN_POINT ( 'NONE',  ( -4.041265875000000563, 1.673947134580572538, 27.24999999863440792 ) ) ;
#2015 = DIRECTION ( 'NONE',  ( -0.000000000000000000, -0.000000000000000000, 1.000000000000000000 ) ) ;
#2016 = ORIENTED_EDGE ( 'NONE', *, *, #3256, .F. ) ;
#2017 = B_SPLINE_CURVE_WITH_KNOTS ( 'NONE', 1,
 ( #1074, #1647 ),
 .UNSPECIFIED., .F., .F.,
 ( 2, 2 ),
 ( 0.000000000000000000, 1.000000000000000000 ),
 .UNSPECIFIED. ) ;
#2018 = EDGE_LOOP ( 'NONE', ( #357, #1557, #2740, #3162, #3208 ) ) ;
#2019 = CARTESIAN_POINT ( 'NONE',  ( -4.041265874999999674, -1.673947134580573870, 30.49999999863440436 ) ) ;
#2020 = CARTESIAN_POINT ( 'NONE',  ( -2.857606504790286994, 2.857606504790286550, 19.18749999863440792 ) ) ;
#2021 = CARTESIAN_POINT ( 'NONE',  ( 1.673947134580573870, -4.041265874999999674, 24.74999999863440792 ) ) ;
#2022 = CARTESIAN_POINT ( 'NONE',  ( -6.429395695523603167E-16, 3.500000000000000000, 20.49999999726881583 ) ) ;
#2023 = CARTESIAN_POINT ( 'NONE',  ( -7.423684977483266541E-16, 4.041265874999999674, 30.06249999863440792 ) ) ;
#2024 = CARTESIAN_POINT ( 'NONE',  ( -6.429395695523603167E-16, 3.500000000000000000, 19.75000000000000355 ) ) ;
#2025 = CARTESIAN_POINT ( 'NONE',  ( 2.143131898507868297E-16, -3.500000000000000000, 28.99999999726881583 ) ) ;
#2026 = CARTESIAN_POINT ( 'NONE',  ( 1.449747468305833342, -3.500000000000000444, 25.06249999726881583 ) ) ;
#2027 = CARTESIAN_POINT ( 'NONE',  ( 2.474561659161088847E-16, -4.041265874999999674, 30.56249999863440792 ) ) ;
#2028 = CARTESIAN_POINT ( 'NONE',  ( 2.474561659161088847E-16, -4.041265874999999674, 22.68749999863440792 ) ) ;
#2029 = EDGE_CURVE ( 'NONE', #2701, #2984, #1759, .T. ) ;
#2030 = CARTESIAN_POINT ( 'NONE',  ( 2.474873734152916782, -2.474873734152916782, 28.37500000000000355 ) ) ;
#2031 = CARTESIAN_POINT ( 'NONE',  ( -6.429395695523603167E-16, 3.500000000000000000, 23.49999999726881583 ) ) ;
#2032 = CARTESIAN_POINT ( 'NONE',  ( -7.423684977483266541E-16, 4.041265874999999674, 23.18749999863440792 ) ) ;
#2033 = CARTESIAN_POINT ( 'NONE',  ( -3.500000000000000444, -1.449747468305833342, 22.06250000000000000 ) ) ;
#2034 = CYLINDRICAL_SURFACE ( 'NONE', #345, 3.500000000000000000 ) ;
#2035 = CARTESIAN_POINT ( 'NONE',  ( 1.449747468305833564, 3.500000000000000000, 29.43749999726881938 ) ) ;
#2036 = CARTESIAN_POINT ( 'NONE',  ( -4.041265874999999674, -4.949123318322177694E-16, 25.31249999863440792 ) ) ;
#2037 = CARTESIAN_POINT ( 'NONE',  ( 0.1645282677620221456, 2.836811590500855740, 15.25000000000000000 ) ) ;
#2038 = CARTESIAN_POINT ( 'NONE',  ( 2.474873734152915894, 2.474873734152917226, 18.62500000000000355 ) ) ;
#2039 = CYLINDRICAL_SURFACE ( 'NONE', #1901, 1.250000000000001110 ) ;
#2040 = VECTOR ( 'NONE', #270, 1000.000000000000000 ) ;
#2041 = CARTESIAN_POINT ( 'NONE',  ( 2.474561659161088847E-16, -4.041265874999999674, 19.56249999863440792 ) ) ;
#2042 = CARTESIAN_POINT ( 'NONE',  ( -2.474873734152917226, 2.474873734152916338, 28.87500000000000000 ) ) ;
#2043 = CARTESIAN_POINT ( 'NONE',  ( 2.474561659161088847E-16, -4.041265874999999674, 22.68749999863440792 ) ) ;
#2044 = CARTESIAN_POINT ( 'NONE',  ( -4.041265874999999674, -1.673947134580573870, 29.37499999863440792 ) ) ;
#2045 = DIRECTION ( 'NONE',  ( 1.000000000000000000, 0.000000000000000000, 0.000000000000000000 ) ) ;
#2046 = ORIENTED_EDGE ( 'NONE', *, *, #3494, .T. ) ;
#2047 = DIRECTION ( 'NONE',  ( 1.000000000000000000, 0.000000000000000000, 0.000000000000000000 ) ) ;
#2048 = CARTESIAN_POINT ( 'NONE',  ( 3.500000000000000444, -1.449747468305833120, 23.18749999726881228 ) ) ;
#2049 = CARTESIAN_POINT ( 'NONE',  ( 4.041265874999998786, 1.673947134580575868, 28.87499999863441147 ) ) ;
#2050 = CARTESIAN_POINT ( 'NONE',  ( -1.673947134580575424, 4.041265874999998786, 22.24999999863440792 ) ) ;
#2051 = EDGE_CURVE ( 'NONE', #1633, #3185, #1808, .T. ) ;
#2052 = CARTESIAN_POINT ( 'NONE',  ( -3.500000000000000000, -4.286263797015736595E-16, 27.00000000000000355 ) ) ;
#2053 = CARTESIAN_POINT ( 'NONE',  ( -3.500000000000000000, -4.286263797015736595E-16, 25.74999999726881938 ) ) ;
#2054 = CARTESIAN_POINT ( 'NONE',  ( 2.474561659161088847E-16, -4.041265874999999674, 25.68749999863440792 ) ) ;
#2055 = CARTESIAN_POINT ( 'NONE',  ( 1.449747468305833564, 3.500000000000000000, 21.68750000000000000 ) ) ;
#2056 = ADVANCED_FACE ( 'NONE', ( #2979 ), #1788, .F. ) ;
#2057 = B_SPLINE_CURVE_WITH_KNOTS ( 'NONE', 3,
 ( #2571, #2855, #3542, #3660, #847, #1108 ),
 .UNSPECIFIED., .F., .F.,
 ( 4, 2, 4 ),
 ( 0.000000000000000000, 0.0004021955580547082864, 0.0008043911161094167896 ),
 .UNSPECIFIED. ) ;
#2058 = ORIENTED_EDGE ( 'NONE', *, *, #2338, .F. ) ;
#2059 = CARTESIAN_POINT ( 'NONE',  ( 6.000000000000000888, 7.347880794884120722E-16, 18.00000000000000355 ) ) ;
#2060 = CARTESIAN_POINT ( 'NONE',  ( -3.500000000000000000, -4.286263797015736595E-16, 26.00000000000000355 ) ) ;
#2061 = CARTESIAN_POINT ( 'NONE',  ( -4.041265875000001451, 1.673947134580572538, 24.24999999863440792 ) ) ;
#2062 = CARTESIAN_POINT ( 'NONE',  ( 3.499999999999999556, 1.449747468305835341, 30.31249999726881583 ) ) ;
#2063 = CARTESIAN_POINT ( 'NONE',  ( -2.857606504790286994, 2.857606504790286550, 24.18749999863440792 ) ) ;
#2064 = CARTESIAN_POINT ( 'NONE',  ( 3.499999999999999112, 1.449747468305835341, 18.56250000000000355 ) ) ;
#2065 = VERTEX_POINT ( 'NONE', #1153 ) ;
#2066 = DIRECTION ( 'NONE',  ( 0.000000000000000000, 0.000000000000000000, 1.000000000000000000 ) ) ;
#2067 = EDGE_CURVE ( 'NONE', #2918, #2659, #2612, .T. ) ;
#2068 =( BOUNDED_CURVE ( )  B_SPLINE_CURVE ( 2, ( #3546, #142, #413, #714, #1532, #1035, #1290, #1836, #3026 ),
 .UNSPECIFIED., .F., .F. ) 
 B_SPLINE_CURVE_WITH_KNOTS ( ( 3, 2, 2, 2, 3 ),
 ( 0.07692307692307692735, 0.08653846153846153633, 0.09615384615384615918, 0.1057692307692307682, 0.1153846153846153910 ),
 .UNSPECIFIED. ) 
 CURVE ( )  GEOMETRIC_REPRESENTATION_ITEM ( )  RATIONAL_B_SPLINE_CURVE ( ( 1.000000000000000000, 0.9238795325112867385, 1.000000000000000000, 0.9238795325112867385, 1.000000000000000000, 0.9238795325112867385, 1.000000000000000000, 0.9238795325112867385, 1.000000000000000000 ) ) 
 REPRESENTATION_ITEM ( '' )  );
#2069 = ORIENTED_EDGE ( 'NONE', *, *, #2356, .T. ) ;
#2070 = CARTESIAN_POINT ( 'NONE',  ( -4.041265874999999674, -4.949123318322177694E-16, 29.43749999863440792 ) ) ;
#2071 = CARTESIAN_POINT ( 'NONE',  ( 2.474873734152915894, 2.474873734152917226, 27.62500000000000355 ) ) ;
#2072 = CARTESIAN_POINT ( 'NONE',  ( 4.041265874999999674, -1.673947134580573648, 22.87499999863441502 ) ) ;
#2073 = CARTESIAN_POINT ( 'NONE',  ( -1.673947134580573426, -4.041265874999999674, 22.49999999863440792 ) ) ;
#2074 = CARTESIAN_POINT ( 'NONE',  ( 1.449747468305833786, 3.499999999999999556, 22.43749999726881583 ) ) ;
#2075 = CARTESIAN_POINT ( 'NONE',  ( 2.143131898507868297E-16, -3.500000000000000000, 19.25000000000000355 ) ) ;
#2076 = CARTESIAN_POINT ( 'NONE',  ( -2.857606504790286550, -2.857606504790286994, 30.56249999863440792 ) ) ;
#2077 =( BOUNDED_CURVE ( )  B_SPLINE_CURVE ( 2, ( #195, #3283, #2460, #1104, #1345, #793, #3584, #175, #2702 ),
 .UNSPECIFIED., .F., .F. ) 
 B_SPLINE_CURVE_WITH_KNOTS ( ( 3, 2, 2, 2, 3 ),
 ( 0.8461538461538461453, 0.8557692307692307265, 0.8653846153846154188, 0.8750000000000000000, 0.8846153846153845812 ),
 .UNSPECIFIED. ) 
 CURVE ( )  GEOMETRIC_REPRESENTATION_ITEM ( )  RATIONAL_B_SPLINE_CURVE ( ( 1.000000000000000000, 0.9238795325112867385, 1.000000000000000000, 0.9238795325112867385, 1.000000000000000000, 0.9238795325112867385, 1.000000000000000000, 0.9238795325112867385, 1.000000000000000000 ) ) 
 REPRESENTATION_ITEM ( '' )  );
#2078 = VECTOR ( 'NONE', #940, 1000.000000000000000 ) ;
#2079 = FACE_OUTER_BOUND ( 'NONE', #670, .T. ) ;
#2080 = ORIENTED_EDGE ( 'NONE', *, *, #1340, .F. ) ;
#2081 = EDGE_CURVE ( 'NONE', #784, #3137, #546, .T. ) ;
#2082 = CARTESIAN_POINT ( 'NONE',  ( 2.474873734152916782, -2.474873734152916782, 25.12499999726881938 ) ) ;
#2083 = CARTESIAN_POINT ( 'NONE',  ( 4.041265874999998786, 1.673947134580575868, 21.99999999863440792 ) ) ;
#2084 = CARTESIAN_POINT ( 'NONE',  ( 1.449747468305833564, -3.500000000000000000, 28.31250000000000355 ) ) ;
#2085 = CARTESIAN_POINT ( 'NONE',  ( 0.6306622085690012369, 5.968668997490167882, 12.90854277372324077 ) ) ;
#2086 = CARTESIAN_POINT ( 'NONE',  ( -2.857606504790286550, -2.857606504790286994, 20.56249999863440792 ) ) ;
#2087 = CARTESIAN_POINT ( 'NONE',  ( 3.499999999999999556, 1.449747468305835341, 21.56250000000000000 ) ) ;
#2088 = VECTOR ( 'NONE', #1963, 1000.000000000000000 ) ;
#2089 = ORIENTED_EDGE ( 'NONE', *, *, #2990, .T. ) ;
#2090 = AXIS2_PLACEMENT_3D ( 'NONE', #3609, #2483, #2729 ) ;
#2091 = CARTESIAN_POINT ( 'NONE',  ( 2.857606504790286106, 2.857606504790286994, 22.93749999863440792 ) ) ;
#2092 = CARTESIAN_POINT ( 'NONE',  ( 3.500000000000000000, 0.000000000000000000, 30.24999999726881583 ) ) ;
#2093 = LINE ( 'NONE', #2358, #3284 ) ;
#2094 = CARTESIAN_POINT ( 'NONE',  ( -4.041265875000000563, 1.673947134580572538, 20.24999999863440436 ) ) ;
#2095 = CARTESIAN_POINT ( 'NONE',  ( 0.7699199503811607892, 2.937418841286726146, 13.00214186389651161 ) ) ;
#2096 = CARTESIAN_POINT ( 'NONE',  ( -2.857606504790286550, -2.857606504790286994, 30.56249999863440792 ) ) ;
#2097 = EDGE_LOOP ( 'NONE', ( #844, #748, #1646, #1977 ) ) ;
#2098 =( LENGTH_UNIT ( ) NAMED_UNIT ( * ) SI_UNIT ( .MILLI., .METRE. ) );
#2099 = ORIENTED_EDGE ( 'NONE', *, *, #722, .T. ) ;
#2100 = CARTESIAN_POINT ( 'NONE',  ( 2.857606504790286106, 2.857606504790286994, 28.06249999863440792 ) ) ;
#2101 = CARTESIAN_POINT ( 'NONE',  ( -1.449747468305834674, 3.499999999999999556, 28.81250000000000355 ) ) ;
#2102 = CARTESIAN_POINT ( 'NONE',  ( -4.041265875000001451, 1.673947134580572538, 22.37499999863441147 ) ) ;
#2103 = CARTESIAN_POINT ( 'NONE',  ( -7.423684977483266541E-16, 4.041265874999999674, 26.06249999863440792 ) ) ;
#2104 = DIRECTION ( 'NONE',  ( 0.000000000000000000, 0.000000000000000000, -1.000000000000000000 ) ) ;
#2105 = CARTESIAN_POINT ( 'NONE',  ( -2.474873734152916338, -2.474873734152916782, 18.87499999726881583 ) ) ;
#2106 = CARTESIAN_POINT ( 'NONE',  ( -3.500000000000000000, -4.286263797015736595E-16, 26.74999999726881583 ) ) ;
#2107 = CARTESIAN_POINT ( 'NONE',  ( -6.000000000000000888, 0.000000000000000000, 35.00000000000000000 ) ) ;
#2108 = CYLINDRICAL_SURFACE ( 'NONE', #2586, 3.500000000000000000 ) ;
#2109 = VERTEX_POINT ( 'NONE', #1031 ) ;
#2110 = CARTESIAN_POINT ( 'NONE',  ( 3.500000000000000000, 0.000000000000000000, 22.24999999726881583 ) ) ;
#2111 = CARTESIAN_POINT ( 'NONE',  ( 1.673947134580573870, -4.041265874999999674, 20.74999999863440792 ) ) ;
#2112 = CARTESIAN_POINT ( 'NONE',  ( -6.000000000000000000, 0.000000000000000000, 17.10000000000000142 ) ) ;
#2113 = CARTESIAN_POINT ( 'NONE',  ( 3.499999999999999112, 1.449747468305835341, 24.31249999726881583 ) ) ;
#2114 = CARTESIAN_POINT ( 'NONE',  ( -1.673947134580573204, -4.041265874999999674, 20.62499999863441147 ) ) ;
#2115 = CARTESIAN_POINT ( 'NONE',  ( -1.449747468305834674, 3.499999999999999556, 21.81250000000000355 ) ) ;
#2116 = ORIENTED_EDGE ( 'NONE', *, *, #410, .T. ) ;
#2117 = CARTESIAN_POINT ( 'NONE',  ( 3.500000000000000000, 0.000000000000000000, 18.00000000000000355 ) ) ;
#2118 = CARTESIAN_POINT ( 'NONE',  ( -1.673947134580573204, -4.041265874999999674, 20.49999999863440792 ) ) ;
#2119 = UNCERTAINTY_MEASURE_WITH_UNIT (LENGTH_MEASURE( 1.000000000000000082E-05 ), #865, 'distance_accuracy_value', 'NONE');
#2120 = VECTOR ( 'NONE', #78, 1000.000000000000000 ) ;
#2121 = ORIENTED_EDGE ( 'NONE', *, *, #2679, .T. ) ;
#2122 =( NAMED_UNIT ( * ) SI_UNIT ( $, .STERADIAN. ) SOLID_ANGLE_UNIT ( ) );
#2123 = EDGE_CURVE ( 'NONE', #2868, #3157, #520, .T. ) ;
#2124 = VECTOR ( 'NONE', #1890, 1000.000000000000227 ) ;
#2125 = DIRECTION ( 'NONE',  ( 0.000000000000000000, -1.000000000000000000, 0.000000000000000000 ) ) ;
#2126 = ORIENTED_EDGE ( 'NONE', *, *, #1811, .F. ) ;
#2127 = CARTESIAN_POINT ( 'NONE',  ( -2.857606504790286994, 2.857606504790286550, 27.31249999863440792 ) ) ;
#2128 = CARTESIAN_POINT ( 'NONE',  ( -5.695292613773029089, 1.911718853239080529, 11.52752145616769397 ) ) ;
#2129 = CARTESIAN_POINT ( 'NONE',  ( 3.500000000000000444, -1.449747468305833120, 28.43750000000000355 ) ) ;
#2130 = CARTESIAN_POINT ( 'NONE',  ( 4.041265874999999674, 0.000000000000000000, 19.93749999863440792 ) ) ;
#2131 = CARTESIAN_POINT ( 'NONE',  ( 1.673947134580574092, 4.041265874999998786, 23.99999999863440792 ) ) ;
#2132 = CARTESIAN_POINT ( 'NONE',  ( -5.916495409047759502, -1.015507678686289550, 16.93591700870164374 ) ) ;
#2133 = CARTESIAN_POINT ( 'NONE',  ( 3.500000000000000000, 0.000000000000000000, 20.24999999726881583 ) ) ;
#2134 = CARTESIAN_POINT ( 'NONE',  ( 1.673947134580573648, -4.041265874999999674, 28.74999999863440792 ) ) ;
#2135 = CARTESIAN_POINT ( 'NONE',  ( -1.216474527744498157, 3.086085027818482818, 13.66934446125761582 ) ) ;
#2136 = EDGE_LOOP ( 'NONE', ( #2693, #3194, #2721, #749 ) ) ;
#2137 = CARTESIAN_POINT ( 'NONE',  ( -2.474873734152916338, -2.474873734152916782, 26.87499999726881583 ) ) ;
#2138 = CARTESIAN_POINT ( 'NONE',  ( -3.500000000000000000, -4.286263797015736595E-16, 26.74999999726881583 ) ) ;
#2139 = CARTESIAN_POINT ( 'NONE',  ( 2.474561659161088847E-16, -4.041265874999999674, 28.56249999863440792 ) ) ;
#2140 = CARTESIAN_POINT ( 'NONE',  ( 3.500000000000000000, 0.000000000000000000, 26.50000000000000355 ) ) ;
#2141 = CARTESIAN_POINT ( 'NONE',  ( -5.137253385764128488, 3.099778656006952016, 14.20993453834211806 ) ) ;
#2142 = CARTESIAN_POINT ( 'NONE',  ( 2.474873734152916782, -2.474873734152916782, 28.12499999726881583 ) ) ;
#2143 = CARTESIAN_POINT ( 'NONE',  ( -1.673947134580575424, 4.041265874999998786, 20.24999999863440436 ) ) ;
#2144 = CYLINDRICAL_SURFACE ( 'NONE', #3267, 3.500000000000000000 ) ;
#2145 = FACE_OUTER_BOUND ( 'NONE', #1980, .T. ) ;
#2146 = VERTEX_POINT ( 'NONE', #985 ) ;
#2147 = CARTESIAN_POINT ( 'NONE',  ( 1.449747468305833564, -3.500000000000000000, 27.31250000000000355 ) ) ;
#2148 = CARTESIAN_POINT ( 'NONE',  ( 4.041265874999998786, 1.673947134580575868, 21.87499999863441147 ) ) ;
#2149 = LINE ( 'NONE', #873, #2088 ) ;
#2150 = CARTESIAN_POINT ( 'NONE',  ( 2.857606504790286994, -2.857606504790286994, 21.68749999863441147 ) ) ;
#2151 = CARTESIAN_POINT ( 'NONE',  ( 1.241692000494719617, 3.096623627080093755, 14.16570860495623307 ) ) ;
#2152 = CARTESIAN_POINT ( 'NONE',  ( -4.041265874999999674, -1.673947134580573870, 30.49999999863440436 ) ) ;
#2153 = ORIENTED_EDGE ( 'NONE', *, *, #1084, .F. ) ;
#2154 = ORIENTED_EDGE ( 'NONE', *, *, #7, .F. ) ;
#2155 = CARTESIAN_POINT ( 'NONE',  ( -3.500000000000000000, 4.286263797015736595E-16, 18.00000000000000355 ) ) ;
#2156 = EDGE_CURVE ( 'NONE', #278, #755, #551, .T. ) ;
#2157 = ADVANCED_FACE ( 'NONE', ( #3045 ), #3020, .T. ) ;
#2158 = FACE_OUTER_BOUND ( 'NONE', #1644, .T. ) ;
#2159 = LINE ( 'NONE', #3469, #2120 ) ;
#2160 = EDGE_LOOP ( 'NONE', ( #878, #480, #3388, #2126 ) ) ;
#2161 = CARTESIAN_POINT ( 'NONE',  ( 2.857606504790286106, 2.857606504790286994, 27.06249999863440792 ) ) ;
#2162 = CARTESIAN_POINT ( 'NONE',  ( 2.474873734152916782, -2.474873734152916782, 26.37500000000000355 ) ) ;
#2163 = CARTESIAN_POINT ( 'NONE',  ( -4.041265874999999674, -1.673947134580573870, 19.49999999863440792 ) ) ;
#2164 = CARTESIAN_POINT ( 'NONE',  ( -4.041265874999999674, -1.673947134580573870, 23.37499999863441502 ) ) ;
#2165 = CARTESIAN_POINT ( 'NONE',  ( -6.000000000000000888, -0.2084997703611723152, 17.10000000000000497 ) ) ;
#2166 = CARTESIAN_POINT ( 'NONE',  ( -2.857606504790286994, 2.857606504790286550, 29.31249999863440792 ) ) ;
#2167 = CYLINDRICAL_SURFACE ( 'NONE', #863, 3.500000000000000000 ) ;
#2168 = ORIENTED_EDGE ( 'NONE', *, *, #1811, .T. ) ;
#2169 = CARTESIAN_POINT ( 'NONE',  ( 2.857606504790286994, -2.857606504790286994, 27.68749999863440792 ) ) ;
#2170 = CARTESIAN_POINT ( 'NONE',  ( 1.449747468305833786, 3.499999999999999556, 25.43749999726881938 ) ) ;
#2171 = CARTESIAN_POINT ( 'NONE',  ( 2.857606504790286106, 2.857606504790286994, 27.93749999863440792 ) ) ;
#2172 = CARTESIAN_POINT ( 'NONE',  ( 1.673947134580574092, 4.041265874999998786, 20.12499999863441147 ) ) ;
#2173 = VECTOR ( 'NONE', #2783, 1000.000000000000000 ) ;
#2174 = ORIENTED_EDGE ( 'NONE', *, *, #548, .F. ) ;
#2175 = CARTESIAN_POINT ( 'NONE',  ( -6.429395695523603167E-16, 3.500000000000000000, 28.49999999726881938 ) ) ;
#2176 = CARTESIAN_POINT ( 'NONE',  ( -4.041265874999999674, -4.949123318322177694E-16, 22.31249999863440792 ) ) ;
#2177 = CARTESIAN_POINT ( 'NONE',  ( -4.041265874999999674, -1.673947134580573648, 22.37499999863441147 ) ) ;
#2178 = CARTESIAN_POINT ( 'NONE',  ( -4.041265874999999674, -1.673947134580573870, 25.49999999863440436 ) ) ;
#2179 = FACE_BOUND ( 'NONE', #237, .T. ) ;
#2180 = EDGE_LOOP ( 'NONE', ( #806, #352, #2860, #2174 ) ) ;
#2181 = EDGE_CURVE ( 'NONE', #395, #1685, #3513, .T. ) ;
#2182 = EDGE_CURVE ( 'NONE', #1482, #2109, #3029, .T. ) ;
#2183 = CARTESIAN_POINT ( 'NONE',  ( -0.9999280223985105298, 5.917257064483841589, 5.767863525102585598 ) ) ;
#2184 = LINE ( 'NONE', #146, #986 ) ;
#2185 = VERTEX_POINT ( 'NONE', #2543 ) ;
#2186 = CARTESIAN_POINT ( 'NONE',  ( -4.041265874999999674, -1.673947134580573870, 28.49999999863441147 ) ) ;
#2187 = CARTESIAN_POINT ( 'NONE',  ( -1.449747468305832898, -3.500000000000000444, 23.18750000000000355 ) ) ;
#2188 = CARTESIAN_POINT ( 'NONE',  ( 2.474561659161088847E-16, -4.041265874999999674, 18.68749999863440792 ) ) ;
#2189 = CARTESIAN_POINT ( 'NONE',  ( 2.857606504790286994, -2.857606504790286994, 22.68749999863440792 ) ) ;
#2190 = CARTESIAN_POINT ( 'NONE',  ( -3.500000000000001332, 1.449747468305832454, 29.68749999726881938 ) ) ;
#2191 = CARTESIAN_POINT ( 'NONE',  ( -6.429395695523603167E-16, 3.500000000000000000, 20.49999999726881583 ) ) ;
#2192 = CARTESIAN_POINT ( 'NONE',  ( 2.474561659161088847E-16, -4.041265874999999674, 27.68749999863440792 ) ) ;
#2193 = DIRECTION ( 'NONE',  ( 0.000000000000000000, 0.000000000000000000, -1.000000000000000000 ) ) ;
#2194 = ADVANCED_FACE ( 'NONE', ( #1856, #575 ), #340, .T. ) ;
#2195 = AXIS2_PLACEMENT_3D ( 'NONE', #1296, #2596, #2432 ) ;
#2196 = CIRCLE ( 'NONE', #1592, 6.000000000000000888 ) ;
#2197 = FACE_OUTER_BOUND ( 'NONE', #3261, .T. ) ;
#2198 = VERTEX_POINT ( 'NONE', #624 ) ;
#2199 = CARTESIAN_POINT ( 'NONE',  ( -1.673947134580575424, 4.041265874999998786, 25.12499999863441147 ) ) ;
#2200 = CARTESIAN_POINT ( 'NONE',  ( -2.857606504790286550, -2.857606504790286994, 30.43749999863440792 ) ) ;
#2201 = CARTESIAN_POINT ( 'NONE',  ( -1.673947134580573204, -4.041265874999999674, 21.62499999863441147 ) ) ;
#2202 = LINE ( 'NONE', #192, #1050 ) ;
#2203 = VECTOR ( 'NONE', #576, 1000.000000000000000 ) ;
#2204 = EDGE_LOOP ( 'NONE', ( #1953, #3141, #1653, #1979 ) ) ;
#2205 = PLANE ( 'NONE',  #1712 ) ;
#2206 = CARTESIAN_POINT ( 'NONE',  ( -4.041265874999999674, -1.673947134580573870, 22.37499999863441147 ) ) ;
#2207 = CARTESIAN_POINT ( 'NONE',  ( 4.041265874999998786, 1.673947134580575868, 22.87499999863441147 ) ) ;
#2208 = DIRECTION ( 'NONE',  ( 0.000000000000000000, -1.000000000000000000, 0.000000000000000000 ) ) ;
#2209 = CARTESIAN_POINT ( 'NONE',  ( -1.673947134580573426, -4.041265874999999674, 26.62499999863441502 ) ) ;
#2210 = CARTESIAN_POINT ( 'NONE',  ( 3.499999999999999112, 1.449747468305835341, 21.56250000000000355 ) ) ;
#2211 =( BOUNDED_CURVE ( )  B_SPLINE_CURVE ( 2, ( #2233, #2998, #2733, #2970, #3564, #3290, #200, #3590, #463 ),
 .UNSPECIFIED., .F., .F. ) 
 B_SPLINE_CURVE_WITH_KNOTS ( ( 3, 2, 2, 2, 3 ),
 ( 0.4230769230769230727, 0.4326923076923077094, 0.4423076923076922906, 0.4519230769230769273, 0.4615384615384615641 ),
 .UNSPECIFIED. ) 
 CURVE ( )  GEOMETRIC_REPRESENTATION_ITEM ( )  RATIONAL_B_SPLINE_CURVE ( ( 1.000000000000000000, 0.9238795325112867385, 1.000000000000000000, 0.9238795325112867385, 1.000000000000000000, 0.9238795325112867385, 1.000000000000000000, 0.9238795325112867385, 1.000000000000000000 ) ) 
 REPRESENTATION_ITEM ( '' )  );
#2212 = CARTESIAN_POINT ( 'NONE',  ( 1.249972796626939830, 1.687473854267776519, 5.168182996326379453 ) ) ;
#2213 = CYLINDRICAL_SURFACE ( 'NONE', #2270, 3.500000000000000000 ) ;
#2214 = LINE ( 'NONE', #1793, #3409 ) ;
#2215 =( BOUNDED_SURFACE ( )  B_SPLINE_SURFACE ( 1, 2, ( 
 ( #1430, #1726, #62, #1847, #2027, #3236, #1413, #3579, #134, #318, #2546, #628, #40, #881, #2932, #2354, #1449, #1021, #1279, #1047, #1750, #2843, #2435, #294, #2669, #171, #1298, #452, #3148, #2416, #2988, #2049, #937, #1696, #2003, #2647, #2139, #1219, #1518, #2959, #1824, #2816, #3255, #1546, #3278, #151, #724, #3122, #3630, #1318, #1925, #1167, #2513, #1591, #816, #3040, #1902, #1401, #3334, #1571, #1678, #2248, #3306, #510, #2696, #2772, #2223, #3015, #2800, #3104, #2479, #3423, #3366, #752, #786, #212, #1121, #864, #1983, #1873, #2751, #279, #1365, #1619, #1100, #3062, #9, #1070, #2498, #3651, #233, #2199, #3603, #839, #2457, #484, #1144, #1383, #1648, #1954, #3084, #3391, #255, #566, #972, #2061, #72, #2400, #3538, #2341, #3186, #1734, #3158, #48, #589, #329, #99, #947, #2883, #1187, #1783, #1707, #2012, #2313, #2825, #1476, #2091, #1883, #2968, #2229, #3611, #1525, #3022, #3288, #1833, #2206, #2176, #1857, #2441, #2655, #2464, #3263, #824, #2148, #2707, #3561, #2485, #198, #156, #493, #178, #1302, #795, #2676, #461, #761, #1078, #1106, #403, #1347, #1596, #1910, #2732, #3047, #521, #3345, #3638, #1370, #1128, #2757, #3375, #1626, #3658, #2807, #1742, #1766, #899, #1172, #1148, #3496, #2041, #2345, #30, #1194, #2573, #1211, #239, #1715, #953, #1461, #2862, #3165, #3471, #3111, #846, #1424, #640, #80, #872, #286, #2297 ),
 ( #550, #597, #1387, #1962, #2592, #1655, #1405, #2019, #1684, #2321, #1994, #3430, #2554, #1228, #2834, #3139, #2278, #2892, #3450, #53, #2519, #309, #2781, #335, #2070, #3090, #2369, #619, #3195, #3400, #927, #14, #262, #574, #1892, #1058, #3005, #689, #1863, #2186, #2470, #3225, #715, #1248, #2447, #1533, #2100, #1837, #2920, #1815, #1333, #127, #3521, #1583, #1008, #2714, #1507, #1270, #2127, #2406, #2946, #2660, #2161, #2976, #2428, #3269, #471, #3571, #441, #1308, #183, #3027, #3324, #105, #359, #2562, #272, #533, #3413, #883, #225, #2286, #832, #911, #2844, #247, #1431, #1727, #2526, #1395, #1138, #2306, #1945, #584, #2793, #41, #2240, #3098, #3619, #3383, #204, #1608, #2333, #1355, #1379, #856, #1638, #559, #2262, #2509, #2766, #1203, #3078, #1179, #501, #3150, #1414, #1158, #1916, #1667, #2492, #2547, #606, #2743, #2817, #1973, #3123, #3055, #1698, #1114, #2004, #3441, #2028, #295, #805, #3356, #3644, #673, #3530, #2050, #1470, #629, #991, #2083, #1450, #2377, #1751, #3481, #2625, #2355, #2581, #3235, #2872, #64, #91, #3177, #344, #649, #2903, #3207, #1258, #1799, #3507, #2111, #319, #1654, #52, #871, #1147, #3089, #596, #216, #3429, #572, #29, #3374, #3657, #2553, #3399, #1961, #1625, #1933, #2277, #549, #3344, #823, #1423, #1683, #13, #1714, #1909, #2518, #1127, #285, #1171, #2484, #260, #845, #2730, #2779, #3067 ) ),
 .UNSPECIFIED., .F., .F., .F. ) 
 B_SPLINE_SURFACE_WITH_KNOTS ( ( 2, 2 ),
 ( 3, 2, 2, 2, 2, 2, 2, 2, 2, 2, 2, 2, 2, 2, 2, 2, 2, 2, 2, 2, 2, 2, 2, 2, 2, 2, 2, 2, 2, 2, 2, 2, 2, 2, 2, 2, 2, 2, 2, 2, 2, 2, 2, 2, 2, 2, 2, 2, 2, 2, 2, 2, 2, 2, 2, 2, 2, 2, 2, 2, 2, 2, 2, 2, 2, 2, 2, 2, 2, 2, 2, 2, 2, 2, 2, 2, 2, 2, 2, 2, 2, 2, 2, 2, 2, 2, 2, 2, 2, 2, 2, 2, 2, 2, 2, 2, 2, 2, 2, 2, 3 ),
 ( 0.000000000000000000, 1.000000000000000000 ),
 ( 0.000000000000000000, 0.009615384615384615918, 0.01923076923076923184, 0.02884615384615384776, 0.03846153846153846367, 0.04807692307692307959, 0.05769230769230769551, 0.06730769230769230449, 0.07692307692307692735, 0.08653846153846153633, 0.09615384615384615918, 0.1057692307692307682, 0.1153846153846153910, 0.1250000000000000000, 0.1346153846153846090, 0.1442307692307692180, 0.1538461538461538547, 0.1634615384615384637, 0.1730769230769230727, 0.1826923076923076816, 0.1923076923076923184, 0.2019230769230769273, 0.2115384615384615363, 0.2211538461538461453, 0.2307692307692307820, 0.2403846153846153910, 0.2500000000000000000, 0.2596153846153846367, 0.2692307692307692180, 0.2788461538461538547, 0.2884615384615384359, 0.2980769230769230727, 0.3076923076923077094, 0.3173076923076922906, 0.3269230769230769273, 0.3365384615384615641, 0.3461538461538461453, 0.3557692307692307820, 0.3653846153846153633, 0.3750000000000000000, 0.3846153846153846367, 0.3942307692307692180, 0.4038461538461538547, 0.4134615384615384359, 0.4230769230769230727, 0.4326923076923077094, 0.4423076923076922906, 0.4519230769230769273, 0.4615384615384615641, 0.4711538461538461453, 0.4807692307692307820, 0.4903846153846153633, 0.5000000000000000000, 0.5096153846153845812, 0.5192307692307692735, 0.5288461538461538547, 0.5384615384615384359, 0.5480769230769231282, 0.5576923076923077094, 0.5673076923076922906, 0.5769230769230768718, 0.5865384615384615641, 0.5961538461538461453, 0.6057692307692307265, 0.6153846153846154188, 0.6250000000000000000, 0.6346153846153845812, 0.6442307692307692735, 0.6538461538461538547, 0.6634615384615384359, 0.6730769230769231282, 0.6826923076923077094, 0.6923076923076922906, 0.7019230769230768718, 0.7115384615384615641, 0.7211538461538461453, 0.7307692307692307265, 0.7403846153846154188, 0.7500000000000000000, 0.7596153846153845812, 0.7692307692307692735, 0.7788461538461538547, 0.7884615384615384359, 0.7980769230769231282, 0.8076923076923077094, 0.8173076923076922906, 0.8269230769230768718, 0.8365384615384615641, 0.8461538461538461453, 0.8557692307692307265, 0.8653846153846154188, 0.8750000000000000000, 0.8846153846153845812, 0.8942307692307692735, 0.9038461538461538547, 0.9134615384615384359, 0.9230769230769231282, 0.9326923076923077094, 0.9423076923076922906, 0.9519230769230768718, 0.9615384615384615641 ),
 .UNSPECIFIED. ) 
 GEOMETRIC_REPRESENTATION_ITEM ( )  RATIONAL_B_SPLINE_SURFACE ( (
 ( 1.000000000000000000, 0.9238795325112867385, 1.000000000000000000, 0.9238795325112867385, 1.000000000000000000, 0.9238795325112867385, 1.000000000000000000, 0.9238795325112867385, 1.000000000000000000, 0.9238795325112867385, 1.000000000000000000, 0.9238795325112867385, 1.000000000000000000, 0.9238795325112867385, 1.000000000000000000, 0.9238795325112867385, 1.000000000000000000, 0.9238795325112867385, 1.000000000000000000, 0.9238795325112867385, 1.000000000000000000, 0.9238795325112867385, 1.000000000000000000, 0.9238795325112867385, 1.000000000000000000, 0.9238795325112867385, 1.000000000000000000, 0.9238795325112867385, 1.000000000000000000, 0.9238795325112867385, 1.000000000000000000, 0.9238795325112867385, 1.000000000000000000, 0.9238795325112867385, 1.000000000000000000, 0.9238795325112867385, 1.000000000000000000, 0.9238795325112867385, 1.000000000000000000, 0.9238795325112867385, 1.000000000000000000, 0.9238795325112867385, 1.000000000000000000, 0.9238795325112867385, 1.000000000000000000, 0.9238795325112867385, 1.000000000000000000, 0.9238795325112867385, 1.000000000000000000, 0.9238795325112867385, 1.000000000000000000, 0.9238795325112867385, 1.000000000000000000, 0.9238795325112867385, 1.000000000000000000, 0.9238795325112867385, 1.000000000000000000, 0.9238795325112867385, 1.000000000000000000, 0.9238795325112867385, 1.000000000000000000, 0.9238795325112867385, 1.000000000000000000, 0.9238795325112867385, 1.000000000000000000, 0.9238795325112867385, 1.000000000000000000, 0.9238795325112867385, 1.000000000000000000, 0.9238795325112867385, 1.000000000000000000, 0.9238795325112867385, 1.000000000000000000, 0.9238795325112867385, 1.000000000000000000, 0.9238795325112867385, 1.000000000000000000, 0.9238795325112867385, 1.000000000000000000, 0.9238795325112867385, 1.000000000000000000, 0.9238795325112867385, 1.000000000000000000, 0.9238795325112867385, 1.000000000000000000, 0.9238795325112867385, 1.000000000000000000, 0.9238795325112867385, 1.000000000000000000, 0.9238795325112867385, 1.000000000000000000, 0.9238795325112867385, 1.000000000000000000, 0.9238795325112867385, 1.000000000000000000, 0.9238795325112867385, 1.000000000000000000, 0.9238795325112867385, 1.000000000000000000, 0.9238795325112867385, 1.000000000000000000, 0.9238795325112867385, 1.000000000000000000, 0.9238795325112867385, 1.000000000000000000, 0.9238795325112867385, 1.000000000000000000, 0.9238795325112867385, 1.000000000000000000, 0.9238795325112867385, 1.000000000000000000, 0.9238795325112867385, 1.000000000000000000, 0.9238795325112867385, 1.000000000000000000, 0.9238795325112867385, 1.000000000000000000, 0.9238795325112867385, 1.000000000000000000, 0.9238795325112867385, 1.000000000000000000, 0.9238795325112867385, 1.000000000000000000, 0.9238795325112867385, 1.000000000000000000, 0.9238795325112867385, 1.000000000000000000, 0.9238795325112867385, 1.000000000000000000, 0.9238795325112867385, 1.000000000000000000, 0.9238795325112867385, 1.000000000000000000, 0.9238795325112867385, 1.000000000000000000, 0.9238795325112867385, 1.000000000000000000, 0.9238795325112867385, 1.000000000000000000, 0.9238795325112867385, 1.000000000000000000, 0.9238795325112867385, 1.000000000000000000, 0.9238795325112867385, 1.000000000000000000, 0.9238795325112867385, 1.000000000000000000, 0.9238795325112867385, 1.000000000000000000, 0.9238795325112867385, 1.000000000000000000, 0.9238795325112867385, 1.000000000000000000, 0.9238795325112867385, 1.000000000000000000, 0.9238795325112867385, 1.000000000000000000, 0.9238795325112867385, 1.000000000000000000, 0.9238795325112867385, 1.000000000000000000, 0.9238795325112867385, 1.000000000000000000, 0.9238795325112867385, 1.000000000000000000, 0.9238795325112867385, 1.000000000000000000, 0.9238795325112867385, 1.000000000000000000, 0.9238795325112867385, 1.000000000000000000, 0.9238795325112867385, 1.000000000000000000, 0.9238795325112867385, 1.000000000000000000, 0.9238795325112867385, 1.000000000000000000, 0.9238795325112867385, 1.000000000000000000, 0.9238795325112867385, 1.000000000000000000, 0.9238795325112867385, 1.000000000000000000, 0.9238795325112867385, 1.000000000000000000, 0.9238795325112867385, 1.000000000000000000, 0.9238795325112867385, 1.000000000000000000, 0.9238795325112867385, 1.000000000000000000, 0.9238795325112867385, 1.000000000000000000, 0.9238795325112867385, 1.000000000000000000, 0.9238795325112867385, 1.000000000000000000, 0.9238795325112867385, 1.000000000000000000, 0.9238795325112867385, 1.000000000000000000),
 ( 1.000000000000000000, 0.9238795325112867385, 1.000000000000000000, 0.9238795325112867385, 1.000000000000000000, 0.9238795325112867385, 1.000000000000000000, 0.9238795325112867385, 1.000000000000000000, 0.9238795325112867385, 1.000000000000000000, 0.9238795325112867385, 1.000000000000000000, 0.9238795325112867385, 1.000000000000000000, 0.9238795325112867385, 1.000000000000000000, 0.9238795325112867385, 1.000000000000000000, 0.9238795325112867385, 1.000000000000000000, 0.9238795325112867385, 1.000000000000000000, 0.9238795325112867385, 1.000000000000000000, 0.9238795325112867385, 1.000000000000000000, 0.9238795325112867385, 1.000000000000000000, 0.9238795325112867385, 1.000000000000000000, 0.9238795325112867385, 1.000000000000000000, 0.9238795325112867385, 1.000000000000000000, 0.9238795325112867385, 1.000000000000000000, 0.9238795325112867385, 1.000000000000000000, 0.9238795325112867385, 1.000000000000000000, 0.9238795325112867385, 1.000000000000000000, 0.9238795325112867385, 1.000000000000000000, 0.9238795325112867385, 1.000000000000000000, 0.9238795325112867385, 1.000000000000000000, 0.9238795325112867385, 1.000000000000000000, 0.9238795325112867385, 1.000000000000000000, 0.9238795325112867385, 1.000000000000000000, 0.9238795325112867385, 1.000000000000000000, 0.9238795325112867385, 1.000000000000000000, 0.9238795325112867385, 1.000000000000000000, 0.9238795325112867385, 1.000000000000000000, 0.9238795325112867385, 1.000000000000000000, 0.9238795325112867385, 1.000000000000000000, 0.9238795325112867385, 1.000000000000000000, 0.9238795325112867385, 1.000000000000000000, 0.9238795325112867385, 1.000000000000000000, 0.9238795325112867385, 1.000000000000000000, 0.9238795325112867385, 1.000000000000000000, 0.9238795325112867385, 1.000000000000000000, 0.9238795325112867385, 1.000000000000000000, 0.9238795325112867385, 1.000000000000000000, 0.9238795325112867385, 1.000000000000000000, 0.9238795325112867385, 1.000000000000000000, 0.9238795325112867385, 1.000000000000000000, 0.9238795325112867385, 1.000000000000000000, 0.9238795325112867385, 1.000000000000000000, 0.9238795325112867385, 1.000000000000000000, 0.9238795325112867385, 1.000000000000000000, 0.9238795325112867385, 1.000000000000000000, 0.9238795325112867385, 1.000000000000000000, 0.9238795325112867385, 1.000000000000000000, 0.9238795325112867385, 1.000000000000000000, 0.9238795325112867385, 1.000000000000000000, 0.9238795325112867385, 1.000000000000000000, 0.9238795325112867385, 1.000000000000000000, 0.9238795325112867385, 1.000000000000000000, 0.9238795325112867385, 1.000000000000000000, 0.9238795325112867385, 1.000000000000000000, 0.9238795325112867385, 1.000000000000000000, 0.9238795325112867385, 1.000000000000000000, 0.9238795325112867385, 1.000000000000000000, 0.9238795325112867385, 1.000000000000000000, 0.9238795325112867385, 1.000000000000000000, 0.9238795325112867385, 1.000000000000000000, 0.9238795325112867385, 1.000000000000000000, 0.9238795325112867385, 1.000000000000000000, 0.9238795325112867385, 1.000000000000000000, 0.9238795325112867385, 1.000000000000000000, 0.9238795325112867385, 1.000000000000000000, 0.9238795325112867385, 1.000000000000000000, 0.9238795325112867385, 1.000000000000000000, 0.9238795325112867385, 1.000000000000000000, 0.9238795325112867385, 1.000000000000000000, 0.9238795325112867385, 1.000000000000000000, 0.9238795325112867385, 1.000000000000000000, 0.9238795325112867385, 1.000000000000000000, 0.9238795325112867385, 1.000000000000000000, 0.9238795325112867385, 1.000000000000000000, 0.9238795325112867385, 1.000000000000000000, 0.9238795325112867385, 1.000000000000000000, 0.9238795325112867385, 1.000000000000000000, 0.9238795325112867385, 1.000000000000000000, 0.9238795325112867385, 1.000000000000000000, 0.9238795325112867385, 1.000000000000000000, 0.9238795325112867385, 1.000000000000000000, 0.9238795325112867385, 1.000000000000000000, 0.9238795325112867385, 1.000000000000000000, 0.9238795325112867385, 1.000000000000000000, 0.9238795325112867385, 1.000000000000000000, 0.9238795325112867385, 1.000000000000000000, 0.9238795325112867385, 1.000000000000000000, 0.9238795325112867385, 1.000000000000000000, 0.9238795325112867385, 1.000000000000000000, 0.9238795325112867385, 1.000000000000000000, 0.9238795325112867385, 1.000000000000000000, 0.9238795325112867385, 1.000000000000000000, 0.9238795325112867385, 1.000000000000000000, 0.9238795325112867385, 1.000000000000000000, 0.9238795325112867385, 1.000000000000000000, 0.9238795325112867385, 1.000000000000000000) ) ) 
 REPRESENTATION_ITEM ( '' )  SURFACE ( )  );
#2216 = CARTESIAN_POINT ( 'NONE',  ( -3.500000000000001332, 1.449747468305832010, 22.93750000000000000 ) ) ;
#2217 = CARTESIAN_POINT ( 'NONE',  ( -4.041265874999999674, -1.673947134580573870, 20.37499999863441147 ) ) ;
#2218 = CARTESIAN_POINT ( 'NONE',  ( -1.449747468305832898, -3.500000000000000000, 22.18750000000000355 ) ) ;
#2219 = CARTESIAN_POINT ( 'NONE',  ( -1.673947134580575424, 4.041265874999998786, 27.24999999863440792 ) ) ;
#2220 = CARTESIAN_POINT ( 'NONE',  ( -6.000000000000000888, 6.593693876289827176E-24, 10.90000000000000036 ) ) ;
#2221 = CARTESIAN_POINT ( 'NONE',  ( 1.449747468305833786, 3.499999999999999556, 26.43749999726881583 ) ) ;
#2222 = CARTESIAN_POINT ( 'NONE',  ( 1.449747468305833564, 3.500000000000000000, 27.43749999726881583 ) ) ;
#2223 = CARTESIAN_POINT ( 'NONE',  ( 2.857606504790286994, -2.857606504790286994, 26.68749999863440792 ) ) ;
#2224 = ADVANCED_FACE ( 'NONE', ( #3008 ), #660, .T. ) ;
#2225 = CARTESIAN_POINT ( 'NONE',  ( -3.500000000000000000, -4.286263797015736595E-16, 18.00000000000000355 ) ) ;
#2226 = VECTOR ( 'NONE', #2125, 1000.000000000000000 ) ;
#2227 = DIRECTION ( 'NONE',  ( 1.000000000000000000, 0.000000000000000000, 0.000000000000000000 ) ) ;
#2228 = EDGE_CURVE ( 'NONE', #535, #3109, #612, .T. ) ;
#2229 = CARTESIAN_POINT ( 'NONE',  ( 4.041265874999999674, -1.673947134580573648, 22.74999999863440792 ) ) ;
#2230 = CYLINDRICAL_SURFACE ( 'NONE', #2738, 3.500000000000000000 ) ;
#2231 = FACE_BOUND ( 'NONE', #1694, .T. ) ;
#2232 = CARTESIAN_POINT ( 'NONE',  ( -3.500000000000000000, -4.286263797015736595E-16, 25.00000000000000000 ) ) ;
#2233 = CARTESIAN_POINT ( 'NONE',  ( -3.500000000000000000, -4.286263797015736595E-16, 25.00000000000000000 ) ) ;
#2234 = CARTESIAN_POINT ( 'NONE',  ( 2.143131898507868297E-16, -3.500000000000000000, 20.25000000000000355 ) ) ;
#2235 = CARTESIAN_POINT ( 'NONE',  ( -7.423684977483266541E-16, 4.041265874999999674, 26.18749999863440792 ) ) ;
#2236 = CARTESIAN_POINT ( 'NONE',  ( -5.231832838546175424, -2.938688617254314295, 15.00772142198018599 ) ) ;
#2237 = CARTESIAN_POINT ( 'NONE',  ( -3.500000000000000000, -4.286263797015736595E-16, 18.74999999726881583 ) ) ;
#2238 = DIRECTION ( 'NONE',  ( -0.000000000000000000, 0.000000000000000000, 1.000000000000000000 ) ) ;
#2239 = CYLINDRICAL_SURFACE ( 'NONE', #3087, 3.500000000000000000 ) ;
#2240 = CARTESIAN_POINT ( 'NONE',  ( 4.041265874999999674, 0.000000000000000000, 24.93749999863440792 ) ) ;
#2241 = CARTESIAN_POINT ( 'NONE',  ( 2.857606504790286106, 2.857606504790286994, 20.93749999863440792 ) ) ;
#2242 = CARTESIAN_POINT ( 'NONE',  ( -3.500000000000000000, -1.449747468305833564, 22.06250000000000355 ) ) ;
#2243 = CARTESIAN_POINT ( 'NONE',  ( -1.449747468305832898, -3.500000000000000000, 21.18750000000000355 ) ) ;
#2244 = DIRECTION ( 'NONE',  ( 1.000000000000000000, 0.000000000000000000, -0.000000000000000000 ) ) ;
#2245 = CARTESIAN_POINT ( 'NONE',  ( -4.041265874999999674, -1.673947134580573648, 28.49999999863441147 ) ) ;
#2246 = FACE_OUTER_BOUND ( 'NONE', #2204, .T. ) ;
#2247 = CARTESIAN_POINT ( 'NONE',  ( 1.449747468305833342, -3.500000000000000444, 27.06249999726881583 ) ) ;
#2248 = CARTESIAN_POINT ( 'NONE',  ( 1.673947134580574092, 4.041265874999998786, 26.99999999863440792 ) ) ;
#2249 = DIRECTION ( 'NONE',  ( 0.000000000000000000, 0.000000000000000000, -1.000000000000000000 ) ) ;
#2250 = CARTESIAN_POINT ( 'NONE',  ( -7.423684977483266541E-16, 4.041265874999999674, 29.06249999863440792 ) ) ;
#2251 = FACE_BOUND ( 'NONE', #341, .T. ) ;
#2252 = CYLINDRICAL_SURFACE ( 'NONE', #2444, 3.500000000000000000 ) ;
#2253 = EDGE_CURVE ( 'NONE', #2919, #1482, #3066, .T. ) ;
#2254 = CARTESIAN_POINT ( 'NONE',  ( 2.000000000000000000, 0.6403124237432857857, 11.00000000000000000 ) ) ;
#2255 = FACE_OUTER_BOUND ( 'NONE', #2937, .T. ) ;
#2256 = CARTESIAN_POINT ( 'NONE',  ( 3.499999999999999112, 1.449747468305835341, 27.31249999726881583 ) ) ;
#2257 = CARTESIAN_POINT ( 'NONE',  ( 2.474561659161088847E-16, -4.041265874999999674, 26.68749999863440792 ) ) ;
#2258 = CARTESIAN_POINT ( 'NONE',  ( 4.041265874999999674, 0.000000000000000000, 28.81249999863440792 ) ) ;
#2259 = CARTESIAN_POINT ( 'NONE',  ( -1.449747468305834897, 3.499999999999999112, 21.81250000000000355 ) ) ;
#2260 = CARTESIAN_POINT ( 'NONE',  ( -0.3278061979690363170, 5.992955371259922615, 6.217289621151370405 ) ) ;
#2261 = FACE_OUTER_BOUND ( 'NONE', #2097, .T. ) ;
#2262 = CARTESIAN_POINT ( 'NONE',  ( -7.423684977483266541E-16, 4.041265874999999674, 24.18749999863440792 ) ) ;
#2263 = CARTESIAN_POINT ( 'NONE',  ( -4.041265875000001451, 1.673947134580572538, 19.24999999863440792 ) ) ;
#2264 = CARTESIAN_POINT ( 'NONE',  ( 0.7681220519353006981, 5.951770555479772185, 5.999519475157878645 ) ) ;
#2265 = CARTESIAN_POINT ( 'NONE',  ( -1.673947134580573204, -4.041265874999999674, 23.62499999863441147 ) ) ;
#2266 = CYLINDRICAL_SURFACE ( 'NONE', #1361, 2.100000000000000089 ) ;
#2267 = VECTOR ( 'NONE', #1486, 1000.000000000000000 ) ;
#2268 = EDGE_CURVE ( 'NONE', #2065, #3209, #782, .T. ) ;
#2269 = CARTESIAN_POINT ( 'NONE',  ( 1.673947134580573870, -4.041265874999999674, 26.62499999863441502 ) ) ;
#2270 = AXIS2_PLACEMENT_3D ( 'NONE', #753, #1320, #817 ) ;
#2271 = DIRECTION ( 'NONE',  ( -0.000000000000000000, -0.000000000000000000, 1.000000000000000000 ) ) ;
#2272 = CARTESIAN_POINT ( 'NONE',  ( 1.673947134580574092, 4.041265874999998786, 23.99999999863440792 ) ) ;
#2273 = CARTESIAN_POINT ( 'NONE',  ( 3.499999999999999112, 1.449747468305835341, 25.56250000000000355 ) ) ;
#2274 = LINE ( 'NONE', #2155, #3464 ) ;
#2275 = FACE_OUTER_BOUND ( 'NONE', #3352, .T. ) ;
#2276 = EDGE_CURVE ( 'NONE', #2984, #446, #1822, .T. ) ;
#2277 = CARTESIAN_POINT ( 'NONE',  ( -2.857606504790286550, -2.857606504790286994, 19.56249999863440792 ) ) ;
#2278 = CARTESIAN_POINT ( 'NONE',  ( 4.041265874999999674, 0.000000000000000000, 29.93749999863440792 ) ) ;
#2279 = CARTESIAN_POINT ( 'NONE',  ( 2.000000000000000000, 3.796405077356795411E-16, 10.90000000000000036 ) ) ;
#2280 = CARTESIAN_POINT ( 'NONE',  ( -2.857606504790286994, 2.857606504790286550, 27.31249999863440792 ) ) ;
#2281 = CARTESIAN_POINT ( 'NONE',  ( -5.794395711216222544, -1.566855740395197927, 11.31764366213339379 ) ) ;
#2282 = CARTESIAN_POINT ( 'NONE',  ( -2.474873734152917226, 2.474873734152916338, 18.87500000000000355 ) ) ;
#2283 = CARTESIAN_POINT ( 'NONE',  ( -1.449747468305832898, -3.500000000000000000, 30.93749999726881583 ) ) ;
#2284 = CARTESIAN_POINT ( 'NONE',  ( 0.4102124574160417314, 2.061025970813439745, 3.816348677381581123 ) ) ;
#2285 = CARTESIAN_POINT ( 'NONE',  ( -3.500000000000000000, -4.286263797015736595E-16, 24.00000000000000000 ) ) ;
#2286 = CARTESIAN_POINT ( 'NONE',  ( 4.041265874999999674, -1.673947134580573648, 25.87499999863441147 ) ) ;
#2287 = CARTESIAN_POINT ( 'NONE',  ( 1.673947134580573870, -4.041265874999999674, 21.62499999863441502 ) ) ;
#2288 = CARTESIAN_POINT ( 'NONE',  ( 0.6306622085690029023, 5.968668997490166994, 3.908542773723240771 ) ) ;
#2289 = CARTESIAN_POINT ( 'NONE',  ( -2.857606504790286550, -2.857606504790286994, 24.56249999863440436 ) ) ;
#2290 = CARTESIAN_POINT ( 'NONE',  ( 2.474873734152915894, 2.474873734152917226, 28.62500000000000355 ) ) ;
#2291 = CARTESIAN_POINT ( 'NONE',  ( -2.474873734152916338, -2.474873734152916782, 24.12500000000000000 ) ) ;
#2292 = CARTESIAN_POINT ( 'NONE',  ( -2.474873734152916338, -2.474873734152916782, 28.87499999726881938 ) ) ;
#2293 = APPLICATION_CONTEXT ( 'automotive_design' ) ;
#2294 = CARTESIAN_POINT ( 'NONE',  ( -2.857606504790286994, 2.857606504790286550, 25.18749999863440792 ) ) ;
#2295 = DIRECTION ( 'NONE',  ( 1.000000000000000000, 0.000000000000000000, 0.000000000000000000 ) ) ;
#2296 = FACE_OUTER_BOUND ( 'NONE', #771, .T. ) ;
#2297 = CARTESIAN_POINT ( 'NONE',  ( -4.041265874999999674, -4.949123318322177694E-16, 18.31249999863440792 ) ) ;
#2298 = CARTESIAN_POINT ( 'NONE',  ( 2.000000000000000000, -0.6403124237432857857, 10.96684982237938044 ) ) ;
#2299 = CARTESIAN_POINT ( 'NONE',  ( -4.041265875000001451, 1.673947134580572538, 24.37499999863441502 ) ) ;
#2300 = LINE ( 'NONE', #2403, #3387 ) ;
#2301 = CARTESIAN_POINT ( 'NONE',  ( -5.367166739705482748, -2.684921420755304933, 12.43753372133780211 ) ) ;
#2302 = CARTESIAN_POINT ( 'NONE',  ( 4.041265874999998786, 1.673947134580575868, 28.87499999863441147 ) ) ;
#2303 = CARTESIAN_POINT ( 'NONE',  ( 0.000000000000000000, 2.100000000000000089, 3.749999999999999112 ) ) ;
#2304 = CARTESIAN_POINT ( 'NONE',  ( -1.449747468305832898, -3.500000000000000000, 25.93749999726881583 ) ) ;
#2305 = CARTESIAN_POINT ( 'NONE',  ( -3.500000000000000444, -1.449747468305833342, 25.81249999726881583 ) ) ;
#2306 = CARTESIAN_POINT ( 'NONE',  ( -1.673947134580575424, 4.041265874999998786, 25.24999999863440792 ) ) ;
#2307 = CARTESIAN_POINT ( 'NONE',  ( 2.474561659161088847E-16, -4.041265874999999674, 19.56249999863440792 ) ) ;
#2308 = CARTESIAN_POINT ( 'NONE',  ( -1.449747468305832898, -3.500000000000000000, 23.93749999726881583 ) ) ;
#2309 = CARTESIAN_POINT ( 'NONE',  ( 2.857606504790286994, -2.857606504790286994, 23.81249999863440792 ) ) ;
#2310 = CARTESIAN_POINT ( 'NONE',  ( 3.500000000000000000, 0.000000000000000000, 25.50000000000000355 ) ) ;
#2311 = EDGE_CURVE ( 'NONE', #1475, #446, #570, .T. ) ;
#2312 = AXIS2_PLACEMENT_3D ( 'NONE', #1986, #567, #2610 ) ;
#2313 = CARTESIAN_POINT ( 'NONE',  ( -1.673947134580575424, 4.041265874999998786, 23.12499999863441147 ) ) ;
#2314 = CARTESIAN_POINT ( 'NONE',  ( -1.449747468305834674, 3.499999999999999556, 27.56249999726881938 ) ) ;
#2315 = CARTESIAN_POINT ( 'NONE',  ( 4.041265874999998786, 1.673947134580575868, 25.87499999863441147 ) ) ;
#2316 = CARTESIAN_POINT ( 'NONE',  ( -1.449747468305834897, 3.499999999999999112, 25.81250000000000355 ) ) ;
#2317 = VECTOR ( 'NONE', #2514, 1000.000000000000000 ) ;
#2318 = LINE ( 'NONE', #1870, #1155 ) ;
#2319 = EDGE_CURVE ( 'NONE', #375, #1468, #1830, .T. ) ;
#2320 = DIRECTION ( 'NONE',  ( 1.000000000000000000, 0.000000000000000000, 0.000000000000000000 ) ) ;
#2321 = CARTESIAN_POINT ( 'NONE',  ( -4.041265875000001451, 1.673947134580572538, 30.37499999863440792 ) ) ;
#2322 = DIRECTION ( 'NONE',  ( 1.000000000000000000, 0.000000000000000000, 0.000000000000000000 ) ) ;
#2323 = CARTESIAN_POINT ( 'NONE',  ( -2.857606504790286550, -2.857606504790286994, 24.56249999863440436 ) ) ;
#2324 = FACE_OUTER_BOUND ( 'NONE', #512, .T. ) ;
#2325 = DIRECTION ( 'NONE',  ( -0.000000000000000000, -0.000000000000000000, -1.000000000000000000 ) ) ;
#2326 = CARTESIAN_POINT ( 'NONE',  ( 2.857606504790286994, -2.857606504790286994, 29.68749999863440792 ) ) ;
#2327 = CARTESIAN_POINT ( 'NONE',  ( 0.000000000000000000, 0.000000000000000000, 0.000000000000000000 ) ) ;
#2328 = FILL_AREA_STYLE ('',( #3173 ) ) ;
#2329 = LINE ( 'NONE', #427, #2317 ) ;
#2330 = FACE_OUTER_BOUND ( 'NONE', #517, .T. ) ;
#2331 = CARTESIAN_POINT ( 'NONE',  ( -3.500000000000000000, -4.286263797015736595E-16, 24.74999999726881938 ) ) ;
#2332 =( BOUNDED_CURVE ( )  B_SPLINE_CURVE ( 2, ( #1403, #305, #1103, #1594, #1680, #1124, #1344, #1988, #2225 ),
 .UNSPECIFIED., .F., .F. ) 
 B_SPLINE_CURVE_WITH_KNOTS ( ( 3, 2, 2, 2, 3 ),
 ( 0.9230769230769231282, 0.9326923076923077094, 0.9423076923076922906, 0.9519230769230768718, 0.9615384615384615641 ),
 .UNSPECIFIED. ) 
 CURVE ( )  GEOMETRIC_REPRESENTATION_ITEM ( )  RATIONAL_B_SPLINE_CURVE ( ( 1.000000000000000000, 0.9238795325112867385, 1.000000000000000000, 0.9238795325112867385, 1.000000000000000000, 0.9238795325112867385, 1.000000000000000000, 0.9238795325112867385, 1.000000000000000000 ) ) 
 REPRESENTATION_ITEM ( '' )  );
#2333 = CARTESIAN_POINT ( 'NONE',  ( -2.857606504790286550, -2.857606504790286994, 24.56249999863440436 ) ) ;
#2334 = CARTESIAN_POINT ( 'NONE',  ( -3.500000000000000000, -1.449747468305833564, 26.06250000000000355 ) ) ;
#2335 = DIRECTION ( 'NONE',  ( 1.000000000000000000, 0.000000000000000000, 0.000000000000000000 ) ) ;
#2336 = CARTESIAN_POINT ( 'NONE',  ( 4.041265874999999674, -1.673947134580573426, 25.87499999863441147 ) ) ;
#2337 = CARTESIAN_POINT ( 'NONE',  ( -6.429395695523603167E-16, 3.500000000000000000, 23.75000000000000355 ) ) ;
#2338 = EDGE_CURVE ( 'NONE', #508, #699, #3038, .T. ) ;
#2339 = VECTOR ( 'NONE', #38, 1000.000000000000000 ) ;
#2340 = CARTESIAN_POINT ( 'NONE',  ( -3.500000000000000000, -4.286263797015736595E-16, 28.74999999726881938 ) ) ;
#2341 = CARTESIAN_POINT ( 'NONE',  ( 1.673947134580574092, 4.041265874999998786, 23.99999999863440792 ) ) ;
#2342 = CARTESIAN_POINT ( 'NONE',  ( 2.474873734152916782, -2.474873734152916782, 29.12499999726881583 ) ) ;
#2343 = CARTESIAN_POINT ( 'NONE',  ( 1.673947134580574092, 4.041265874999998786, 24.99999999863440792 ) ) ;
#2344 = CARTESIAN_POINT ( 'NONE',  ( -3.500000000000000000, -4.286263797015736595E-16, 19.00000000000000355 ) ) ;
#2345 = CARTESIAN_POINT ( 'NONE',  ( -1.673947134580573426, -4.041265874999999674, 19.49999999863440792 ) ) ;
#2346 = CARTESIAN_POINT ( 'NONE',  ( 3.499999999999999556, 1.449747468305835341, 27.56250000000000355 ) ) ;
#2347 = CARTESIAN_POINT ( 'NONE',  ( -1.673947134580573426, -4.041265874999999674, 22.62499999863441147 ) ) ;
#2348 = FACE_OUTER_BOUND ( 'NONE', #1523, .T. ) ;
#2349 = CARTESIAN_POINT ( 'NONE',  ( -2.857606504790286994, 2.857606504790286550, 29.18749999863440792 ) ) ;
#2350 = CARTESIAN_POINT ( 'NONE',  ( -6.000000000000000888, 0.000000000000000000, 18.00000000000000355 ) ) ;
#2351 = CARTESIAN_POINT ( 'NONE',  ( -2.474873734152916338, -2.474873734152916782, 24.12500000000000000 ) ) ;
#2352 = VECTOR ( 'NONE', #364, 1000.000000000000000 ) ;
#2353 = CARTESIAN_POINT ( 'NONE',  ( 3.499999999999999556, 1.449747468305835341, 23.31249999726881583 ) ) ;
#2354 = CARTESIAN_POINT ( 'NONE',  ( 4.041265874999998786, 1.673947134580575868, 29.87499999863440436 ) ) ;
#2355 = CARTESIAN_POINT ( 'NONE',  ( -1.673947134580573426, -4.041265874999999674, 21.62499999863441502 ) ) ;
#2356 = EDGE_CURVE ( 'NONE', #508, #2728, #1861, .T. ) ;
#2357 = CARTESIAN_POINT ( 'NONE',  ( -1.449747468305832898, -3.500000000000000000, 28.18750000000000355 ) ) ;
#2358 = CARTESIAN_POINT ( 'NONE',  ( 3.500000000000000000, 0.000000000000000000, 18.00000000000000355 ) ) ;
#2359 = CARTESIAN_POINT ( 'NONE',  ( -7.423684977483266541E-16, 4.041265874999999674, 25.18749999863440792 ) ) ;
#2360 = CARTESIAN_POINT ( 'NONE',  ( 3.500000000000000000, 0.000000000000000000, 21.50000000000000000 ) ) ;
#2361 = FACE_OUTER_BOUND ( 'NONE', #2650, .T. ) ;
#2362 = ADVANCED_FACE ( 'NONE', ( #3056 ), #1781, .T. ) ;
#2363 = CARTESIAN_POINT ( 'NONE',  ( 1.449747468305833564, 3.500000000000000000, 28.43749999726881583 ) ) ;
#2364 = CARTESIAN_POINT ( 'NONE',  ( -1.673947134580575424, 4.041265874999998786, 25.12499999863441147 ) ) ;
#2365 = DIRECTION ( 'NONE',  ( -0.000000000000000000, -0.000000000000000000, 1.000000000000000000 ) ) ;
#2366 = CARTESIAN_POINT ( 'NONE',  ( 2.474873734152916782, -2.474873734152916782, 22.12499999726881583 ) ) ;
#2367 =( NAMED_UNIT ( * ) PLANE_ANGLE_UNIT ( ) SI_UNIT ( $, .RADIAN. ) );
#2368 = LINE ( 'NONE', #2952, #1166 ) ;
#2369 = CARTESIAN_POINT ( 'NONE',  ( -2.857606504790286994, 2.857606504790286550, 29.31249999863440792 ) ) ;
#2370 = CARTESIAN_POINT ( 'NONE',  ( -1.449747468305832898, -3.500000000000000444, 27.18750000000000355 ) ) ;
#2371 = CARTESIAN_POINT ( 'NONE',  ( -1.673947134580575424, 4.041265874999998786, 23.24999999863440792 ) ) ;
#2372 = CARTESIAN_POINT ( 'NONE',  ( -4.041265874999999674, -4.949123318322177694E-16, 22.31249999863440792 ) ) ;
#2373 = CARTESIAN_POINT ( 'NONE',  ( -4.041265874999999674, -1.673947134580573648, 30.49999999863440792 ) ) ;
#2374 = CARTESIAN_POINT ( 'NONE',  ( 2.474873734152916782, -2.474873734152916782, 25.37500000000000000 ) ) ;
#2375 = FACE_OUTER_BOUND ( 'NONE', #1636, .T. ) ;
#2376 = CARTESIAN_POINT ( 'NONE',  ( -1.449747468305832898, -3.500000000000000444, 24.93749999726881938 ) ) ;
#2377 = CARTESIAN_POINT ( 'NONE',  ( 4.041265874999999674, -1.673947134580573648, 21.87499999863441147 ) ) ;
#2378 = CARTESIAN_POINT ( 'NONE',  ( -3.500000000000000000, -1.449747468305833564, 28.06250000000000355 ) ) ;
#2379 = CARTESIAN_POINT ( 'NONE',  ( 3.500000000000000000, -1.449747468305833120, 23.18749999726881583 ) ) ;
#2380 = CARTESIAN_POINT ( 'NONE',  ( -4.041265875000000563, 1.673947134580572538, 22.37499999863441147 ) ) ;
#2381 = CARTESIAN_POINT ( 'NONE',  ( 2.143131898507868297E-16, -3.500000000000000000, 21.25000000000000355 ) ) ;
#2382 = FACE_OUTER_BOUND ( 'NONE', #453, .T. ) ;
#2383 = CARTESIAN_POINT ( 'NONE',  ( -3.500000000000000444, -1.449747468305833342, 27.81249999726881583 ) ) ;
#2384 = CARTESIAN_POINT ( 'NONE',  ( -2.857606504790286994, 2.857606504790286550, 20.18749999863440792 ) ) ;
#2385 = CARTESIAN_POINT ( 'NONE',  ( -3.500000000000000000, 4.286263797015736595E-16, 18.00000000000000355 ) ) ;
#2386 =( NAMED_UNIT ( * ) PLANE_ANGLE_UNIT ( ) SI_UNIT ( $, .RADIAN. ) );
#2387 = CARTESIAN_POINT ( 'NONE',  ( 3.500000000000000444, -1.449747468305833120, 29.43750000000000711 ) ) ;
#2388 = CARTESIAN_POINT ( 'NONE',  ( -4.041265874999999674, -1.673947134580573870, 23.49999999863440792 ) ) ;
#2389 = CARTESIAN_POINT ( 'NONE',  ( 2.857606504790286106, 2.857606504790286994, 24.93749999863440792 ) ) ;
#2390 = CARTESIAN_POINT ( 'NONE',  ( 1.449747468305833342, -3.500000000000000444, 21.06249999726881583 ) ) ;
#2391 = CARTESIAN_POINT ( 'NONE',  ( 4.041265874999999674, -1.673947134580573426, 30.87499999863440792 ) ) ;
#2392 = CARTESIAN_POINT ( 'NONE',  ( 1.449747468305833564, -3.500000000000000000, 26.06249999726881583 ) ) ;
#2393 = EDGE_CURVE ( 'NONE', #1468, #375, #1775, .T. ) ;
#2394 = FACE_OUTER_BOUND ( 'NONE', #2955, .T. ) ;
#2395 = CARTESIAN_POINT ( 'NONE',  ( -3.500000000000001332, 1.449747468305832010, 24.68749999726881583 ) ) ;
#2396 = CARTESIAN_POINT ( 'NONE',  ( 3.500000000000000000, 0.000000000000000000, 28.50000000000000355 ) ) ;
#2397 = EDGE_CURVE ( 'NONE', #2975, #3206, #1821, .T. ) ;
#2398 = CARTESIAN_POINT ( 'NONE',  ( -1.673947134580575424, 4.041265874999998786, 19.24999999863440792 ) ) ;
#2399 = CARTESIAN_POINT ( 'NONE',  ( 1.449747468305833342, -3.500000000000000444, 20.31250000000000355 ) ) ;
#2400 = CARTESIAN_POINT ( 'NONE',  ( -1.673947134580575424, 4.041265874999998786, 24.12499999863441502 ) ) ;
#2401 = CARTESIAN_POINT ( 'NONE',  ( 1.967817314006560458, 0.7349545664532224354, 10.98800595548157943 ) ) ;
#2402 = CARTESIAN_POINT ( 'NONE',  ( -4.041265875000000563, 1.673947134580572538, 22.24999999863440792 ) ) ;
#2403 = CARTESIAN_POINT ( 'NONE',  ( 3.500000000000000000, 0.000000000000000000, 18.00000000000000355 ) ) ;
#2404 = CARTESIAN_POINT ( 'NONE',  ( 3.500000000000000000, -1.449747468305833120, 22.18749999726881583 ) ) ;
#2405 = CARTESIAN_POINT ( 'NONE',  ( -3.500000000000000000, -4.286263797015736595E-16, 24.00000000000000000 ) ) ;
#2406 = CARTESIAN_POINT ( 'NONE',  ( -1.673947134580575424, 4.041265874999998786, 27.24999999863440792 ) ) ;
#2407 = CARTESIAN_POINT ( 'NONE',  ( -5.317721157680296962, 2.780258083047693951, 12.61382278769973908 ) ) ;
#2408 = CARTESIAN_POINT ( 'NONE',  ( -3.500000000000000444, -1.449747468305833342, 28.06250000000000355 ) ) ;
#2409 = CARTESIAN_POINT ( 'NONE',  ( 2.474561659161088847E-16, -4.041265874999999674, 19.68749999863440792 ) ) ;
#2410 = CARTESIAN_POINT ( 'NONE',  ( 4.041265874999998786, 1.673947134580575868, 23.87499999863441502 ) ) ;
#2411 = CARTESIAN_POINT ( 'NONE',  ( -2.474873734152916338, -2.474873734152916782, 19.87499999726881583 ) ) ;
#2412 = CARTESIAN_POINT ( 'NONE',  ( -4.041265874999999674, -1.673947134580573648, 26.49999999863440792 ) ) ;
#2413 = EDGE_CURVE ( 'NONE', #498, #418, #773, .T. ) ;
#2414 = CARTESIAN_POINT ( 'NONE',  ( 1.449747468305833786, 3.499999999999999556, 19.43749999726881583 ) ) ;
#2415 = CARTESIAN_POINT ( 'NONE',  ( -3.500000000000001332, 1.449747468305832010, 26.68749999726881583 ) ) ;
#2416 = CARTESIAN_POINT ( 'NONE',  ( 1.673947134580574092, 4.041265874999998786, 28.99999999863440436 ) ) ;
#2417 = CARTESIAN_POINT ( 'NONE',  ( 1.449747468305833786, 3.499999999999999556, 21.43749999726881583 ) ) ;
#2418 = CARTESIAN_POINT ( 'NONE',  ( -1.673947134580573204, -4.041265874999999674, 30.49999999863440792 ) ) ;
#2419 = CARTESIAN_POINT ( 'NONE',  ( 2.474561659161088847E-16, -4.041265874999999674, 18.68749999863440792 ) ) ;
#2420 = DIRECTION ( 'NONE',  ( 0.000000000000000000, 0.000000000000000000, 1.000000000000000000 ) ) ;
#2421 = CARTESIAN_POINT ( 'NONE',  ( 2.143131898507868297E-16, -3.500000000000000000, 27.25000000000000355 ) ) ;
#2422 = CARTESIAN_POINT ( 'NONE',  ( 2.857606504790286106, 2.857606504790286994, 20.93749999863440792 ) ) ;
#2423 = CARTESIAN_POINT ( 'NONE',  ( -3.500000000000000000, -4.286263797015736595E-16, 21.74999999726881583 ) ) ;
#2424 = CARTESIAN_POINT ( 'NONE',  ( -3.500000000000000000, -4.286263797015736595E-16, 24.00000000000000000 ) ) ;
#2425 = EDGE_CURVE ( 'NONE', #505, #678, #3001, .T. ) ;
#2426 =( BOUNDED_CURVE ( )  B_SPLINE_CURVE ( 2, ( #3058, #2190, #228, #1867, #1062, #779, #2451, #2688, #1091 ),
 .UNSPECIFIED., .F., .F. ) 
 B_SPLINE_CURVE_WITH_KNOTS ( ( 3, 2, 2, 2, 3 ),
 ( 0.1153846153846153910, 0.1250000000000000000, 0.1346153846153846090, 0.1442307692307692180, 0.1538461538461538547 ),
 .UNSPECIFIED. ) 
 CURVE ( )  GEOMETRIC_REPRESENTATION_ITEM ( )  RATIONAL_B_SPLINE_CURVE ( ( 1.000000000000000000, 0.9238795325112867385, 1.000000000000000000, 0.9238795325112867385, 1.000000000000000000, 0.9238795325112867385, 1.000000000000000000, 0.9238795325112867385, 1.000000000000000000 ) ) 
 REPRESENTATION_ITEM ( '' )  );
#2427 =( BOUNDED_CURVE ( )  B_SPLINE_CURVE ( 2, ( #1658, #1937, #1373, #525, #2522, #3115, #1719, #1965, #3662 ),
 .UNSPECIFIED., .F., .F. ) 
 B_SPLINE_CURVE_WITH_KNOTS ( ( 3, 2, 2, 2, 3 ),
 ( 0.03846153846153846367, 0.04807692307692307959, 0.05769230769230769551, 0.06730769230769230449, 0.07692307692307692735 ),
 .UNSPECIFIED. ) 
 CURVE ( )  GEOMETRIC_REPRESENTATION_ITEM ( )  RATIONAL_B_SPLINE_CURVE ( ( 1.000000000000000000, 0.9238795325112867385, 1.000000000000000000, 0.9238795325112867385, 1.000000000000000000, 0.9238795325112867385, 1.000000000000000000, 0.9238795325112867385, 1.000000000000000000 ) ) 
 REPRESENTATION_ITEM ( '' )  );
#2428 = CARTESIAN_POINT ( 'NONE',  ( 4.041265874999999674, 0.000000000000000000, 26.93749999863440792 ) ) ;
#2429 = CARTESIAN_POINT ( 'NONE',  ( 2.143131898507868297E-16, -3.500000000000000000, 29.25000000000000000 ) ) ;
#2430 = CARTESIAN_POINT ( 'NONE',  ( -1.673947134580573426, -4.041265874999999674, 20.62499999863441147 ) ) ;
#2431 = CARTESIAN_POINT ( 'NONE',  ( 1.673947134580574092, 4.041265874999998786, 22.99999999863440436 ) ) ;
#2432 = DIRECTION ( 'NONE',  ( 0.000000000000000000, 0.000000000000000000, -1.000000000000000000 ) ) ;
#2433 = CARTESIAN_POINT ( 'NONE',  ( -1.673947134580575424, 4.041265874999998786, 30.24999999863440792 ) ) ;
#2434 = CARTESIAN_POINT ( 'NONE',  ( -3.500000000000000000, -4.286263797015736595E-16, 26.74999999726881583 ) ) ;
#2435 = CARTESIAN_POINT ( 'NONE',  ( -2.857606504790286550, -2.857606504790286994, 29.43749999863440792 ) ) ;
#2436 = CARTESIAN_POINT ( 'NONE',  ( 4.041265874999999674, 0.000000000000000000, 29.81249999863440792 ) ) ;
#2437 = CARTESIAN_POINT ( 'NONE',  ( -4.041265875000000563, 1.673947134580572538, 20.37499999863441147 ) ) ;
#2438 = AXIS2_PLACEMENT_3D ( 'NONE', #419, #2619, #1042 ) ;
#2439 = CARTESIAN_POINT ( 'NONE',  ( 2.474873734152915894, 2.474873734152917226, 28.37499999726881583 ) ) ;
#2440 = CARTESIAN_POINT ( 'NONE',  ( 3.499999999999999556, 1.449747468305835341, 26.31249999726881583 ) ) ;
#2441 = CARTESIAN_POINT ( 'NONE',  ( -2.857606504790286994, 2.857606504790286550, 22.18749999863440792 ) ) ;
#2442 = CARTESIAN_POINT ( 'NONE',  ( -1.673947134580573204, -4.041265874999999674, 22.49999999863440792 ) ) ;
#2443 = CARTESIAN_POINT ( 'NONE',  ( 4.041265874999999674, -1.673947134580573648, 27.87499999863441147 ) ) ;
#2444 = AXIS2_PLACEMENT_3D ( 'NONE', #3637, #1193, #2320 ) ;
#2445 = DIRECTION ( 'NONE',  ( 1.000000000000000000, 0.000000000000000000, 0.000000000000000000 ) ) ;
#2446 = CARTESIAN_POINT ( 'NONE',  ( 3.500000000000000000, 0.000000000000000000, 30.50000000000000355 ) ) ;
#2447 = CARTESIAN_POINT ( 'NONE',  ( -7.423684977483266541E-16, 4.041265874999999674, 28.18749999863440792 ) ) ;
#2448 = CARTESIAN_POINT ( 'NONE',  ( -2.474873734152916338, -2.474873734152916782, 23.12500000000000355 ) ) ;
#2449 = CARTESIAN_POINT ( 'NONE',  ( -1.673947134580573426, -4.041265874999999674, 18.62499999863440792 ) ) ;
#2450 = CARTESIAN_POINT ( 'NONE',  ( 4.041265874999999674, -1.673947134580573648, 23.74999999863440792 ) ) ;
#2451 = CARTESIAN_POINT ( 'NONE',  ( 2.474873734152915894, 2.474873734152917226, 29.37499999726881583 ) ) ;
#2452 = CARTESIAN_POINT ( 'NONE',  ( -3.500000000000000000, -4.286263797015736595E-16, 30.74999999726881583 ) ) ;
#2453 = CARTESIAN_POINT ( 'NONE',  ( 4.041265874999999674, -1.673947134580573426, 28.87499999863440792 ) ) ;
#2454 = CARTESIAN_POINT ( 'NONE',  ( -3.500000000000000000, -4.286263797015736595E-16, 23.00000000000000355 ) ) ;
#2455 = CARTESIAN_POINT ( 'NONE',  ( 3.499999999999999112, 1.449747468305835341, 28.56250000000000355 ) ) ;
#2456 = CARTESIAN_POINT ( 'NONE',  ( -1.449747468305834674, 3.499999999999999556, 26.56249999726881583 ) ) ;
#2457 = CARTESIAN_POINT ( 'NONE',  ( 2.857606504790286106, 2.857606504790286994, 24.93749999863440792 ) ) ;
#2458 = CARTESIAN_POINT ( 'NONE',  ( -7.423684977483266541E-16, 4.041265874999999674, 30.06249999863440792 ) ) ;
#2459 = CARTESIAN_POINT ( 'NONE',  ( 4.041265874999999674, 0.000000000000000000, 19.93749999863440792 ) ) ;
#2460 = CARTESIAN_POINT ( 'NONE',  ( 2.474873734152916782, -2.474873734152916782, 20.12499999726881583 ) ) ;
#2461 = CARTESIAN_POINT ( 'NONE',  ( -5.840234723398578076, 1.388579978000096915, 16.77904122146316723 ) ) ;
#2462 = ADVANCED_FACE ( 'NONE', ( #1812 ), #3053, .T. ) ;
#2463 = CARTESIAN_POINT ( 'NONE',  ( 3.499999999999999112, 1.449747468305835341, 27.56250000000000355 ) ) ;
#2464 = CARTESIAN_POINT ( 'NONE',  ( -7.423684977483266541E-16, 4.041265874999999674, 22.06249999863440792 ) ) ;
#2465 = CARTESIAN_POINT ( 'NONE',  ( -4.041265874999999674, -1.673947134580573648, 23.37499999863441147 ) ) ;
#2466 = CARTESIAN_POINT ( 'NONE',  ( 1.449747468305833564, -3.500000000000000000, 20.31250000000000355 ) ) ;
#2467 = CARTESIAN_POINT ( 'NONE',  ( -4.041265874999999674, -1.673947134580573870, 28.49999999863441147 ) ) ;
#2468 = CARTESIAN_POINT ( 'NONE',  ( -6.429395695523603167E-16, 3.500000000000000000, 21.75000000000000355 ) ) ;
#2469 = DIRECTION ( 'NONE',  ( -0.000000000000000000, -0.000000000000000000, 1.000000000000000000 ) ) ;
#2470 = CARTESIAN_POINT ( 'NONE',  ( -4.041265874999999674, -4.949123318322177694E-16, 28.43749999863440792 ) ) ;
#2471 = CARTESIAN_POINT ( 'NONE',  ( 1.449747468305833564, 3.500000000000000000, 22.68750000000000000 ) ) ;
#2472 = CARTESIAN_POINT ( 'NONE',  ( 2.857606504790286994, -2.857606504790286994, 20.68749999863440792 ) ) ;
#2473 = CARTESIAN_POINT ( 'NONE',  ( -3.500000000000000000, -1.449747468305833564, 24.81249999726881938 ) ) ;
#2474 = CARTESIAN_POINT ( 'NONE',  ( 1.673947134580574092, 4.041265874999998786, 30.12499999863440792 ) ) ;
#2475 = CARTESIAN_POINT ( 'NONE',  ( -6.000000000000004441, 0.2062497159920631540, 10.90000000000000036 ) ) ;
#2476 = AXIS2_PLACEMENT_3D ( 'NONE', #3107, #2804, #28 ) ;
#2477 = DIRECTION ( 'NONE',  ( -0.000000000000000000, -0.000000000000000000, 1.000000000000000000 ) ) ;
#2478 = CARTESIAN_POINT ( 'NONE',  ( 1.449747468305833564, 3.500000000000000000, 26.43749999726881228 ) ) ;
#2479 = CARTESIAN_POINT ( 'NONE',  ( -2.857606504790286550, -2.857606504790286994, 26.43749999863440792 ) ) ;
#2480 = CARTESIAN_POINT ( 'NONE',  ( 0.000000000000000000, 0.000000000000000000, 18.00000000000000355 ) ) ;
#2481 = CARTESIAN_POINT ( 'NONE',  ( 1.673947134580573648, -4.041265874999999674, 30.62499999863440792 ) ) ;
#2482 = CARTESIAN_POINT ( 'NONE',  ( -4.041265874999999674, -4.949123318322177694E-16, 18.43749999863440792 ) ) ;
#2483 = DIRECTION ( 'NONE',  ( -0.000000000000000000, -0.000000000000000000, 1.000000000000000000 ) ) ;
#2484 = CARTESIAN_POINT ( 'NONE',  ( 1.673947134580573870, -4.041265874999999674, 18.74999999863440792 ) ) ;
#2485 = CARTESIAN_POINT ( 'NONE',  ( 2.857606504790286994, -2.857606504790286994, 21.68749999863441147 ) ) ;
#2486 = CARTESIAN_POINT ( 'NONE',  ( 0.000000000000000000, 0.000000000000000000, 18.00000000000000355 ) ) ;
#2487 = CARTESIAN_POINT ( 'NONE',  ( -2.474873734152916338, -2.474873734152916782, 20.12500000000000355 ) ) ;
#2488 = CARTESIAN_POINT ( 'NONE',  ( -1.673947134580575424, 4.041265874999998786, 25.24999999863440792 ) ) ;
#2489 = CARTESIAN_POINT ( 'NONE',  ( -5.316925148257539036, -2.781775082118743914, 15.38315604542694004 ) ) ;
#2490 = CARTESIAN_POINT ( 'NONE',  ( 3.500000000000000000, 0.000000000000000000, 24.50000000000000000 ) ) ;
#2491 = CARTESIAN_POINT ( 'NONE',  ( 1.088348270274898555, 1.797563030580056953, 5.636027150965014165 ) ) ;
#2492 = CARTESIAN_POINT ( 'NONE',  ( -4.041265874999999674, -4.949123318322177694E-16, 23.43749999863440792 ) ) ;
#2493 = CARTESIAN_POINT ( 'NONE',  ( -2.857606504790286550, -2.857606504790286994, 19.43749999863440792 ) ) ;
#2494 = CARTESIAN_POINT ( 'NONE',  ( 0.9986844538568113716, 5.917449923182283023, 5.769207403444544191 ) ) ;
#2495 = CARTESIAN_POINT ( 'NONE',  ( 4.041265874999999674, 0.000000000000000000, 26.93749999863440792 ) ) ;
#2496 = CARTESIAN_POINT ( 'NONE',  ( -0.1670153239434271075, 2.836811590500856184, 12.74999999999999467 ) ) ;
#2497 = CARTESIAN_POINT ( 'NONE',  ( -3.500000000000000444, -1.449747468305833342, 26.81249999726881938 ) ) ;
#2498 = CARTESIAN_POINT ( 'NONE',  ( -4.041265874999999674, -4.949123318322177694E-16, 25.31249999863440792 ) ) ;
#2499 = CARTESIAN_POINT ( 'NONE',  ( -3.500000000000001332, 1.449747468305832454, 20.93750000000000355 ) ) ;
#2500 = DIRECTION ( 'NONE',  ( -1.224646799147352961E-16, 1.000000000000000000, 0.000000000000000000 ) ) ;
#2501 = DIRECTION ( 'NONE',  ( -0.000000000000000000, -0.000000000000000000, 1.000000000000000000 ) ) ;
#2502 = EDGE_CURVE ( 'NONE', #509, #254, #3060, .T. ) ;
#2503 = CARTESIAN_POINT ( 'NONE',  ( 2.100000000000000089, 2.571758278209441957E-16, 0.000000000000000000 ) ) ;
#2504 = CARTESIAN_POINT ( 'NONE',  ( 4.041265874999998786, 1.673947134580575868, 28.99999999863440792 ) ) ;
#2505 = CARTESIAN_POINT ( 'NONE',  ( -2.857606504790286550, -2.857606504790286994, 30.43749999863440792 ) ) ;
#2506 = DIRECTION ( 'NONE',  ( -0.000000000000000000, -0.000000000000000000, 1.000000000000000000 ) ) ;
#2507 = CARTESIAN_POINT ( 'NONE',  ( -0.1634114241445047133, 6.000000000000002665, 6.250000000000001776 ) ) ;
#2508 = CARTESIAN_POINT ( 'NONE',  ( 2.000000000000000000, 0.000000000000000000, 14.00000000000000000 ) ) ;
#2509 = CARTESIAN_POINT ( 'NONE',  ( 1.673947134580574092, 4.041265874999998786, 24.12499999863441502 ) ) ;
#2510 = CARTESIAN_POINT ( 'NONE',  ( -7.423684977483266541E-16, 4.041265874999999674, 19.06249999863440792 ) ) ;
#2511 = CARTESIAN_POINT ( 'NONE',  ( 4.041265874999999674, 0.000000000000000000, 23.93749999863440792 ) ) ;
#2512 = CARTESIAN_POINT ( 'NONE',  ( -0.1644170496010389781, 2.836811590500856184, 15.25000000000000888 ) ) ;
#2513 = CARTESIAN_POINT ( 'NONE',  ( 2.474561659161088847E-16, -4.041265874999999674, 27.56249999863440792 ) ) ;
#2514 = DIRECTION ( 'NONE',  ( -0.000000000000000000, -0.000000000000000000, 1.000000000000000000 ) ) ;
#2515 = CARTESIAN_POINT ( 'NONE',  ( -7.423684977483266541E-16, 4.041265874999999674, 27.06249999863440792 ) ) ;
#2516 = CARTESIAN_POINT ( 'NONE',  ( 3.500000000000000000, 0.000000000000000000, 25.50000000000000355 ) ) ;
#2517 = EDGE_CURVE ( 'NONE', #2010, #1970, #2332, .T. ) ;
#2518 = CARTESIAN_POINT ( 'NONE',  ( 4.041265874999998786, 1.673947134580575868, 18.99999999863440792 ) ) ;
#2519 = CARTESIAN_POINT ( 'NONE',  ( 2.474561659161088847E-16, -4.041265874999999674, 29.68749999863440792 ) ) ;
#2520 = CARTESIAN_POINT ( 'NONE',  ( -4.041265874999999674, -1.673947134580573648, 19.37499999863440792 ) ) ;
#2521 = CARTESIAN_POINT ( 'NONE',  ( -2.857606504790286550, -2.857606504790286994, 26.56249999863440792 ) ) ;
#2522 = CARTESIAN_POINT ( 'NONE',  ( -6.429395695523603167E-16, 3.500000000000000000, 30.49999999726881583 ) ) ;
#2523 = CARTESIAN_POINT ( 'NONE',  ( -2.857606504790286994, 2.857606504790286550, 30.18749999863440792 ) ) ;
#2524 = CARTESIAN_POINT ( 'NONE',  ( 3.500000000000000000, -1.449747468305833120, 31.18749999726881583 ) ) ;
#2525 = CARTESIAN_POINT ( 'NONE',  ( 0.000000000000000000, 0.000000000000000000, 18.00000000000000355 ) ) ;
#2526 = CARTESIAN_POINT ( 'NONE',  ( -4.041265874999999674, -4.949123318322177694E-16, 25.43749999863440792 ) ) ;
#2527 = CARTESIAN_POINT ( 'NONE',  ( -1.673947134580573426, -4.041265874999999674, 20.49999999863440792 ) ) ;
#2528 = CARTESIAN_POINT ( 'NONE',  ( 1.217283505800181187, 5.875572544199749281, 14.32819995477863984 ) ) ;
#2529 = CARTESIAN_POINT ( 'NONE',  ( 2.474561659161088847E-16, -4.041265874999999674, 24.68749999863440436 ) ) ;
#2530 = CARTESIAN_POINT ( 'NONE',  ( 3.500000000000000000, 0.000000000000000000, 22.50000000000000355 ) ) ;
#2531 = EDGE_CURVE ( 'NONE', #2000, #2010, #1254, .T. ) ;
#2532 = CARTESIAN_POINT ( 'NONE',  ( 3.500000000000000000, 0.000000000000000000, 28.24999999726881583 ) ) ;
#2533 = CARTESIAN_POINT ( 'NONE',  ( -1.249935086906631465, 5.868361124105375026, 13.83594323370176937 ) ) ;
#2534 = CARTESIAN_POINT ( 'NONE',  ( -2.857606504790286550, -2.857606504790286994, 25.43749999863440792 ) ) ;
#2535 = EDGE_CURVE ( 'NONE', #1932, #740, #1845, .T. ) ;
#2536 = AXIS2_PLACEMENT_3D ( 'NONE', #2905, #3483, #2602 ) ;
#2537 = CARTESIAN_POINT ( 'NONE',  ( 0.000000000000000000, 6.000000000000000888, 12.74999999999999822 ) ) ;
#2538 = CARTESIAN_POINT ( 'NONE',  ( -6.429395695523603167E-16, 3.500000000000000000, 21.49999999726881583 ) ) ;
#2539 = CARTESIAN_POINT ( 'NONE',  ( 3.500000000000000000, 0.000000000000000000, 27.24999999726881583 ) ) ;
#2540 = CARTESIAN_POINT ( 'NONE',  ( 1.673947134580574092, 4.041265874999998786, 22.12499999863441502 ) ) ;
#2541 = DIRECTION ( 'NONE',  ( 0.000000000000000000, -1.000000000000000000, 0.000000000000000000 ) ) ;
#2542 = CARTESIAN_POINT ( 'NONE',  ( 4.041265874999999674, -1.673947134580573648, 28.74999999863440792 ) ) ;
#2543 = CARTESIAN_POINT ( 'NONE',  ( -3.500000000000000000, -4.286263797015736595E-16, 28.00000000000000355 ) ) ;
#2544 = SURFACE_SIDE_STYLE ('',( #919 ) ) ;
#2545 = CARTESIAN_POINT ( 'NONE',  ( 2.143131898507868297E-16, -3.500000000000000000, 21.99999999726881583 ) ) ;
#2546 = CARTESIAN_POINT ( 'NONE',  ( -2.857606504790286994, 2.857606504790286550, 30.18749999863440792 ) ) ;
#2547 = CARTESIAN_POINT ( 'NONE',  ( -4.041265875000001451, 1.673947134580572538, 23.37499999863441502 ) ) ;
#2548 = CARTESIAN_POINT ( 'NONE',  ( -1.673947134580573426, -4.041265874999999674, 19.49999999863440792 ) ) ;
#2549 = CARTESIAN_POINT ( 'NONE',  ( -1.673947134580575424, 4.041265874999998786, 25.24999999863440792 ) ) ;
#2550 = CARTESIAN_POINT ( 'NONE',  ( 3.500000000000000000, 0.000000000000000000, 23.50000000000000355 ) ) ;
#2551 = CARTESIAN_POINT ( 'NONE',  ( -6.429395695523603167E-16, 3.500000000000000000, 27.49999999726881583 ) ) ;
#2552 = CARTESIAN_POINT ( 'NONE',  ( 4.041265874999998786, 1.673947134580575868, 26.87499999863441147 ) ) ;
#2553 = CARTESIAN_POINT ( 'NONE',  ( 4.041265874999999674, -1.673947134580573648, 19.87499999863440792 ) ) ;
#2554 = CARTESIAN_POINT ( 'NONE',  ( -7.423684977483266541E-16, 4.041265874999999674, 30.18749999863440792 ) ) ;
#2555 = CARTESIAN_POINT ( 'NONE',  ( 2.857606504790286994, -2.857606504790286994, 19.68749999863440792 ) ) ;
#2556 = CARTESIAN_POINT ( 'NONE',  ( -1.673947134580573426, -4.041265874999999674, 23.62499999863441147 ) ) ;
#2557 = CARTESIAN_POINT ( 'NONE',  ( -6.000000000000000888, 6.593693876289827176E-24, 10.90000000000000036 ) ) ;
#2558 = CARTESIAN_POINT ( 'NONE',  ( 1.673947134580573870, -4.041265874999999674, 29.62499999863440792 ) ) ;
#2559 = CARTESIAN_POINT ( 'NONE',  ( -3.500000000000000000, -4.286263797015736595E-16, 20.00000000000000355 ) ) ;
#2560 = SURFACE_STYLE_USAGE ( .BOTH. , #2544 ) ;
#2561 = CARTESIAN_POINT ( 'NONE',  ( 3.500000000000000000, 0.000000000000000000, 24.24999999726881583 ) ) ;
#2562 = CARTESIAN_POINT ( 'NONE',  ( -1.673947134580575424, 4.041265874999998786, 26.24999999863440436 ) ) ;
#2563 = CARTESIAN_POINT ( 'NONE',  ( 3.500000000000000000, 0.000000000000000000, 21.24999999726881583 ) ) ;
#2564 = CARTESIAN_POINT ( 'NONE',  ( -1.449747468305832898, -3.500000000000000000, 27.93749999726881583 ) ) ;
#2565 = CARTESIAN_POINT ( 'NONE',  ( -4.041265874999999674, -4.949123318322177694E-16, 24.43749999863440436 ) ) ;
#2566 = CARTESIAN_POINT ( 'NONE',  ( -2.474873734152917226, 2.474873734152916338, 23.87500000000000355 ) ) ;
#2567 = EDGE_CURVE ( 'NONE', #784, #505, #2747, .T. ) ;
#2568 = PRODUCT_DEFINITION ( '未知', '', #2648, #697 ) ;
#2569 = CARTESIAN_POINT ( 'NONE',  ( -6.429395695523603167E-16, 3.500000000000000000, 29.49999999726881583 ) ) ;
#2570 = CARTESIAN_POINT ( 'NONE',  ( -7.423684977483266541E-16, 4.041265874999999674, 25.06249999863440792 ) ) ;
#2571 = CARTESIAN_POINT ( 'NONE',  ( -1.949358868961793556, 0.7810249675906638656, 11.00000000000000000 ) ) ;
#2572 = AXIS2_PLACEMENT_3D ( 'NONE', #1520, #608, #3460 ) ;
#2573 = CARTESIAN_POINT ( 'NONE',  ( -4.041265874999999674, -4.949123318322177694E-16, 19.31249999863440792 ) ) ;
#2574 = CARTESIAN_POINT ( 'NONE',  ( 2.474873734152916782, -2.474873734152916782, 29.37500000000000355 ) ) ;
#2575 = CARTESIAN_POINT ( 'NONE',  ( -4.041265874999999674, -1.673947134580573870, 22.49999999863440792 ) ) ;
#2576 = CARTESIAN_POINT ( 'NONE',  ( -1.673947134580575424, 4.041265874999998786, 30.12499999863440792 ) ) ;
#2577 = AXIS2_PLACEMENT_3D ( 'NONE', #401, #708, #491 ) ;
#2578 = CARTESIAN_POINT ( 'NONE',  ( -2.474873734152916338, -2.474873734152916782, 25.87499999726881583 ) ) ;
#2579 = SHAPE_DEFINITION_REPRESENTATION ( #1673, #1853 ) ;
#2580 = CARTESIAN_POINT ( 'NONE',  ( -2.474873734152916338, -2.474873734152916782, 22.87499999726881583 ) ) ;
#2581 = CARTESIAN_POINT ( 'NONE',  ( -2.857606504790286550, -2.857606504790286994, 21.56249999863441147 ) ) ;
#2582 = CARTESIAN_POINT ( 'NONE',  ( 3.500000000000000000, 0.000000000000000000, 18.00000000000000355 ) ) ;
#2583 = CARTESIAN_POINT ( 'NONE',  ( 3.500000000000000000, 0.000000000000000000, 21.50000000000000000 ) ) ;
#2584 = CARTESIAN_POINT ( 'NONE',  ( -1.673947134580573204, -4.041265874999999674, 25.62499999863441147 ) ) ;
#2585 = CARTESIAN_POINT ( 'NONE',  ( -1.449747468305834674, 3.499999999999999556, 19.81250000000000355 ) ) ;
#2586 = AXIS2_PLACEMENT_3D ( 'NONE', #2525, #2682, #830 ) ;
#2587 = CARTESIAN_POINT ( 'NONE',  ( 3.500000000000000000, 0.000000000000000000, 28.24999999726881583 ) ) ;
#2588 = CARTESIAN_POINT ( 'NONE',  ( 2.474873734152915894, 2.474873734152917226, 28.37499999726881583 ) ) ;
#2589 = CARTESIAN_POINT ( 'NONE',  ( 2.857606504790286994, -2.857606504790286994, 26.68749999863440792 ) ) ;
#2590 = CARTESIAN_POINT ( 'NONE',  ( 1.249914042830687855, 3.099965339854993118, 13.83417049925344422 ) ) ;
#2591 = CARTESIAN_POINT ( 'NONE',  ( -1.449747468305832898, -3.500000000000000000, 21.93749999726881583 ) ) ;
#2592 = CARTESIAN_POINT ( 'NONE',  ( 2.474561659161088847E-16, -4.041265874999999674, 30.68749999863440792 ) ) ;
#2593 = CARTESIAN_POINT ( 'NONE',  ( 3.499999999999999556, 1.449747468305835341, 28.56250000000000355 ) ) ;
#2594 = CARTESIAN_POINT ( 'NONE',  ( -2.857606504790286994, 2.857606504790286550, 23.31249999863440792 ) ) ;
#2595 = CARTESIAN_POINT ( 'NONE',  ( 1.673947134580574092, 4.041265874999998786, 25.99999999863440792 ) ) ;
#2596 = DIRECTION ( 'NONE',  ( 0.000000000000000000, -1.000000000000000000, 0.000000000000000000 ) ) ;
#2597 = CARTESIAN_POINT ( 'NONE',  ( -2.474873734152917226, 2.474873734152916338, 19.87500000000000355 ) ) ;
#2598 = CARTESIAN_POINT ( 'NONE',  ( 1.449747468305833564, -3.500000000000000000, 25.31250000000000000 ) ) ;
#2599 = CARTESIAN_POINT ( 'NONE',  ( 1.449747468305833342, -3.500000000000000444, 24.06249999726881938 ) ) ;
#2600 = EDGE_CURVE ( 'NONE', #2900, #2065, #3075, .T. ) ;
#2601 = CARTESIAN_POINT ( 'NONE',  ( -3.500000000000000000, -4.286263797015736595E-16, 28.00000000000000355 ) ) ;
#2602 = DIRECTION ( 'NONE',  ( 1.000000000000000000, 0.000000000000000000, 0.000000000000000000 ) ) ;
#2603 = CARTESIAN_POINT ( 'NONE',  ( -7.423684977483266541E-16, 4.041265874999999674, 22.18749999863440792 ) ) ;
#2604 = CARTESIAN_POINT ( 'NONE',  ( -1.449747468305832898, -3.500000000000000444, 21.18750000000000355 ) ) ;
#2605 = PRODUCT ( '联轴器改', '联轴器改', '', ( #26 ) ) ;
#2606 = CARTESIAN_POINT ( 'NONE',  ( -3.500000000000000000, -4.286263797015736595E-16, 28.74999999726881938 ) ) ;
#2607 = CARTESIAN_POINT ( 'NONE',  ( -1.673947134580573204, -4.041265874999999674, 23.49999999863440792 ) ) ;
#2608 = CARTESIAN_POINT ( 'NONE',  ( 0.9979333297565133876, 3.005249349020850058, 13.23017751452433011 ) ) ;
#2609 = CARTESIAN_POINT ( 'NONE',  ( -4.041265874999999674, -4.949123318322177694E-16, 30.43749999863440792 ) ) ;
#2610 = DIRECTION ( 'NONE',  ( 1.000000000000000000, 0.000000000000000000, 0.000000000000000000 ) ) ;
#2611 = EDGE_CURVE ( 'NONE', #1970, #1509, #1852, .T. ) ;
#2612 =( BOUNDED_CURVE ( )  B_SPLINE_CURVE ( 2, ( #1392, #2524, #3242, #1662, #1967, #2283, #1886, #3095, #138 ),
 .UNSPECIFIED., .F., .F. ) 
 B_SPLINE_CURVE_WITH_KNOTS ( ( 3, 2, 2, 2, 3 ),
 ( 0.000000000000000000, 0.009615384615384615918, 0.01923076923076923184, 0.02884615384615384429, 0.03846153846153846367 ),
 .UNSPECIFIED. ) 
 CURVE ( )  GEOMETRIC_REPRESENTATION_ITEM ( )  RATIONAL_B_SPLINE_CURVE ( ( 1.000000000000000000, 0.9238795325112867385, 1.000000000000000000, 0.9238795325112867385, 1.000000000000000000, 0.9238795325112867385, 1.000000000000000000, 0.9238795325112867385, 1.000000000000000000 ) ) 
 REPRESENTATION_ITEM ( '' )  );
#2613 = CARTESIAN_POINT ( 'NONE',  ( -5.149803761263396673, 3.079241796099344786, 13.58742077053769393 ) ) ;
#2614 = CARTESIAN_POINT ( 'NONE',  ( 3.499999999999999556, 1.449747468305835341, 29.56250000000000355 ) ) ;
#2615 = CARTESIAN_POINT ( 'NONE',  ( 2.857606504790286106, 2.857606504790286994, 22.06249999863440792 ) ) ;
#2616 = CARTESIAN_POINT ( 'NONE',  ( 1.673947134580573870, -4.041265874999999674, 24.62499999863441147 ) ) ;
#2617 = CARTESIAN_POINT ( 'NONE',  ( -3.500000000000001332, 1.449747468305832454, 22.68749999726881228 ) ) ;
#2618 = AXIS2_PLACEMENT_3D ( 'NONE', #1111, #3540, #1351 ) ;
#2619 = DIRECTION ( 'NONE',  ( -0.000000000000000000, -0.000000000000000000, 1.000000000000000000 ) ) ;
#2620 = CARTESIAN_POINT ( 'NONE',  ( -1.449747468305834674, 3.499999999999999556, 19.56249999726881938 ) ) ;
#2621 = CARTESIAN_POINT ( 'NONE',  ( -0.08483529500006936619, 2.100000000000000089, 3.749999999999999556 ) ) ;
#2622 = CARTESIAN_POINT ( 'NONE',  ( -3.500000000000000000, -4.286263797015736595E-16, 25.74999999726881938 ) ) ;
#2623 = CARTESIAN_POINT ( 'NONE',  ( -1.449747468305832898, -3.500000000000000444, 22.93749999726881583 ) ) ;
#2624 =( BOUNDED_CURVE ( )  B_SPLINE_CURVE ( 2, ( #704, #1025, #2142, #2819, #3127, #2564, #1102, #193, #3581 ),
 .UNSPECIFIED., .F., .F. ) 
 B_SPLINE_CURVE_WITH_KNOTS ( ( 3, 2, 2, 2, 3 ),
 ( 0.2307692307692307820, 0.2403846153846153910, 0.2500000000000000000, 0.2596153846153846367, 0.2692307692307692180 ),
 .UNSPECIFIED. ) 
 CURVE ( )  GEOMETRIC_REPRESENTATION_ITEM ( )  RATIONAL_B_SPLINE_CURVE ( ( 1.000000000000000000, 0.9238795325112867385, 1.000000000000000000, 0.9238795325112867385, 1.000000000000000000, 0.9238795325112867385, 1.000000000000000000, 0.9238795325112867385, 1.000000000000000000 ) ) 
 REPRESENTATION_ITEM ( '' )  );
#2625 = CARTESIAN_POINT ( 'NONE',  ( 2.474561659161088847E-16, -4.041265874999999674, 21.68749999863441147 ) ) ;
#2626 = EDGE_CURVE ( 'NONE', #2851, #498, #3088, .T. ) ;
#2627 = CARTESIAN_POINT ( 'NONE',  ( -6.429395695523603167E-16, 3.500000000000000000, 26.75000000000000355 ) ) ;
#2628 = CARTESIAN_POINT ( 'NONE',  ( -3.500000000000000000, -4.286263797015736595E-16, 23.74999999726881583 ) ) ;
#2629 = CARTESIAN_POINT ( 'NONE',  ( 1.673947134580573648, -4.041265874999999674, 18.74999999863440792 ) ) ;
#2630 = CARTESIAN_POINT ( 'NONE',  ( -1.449747468305832898, -3.500000000000000444, 20.18750000000000000 ) ) ;
#2631 = CARTESIAN_POINT ( 'NONE',  ( 3.500000000000000000, 0.000000000000000000, 28.24999999726881583 ) ) ;
#2632 = CARTESIAN_POINT ( 'NONE',  ( 1.949358868961793556, 0.7810249675906638656, 11.00000000000000000 ) ) ;
#2633 = CARTESIAN_POINT ( 'NONE',  ( -2.857606504790286550, -2.857606504790286994, 22.43749999863440792 ) ) ;
#2634 = CARTESIAN_POINT ( 'NONE',  ( 3.500000000000000000, 0.000000000000000000, 22.24999999726881583 ) ) ;
#2635 = DIRECTION ( 'NONE',  ( -0.000000000000000000, -0.000000000000000000, 1.000000000000000000 ) ) ;
#2636 = B_SPLINE_CURVE_WITH_KNOTS ( 'NONE', 3,
 ( #2736, #1526, #2401, #2632 ),
 .UNSPECIFIED., .F., .F.,
 ( 4, 4 ),
 ( 0.000000000000000000, 0.0001531779306072114362 ),
 .UNSPECIFIED. ) ;
#2637 = CARTESIAN_POINT ( 'NONE',  ( 0.000000000000000000, 0.000000000000000000, 18.00000000000000355 ) ) ;
#2638 = CARTESIAN_POINT ( 'NONE',  ( -5.232521954708923673, 2.937466138133655758, 12.98875573694050978 ) ) ;
#2639 = CARTESIAN_POINT ( 'NONE',  ( -1.449747468305834674, 3.499999999999999556, 26.81250000000000355 ) ) ;
#2640 = CARTESIAN_POINT ( 'NONE',  ( 4.041265874999999674, -1.673947134580573648, 19.87499999863440792 ) ) ;
#2641 = CARTESIAN_POINT ( 'NONE',  ( 1.673947134580573870, -4.041265874999999674, 23.62499999863441147 ) ) ;
#2642 = DIRECTION ( 'NONE',  ( -0.000000000000000000, -0.000000000000000000, 1.000000000000000000 ) ) ;
#2643 = CARTESIAN_POINT ( 'NONE',  ( -1.449747468305832898, -3.500000000000000444, 19.93749999726881938 ) ) ;
#2644 = CARTESIAN_POINT ( 'NONE',  ( -4.041265875000000563, 1.673947134580572538, 30.37499999863440792 ) ) ;
#2645 = CARTESIAN_POINT ( 'NONE',  ( 3.500000000000000000, 0.000000000000000000, 27.24999999726881583 ) ) ;
#2646 = CARTESIAN_POINT ( 'NONE',  ( -2.857606504790286994, 2.857606504790286550, 28.18749999863440792 ) ) ;
#2647 = CARTESIAN_POINT ( 'NONE',  ( 1.673947134580573870, -4.041265874999999674, 28.62499999863440792 ) ) ;
#2648 = PRODUCT_DEFINITION_FORMATION_WITH_SPECIFIED_SOURCE ( '任何', '', #2605, .NOT_KNOWN. ) ;
#2649 = CARTESIAN_POINT ( 'NONE',  ( 4.041265874999998786, 1.673947134580575868, 19.99999999863440792 ) ) ;
#2650 = EDGE_LOOP ( 'NONE', ( #2861, #433 ) ) ;
#2651 = ADVANCED_FACE ( 'NONE', ( #1871 ), #3487, .T. ) ;
#2652 = CARTESIAN_POINT ( 'NONE',  ( -1.449747468305832898, -3.500000000000000000, 27.18750000000000355 ) ) ;
#2653 = EDGE_LOOP ( 'NONE', ( #1942, #3268, #1897, #907 ) ) ;
#2654 = AXIS2_PLACEMENT_3D ( 'NONE', #71, #1400, #327 ) ;
#2655 = CARTESIAN_POINT ( 'NONE',  ( -1.673947134580575424, 4.041265874999998786, 22.12499999863441502 ) ) ;
#2656 = CARTESIAN_POINT ( 'NONE',  ( 4.041265874999999674, -1.673947134580573426, 20.74999999863440792 ) ) ;
#2657 = CARTESIAN_POINT ( 'NONE',  ( -2.857606504790286994, 2.857606504790286550, 30.31249999863440792 ) ) ;
#2658 = CARTESIAN_POINT ( 'NONE',  ( -1.091833514733749233, 5.900169758489263394, 14.63034993652940408 ) ) ;
#2659 = VERTEX_POINT ( 'NONE', #2452 ) ;
#2660 = CARTESIAN_POINT ( 'NONE',  ( 1.673947134580574092, 4.041265874999998786, 27.12499999863441502 ) ) ;
#2661 = CARTESIAN_POINT ( 'NONE',  ( 3.500000000000000000, 0.000000000000000000, 28.50000000000000355 ) ) ;
#2662 = CARTESIAN_POINT ( 'NONE',  ( 4.041265874999999674, 0.000000000000000000, 18.93749999863440792 ) ) ;
#2663 = CARTESIAN_POINT ( 'NONE',  ( 4.041265874999999674, -1.673947134580573648, 25.74999999863440436 ) ) ;
#2664 = CARTESIAN_POINT ( 'NONE',  ( 1.530810862315391917E-16, 6.000000000000000888, 6.250000000000000888 ) ) ;
#2665 = CARTESIAN_POINT ( 'NONE',  ( -3.500000000000000000, 4.286263797015736595E-16, 18.00000000000000355 ) ) ;
#2666 = CARTESIAN_POINT ( 'NONE',  ( -2.857606504790286994, 2.857606504790286550, 30.31249999863440792 ) ) ;
#2667 = VERTEX_POINT ( 'NONE', #85 ) ;
#2668 = AXIS2_PLACEMENT_3D ( 'NONE', #2637, #2944, #334 ) ;
#2669 = CARTESIAN_POINT ( 'NONE',  ( -4.041265874999999674, -4.949123318322177694E-16, 29.31249999863440792 ) ) ;
#2670 = DIRECTION ( 'NONE',  ( 1.000000000000000000, 0.000000000000000000, 0.000000000000000000 ) ) ;
#2671 = CARTESIAN_POINT ( 'NONE',  ( -2.857606504790286994, 2.857606504790286550, 29.18749999863440792 ) ) ;
#2672 = CARTESIAN_POINT ( 'NONE',  ( 2.857606504790286994, -2.857606504790286994, 20.81249999863440792 ) ) ;
#2673 = ORIENTED_EDGE ( 'NONE', *, *, #2311, .F. ) ;
#2674 = CARTESIAN_POINT ( 'NONE',  ( 3.499999999999999112, 1.449747468305835341, 28.31249999726881583 ) ) ;
#2675 = ORIENTED_EDGE ( 'NONE', *, *, #1084, .T. ) ;
#2676 = CARTESIAN_POINT ( 'NONE',  ( -4.041265875000001451, 1.673947134580572538, 21.24999999863440792 ) ) ;
#2677 = CARTESIAN_POINT ( 'NONE',  ( 1.673947134580573648, -4.041265874999999674, 20.62499999863441147 ) ) ;
#2678 = CARTESIAN_POINT ( 'NONE',  ( -1.673947134580575424, 4.041265874999998786, 28.24999999863440792 ) ) ;
#2679 = EDGE_CURVE ( 'NONE', #3157, #2000, #1697, .T. ) ;
#2680 = ADVANCED_FACE ( 'NONE', ( #910 ), #918, .F. ) ;
#2681 = EDGE_LOOP ( 'NONE', ( #315, #2731, #1534, #2153, #952, #1992 ) ) ;
#2682 = DIRECTION ( 'NONE',  ( -0.000000000000000000, -0.000000000000000000, 1.000000000000000000 ) ) ;
#2683 = DIRECTION ( 'NONE',  ( 1.000000000000000000, 0.000000000000000000, 0.000000000000000000 ) ) ;
#2684 = CARTESIAN_POINT ( 'NONE',  ( -2.474873734152917226, 2.474873734152916338, 21.62499999726881583 ) ) ;
#2685 = CARTESIAN_POINT ( 'NONE',  ( -1.449747468305832898, -3.500000000000000444, 25.18750000000000000 ) ) ;
#2686 = CARTESIAN_POINT ( 'NONE',  ( -7.423684977483266541E-16, 4.041265874999999674, 20.18749999863440792 ) ) ;
#2687 = CARTESIAN_POINT ( 'NONE',  ( 2.474561659161088847E-16, -4.041265874999999674, 22.56249999863440792 ) ) ;
#2688 = CARTESIAN_POINT ( 'NONE',  ( 3.499999999999999112, 1.449747468305835341, 29.31249999726881583 ) ) ;
#2689 = CARTESIAN_POINT ( 'NONE',  ( -3.500000000000000000, -1.449747468305833564, 23.81249999726881583 ) ) ;
#2690 = CARTESIAN_POINT ( 'NONE',  ( -4.041265875000000563, 1.673947134580572538, 28.37499999863440792 ) ) ;
#2691 = CARTESIAN_POINT ( 'NONE',  ( 2.000000000000000000, -0.6403124237432857857, 11.00000000000000000 ) ) ;
#2692 = EDGE_CURVE ( 'NONE', #965, #1597, #1305, .T. ) ;
#2693 = ORIENTED_EDGE ( 'NONE', *, *, #1142, .F. ) ;
#2694 = EDGE_CURVE ( 'NONE', #2667, #1623, #162, .T. ) ;
#2695 = CARTESIAN_POINT ( 'NONE',  ( -6.429395695523603167E-16, 3.500000000000000000, 26.49999999726881583 ) ) ;
#2696 = CARTESIAN_POINT ( 'NONE',  ( 4.041265874999999674, 0.000000000000000000, 26.81249999863440792 ) ) ;
#2697 = CARTESIAN_POINT ( 'NONE',  ( 0.000000000000000000, 0.000000000000000000, 35.00000000000000000 ) ) ;
#2698 = CARTESIAN_POINT ( 'NONE',  ( -5.693970141553377218, 1.899787175488685698, 16.45793589679208324 ) ) ;
#2699 = CARTESIAN_POINT ( 'NONE',  ( -4.041265875000000563, 1.673947134580572538, 29.24999999863440792 ) ) ;
#2700 = CARTESIAN_POINT ( 'NONE',  ( 1.673947134580573648, -4.041265874999999674, 20.74999999863440792 ) ) ;
#2701 = VERTEX_POINT ( 'NONE', #1358 ) ;
#2702 = CARTESIAN_POINT ( 'NONE',  ( -3.500000000000000000, -4.286263797015736595E-16, 19.74999999726881583 ) ) ;
#2703 = AXIS2_PLACEMENT_3D ( 'NONE', #959, #3117, #1216 ) ;
#2704 = AXIS2_PLACEMENT_3D ( 'NONE', #667, #2104, #1539 ) ;
#2705 = CARTESIAN_POINT ( 'NONE',  ( 3.500000000000000000, 0.000000000000000000, 30.24999999726881583 ) ) ;
#2706 = ORIENTED_EDGE ( 'NONE', *, *, #89, .F. ) ;
#2707 = CARTESIAN_POINT ( 'NONE',  ( 4.041265874999999674, 0.000000000000000000, 21.81249999863440792 ) ) ;
#2708 = CARTESIAN_POINT ( 'NONE',  ( 4.041265874999998786, 1.673947134580575868, 23.87499999863441147 ) ) ;
#2709 = CARTESIAN_POINT ( 'NONE',  ( -7.423684977483266541E-16, 4.041265874999999674, 27.18749999863440792 ) ) ;
#2710 = CARTESIAN_POINT ( 'NONE',  ( -3.500000000000000000, -4.286263797015736595E-16, 18.00000000000000355 ) ) ;
#2711 = VERTEX_POINT ( 'NONE', #3327 ) ;
#2712 = CARTESIAN_POINT ( 'NONE',  ( -0.6307756332871473637, 5.968681298996449947, 3.908460688980615494 ) ) ;
#2713 = DIRECTION ( 'NONE',  ( -0.000000000000000000, -0.000000000000000000, -1.000000000000000000 ) ) ;
#2714 = CARTESIAN_POINT ( 'NONE',  ( -4.041265874999999674, -1.673947134580573870, 27.49999999863440792 ) ) ;
#2715 = CARTESIAN_POINT ( 'NONE',  ( 1.449747468305833564, 3.500000000000000000, 24.68750000000000355 ) ) ;
#2716 = CARTESIAN_POINT ( 'NONE',  ( 2.474561659161088847E-16, -4.041265874999999674, 18.56249999863440792 ) ) ;
#2717 = CARTESIAN_POINT ( 'NONE',  ( -2.474873734152916338, -2.474873734152916782, 22.12500000000000355 ) ) ;
#2718 = CARTESIAN_POINT ( 'NONE',  ( -3.500000000000000000, -4.286263797015736595E-16, 23.74999999726881583 ) ) ;
#2719 = CARTESIAN_POINT ( 'NONE',  ( 4.041265874999999674, -1.673947134580573426, 29.87499999863441147 ) ) ;
#2720 = ADVANCED_FACE ( 'NONE', ( #2158 ), #561, .F. ) ;
#2721 = ORIENTED_EDGE ( 'NONE', *, *, #3074, .T. ) ;
#2722 = DIRECTION ( 'NONE',  ( 1.000000000000000000, 0.000000000000000000, 0.000000000000000000 ) ) ;
#2723 = CARTESIAN_POINT ( 'NONE',  ( 2.474873734152915894, 2.474873734152917226, 26.37499999726881583 ) ) ;
#2724 = CARTESIAN_POINT ( 'NONE',  ( 2.857606504790286994, -2.857606504790286994, 26.68749999863440792 ) ) ;
#2725 = DIRECTION ( 'NONE',  ( -0.000000000000000000, -0.000000000000000000, 1.000000000000000000 ) ) ;
#2726 = CARTESIAN_POINT ( 'NONE',  ( 2.474561659161088847E-16, -4.041265874999999674, 30.56249999863440792 ) ) ;
#2727 = CARTESIAN_POINT ( 'NONE',  ( 3.500000000000000000, 0.000000000000000000, 29.50000000000000355 ) ) ;
#2728 = VERTEX_POINT ( 'NONE', #3081 ) ;
#2729 = DIRECTION ( 'NONE',  ( 1.000000000000000000, 0.000000000000000000, 0.000000000000000000 ) ) ;
#2730 = CARTESIAN_POINT ( 'NONE',  ( -2.857606504790286550, -2.857606504790286994, 18.56249999863440792 ) ) ;
#2731 = ORIENTED_EDGE ( 'NONE', *, *, #2319, .F. ) ;
#2732 = CARTESIAN_POINT ( 'NONE',  ( 2.857606504790286994, -2.857606504790286994, 20.68749999863440792 ) ) ;
#2733 = CARTESIAN_POINT ( 'NONE',  ( -2.474873734152917226, 2.474873734152916338, 24.87500000000000000 ) ) ;
#2734 = CARTESIAN_POINT ( 'NONE',  ( -7.423684977483266541E-16, 4.041265874999999674, 25.18749999863440792 ) ) ;
#2735 = CARTESIAN_POINT ( 'NONE',  ( -5.366807160965776369, -2.685613066746984412, 15.56117949563936165 ) ) ;
#2736 = CARTESIAN_POINT ( 'NONE',  ( 2.000000000000000000, 0.6403124237432857857, 10.96684982237938044 ) ) ;
#2737 = EDGE_CURVE ( 'NONE', #2849, #2930, #392, .T. ) ;
#2738 = AXIS2_PLACEMENT_3D ( 'NONE', #2480, #2725, #3041 ) ;
#2739 =( BOUNDED_CURVE ( )  B_SPLINE_CURVE ( 2, ( #202, #527, #876, #2259, #2468, #1632, #2762, #2210, #828 ),
 .UNSPECIFIED., .F., .F. ) 
 B_SPLINE_CURVE_WITH_KNOTS ( ( 3, 2, 2, 2, 3 ),
 ( 0.6538461538461538547, 0.6634615384615384359, 0.6730769230769231282, 0.6826923076923077094, 0.6923076923076922906 ),
 .UNSPECIFIED. ) 
 CURVE ( )  GEOMETRIC_REPRESENTATION_ITEM ( )  RATIONAL_B_SPLINE_CURVE ( ( 1.000000000000000000, 0.9238795325112867385, 1.000000000000000000, 0.9238795325112867385, 1.000000000000000000, 0.9238795325112867385, 1.000000000000000000, 0.9238795325112867385, 1.000000000000000000 ) ) 
 REPRESENTATION_ITEM ( '' )  );
#2740 = ORIENTED_EDGE ( 'NONE', *, *, #2531, .T. ) ;
#2741 = CARTESIAN_POINT ( 'NONE',  ( 1.089054860835533267, 1.797125429759022452, 4.365214467395731823 ) ) ;
#2742 = CARTESIAN_POINT ( 'NONE',  ( 3.500000000000000000, 0.000000000000000000, 18.00000000000000355 ) ) ;
#2743 = CARTESIAN_POINT ( 'NONE',  ( -1.673947134580575424, 4.041265874999998786, 23.24999999863440792 ) ) ;
#2744 = CARTESIAN_POINT ( 'NONE',  ( 2.474561659161088847E-16, -4.041265874999999674, 21.56249999863441147 ) ) ;
#2745 = DIRECTION ( 'NONE',  ( 0.000000000000000000, 0.000000000000000000, -1.000000000000000000 ) ) ;
#2746 = CARTESIAN_POINT ( 'NONE',  ( 4.041265874999999674, -1.673947134580573426, 26.87499999863441147 ) ) ;
#2747 =( BOUNDED_CURVE ( )  B_SPLINE_CURVE ( 2, ( #1288, #2404, #2366, #975, #3190, #2591, #3161, #103, #2423 ),
 .UNSPECIFIED., .F., .F. ) 
 B_SPLINE_CURVE_WITH_KNOTS ( ( 3, 2, 2, 2, 3 ),
 ( 0.6923076923076922906, 0.7019230769230768718, 0.7115384615384615641, 0.7211538461538461453, 0.7307692307692307265 ),
 .UNSPECIFIED. ) 
 CURVE ( )  GEOMETRIC_REPRESENTATION_ITEM ( )  RATIONAL_B_SPLINE_CURVE ( ( 1.000000000000000000, 0.9238795325112867385, 1.000000000000000000, 0.9238795325112867385, 1.000000000000000000, 0.9238795325112867385, 1.000000000000000000, 0.9238795325112867385, 1.000000000000000000 ) ) 
 REPRESENTATION_ITEM ( '' )  );
#2748 = AXIS2_PLACEMENT_3D ( 'NONE', #258, #820, #867 ) ;
#2749 = ORIENTED_EDGE ( 'NONE', *, *, #320, .F. ) ;
#2750 = CARTESIAN_POINT ( 'NONE',  ( -4.041265874999999674, -4.949123318322177694E-16, 28.31249999863440792 ) ) ;
#2751 = CARTESIAN_POINT ( 'NONE',  ( 4.041265874999999674, 0.000000000000000000, 25.81249999863440792 ) ) ;
#2752 = CARTESIAN_POINT ( 'NONE',  ( -2.474873734152917226, 2.474873734152916338, 20.87500000000000355 ) ) ;
#2753 = CARTESIAN_POINT ( 'NONE',  ( -1.673947134580573204, -4.041265874999999674, 28.49999999863441147 ) ) ;
#2754 = VERTEX_POINT ( 'NONE', #537 ) ;
#2755 = CARTESIAN_POINT ( 'NONE',  ( 2.143131898507868297E-16, -3.500000000000000000, 23.25000000000000355 ) ) ;
#2756 = VERTEX_POINT ( 'NONE', #1947 ) ;
#2757 = CARTESIAN_POINT ( 'NONE',  ( -4.041265875000001451, 1.673947134580572538, 20.24999999863441147 ) ) ;
#2758 = CARTESIAN_POINT ( 'NONE',  ( -1.673947134580575424, 4.041265874999998786, 26.24999999863440436 ) ) ;
#2759 = CARTESIAN_POINT ( 'NONE',  ( -3.500000000000001332, 1.449747468305832454, 20.68749999726881583 ) ) ;
#2760 = EDGE_CURVE ( 'NONE', #278, #685, #3552, .T. ) ;
#2761 = CARTESIAN_POINT ( 'NONE',  ( 2.857606504790286994, -2.857606504790286994, 28.68749999863440792 ) ) ;
#2762 = CARTESIAN_POINT ( 'NONE',  ( 2.474873734152915894, 2.474873734152917226, 21.62500000000000355 ) ) ;
#2763 = ORIENTED_EDGE ( 'NONE', *, *, #1422, .F. ) ;
#2764 = DIRECTION ( 'NONE',  ( 0.000000000000000000, 0.000000000000000000, -1.000000000000000000 ) ) ;
#2765 = CARTESIAN_POINT ( 'NONE',  ( -6.000000000000000888, 0.000000000000000000, 35.00000000000000000 ) ) ;
#2766 = CARTESIAN_POINT ( 'NONE',  ( 2.857606504790286106, 2.857606504790286994, 24.06249999863440792 ) ) ;
#2767 = CARTESIAN_POINT ( 'NONE',  ( 2.857606504790286994, -2.857606504790286994, 18.68749999863440792 ) ) ;
#2768 = CARTESIAN_POINT ( 'NONE',  ( 1.449747468305833564, -3.500000000000000000, 21.31250000000000355 ) ) ;
#2769 = CARTESIAN_POINT ( 'NONE',  ( 4.041265874999998786, 1.673947134580575868, 23.99999999863440792 ) ) ;
#2770 = CARTESIAN_POINT ( 'NONE',  ( -2.474873734152917226, 2.474873734152916338, 28.87500000000000000 ) ) ;
#2771 = ORIENTED_EDGE ( 'NONE', *, *, #1020, .F. ) ;
#2772 = CARTESIAN_POINT ( 'NONE',  ( 4.041265874999999674, -1.673947134580573648, 26.74999999863440436 ) ) ;
#2773 = DIRECTION ( 'NONE',  ( 1.000000000000000000, 0.000000000000000000, 0.000000000000000000 ) ) ;
#2774 = CARTESIAN_POINT ( 'NONE',  ( 1.673947134580574092, 4.041265874999998786, 26.99999999863440792 ) ) ;
#2775 = DIRECTION ( 'NONE',  ( 0.000000000000000000, 0.000000000000000000, 1.000000000000000000 ) ) ;
#2776 = ORIENTED_EDGE ( 'NONE', *, *, #3567, .F. ) ;
#2777 = ADVANCED_FACE ( 'NONE', ( #2197 ), #882, .T. ) ;
#2778 = EDGE_CURVE ( 'NONE', #3206, #2975, #3390, .T. ) ;
#2779 = CARTESIAN_POINT ( 'NONE',  ( -4.041265874999999674, -1.673947134580573870, 18.49999999863440792 ) ) ;
#2780 = ORIENTED_EDGE ( 'NONE', *, *, #7, .T. ) ;
#2781 = CARTESIAN_POINT ( 'NONE',  ( -2.857606504790286550, -2.857606504790286994, 29.56249999863440792 ) ) ;
#2782 = CARTESIAN_POINT ( 'NONE',  ( 3.500000000000000000, 0.000000000000000000, 28.50000000000000355 ) ) ;
#2783 = DIRECTION ( 'NONE',  ( -1.000000000000000000, 0.000000000000000000, 0.000000000000000000 ) ) ;
#2784 = CARTESIAN_POINT ( 'NONE',  ( -4.041265875000001451, 1.673947134580572538, 26.37499999863441147 ) ) ;
#2785 = CARTESIAN_POINT ( 'NONE',  ( -6.000000000000001776, -0.2058442074416458878, 10.89999999999999503 ) ) ;
#2786 = CARTESIAN_POINT ( 'NONE',  ( -3.500000000000000000, -4.286263797015736595E-16, 18.00000000000000355 ) ) ;
#2787 = AXIS2_PLACEMENT_3D ( 'NONE', #2917, #123, #3425 ) ;
#2788 = CARTESIAN_POINT ( 'NONE',  ( -2.474873734152916338, -2.474873734152916782, 18.87499999726881583 ) ) ;
#2789 = EDGE_CURVE ( 'NONE', #297, #2822, #909, .T. ) ;
#2790 = ORIENTED_EDGE ( 'NONE', *, *, #1422, .T. ) ;
#2791 = CARTESIAN_POINT ( 'NONE',  ( 0.08467116648001080104, 2.100000000000000089, 3.749999999999999556 ) ) ;
#2792 = CARTESIAN_POINT ( 'NONE',  ( -1.449747468305832898, -3.500000000000000000, 20.93749999726881583 ) ) ;
#2793 = CARTESIAN_POINT ( 'NONE',  ( 2.857606504790286106, 2.857606504790286994, 25.06249999863440792 ) ) ;
#2794 = CARTESIAN_POINT ( 'NONE',  ( 4.041265874999999674, -1.673947134580573648, 19.74999999863441147 ) ) ;
#2795 = CARTESIAN_POINT ( 'NONE',  ( 1.249921918242512531, 5.868363929124338796, 14.16561951922738594 ) ) ;
#2796 = CARTESIAN_POINT ( 'NONE',  ( -1.673947134580573204, -4.041265874999999674, 24.62499999863440792 ) ) ;
#2797 = CARTESIAN_POINT ( 'NONE',  ( -3.500000000000000000, -4.286263797015736595E-16, 25.00000000000000000 ) ) ;
#2798 = EDGE_LOOP ( 'NONE', ( #1504, #269 ) ) ;
#2799 = AXIS2_PLACEMENT_3D ( 'NONE', #88, #1723, #2047 ) ;
#2800 = CARTESIAN_POINT ( 'NONE',  ( 2.474561659161088847E-16, -4.041265874999999674, 26.56249999863440792 ) ) ;
#2801 = CARTESIAN_POINT ( 'NONE',  ( 2.474873734152915894, 2.474873734152917226, 29.37499999726881583 ) ) ;
#2802 = DIRECTION ( 'NONE',  ( -0.000000000000000000, -0.000000000000000000, 1.000000000000000000 ) ) ;
#2803 = CARTESIAN_POINT ( 'NONE',  ( 4.041265874999999674, 0.000000000000000000, 26.81249999863440792 ) ) ;
#2804 = DIRECTION ( 'NONE',  ( 1.000000000000000000, 0.000000000000000000, 0.000000000000000000 ) ) ;
#2805 = ORIENTED_EDGE ( 'NONE', *, *, #2858, .T. ) ;
#2806 = ORIENTED_EDGE ( 'NONE', *, *, #1797, .T. ) ;
#2807 = CARTESIAN_POINT ( 'NONE',  ( 1.673947134580574092, 4.041265874999998786, 19.99999999863440792 ) ) ;
#2808 = CARTESIAN_POINT ( 'NONE',  ( 4.041265874999999674, -1.673947134580573426, 18.74999999863440792 ) ) ;
#2809 = CARTESIAN_POINT ( 'NONE',  ( 4.041265874999999674, 0.000000000000000000, 21.93749999863440792 ) ) ;
#2810 = CARTESIAN_POINT ( 'NONE',  ( -5.198308166785444939, -2.996644519652638561, 13.17965288156365133 ) ) ;
#2811 = CARTESIAN_POINT ( 'NONE',  ( 2.474561659161088847E-16, -4.041265874999999674, 28.56249999863440792 ) ) ;
#2812 = DIRECTION ( 'NONE',  ( 1.000000000000000000, 0.000000000000000000, -0.000000000000000000 ) ) ;
#2813 = ORIENTED_EDGE ( 'NONE', *, *, #993, .F. ) ;
#2814 = CARTESIAN_POINT ( 'NONE',  ( 3.500000000000000000, -1.449747468305833120, 26.18749999726881583 ) ) ;
#2815 = CARTESIAN_POINT ( 'NONE',  ( 1.449747468305833564, 3.500000000000000000, 23.43749999726881583 ) ) ;
#2816 = CARTESIAN_POINT ( 'NONE',  ( -4.041265875000001451, 1.673947134580572538, 28.24999999863440792 ) ) ;
#2817 = CARTESIAN_POINT ( 'NONE',  ( -7.423684977483266541E-16, 4.041265874999999674, 23.18749999863440792 ) ) ;
#2818 = CARTESIAN_POINT ( 'NONE',  ( -1.673947134580575424, 4.041265874999998786, 19.12499999863441147 ) ) ;
#2819 = CARTESIAN_POINT ( 'NONE',  ( 1.449747468305833564, -3.500000000000000000, 28.06249999726881583 ) ) ;
#2820 = CARTESIAN_POINT ( 'NONE',  ( 1.673947134580573648, -4.041265874999999674, 25.74999999863441147 ) ) ;
#2821 = CARTESIAN_POINT ( 'NONE',  ( 2.143131898507868297E-16, -3.500000000000000000, 22.25000000000000355 ) ) ;
#2822 = VERTEX_POINT ( 'NONE', #68 ) ;
#2823 = DIRECTION ( 'NONE',  ( -0.000000000000000000, 0.000000000000000000, 1.000000000000000000 ) ) ;
#2824 = ORIENTED_EDGE ( 'NONE', *, *, #3407, .T. ) ;
#2825 = CARTESIAN_POINT ( 'NONE',  ( -7.423684977483266541E-16, 4.041265874999999674, 23.06249999863440792 ) ) ;
#2826 = CARTESIAN_POINT ( 'NONE',  ( -4.041265874999999674, -4.949123318322177694E-16, 18.43749999863440792 ) ) ;
#2827 = CARTESIAN_POINT ( 'NONE',  ( 1.673947134580573648, -4.041265874999999674, 27.62499999863441147 ) ) ;
#2828 = ORIENTED_EDGE ( 'NONE', *, *, #3164, .T. ) ;
#2829 = EDGE_CURVE ( 'NONE', #1623, #297, #1165, .T. ) ;
#2830 = ORIENTED_EDGE ( 'NONE', *, *, #2567, .T. ) ;
#2831 = AXIS2_PLACEMENT_3D ( 'NONE', #3279, #1875, #2670 ) ;
#2832 = CARTESIAN_POINT ( 'NONE',  ( 3.500000000000000000, -1.449747468305833120, 23.43750000000000355 ) ) ;
#2833 = ORIENTED_EDGE ( 'NONE', *, *, #897, .F. ) ;
#2834 = CARTESIAN_POINT ( 'NONE',  ( 2.857606504790286106, 2.857606504790286994, 30.06249999863440792 ) ) ;
#2835 = CARTESIAN_POINT ( 'NONE',  ( 1.673947134580574092, 4.041265874999998786, 18.99999999863440792 ) ) ;
#2836 = CARTESIAN_POINT ( 'NONE',  ( -2.857606504790286550, -2.857606504790286994, 23.56249999863440792 ) ) ;
#2837 = CARTESIAN_POINT ( 'NONE',  ( -5.917103046188111115, -1.012437528270096143, 11.06283833703549213 ) ) ;
#2838 = CARTESIAN_POINT ( 'NONE',  ( -2.857606504790286550, -2.857606504790286994, 29.43749999863440792 ) ) ;
#2839 = CARTESIAN_POINT ( 'NONE',  ( -0.6381839486039874165, 2.006759932791692513, 6.087378320539435173 ) ) ;
#2840 = ORIENTED_EDGE ( 'NONE', *, *, #2760, .F. ) ;
#2841 = ORIENTED_EDGE ( 'NONE', *, *, #571, .F. ) ;
#2842 = CARTESIAN_POINT ( 'NONE',  ( 2.474873734152915894, 2.474873734152917226, 23.37499999726881583 ) ) ;
#2843 = CARTESIAN_POINT ( 'NONE',  ( -1.673947134580573426, -4.041265874999999674, 29.49999999863440436 ) ) ;
#2844 = CARTESIAN_POINT ( 'NONE',  ( 2.474561659161088847E-16, -4.041265874999999674, 25.68749999863440792 ) ) ;
#2845 = CARTESIAN_POINT ( 'NONE',  ( 3.500000000000000000, 0.000000000000000000, 22.50000000000000355 ) ) ;
#2846 = CARTESIAN_POINT ( 'NONE',  ( 0.000000000000000000, 6.000000000000000888, 12.74999999999999822 ) ) ;
#2847 = CARTESIAN_POINT ( 'NONE',  ( 1.673947134580574092, 4.041265874999998786, 25.12499999863441147 ) ) ;
#2848 = CARTESIAN_POINT ( 'NONE',  ( -2.474873734152916338, -2.474873734152916782, 25.12500000000000000 ) ) ;
#2849 = VERTEX_POINT ( 'NONE', #2583 ) ;
#2850 = ADVANCED_FACE ( 'NONE', ( #977 ), #3233, .T. ) ;
#2851 = VERTEX_POINT ( 'NONE', #2053 ) ;
#2852 = ORIENTED_EDGE ( 'NONE', *, *, #3221, .T. ) ;
#2853 = CARTESIAN_POINT ( 'NONE',  ( 3.500000000000000444, -1.449747468305833120, 30.18749999726881583 ) ) ;
#2854 = CARTESIAN_POINT ( 'NONE',  ( 4.041265874999999674, 0.000000000000000000, 24.81249999863440436 ) ) ;
#2855 = CARTESIAN_POINT ( 'NONE',  ( -1.998465199581722196, 0.6584605617286770629, 10.96809137962795866 ) ) ;
#2856 = CARTESIAN_POINT ( 'NONE',  ( 0.000000000000000000, 0.000000000000000000, 11.00000000000000000 ) ) ;
#2857 = ORIENTED_EDGE ( 'NONE', *, *, #2737, .F. ) ;
#2858 = EDGE_CURVE ( 'NONE', #529, #2010, #2093, .T. ) ;
#2859 =( BOUNDED_CURVE ( )  B_SPLINE_CURVE ( 2, ( #2995, #1052, #3287, #351, #1325, #155, #1577, #2463, #1855 ),
 .UNSPECIFIED., .F., .F. ) 
 B_SPLINE_CURVE_WITH_KNOTS ( ( 3, 2, 2, 2, 3 ),
 ( 0.1923076923076923184, 0.2019230769230769273, 0.2115384615384615363, 0.2211538461538461453, 0.2307692307692307820 ),
 .UNSPECIFIED. ) 
 CURVE ( )  GEOMETRIC_REPRESENTATION_ITEM ( )  RATIONAL_B_SPLINE_CURVE ( ( 1.000000000000000000, 0.9238795325112867385, 1.000000000000000000, 0.9238795325112867385, 1.000000000000000000, 0.9238795325112867385, 1.000000000000000000, 0.9238795325112867385, 1.000000000000000000 ) ) 
 REPRESENTATION_ITEM ( '' )  );
#2860 = ORIENTED_EDGE ( 'NONE', *, *, #1340, .T. ) ;
#2861 = ORIENTED_EDGE ( 'NONE', *, *, #3362, .T. ) ;
#2862 = CARTESIAN_POINT ( 'NONE',  ( 2.857606504790286106, 2.857606504790286994, 18.93749999863440792 ) ) ;
#2863 = CARTESIAN_POINT ( 'NONE',  ( 1.449747468305833564, 3.500000000000000000, 29.68750000000000711 ) ) ;
#2864 = CARTESIAN_POINT ( 'NONE',  ( -2.857606504790286994, 2.857606504790286550, 22.31249999863440792 ) ) ;
#2865 = CARTESIAN_POINT ( 'NONE',  ( -5.693684122649933066, -1.900528746340949704, 16.45725023469204373 ) ) ;
#2866 = CARTESIAN_POINT ( 'NONE',  ( -2.474873734152917226, 2.474873734152916338, 19.62499999726881583 ) ) ;
#2867 = CARTESIAN_POINT ( 'NONE',  ( -0.1678882202016376002, 2.094882734084855702, 3.758543842484477704 ) ) ;
#2868 = VERTEX_POINT ( 'NONE', #2875 ) ;
#2869 = ORIENTED_EDGE ( 'NONE', *, *, #1882, .F. ) ;
#2870 =( NAMED_UNIT ( * ) SI_UNIT ( $, .STERADIAN. ) SOLID_ANGLE_UNIT ( ) );
#2871 = CARTESIAN_POINT ( 'NONE',  ( 3.499999999999999556, 1.449747468305835341, 24.31249999726881938 ) ) ;
#2872 = CARTESIAN_POINT ( 'NONE',  ( -4.041265874999999674, -4.949123318322177694E-16, 21.43749999863441147 ) ) ;
#2873 = CARTESIAN_POINT ( 'NONE',  ( 3.499999999999999112, 1.449747468305835341, 26.56250000000000711 ) ) ;
#2874 = ADVANCED_FACE ( 'NONE', ( #802 ), #2144, .T. ) ;
#2875 = CARTESIAN_POINT ( 'NONE',  ( -3.500000000000000000, -4.286263797015736595E-16, 20.00000000000000355 ) ) ;
#2876 = CARTESIAN_POINT ( 'NONE',  ( 1.673947134580574092, 4.041265874999998786, 26.12499999863441147 ) ) ;
#2877 = CARTESIAN_POINT ( 'NONE',  ( 3.499999999999999556, 1.449747468305835341, 19.56250000000000355 ) ) ;
#2878 = ORIENTED_EDGE ( 'NONE', *, *, #1382, .T. ) ;
#2879 = EDGE_CURVE ( 'NONE', #3330, #2667, #1570, .T. ) ;
#2880 = ORIENTED_EDGE ( 'NONE', *, *, #1099, .T. ) ;
#2881 = CARTESIAN_POINT ( 'NONE',  ( -0.9992501536784559324, 3.005646180818168478, 14.76846792323329893 ) ) ;
#2882 = ORIENTED_EDGE ( 'NONE', *, *, #2889, .T. ) ;
#2883 = CARTESIAN_POINT ( 'NONE',  ( -2.857606504790286550, -2.857606504790286994, 23.43749999863440792 ) ) ;
#2884 = CARTESIAN_POINT ( 'NONE',  ( -6.429395695523603167E-16, 3.500000000000000000, 30.49999999726881583 ) ) ;
#2885 = CARTESIAN_POINT ( 'NONE',  ( -2.857606504790286550, -2.857606504790286994, 27.43749999863440792 ) ) ;
#2886 = CARTESIAN_POINT ( 'NONE',  ( 0.000000000000000000, 0.000000000000000000, 18.00000000000000355 ) ) ;
#2887 = ORIENTED_EDGE ( 'NONE', *, *, #1528, .T. ) ;
#2888 = FILL_AREA_STYLE_COLOUR ( '', #3503 ) ;
#2889 = EDGE_CURVE ( 'NONE', #1480, #1560, #2624, .T. ) ;
#2890 = EDGE_LOOP ( 'NONE', ( #2813, #1624, #1984, #307, #838, #891 ) ) ;
#2891 = ORIENTED_EDGE ( 'NONE', *, *, #1360, .T. ) ;
#2892 = CARTESIAN_POINT ( 'NONE',  ( 4.041265874999999674, -1.673947134580573648, 29.87499999863440436 ) ) ;
#2893 = CARTESIAN_POINT ( 'NONE',  ( -3.500000000000001332, 1.449747468305832010, 28.93750000000000355 ) ) ;
#2894 = CARTESIAN_POINT ( 'NONE',  ( -7.423684977483266541E-16, 4.041265874999999674, 24.18749999863440792 ) ) ;
#2895 = CARTESIAN_POINT ( 'NONE',  ( 4.041265874999998786, 1.673947134580575868, 25.87499999863441147 ) ) ;
#2896 = CARTESIAN_POINT ( 'NONE',  ( 2.000000000000000000, 0.000000000000000000, 11.00000000000000000 ) ) ;
#2897 = CARTESIAN_POINT ( 'NONE',  ( 0.3282665342002866748, 5.992915249958480572, 6.217079017640590344 ) ) ;
#2898 = EDGE_LOOP ( 'NONE', ( #3182, #1706, #3304, #3321 ) ) ;
#2899 = AXIS2_PLACEMENT_3D ( 'NONE', #207, #1357, #3575 ) ;
#2900 = VERTEX_POINT ( 'NONE', #3281 ) ;
#2901 = CARTESIAN_POINT ( 'NONE',  ( 2.143131898507868297E-16, -3.500000000000000000, 25.25000000000000000 ) ) ;
#2902 = CARTESIAN_POINT ( 'NONE',  ( 2.143131898507868297E-16, -3.500000000000000000, 23.99999999726881583 ) ) ;
#2903 = CARTESIAN_POINT ( 'NONE',  ( 2.857606504790286106, 2.857606504790286994, 21.06249999863440792 ) ) ;
#2904 = CARTESIAN_POINT ( 'NONE',  ( -1.449747468305834897, 3.499999999999999112, 26.81250000000000355 ) ) ;
#2905 = CARTESIAN_POINT ( 'NONE',  ( 0.000000000000000000, 0.000000000000000000, 11.00000000000000000 ) ) ;
#2906 = CARTESIAN_POINT ( 'NONE',  ( 4.041265874999999674, 0.000000000000000000, 20.93749999863440792 ) ) ;
#2907 = CARTESIAN_POINT ( 'NONE',  ( -3.500000000000001332, 1.449747468305832010, 21.93750000000000355 ) ) ;
#2908 = ORIENTED_EDGE ( 'NONE', *, *, #747, .F. ) ;
#2909 = VERTEX_POINT ( 'NONE', #1905 ) ;
#2910 = ADVANCED_FACE ( 'NONE', ( #951 ), #173, .T. ) ;
#2911 = ORIENTED_EDGE ( 'NONE', *, *, #801, .T. ) ;
#2912 = CARTESIAN_POINT ( 'NONE',  ( 1.449747468305833342, -3.500000000000000444, 30.06249999726881583 ) ) ;
#2913 = CARTESIAN_POINT ( 'NONE',  ( 1.673947134580574092, 4.041265874999998786, 21.99999999863440792 ) ) ;
#2914 = DIRECTION ( 'NONE',  ( 1.000000000000000000, 0.000000000000000000, 0.000000000000000000 ) ) ;
#2915 = CARTESIAN_POINT ( 'NONE',  ( -4.041265875000001451, 1.673947134580572538, 30.37499999863440792 ) ) ;
#2916 = ORIENTED_EDGE ( 'NONE', *, *, #2051, .T. ) ;
#2917 = CARTESIAN_POINT ( 'NONE',  ( 0.000000000000000000, 0.000000000000000000, 0.000000000000000000 ) ) ;
#2918 = VERTEX_POINT ( 'NONE', #455 ) ;
#2919 = VERTEX_POINT ( 'NONE', #1876 ) ;
#2920 = CARTESIAN_POINT ( 'NONE',  ( 4.041265874999999674, 0.000000000000000000, 27.93749999863440792 ) ) ;
#2921 = CARTESIAN_POINT ( 'NONE',  ( -5.197408368503292131, 2.998191966732564939, 13.18587679676284097 ) ) ;
#2922 = CARTESIAN_POINT ( 'NONE',  ( -2.474873734152916338, -2.474873734152916782, 29.12500000000000000 ) ) ;
#2923 = CARTESIAN_POINT ( 'NONE',  ( 4.041265874999999674, -1.673947134580573648, 21.87499999863441147 ) ) ;
#2924 = CARTESIAN_POINT ( 'NONE',  ( -4.041265875000001451, 1.673947134580572538, 23.24999999863440792 ) ) ;
#2925 = CARTESIAN_POINT ( 'NONE',  ( -6.429395695523603167E-16, 3.500000000000000000, 22.49999999726881583 ) ) ;
#2926 = CARTESIAN_POINT ( 'NONE',  ( 1.449747468305833564, 3.500000000000000000, 20.43749999726881228 ) ) ;
#2927 = CARTESIAN_POINT ( 'NONE',  ( -2.100000000000000089, 0.000000000000000000, 0.000000000000000000 ) ) ;
#2928 = DIRECTION ( 'NONE',  ( 0.000000000000000000, 0.000000000000000000, 1.000000000000000000 ) ) ;
#2929 = ORIENTED_EDGE ( 'NONE', *, *, #320, .T. ) ;
#2930 = VERTEX_POINT ( 'NONE', #3554 ) ;
#2931 = CARTESIAN_POINT ( 'NONE',  ( 1.449747468305833564, 3.500000000000000000, 25.43749999726881938 ) ) ;
#2932 = CARTESIAN_POINT ( 'NONE',  ( 2.857606504790286106, 2.857606504790286994, 29.93749999863440792 ) ) ;
#2933 = EDGE_CURVE ( 'NONE', #2900, #2198, #454, .T. ) ;
#2934 = CARTESIAN_POINT ( 'NONE',  ( -2.857606504790286550, -2.857606504790286994, 21.56249999863441147 ) ) ;
#2935 = CARTESIAN_POINT ( 'NONE',  ( -3.500000000000000444, -1.449747468305833342, 20.06250000000000711 ) ) ;
#2936 = ORIENTED_EDGE ( 'NONE', *, *, #1360, .F. ) ;
#2937 = EDGE_LOOP ( 'NONE', ( #2706, #1924, #2058, #1551, #698, #1969, #766, #3149 ) ) ;
#2938 = ORIENTED_EDGE ( 'NONE', *, *, #1675, .T. ) ;
#2939 = CARTESIAN_POINT ( 'NONE',  ( -1.673947134580575424, 4.041265874999998786, 22.12499999863441502 ) ) ;
#2940 = CARTESIAN_POINT ( 'NONE',  ( 0.6308006443669789132, 2.902329423992229263, 15.09133949812673947 ) ) ;
#2941 = CARTESIAN_POINT ( 'NONE',  ( 4.041265874999999674, -1.673947134580573648, 30.87499999863440792 ) ) ;
#2942 = ORIENTED_EDGE ( 'NONE', *, *, #2268, .F. ) ;
#2943 = ORIENTED_EDGE ( 'NONE', *, *, #571, .T. ) ;
#2944 = DIRECTION ( 'NONE',  ( -0.000000000000000000, -0.000000000000000000, 1.000000000000000000 ) ) ;
#2945 = ORIENTED_EDGE ( 'NONE', *, *, #2268, .T. ) ;
#2946 = CARTESIAN_POINT ( 'NONE',  ( -7.423684977483266541E-16, 4.041265874999999674, 27.18749999863440792 ) ) ;
#2947 = CARTESIAN_POINT ( 'NONE',  ( -6.429395695523603167E-16, 3.500000000000000000, 26.75000000000000355 ) ) ;
#2948 = CARTESIAN_POINT ( 'NONE',  ( 4.041265874999999674, -1.673947134580573648, 20.87499999863441147 ) ) ;
#2949 = CARTESIAN_POINT ( 'NONE',  ( 2.474561659161088847E-16, -4.041265874999999674, 23.56249999863440792 ) ) ;
#2950 = DIRECTION ( 'NONE',  ( -0.000000000000000000, -0.000000000000000000, 1.000000000000000000 ) ) ;
#2951 = AXIS2_PLACEMENT_3D ( 'NONE', #314, #2928, #2812 ) ;
#2952 = CARTESIAN_POINT ( 'NONE',  ( 3.500000000000000000, 0.000000000000000000, 18.00000000000000355 ) ) ;
#2953 = CARTESIAN_POINT ( 'NONE',  ( -3.500000000000001332, 1.449747468305832010, 19.68749999726881583 ) ) ;
#2954 = CARTESIAN_POINT ( 'NONE',  ( 2.474561659161088847E-16, -4.041265874999999674, 29.68749999863440792 ) ) ;
#2955 = EDGE_LOOP ( 'NONE', ( #2943, #2805, #3337 ) ) ;
#2956 = ORIENTED_EDGE ( 'NONE', *, *, #1589, .F. ) ;
#2957 = CARTESIAN_POINT ( 'NONE',  ( 2.474561659161088847E-16, -4.041265874999999674, 27.56249999863440792 ) ) ;
#2958 = EDGE_CURVE ( 'NONE', #2754, #483, #957, .T. ) ;
#2959 = CARTESIAN_POINT ( 'NONE',  ( -4.041265874999999674, -1.673947134580573870, 28.37499999863441147 ) ) ;
#2960 = CARTESIAN_POINT ( 'NONE',  ( 2.474873734152915894, 2.474873734152917226, 21.37499999726881583 ) ) ;
#2961 = CARTESIAN_POINT ( 'NONE',  ( -5.794812114934008385, 1.565451959552476291, 16.68328163770106443 ) ) ;
#2962 = CARTESIAN_POINT ( 'NONE',  ( -4.041265874999999674, -1.673947134580573648, 30.37499999863440792 ) ) ;
#2963 = CARTESIAN_POINT ( 'NONE',  ( -2.857606504790286994, 2.857606504790286550, 19.31249999863440792 ) ) ;
#2964 = ORIENTED_EDGE ( 'NONE', *, *, #1700, .T. ) ;
#2965 = ORIENTED_EDGE ( 'NONE', *, *, #1363, .F. ) ;
#2966 = CARTESIAN_POINT ( 'NONE',  ( 3.500000000000000000, 0.000000000000000000, 26.24999999726881583 ) ) ;
#2967 = ORIENTED_EDGE ( 'NONE', *, *, #2067, .T. ) ;
#2968 = CARTESIAN_POINT ( 'NONE',  ( 4.041265874999999674, 0.000000000000000000, 22.81249999863440792 ) ) ;
#2969 = CARTESIAN_POINT ( 'NONE',  ( -1.673947134580575424, 4.041265874999998786, 20.12499999863441147 ) ) ;
#2970 = CARTESIAN_POINT ( 'NONE',  ( -1.449747468305834897, 3.499999999999999112, 24.81250000000000000 ) ) ;
#2971 = CARTESIAN_POINT ( 'NONE',  ( 0.3308437478600306791, 2.852162774859382743, 12.78353966296988276 ) ) ;
#2972 = CARTESIAN_POINT ( 'NONE',  ( 1.673947134580573870, -4.041265874999999674, 29.74999999863440792 ) ) ;
#2973 = ORIENTED_EDGE ( 'NONE', *, *, #1268, .F. ) ;
#2974 = VECTOR ( 'NONE', #1428, 1000.000000000000000 ) ;
#2975 = VERTEX_POINT ( 'NONE', #3376 ) ;
#2976 = CARTESIAN_POINT ( 'NONE',  ( 4.041265874999998786, 1.673947134580575868, 26.99999999863440792 ) ) ;
#2977 = CARTESIAN_POINT ( 'NONE',  ( 1.449747468305833564, 3.500000000000000000, 27.68750000000000355 ) ) ;
#2978 = CARTESIAN_POINT ( 'NONE',  ( 2.857606504790286994, -2.857606504790286994, 20.81249999863440792 ) ) ;
#2979 = FACE_OUTER_BOUND ( 'NONE', #1609, .T. ) ;
#2980 = CARTESIAN_POINT ( 'NONE',  ( -1.673947134580573426, -4.041265874999999674, 23.49999999863440792 ) ) ;
#2981 = CARTESIAN_POINT ( 'NONE',  ( -3.500000000000000444, -1.449747468305833342, 19.81249999726882294 ) ) ;
#2982 = CARTESIAN_POINT ( 'NONE',  ( -2.857606504790286550, -2.857606504790286994, 28.56249999863440792 ) ) ;
#2983 = ADVANCED_FACE ( 'NONE', ( #861 ), #3360, .T. ) ;
#2984 = VERTEX_POINT ( 'NONE', #1687 ) ;
#2985 = CARTESIAN_POINT ( 'NONE',  ( -1.449747468305832898, -3.500000000000000000, 26.93749999726881583 ) ) ;
#2986 = EDGE_CURVE ( 'NONE', #1560, #3131, #3110, .T. ) ;
#2987 = CARTESIAN_POINT ( 'NONE',  ( 4.041265874999999674, -1.673947134580573648, 27.74999999863440792 ) ) ;
#2988 = CARTESIAN_POINT ( 'NONE',  ( 2.857606504790286106, 2.857606504790286994, 28.93749999863441147 ) ) ;
#2989 = CARTESIAN_POINT ( 'NONE',  ( -6.429395695523603167E-16, 3.500000000000000000, 20.75000000000000355 ) ) ;
#2990 = EDGE_CURVE ( 'NONE', #1597, #395, #3305, .T. ) ;
#2991 = CARTESIAN_POINT ( 'NONE',  ( -4.041265875000000563, 1.673947134580572538, 28.24999999863440792 ) ) ;
#2992 = CARTESIAN_POINT ( 'NONE',  ( 2.857606504790286106, 2.857606504790286994, 22.06249999863440792 ) ) ;
#2993 = EDGE_LOOP ( 'NONE', ( #3275, #3114, #775, #3373 ) ) ;
#2994 =( BOUNDED_SURFACE ( )  B_SPLINE_SURFACE ( 1, 2, ( 
 ( #15, #263, #1173, #1406, #3112, #32, #1717, #287, #3248, #3497, #1510, #1271, #3196, #2863, #3547, #2614, #3166, #2387, #2574, #107, #2429, #3522, #2922, #1483, #360, #2893, #2042, #2101, #642, #1059, #3472, #2593, #2661, #2129, #3226, #1816, #128, #1790, #442, #2408, #385, #692, #1037, #954, #143, #2977, #2071, #2346, #1229, #1292, #741, #3270, #664, #2370, #1009, #980, #81, #1463, #1838, #2639, #2947, #1767, #336, #415, #3572, #1250, #2162, #717, #1535, #163, #1309, #1744, #472, #1399, #3595, #3130, #3028, #184, #3462, #3006, #2310, #3325, #1223, #1185, #1704, #2685, #2848, #300, #2797, #916, #325, #3154, #3620, #2715, #1893, #277, #1206, #70, #3419, #2009, #632, #943, #2291, #1561, #588, #1864, #2566, #205, #2337, #3296, #1088, #1435, #2550, #610, #776, #3102, #1115, #2187, #2448, #502, #889, #2216, #1334, #1585, #3444, #2471, #807, #1672, #2530, #1978, #24, #1418, #2821, #45, #1731, #2033, #1757, #2907, #3181, #2115, #998, #2055, #374, #2087, #2360, #3212, #1240, #1474, #2381, #2604, #3512, #655, #3485, #1805, #1495, #117, #1263, #3534, #677, #969, #399, #96, #706, #2399, #1782, #2630, #1831, #2935, #1027, #3240, #137, #2585, #1453, #1283, #1522, #2877, #350, #602, #289, #3051, #875, #57, #623, #1427, #1198, #1720, #2282, #3642, #580, #3454, #903, #3663, #3094, #1391, #242, #313, #1661, #221, #931, #1966, #2786 ),
 ( #1176, #3116, #3143, #267, #850, #1215, #2505, #1445, #1409, #1152, #2523, #2576, #2023, #1746, #18, #555, #526, #3349, #2326, #2558, #3405, #1690, #2838, #2044, #827, #1997, #2349, #1131, #1374, #1631, #1938, #2302, #2258, #2542, #2761, #3072, #2811, #3435, #35, #3378, #2750, #450, #2646, #3061, #191, #150, #1068, #424, #3039, #2987, #2169, #3364, #2957, #1900, #1872, #1517, #3333, #3629, #482, #540, #211, #815, #1618, #605, #3458, #426, #2724, #2269, #1225, #519, #1332, #831, #809, #444, #1866, #387, #2103, #2595, #109, #2895, #1040, #2663, #362, #1537, #1792, #3549, #3250, #1485, #1231, #1840, #1012, #1465, #694, #956, #2389, #743, #1818, #1273, #3524, #2616, #1252, #338, #1512, #3199, #3009, #1769, #982, #1061, #417, #2131, #145, #2410, #130, #2450, #719, #2641, #2949, #2980, #3499, #2164, #1294, #2924, #1311, #666, #1563, #2431, #3228, #3272, #3298, #3574, #2189, #165, #2687, #2073, #83, #644, #2372, #3357, #833, #1159, #858, #3597, #1380, #585, #1180, #1974, #1669, #2287, #2744, #474, #1139, #273, #1396, #503, #3645, #1917, #808, #886, #2241, #778, #1415, #1640, #2472, #226, #1894, #2527, #1356, #2217, #1701, #1335, #560, #1610, #3125, #3080, #3, #1090, #2005, #2794, #1946, #3099, #2307, #2548, #2493, #1116, #206, #2263, #3415, #2818, #2510, #3057, #3621, #534, #3030, #186, #2767, #1586, #2716, #3384, #3326, #248, #21 ) ),
 .UNSPECIFIED., .F., .F., .F. ) 
 B_SPLINE_SURFACE_WITH_KNOTS ( ( 2, 2 ),
 ( 3, 2, 2, 2, 2, 2, 2, 2, 2, 2, 2, 2, 2, 2, 2, 2, 2, 2, 2, 2, 2, 2, 2, 2, 2, 2, 2, 2, 2, 2, 2, 2, 2, 2, 2, 2, 2, 2, 2, 2, 2, 2, 2, 2, 2, 2, 2, 2, 2, 2, 2, 2, 2, 2, 2, 2, 2, 2, 2, 2, 2, 2, 2, 2, 2, 2, 2, 2, 2, 2, 2, 2, 2, 2, 2, 2, 2, 2, 2, 2, 2, 2, 2, 2, 2, 2, 2, 2, 2, 2, 2, 2, 2, 2, 2, 2, 2, 2, 2, 2, 3 ),
 ( 0.000000000000000000, 1.000000000000000000 ),
 ( 0.000000000000000000, 0.009615384615384615918, 0.01923076923076923184, 0.02884615384615384776, 0.03846153846153846367, 0.04807692307692307959, 0.05769230769230769551, 0.06730769230769230449, 0.07692307692307692735, 0.08653846153846153633, 0.09615384615384615918, 0.1057692307692307682, 0.1153846153846153910, 0.1250000000000000000, 0.1346153846153846090, 0.1442307692307692180, 0.1538461538461538547, 0.1634615384615384637, 0.1730769230769230727, 0.1826923076923076816, 0.1923076923076923184, 0.2019230769230769273, 0.2115384615384615363, 0.2211538461538461453, 0.2307692307692307820, 0.2403846153846153910, 0.2500000000000000000, 0.2596153846153846367, 0.2692307692307692180, 0.2788461538461538547, 0.2884615384615384359, 0.2980769230769230727, 0.3076923076923077094, 0.3173076923076922906, 0.3269230769230769273, 0.3365384615384615641, 0.3461538461538461453, 0.3557692307692307820, 0.3653846153846153633, 0.3750000000000000000, 0.3846153846153846367, 0.3942307692307692180, 0.4038461538461538547, 0.4134615384615384359, 0.4230769230769230727, 0.4326923076923077094, 0.4423076923076922906, 0.4519230769230769273, 0.4615384615384615641, 0.4711538461538461453, 0.4807692307692307820, 0.4903846153846153633, 0.5000000000000000000, 0.5096153846153845812, 0.5192307692307692735, 0.5288461538461538547, 0.5384615384615384359, 0.5480769230769231282, 0.5576923076923077094, 0.5673076923076922906, 0.5769230769230768718, 0.5865384615384615641, 0.5961538461538461453, 0.6057692307692307265, 0.6153846153846154188, 0.6250000000000000000, 0.6346153846153845812, 0.6442307692307692735, 0.6538461538461538547, 0.6634615384615384359, 0.6730769230769231282, 0.6826923076923077094, 0.6923076923076922906, 0.7019230769230768718, 0.7115384615384615641, 0.7211538461538461453, 0.7307692307692307265, 0.7403846153846154188, 0.7500000000000000000, 0.7596153846153845812, 0.7692307692307692735, 0.7788461538461538547, 0.7884615384615384359, 0.7980769230769231282, 0.8076923076923077094, 0.8173076923076922906, 0.8269230769230768718, 0.8365384615384615641, 0.8461538461538461453, 0.8557692307692307265, 0.8653846153846154188, 0.8750000000000000000, 0.8846153846153845812, 0.8942307692307692735, 0.9038461538461538547, 0.9134615384615384359, 0.9230769230769231282, 0.9326923076923077094, 0.9423076923076922906, 0.9519230769230768718, 0.9615384615384615641 ),
 .UNSPECIFIED. ) 
 GEOMETRIC_REPRESENTATION_ITEM ( )  RATIONAL_B_SPLINE_SURFACE ( (
 ( 1.000000000000000000, 0.9238795325112867385, 1.000000000000000000, 0.9238795325112867385, 1.000000000000000000, 0.9238795325112867385, 1.000000000000000000, 0.9238795325112867385, 1.000000000000000000, 0.9238795325112867385, 1.000000000000000000, 0.9238795325112867385, 1.000000000000000000, 0.9238795325112867385, 1.000000000000000000, 0.9238795325112867385, 1.000000000000000000, 0.9238795325112867385, 1.000000000000000000, 0.9238795325112867385, 1.000000000000000000, 0.9238795325112867385, 1.000000000000000000, 0.9238795325112867385, 1.000000000000000000, 0.9238795325112867385, 1.000000000000000000, 0.9238795325112867385, 1.000000000000000000, 0.9238795325112867385, 1.000000000000000000, 0.9238795325112867385, 1.000000000000000000, 0.9238795325112867385, 1.000000000000000000, 0.9238795325112867385, 1.000000000000000000, 0.9238795325112867385, 1.000000000000000000, 0.9238795325112867385, 1.000000000000000000, 0.9238795325112867385, 1.000000000000000000, 0.9238795325112867385, 1.000000000000000000, 0.9238795325112867385, 1.000000000000000000, 0.9238795325112867385, 1.000000000000000000, 0.9238795325112867385, 1.000000000000000000, 0.9238795325112867385, 1.000000000000000000, 0.9238795325112867385, 1.000000000000000000, 0.9238795325112867385, 1.000000000000000000, 0.9238795325112867385, 1.000000000000000000, 0.9238795325112867385, 1.000000000000000000, 0.9238795325112867385, 1.000000000000000000, 0.9238795325112867385, 1.000000000000000000, 0.9238795325112867385, 1.000000000000000000, 0.9238795325112867385, 1.000000000000000000, 0.9238795325112867385, 1.000000000000000000, 0.9238795325112867385, 1.000000000000000000, 0.9238795325112867385, 1.000000000000000000, 0.9238795325112867385, 1.000000000000000000, 0.9238795325112867385, 1.000000000000000000, 0.9238795325112867385, 1.000000000000000000, 0.9238795325112867385, 1.000000000000000000, 0.9238795325112867385, 1.000000000000000000, 0.9238795325112867385, 1.000000000000000000, 0.9238795325112867385, 1.000000000000000000, 0.9238795325112867385, 1.000000000000000000, 0.9238795325112867385, 1.000000000000000000, 0.9238795325112867385, 1.000000000000000000, 0.9238795325112867385, 1.000000000000000000, 0.9238795325112867385, 1.000000000000000000, 0.9238795325112867385, 1.000000000000000000, 0.9238795325112867385, 1.000000000000000000, 0.9238795325112867385, 1.000000000000000000, 0.9238795325112867385, 1.000000000000000000, 0.9238795325112867385, 1.000000000000000000, 0.9238795325112867385, 1.000000000000000000, 0.9238795325112867385, 1.000000000000000000, 0.9238795325112867385, 1.000000000000000000, 0.9238795325112867385, 1.000000000000000000, 0.9238795325112867385, 1.000000000000000000, 0.9238795325112867385, 1.000000000000000000, 0.9238795325112867385, 1.000000000000000000, 0.9238795325112867385, 1.000000000000000000, 0.9238795325112867385, 1.000000000000000000, 0.9238795325112867385, 1.000000000000000000, 0.9238795325112867385, 1.000000000000000000, 0.9238795325112867385, 1.000000000000000000, 0.9238795325112867385, 1.000000000000000000, 0.9238795325112867385, 1.000000000000000000, 0.9238795325112867385, 1.000000000000000000, 0.9238795325112867385, 1.000000000000000000, 0.9238795325112867385, 1.000000000000000000, 0.9238795325112867385, 1.000000000000000000, 0.9238795325112867385, 1.000000000000000000, 0.9238795325112867385, 1.000000000000000000, 0.9238795325112867385, 1.000000000000000000, 0.9238795325112867385, 1.000000000000000000, 0.9238795325112867385, 1.000000000000000000, 0.9238795325112867385, 1.000000000000000000, 0.9238795325112867385, 1.000000000000000000, 0.9238795325112867385, 1.000000000000000000, 0.9238795325112867385, 1.000000000000000000, 0.9238795325112867385, 1.000000000000000000, 0.9238795325112867385, 1.000000000000000000, 0.9238795325112867385, 1.000000000000000000, 0.9238795325112867385, 1.000000000000000000, 0.9238795325112867385, 1.000000000000000000, 0.9238795325112867385, 1.000000000000000000, 0.9238795325112867385, 1.000000000000000000, 0.9238795325112867385, 1.000000000000000000, 0.9238795325112867385, 1.000000000000000000, 0.9238795325112867385, 1.000000000000000000, 0.9238795325112867385, 1.000000000000000000, 0.9238795325112867385, 1.000000000000000000, 0.9238795325112867385, 1.000000000000000000, 0.9238795325112867385, 1.000000000000000000, 0.9238795325112867385, 1.000000000000000000, 0.9238795325112867385, 1.000000000000000000, 0.9238795325112867385, 1.000000000000000000, 0.9238795325112867385, 1.000000000000000000, 0.9238795325112867385, 1.000000000000000000),
 ( 1.000000000000000000, 0.9238795325112867385, 1.000000000000000000, 0.9238795325112867385, 1.000000000000000000, 0.9238795325112867385, 1.000000000000000000, 0.9238795325112867385, 1.000000000000000000, 0.9238795325112867385, 1.000000000000000000, 0.9238795325112867385, 1.000000000000000000, 0.9238795325112867385, 1.000000000000000000, 0.9238795325112867385, 1.000000000000000000, 0.9238795325112867385, 1.000000000000000000, 0.9238795325112867385, 1.000000000000000000, 0.9238795325112867385, 1.000000000000000000, 0.9238795325112867385, 1.000000000000000000, 0.9238795325112867385, 1.000000000000000000, 0.9238795325112867385, 1.000000000000000000, 0.9238795325112867385, 1.000000000000000000, 0.9238795325112867385, 1.000000000000000000, 0.9238795325112867385, 1.000000000000000000, 0.9238795325112867385, 1.000000000000000000, 0.9238795325112867385, 1.000000000000000000, 0.9238795325112867385, 1.000000000000000000, 0.9238795325112867385, 1.000000000000000000, 0.9238795325112867385, 1.000000000000000000, 0.9238795325112867385, 1.000000000000000000, 0.9238795325112867385, 1.000000000000000000, 0.9238795325112867385, 1.000000000000000000, 0.9238795325112867385, 1.000000000000000000, 0.9238795325112867385, 1.000000000000000000, 0.9238795325112867385, 1.000000000000000000, 0.9238795325112867385, 1.000000000000000000, 0.9238795325112867385, 1.000000000000000000, 0.9238795325112867385, 1.000000000000000000, 0.9238795325112867385, 1.000000000000000000, 0.9238795325112867385, 1.000000000000000000, 0.9238795325112867385, 1.000000000000000000, 0.9238795325112867385, 1.000000000000000000, 0.9238795325112867385, 1.000000000000000000, 0.9238795325112867385, 1.000000000000000000, 0.9238795325112867385, 1.000000000000000000, 0.9238795325112867385, 1.000000000000000000, 0.9238795325112867385, 1.000000000000000000, 0.9238795325112867385, 1.000000000000000000, 0.9238795325112867385, 1.000000000000000000, 0.9238795325112867385, 1.000000000000000000, 0.9238795325112867385, 1.000000000000000000, 0.9238795325112867385, 1.000000000000000000, 0.9238795325112867385, 1.000000000000000000, 0.9238795325112867385, 1.000000000000000000, 0.9238795325112867385, 1.000000000000000000, 0.9238795325112867385, 1.000000000000000000, 0.9238795325112867385, 1.000000000000000000, 0.9238795325112867385, 1.000000000000000000, 0.9238795325112867385, 1.000000000000000000, 0.9238795325112867385, 1.000000000000000000, 0.9238795325112867385, 1.000000000000000000, 0.9238795325112867385, 1.000000000000000000, 0.9238795325112867385, 1.000000000000000000, 0.9238795325112867385, 1.000000000000000000, 0.9238795325112867385, 1.000000000000000000, 0.9238795325112867385, 1.000000000000000000, 0.9238795325112867385, 1.000000000000000000, 0.9238795325112867385, 1.000000000000000000, 0.9238795325112867385, 1.000000000000000000, 0.9238795325112867385, 1.000000000000000000, 0.9238795325112867385, 1.000000000000000000, 0.9238795325112867385, 1.000000000000000000, 0.9238795325112867385, 1.000000000000000000, 0.9238795325112867385, 1.000000000000000000, 0.9238795325112867385, 1.000000000000000000, 0.9238795325112867385, 1.000000000000000000, 0.9238795325112867385, 1.000000000000000000, 0.9238795325112867385, 1.000000000000000000, 0.9238795325112867385, 1.000000000000000000, 0.9238795325112867385, 1.000000000000000000, 0.9238795325112867385, 1.000000000000000000, 0.9238795325112867385, 1.000000000000000000, 0.9238795325112867385, 1.000000000000000000, 0.9238795325112867385, 1.000000000000000000, 0.9238795325112867385, 1.000000000000000000, 0.9238795325112867385, 1.000000000000000000, 0.9238795325112867385, 1.000000000000000000, 0.9238795325112867385, 1.000000000000000000, 0.9238795325112867385, 1.000000000000000000, 0.9238795325112867385, 1.000000000000000000, 0.9238795325112867385, 1.000000000000000000, 0.9238795325112867385, 1.000000000000000000, 0.9238795325112867385, 1.000000000000000000, 0.9238795325112867385, 1.000000000000000000, 0.9238795325112867385, 1.000000000000000000, 0.9238795325112867385, 1.000000000000000000, 0.9238795325112867385, 1.000000000000000000, 0.9238795325112867385, 1.000000000000000000, 0.9238795325112867385, 1.000000000000000000, 0.9238795325112867385, 1.000000000000000000, 0.9238795325112867385, 1.000000000000000000, 0.9238795325112867385, 1.000000000000000000, 0.9238795325112867385, 1.000000000000000000, 0.9238795325112867385, 1.000000000000000000, 0.9238795325112867385, 1.000000000000000000, 0.9238795325112867385, 1.000000000000000000, 0.9238795325112867385, 1.000000000000000000) ) ) 
 REPRESENTATION_ITEM ( '' )  SURFACE ( )  );
#2995 = CARTESIAN_POINT ( 'NONE',  ( -3.500000000000000000, -4.286263797015736595E-16, 28.00000000000000355 ) ) ;
#2996 = EDGE_CURVE ( 'NONE', #2667, #1999, #2149, .T. ) ;
#2997 = CARTESIAN_POINT ( 'NONE',  ( -4.041265874999999674, -4.949123318322177694E-16, 22.31249999863440792 ) ) ;
#2998 = CARTESIAN_POINT ( 'NONE',  ( -3.500000000000001332, 1.449747468305832454, 24.93750000000000355 ) ) ;
#2999 = CARTESIAN_POINT ( 'NONE',  ( -4.041265874999999674, -1.673947134580573870, 27.49999999863440792 ) ) ;
#3000 = VERTEX_POINT ( 'NONE', #2232 ) ;
#3001 = LINE ( 'NONE', #3396, #656 ) ;
#3002 =( BOUNDED_CURVE ( )  B_SPLINE_CURVE ( 2, ( #1217, #1411, #935, #1178, #2025, #987, #292, #3438, #1256 ),
 .UNSPECIFIED., .F., .F. ) 
 B_SPLINE_CURVE_WITH_KNOTS ( ( 3, 2, 2, 2, 3 ),
 ( 0.1538461538461538547, 0.1634615384615384637, 0.1730769230769230727, 0.1826923076923076816, 0.1923076923076923184 ),
 .UNSPECIFIED. ) 
 CURVE ( )  GEOMETRIC_REPRESENTATION_ITEM ( )  RATIONAL_B_SPLINE_CURVE ( ( 1.000000000000000000, 0.9238795325112867385, 1.000000000000000000, 0.9238795325112867385, 1.000000000000000000, 0.9238795325112867385, 1.000000000000000000, 0.9238795325112867385, 1.000000000000000000 ) ) 
 REPRESENTATION_ITEM ( '' )  );
#3003 = CARTESIAN_POINT ( 'NONE',  ( 3.770632937499999837, 0.000000000000000000, 31.09374999795161543 ) ) ;
#3004 = DIRECTION ( 'NONE',  ( 0.000000000000000000, 0.000000000000000000, 1.000000000000000000 ) ) ;
#3005 = CARTESIAN_POINT ( 'NONE',  ( 2.474561659161088847E-16, -4.041265874999999674, 28.68749999863440792 ) ) ;
#3006 = CARTESIAN_POINT ( 'NONE',  ( 3.499999999999999556, 1.449747468305835341, 25.56250000000000355 ) ) ;
#3007 = CARTESIAN_POINT ( 'NONE',  ( 4.041265874999998786, 1.673947134580575868, 19.99999999863440792 ) ) ;
#3008 = FACE_OUTER_BOUND ( 'NONE', #736, .T. ) ;
#3009 = CARTESIAN_POINT ( 'NONE',  ( -4.041265874999999674, -4.949123318322177694E-16, 24.31249999863440436 ) ) ;
#3010 = CARTESIAN_POINT ( 'NONE',  ( 0.9992252543351201055, 5.917348716280396381, 4.231604851894952724 ) ) ;
#3011 = CARTESIAN_POINT ( 'NONE',  ( 4.041265874999999674, -1.673947134580573426, 27.87499999863440792 ) ) ;
#3012 = CARTESIAN_POINT ( 'NONE',  ( -5.989393054309222642, 0.4106458321589355753, 10.92037880327481858 ) ) ;
#3013 = EDGE_CURVE ( 'NONE', #2909, #2919, #3365, .T. ) ;
#3014 = CARTESIAN_POINT ( 'NONE',  ( 3.500000000000000000, 0.000000000000000000, 25.50000000000000355 ) ) ;
#3015 = CARTESIAN_POINT ( 'NONE',  ( 1.673947134580573870, -4.041265874999999674, 26.62499999863441502 ) ) ;
#3016 = DIRECTION ( 'NONE',  ( 0.000000000000000000, 0.000000000000000000, -1.000000000000000000 ) ) ;
#3017 = ADVANCED_FACE ( 'NONE', ( #938 ), #2994, .T. ) ;
#3018 = CARTESIAN_POINT ( 'NONE',  ( 2.857606504790286994, -2.857606504790286994, 28.68749999863440792 ) ) ;
#3019 = CARTESIAN_POINT ( 'NONE',  ( 4.041265874999999674, -1.673947134580573426, 19.87499999863441147 ) ) ;
#3020 = CYLINDRICAL_SURFACE ( 'NONE', #3133, 3.500000000000000000 ) ;
#3021 = DIRECTION ( 'NONE',  ( -0.000000000000000000, -0.000000000000000000, 1.000000000000000000 ) ) ;
#3022 = CARTESIAN_POINT ( 'NONE',  ( 2.474561659161088847E-16, -4.041265874999999674, 22.56249999863440792 ) ) ;
#3023 = CARTESIAN_POINT ( 'NONE',  ( -7.423684977483266541E-16, 4.041265874999999674, 22.06249999863440792 ) ) ;
#3024 = CARTESIAN_POINT ( 'NONE',  ( 1.673947134580574092, 4.041265874999998786, 26.12499999863441147 ) ) ;
#3025 = CARTESIAN_POINT ( 'NONE',  ( -1.216893427121907623, 5.875645812392041201, 4.671118810987212377 ) ) ;
#3026 = CARTESIAN_POINT ( 'NONE',  ( -3.500000000000000000, -4.286263797015736595E-16, 29.74999999726881583 ) ) ;
#3027 = CARTESIAN_POINT ( 'NONE',  ( -4.041265874999999674, -1.673947134580573870, 26.49999999863440792 ) ) ;
#3028 = CARTESIAN_POINT ( 'NONE',  ( -6.429395695523603167E-16, 3.500000000000000000, 25.75000000000000355 ) ) ;
#3029 = CIRCLE ( 'NONE', #1186, 6.000000000000000888 ) ;
#3030 = CARTESIAN_POINT ( 'NONE',  ( 4.041265874999999674, 0.000000000000000000, 18.81249999863440792 ) ) ;
#3031 = CARTESIAN_POINT ( 'NONE',  ( -1.449747468305832898, -3.500000000000000000, 24.93749999726881938 ) ) ;
#3032 = CARTESIAN_POINT ( 'NONE',  ( 1.092146436861834546, 5.900108688871172014, 4.370380674675874211 ) ) ;
#3033 = CARTESIAN_POINT ( 'NONE',  ( 4.041265874999999674, 0.000000000000000000, 29.93749999863440792 ) ) ;
#3034 = EDGE_CURVE ( 'NONE', #2198, #1970, #934, .T. ) ;
#3035 = AXIS2_PLACEMENT_3D ( 'NONE', #2697, #152, #787 ) ;
#3036 = B_SPLINE_CURVE_WITH_KNOTS ( 'NONE', 3,
 ( #3054, #439, #469, #1330, #499, #557, #1394, #1307, #2491, #1664, #2212, #1582, #770, #2741, #3382, #1971, #3354, #2284, #1377, #20, #2791, #1559 ),
 .UNSPECIFIED., .F., .F.,
 ( 4, 2, 2, 2, 2, 2, 2, 2, 2, 2, 4 ),
 ( 0.004008400130387766193, 0.004258440454670161385, 0.004508480778952555709, 0.005008561427517345226, 0.005508642076082134742, 0.006008722724646925126, 0.006508803373211713775, 0.007008884021776504158, 0.007508964670341294542, 0.007759004994623688867, 0.008009045318906083191 ),
 .UNSPECIFIED. ) ;
#3037 = CARTESIAN_POINT ( 'NONE',  ( -3.500000000000001332, 1.449747468305832454, 26.68749999726881583 ) ) ;
#3038 = LINE ( 'NONE', #514, #564 ) ;
#3039 = CARTESIAN_POINT ( 'NONE',  ( 4.041265874999999674, 0.000000000000000000, 27.81249999863440792 ) ) ;
#3040 = CARTESIAN_POINT ( 'NONE',  ( -4.041265874999999674, -1.673947134580573870, 27.37499999863441147 ) ) ;
#3041 = DIRECTION ( 'NONE',  ( 1.000000000000000000, 0.000000000000000000, 0.000000000000000000 ) ) ;
#3042 = CARTESIAN_POINT ( 'NONE',  ( 4.041265874999999674, 0.000000000000000000, 30.81249999863440792 ) ) ;
#3043 = CARTESIAN_POINT ( 'NONE',  ( -1.449747468305832898, -3.500000000000000000, 29.18750000000000355 ) ) ;
#3044 = ORIENTED_EDGE ( 'NONE', *, *, #2276, .T. ) ;
#3045 = FACE_OUTER_BOUND ( 'NONE', #1758, .T. ) ;
#3046 = CARTESIAN_POINT ( 'NONE',  ( -4.041265874999999674, -4.949123318322177694E-16, 18.43749999863440792 ) ) ;
#3047 = CARTESIAN_POINT ( 'NONE',  ( 1.673947134580573870, -4.041265874999999674, 20.62499999863441147 ) ) ;
#3048 = CARTESIAN_POINT ( 'NONE',  ( 0.000000000000000000, 6.000000000000000888, 3.749999999999999112 ) ) ;
#3049 = CARTESIAN_POINT ( 'NONE',  ( 4.041265874999998786, 1.673947134580575868, 27.99999999863440792 ) ) ;
#3050 = CARTESIAN_POINT ( 'NONE',  ( -5.472387647817674505, -2.463353421514707264, 15.89253504131328931 ) ) ;
#3051 = CARTESIAN_POINT ( 'NONE',  ( 1.449747468305833342, -3.500000000000000444, 19.31250000000000355 ) ) ;
#3052 = DIRECTION ( 'NONE',  ( -0.000000000000000000, -0.000000000000000000, 1.000000000000000000 ) ) ;
#3053 = CYLINDRICAL_SURFACE ( 'NONE', #2748, 3.500000000000000000 ) ;
#3054 = CARTESIAN_POINT ( 'NONE',  ( 1.529190219174742497E-16, 2.100000000000000089, 6.250000000000000888 ) ) ;
#3055 = CARTESIAN_POINT ( 'NONE',  ( 4.041265874999998786, 1.673947134580575868, 22.99999999863440436 ) ) ;
#3056 = FACE_OUTER_BOUND ( 'NONE', #259, .T. ) ;
#3057 = CARTESIAN_POINT ( 'NONE',  ( 1.673947134580574092, 4.041265874999998786, 18.99999999863440792 ) ) ;
#3058 = CARTESIAN_POINT ( 'NONE',  ( -3.500000000000000000, -4.286263797015736595E-16, 29.74999999726881583 ) ) ;
#3059 = CARTESIAN_POINT ( 'NONE',  ( -4.041265874999999674, -1.673947134580573648, 29.49999999863440792 ) ) ;
#3060 = LINE ( 'NONE', #1169, #625 ) ;
#3061 = CARTESIAN_POINT ( 'NONE',  ( -1.673947134580575424, 4.041265874999998786, 28.12499999863440792 ) ) ;
#3062 = CARTESIAN_POINT ( 'NONE',  ( -1.673947134580573426, -4.041265874999999674, 25.49999999863440436 ) ) ;
#3063 = CARTESIAN_POINT ( 'NONE',  ( 3.499999999999999112, 1.449747468305835341, 20.56250000000000355 ) ) ;
#3064 = CARTESIAN_POINT ( 'NONE',  ( -4.041265874999999674, -4.949123318322177694E-16, 28.31249999863440792 ) ) ;
#3065 = DIRECTION ( 'NONE',  ( 1.000000000000000000, -0.000000000000000000, -0.000000000000000000 ) ) ;
#3066 = LINE ( 'NONE', #2107, #2974 ) ;
#3067 = CARTESIAN_POINT ( 'NONE',  ( -4.041265874999999674, -4.949123318322177694E-16, 18.43749999863440792 ) ) ;
#3068 = CARTESIAN_POINT ( 'NONE',  ( 0.000000000000000000, 0.000000000000000000, 35.00000000000000000 ) ) ;
#3069 = CARTESIAN_POINT ( 'NONE',  ( -4.041265874999999674, -4.949123318322177694E-16, 19.31249999863440792 ) ) ;
#3070 = CARTESIAN_POINT ( 'NONE',  ( 2.857606504790286106, 2.857606504790286994, 26.06249999863440792 ) ) ;
#3071 = CARTESIAN_POINT ( 'NONE',  ( 3.500000000000000000, 0.000000000000000000, 20.24999999726881583 ) ) ;
#3072 = CARTESIAN_POINT ( 'NONE',  ( 1.673947134580573870, -4.041265874999999674, 28.62499999863440792 ) ) ;
#3073 = CARTESIAN_POINT ( 'NONE',  ( 2.474873734152916782, -2.474873734152916782, 19.12499999726881583 ) ) ;
#3074 = EDGE_CURVE ( 'NONE', #1989, #1733, #791, .T. ) ;
#3075 = LINE ( 'NONE', #355, #638 ) ;
#3076 = CARTESIAN_POINT ( 'NONE',  ( 0.000000000000000000, 0.000000000000000000, 18.00000000000000355 ) ) ;
#3077 = CARTESIAN_POINT ( 'NONE',  ( 0.000000000000000000, 0.000000000000000000, 18.00000000000000355 ) ) ;
#3078 = CARTESIAN_POINT ( 'NONE',  ( 4.041265874999999674, 0.000000000000000000, 23.93749999863440792 ) ) ;
#3079 = VECTOR ( 'NONE', #2635, 1000.000000000000000 ) ;
#3080 = CARTESIAN_POINT ( 'NONE',  ( 1.673947134580574092, 4.041265874999998786, 19.99999999863440792 ) ) ;
#3081 = CARTESIAN_POINT ( 'NONE',  ( 2.000000000000000000, 0.000000000000000000, 17.10000000000000142 ) ) ;
#3082 = CARTESIAN_POINT ( 'NONE',  ( 1.673947134580573648, -4.041265874999999674, 23.74999999863440792 ) ) ;
#3083 = VECTOR ( 'NONE', #3436, 1000.000000000000000 ) ;
#3084 = CARTESIAN_POINT ( 'NONE',  ( 2.474561659161088847E-16, -4.041265874999999674, 24.56249999863440436 ) ) ;
#3085 = CARTESIAN_POINT ( 'NONE',  ( 1.530810862291726090E-16, 6.000000000000000888, 15.25000000000000355 ) ) ;
#3086 = CARTESIAN_POINT ( 'NONE',  ( 2.474561659161088847E-16, -4.041265874999999674, 27.56249999863440792 ) ) ;
#3087 = AXIS2_PLACEMENT_3D ( 'NONE', #2886, #3189, #2914 ) ;
#3088 = LINE ( 'NONE', #3219, #641 ) ;
#3089 = CARTESIAN_POINT ( 'NONE',  ( -4.041265875000001451, 1.673947134580572538, 20.37499999863441147 ) ) ;
#3090 = CARTESIAN_POINT ( 'NONE',  ( -4.041265875000001451, 1.673947134580572538, 29.37499999863440792 ) ) ;
#3091 = CARTESIAN_POINT ( 'NONE',  ( 1.967817314006560014, -0.7349545664532221023, 10.98800595548157943 ) ) ;
#3092 = CARTESIAN_POINT ( 'NONE',  ( 2.474561659161088847E-16, -4.041265874999999674, 18.56249999863440792 ) ) ;
#3093 = CARTESIAN_POINT ( 'NONE',  ( -1.673947134580573426, -4.041265874999999674, 28.62499999863440792 ) ) ;
#3094 = CARTESIAN_POINT ( 'NONE',  ( 3.500000000000000000, 0.000000000000000000, 18.50000000000000355 ) ) ;
#3095 = CARTESIAN_POINT ( 'NONE',  ( -3.500000000000000000, -1.449747468305833564, 30.81249999726881583 ) ) ;
#3096 = CARTESIAN_POINT ( 'NONE',  ( -0.9990562021281862437, 5.917380509007154288, 4.231348794313734452 ) ) ;
#3097 = CARTESIAN_POINT ( 'NONE',  ( -3.500000000000000000, -1.449747468305833564, 20.81249999726881583 ) ) ;
#3098 = CARTESIAN_POINT ( 'NONE',  ( 4.041265874999999674, -1.673947134580573648, 24.87499999863440792 ) ) ;
#3099 = CARTESIAN_POINT ( 'NONE',  ( 1.673947134580573870, -4.041265874999999674, 19.62499999863441147 ) ) ;
#3100 = CARTESIAN_POINT ( 'NONE',  ( 1.250077802930039894, 5.868330724573412205, 13.83556121663745131 ) ) ;
#3101 = CARTESIAN_POINT ( 'NONE',  ( -2.857606504790286550, -2.857606504790286994, 23.56249999863440792 ) ) ;
#3102 = CARTESIAN_POINT ( 'NONE',  ( 1.449747468305833342, -3.500000000000000444, 23.31250000000000355 ) ) ;
#3103 = ORIENTED_EDGE ( 'NONE', *, *, #231, .T. ) ;
#3104 = CARTESIAN_POINT ( 'NONE',  ( -1.673947134580573426, -4.041265874999999674, 26.49999999863440792 ) ) ;
#3105 = CARTESIAN_POINT ( 'NONE',  ( -4.041265874999999674, -1.673947134580573870, 18.49999999863440792 ) ) ;
#3106 = CARTESIAN_POINT ( 'NONE',  ( 2.857606504790286106, 2.857606504790286994, 24.93749999863440792 ) ) ;
#3107 = CARTESIAN_POINT ( 'NONE',  ( 2.000000000000000000, 0.000000000000000000, 14.00000000000000000 ) ) ;
#3108 = ORIENTED_EDGE ( 'NONE', *, *, #2567, .F. ) ;
#3109 = VERTEX_POINT ( 'NONE', #2140 ) ;
#3110 =( BOUNDED_CURVE ( )  B_SPLINE_CURVE ( 2, ( #1129, #1657, #522, #3431, #552, #1935, #1442, #2256, #2539 ),
 .UNSPECIFIED., .F., .F. ) 
 B_SPLINE_CURVE_WITH_KNOTS ( ( 3, 2, 2, 2, 3 ),
 ( 0.2692307692307692180, 0.2788461538461538547, 0.2884615384615384359, 0.2980769230769230727, 0.3076923076923077094 ),
 .UNSPECIFIED. ) 
 CURVE ( )  GEOMETRIC_REPRESENTATION_ITEM ( )  RATIONAL_B_SPLINE_CURVE ( ( 1.000000000000000000, 0.9238795325112867385, 1.000000000000000000, 0.9238795325112867385, 1.000000000000000000, 0.9238795325112867385, 1.000000000000000000, 0.9238795325112867385, 1.000000000000000000 ) ) 
 REPRESENTATION_ITEM ( '' )  );
#3111 = CARTESIAN_POINT ( 'NONE',  ( 4.041265874999999674, -1.673947134580573648, 18.74999999863440792 ) ) ;
#3112 = CARTESIAN_POINT ( 'NONE',  ( 2.143131898507868297E-16, -3.500000000000000000, 30.25000000000000355 ) ) ;
#3113 = CARTESIAN_POINT ( 'NONE',  ( -1.673947134580575424, 4.041265874999998786, 24.24999999863440792 ) ) ;
#3114 = ORIENTED_EDGE ( 'NONE', *, *, #2889, .F. ) ;
#3115 = CARTESIAN_POINT ( 'NONE',  ( 1.449747468305833786, 3.499999999999999556, 30.43749999726881938 ) ) ;
#3116 = CARTESIAN_POINT ( 'NONE',  ( 4.041265874999999674, -1.673947134580573648, 30.74999999863440792 ) ) ;
#3117 = DIRECTION ( 'NONE',  ( -0.000000000000000000, -0.000000000000000000, 1.000000000000000000 ) ) ;
#3118 = ORIENTED_EDGE ( 'NONE', *, *, #2879, .T. ) ;
#3119 = CARTESIAN_POINT ( 'NONE',  ( -2.474873734152916338, -2.474873734152916782, 25.12500000000000000 ) ) ;
#3120 = CARTESIAN_POINT ( 'NONE',  ( 3.500000000000000000, 0.000000000000000000, 18.00000000000000355 ) ) ;
#3121 = CARTESIAN_POINT ( 'NONE',  ( -1.449747468305834674, 3.499999999999999556, 23.56249999726881938 ) ) ;
#3122 = CARTESIAN_POINT ( 'NONE',  ( 4.041265874999998786, 1.673947134580575868, 27.87499999863441147 ) ) ;
#3123 = CARTESIAN_POINT ( 'NONE',  ( 2.857606504790286106, 2.857606504790286994, 23.06249999863440792 ) ) ;
#3124 = ORIENTED_EDGE ( 'NONE', *, *, #2517, .F. ) ;
#3125 = CARTESIAN_POINT ( 'NONE',  ( -7.423684977483266541E-16, 4.041265874999999674, 20.06249999863440792 ) ) ;
#3126 = EDGE_CURVE ( 'NONE', #2728, #800, #868, .T. ) ;
#3127 = CARTESIAN_POINT ( 'NONE',  ( 2.143131898507868297E-16, -3.500000000000000000, 27.99999999726881583 ) ) ;
#3128 = CARTESIAN_POINT ( 'NONE',  ( 4.041265874999998786, 1.673947134580575868, 24.99999999863440792 ) ) ;
#3129 = CARTESIAN_POINT ( 'NONE',  ( 3.500000000000000000, 0.000000000000000000, 28.50000000000000355 ) ) ;
#3130 = CARTESIAN_POINT ( 'NONE',  ( -1.449747468305834674, 3.499999999999999556, 25.81250000000000000 ) ) ;
#3131 = VERTEX_POINT ( 'NONE', #93 ) ;
#3132 = ORIENTED_EDGE ( 'NONE', *, *, #662, .F. ) ;
#3133 = AXIS2_PLACEMENT_3D ( 'NONE', #3230, #1795, #696 ) ;
#3134 = CARTESIAN_POINT ( 'NONE',  ( -2.474873734152917226, 2.474873734152916338, 30.62499999726881583 ) ) ;
#3135 = CARTESIAN_POINT ( 'NONE',  ( 4.041265874999999674, -1.673947134580573426, 27.74999999863440792 ) ) ;
#3136 = CARTESIAN_POINT ( 'NONE',  ( -3.500000000000000000, 4.286263797015736595E-16, 18.00000000000000355 ) ) ;
#3137 = VERTEX_POINT ( 'NONE', #346 ) ;
#3138 = CARTESIAN_POINT ( 'NONE',  ( 2.474873734152916782, -2.474873734152916782, 23.37500000000000355 ) ) ;
#3139 = CARTESIAN_POINT ( 'NONE',  ( 4.041265874999998786, 1.673947134580575868, 29.99999999863440436 ) ) ;
#3140 = CARTESIAN_POINT ( 'NONE',  ( 4.041265874999999674, 0.000000000000000000, 23.93749999863440792 ) ) ;
#3141 = ORIENTED_EDGE ( 'NONE', *, *, #1142, .T. ) ;
#3142 = CARTESIAN_POINT ( 'NONE',  ( 1.449747468305833786, 3.499999999999999556, 20.43749999726881228 ) ) ;
#3143 = CARTESIAN_POINT ( 'NONE',  ( 2.857606504790286994, -2.857606504790286994, 30.68749999863440792 ) ) ;
#3144 = CARTESIAN_POINT ( 'NONE',  ( -0.9977091072959859419, 1.852003678455065527, 4.230330349473746310 ) ) ;
#3145 = ORIENTED_EDGE ( 'NONE', *, *, #79, .F. ) ;
#3146 = CARTESIAN_POINT ( 'NONE',  ( 0.000000000000000000, 2.836811590500855740, 12.74999999999999822 ) ) ;
#3147 = CARTESIAN_POINT ( 'NONE',  ( 3.500000000000000000, 0.000000000000000000, 23.24999999726881583 ) ) ;
#3148 = CARTESIAN_POINT ( 'NONE',  ( -7.423684977483266541E-16, 4.041265874999999674, 29.06249999863440792 ) ) ;
#3149 = ORIENTED_EDGE ( 'NONE', *, *, #1675, .F. ) ;
#3150 = CARTESIAN_POINT ( 'NONE',  ( 1.673947134580573870, -4.041265874999999674, 23.74999999863440792 ) ) ;
#3151 = ORIENTED_EDGE ( 'NONE', *, *, #993, .T. ) ;
#3152 = DIRECTION ( 'NONE',  ( -0.000000000000000000, -0.000000000000000000, 1.000000000000000000 ) ) ;
#3153 = CARTESIAN_POINT ( 'NONE',  ( -4.041265874999999674, -1.673947134580573648, 25.49999999863440792 ) ) ;
#3154 = CARTESIAN_POINT ( 'NONE',  ( -1.449747468305834674, 3.499999999999999556, 24.81250000000000000 ) ) ;
#3155 = B_SPLINE_CURVE_WITH_KNOTS ( 'NONE', 3,
 ( #378, #1287, #2971, #3218, #2095, #2608, #1737, #76, #2590, #3265, #2151, #3565, #3492, #158, #637, #1457, #2940, #406, #2037, #1500 ),
 .UNSPECIFIED., .F., .F.,
 ( 4, 2, 2, 2, 2, 2, 2, 2, 2, 4 ),
 ( 0.000000000000000000, 0.0004937970076750924702, 0.0009875940153501849405, 0.001481391023025277302, 0.001975188030700369881, 0.002222086534537918556, 0.002468985038375467664, 0.002962782046050565013, 0.003456579053725663229, 0.003950376061400761446 ),
 .UNSPECIFIED. ) ;
#3156 = DIRECTION ( 'NONE',  ( 1.000000000000000000, 0.000000000000000000, 0.000000000000000000 ) ) ;
#3157 = VERTEX_POINT ( 'NONE', #3508 ) ;
#3158 = CARTESIAN_POINT ( 'NONE',  ( 4.041265874999999674, 0.000000000000000000, 23.81249999863440792 ) ) ;
#3159 = CARTESIAN_POINT ( 'NONE',  ( -2.474873734152916338, -2.474873734152916782, 29.87499999726881583 ) ) ;
#3160 = CARTESIAN_POINT ( 'NONE',  ( 2.857606504790286994, -2.857606504790286994, 24.68749999863440436 ) ) ;
#3161 = CARTESIAN_POINT ( 'NONE',  ( -2.474873734152916338, -2.474873734152916782, 21.87499999726881583 ) ) ;
#3162 = ORIENTED_EDGE ( 'NONE', *, *, #2858, .F. ) ;
#3163 = ORIENTED_EDGE ( 'NONE', *, *, #2413, .F. ) ;
#3164 = EDGE_CURVE ( 'NONE', #1740, #3137, #382, .T. ) ;
#3165 = CARTESIAN_POINT ( 'NONE',  ( 4.041265874999998786, 1.673947134580575868, 18.87499999863441147 ) ) ;
#3166 = CARTESIAN_POINT ( 'NONE',  ( 3.500000000000000000, 0.000000000000000000, 29.50000000000000355 ) ) ;
#3167 = CARTESIAN_POINT ( 'NONE',  ( -7.423684977483266541E-16, 4.041265874999999674, 22.18749999863440792 ) ) ;
#3168 = ORIENTED_EDGE ( 'NONE', *, *, #2156, .F. ) ;
#3169 = CARTESIAN_POINT ( 'NONE',  ( -5.840300695808087639, -1.388186425988096495, 16.77917307380393197 ) ) ;
#3170 = CARTESIAN_POINT ( 'NONE',  ( -6.429395695523603167E-16, 3.500000000000000000, 19.49999999726881583 ) ) ;
#3171 = CARTESIAN_POINT ( 'NONE',  ( 1.529190219174742497E-16, 2.100000000000000089, 6.250000000000000888 ) ) ;
#3172 = ORIENTED_EDGE ( 'NONE', *, *, #1246, .T. ) ;
#3173 = FILL_AREA_STYLE_COLOUR ( '', #3292 ) ;
#3174 = EDGE_CURVE ( 'NONE', #3185, #3109, #1352, .T. ) ;
#3175 = CARTESIAN_POINT ( 'NONE',  ( -3.500000000000001332, 1.449747468305832010, 22.68749999726881228 ) ) ;
#3176 = ORIENTED_EDGE ( 'NONE', *, *, #2393, .T. ) ;
#3177 = CARTESIAN_POINT ( 'NONE',  ( -1.673947134580575424, 4.041265874999998786, 21.24999999863440792 ) ) ;
#3178 = VERTEX_POINT ( 'NONE', #2112 ) ;
#3179 = CARTESIAN_POINT ( 'NONE',  ( -4.041265874999999674, -4.949123318322177694E-16, 18.31249999863440792 ) ) ;
#3180 = CARTESIAN_POINT ( 'NONE',  ( -4.041265874999999674, -1.673947134580573648, 24.49999999863440436 ) ) ;
#3181 = CARTESIAN_POINT ( 'NONE',  ( -2.474873734152917226, 2.474873734152916338, 21.87500000000000355 ) ) ;
#3182 = ORIENTED_EDGE ( 'NONE', *, *, #2829, .F. ) ;
#3183 =( GEOMETRIC_REPRESENTATION_CONTEXT ( 3 ) GLOBAL_UNCERTAINTY_ASSIGNED_CONTEXT ( ( #1376 ) ) GLOBAL_UNIT_ASSIGNED_CONTEXT ( ( #342, #1490, #2870 ) ) REPRESENTATION_CONTEXT ( 'NONE', 'WORKASPACE' ) );
#3184 = CARTESIAN_POINT ( 'NONE',  ( -1.185214716761816112, 3.074310185979813870, 14.40553767336996493 ) ) ;
#3185 = VERTEX_POINT ( 'NONE', #2052 ) ;
#3186 = CARTESIAN_POINT ( 'NONE',  ( 2.857606504790286106, 2.857606504790286994, 23.93749999863440792 ) ) ;
#3187 = CARTESIAN_POINT ( 'NONE',  ( 1.449747468305833564, 3.500000000000000000, 30.43749999726881938 ) ) ;
#3188 = CARTESIAN_POINT ( 'NONE',  ( 4.041265874999999674, -1.673947134580573426, 26.74999999863440792 ) ) ;
#3189 = DIRECTION ( 'NONE',  ( -0.000000000000000000, -0.000000000000000000, 1.000000000000000000 ) ) ;
#3190 = CARTESIAN_POINT ( 'NONE',  ( 2.143131898507868297E-16, -3.500000000000000000, 21.99999999726881583 ) ) ;
#3191 = CARTESIAN_POINT ( 'NONE',  ( -3.500000000000001332, 1.449747468305832454, 23.93750000000000355 ) ) ;
#3192 = ORIENTED_EDGE ( 'NONE', *, *, #3628, .T. ) ;
#3193 = ORIENTED_EDGE ( 'NONE', *, *, #3407, .F. ) ;
#3194 = ORIENTED_EDGE ( 'NONE', *, *, #1503, .F. ) ;
#3195 = CARTESIAN_POINT ( 'NONE',  ( -7.423684977483266541E-16, 4.041265874999999674, 29.18749999863440792 ) ) ;
#3196 = CARTESIAN_POINT ( 'NONE',  ( -6.429395695523603167E-16, 3.500000000000000000, 29.75000000000000355 ) ) ;
#3197 = CARTESIAN_POINT ( 'NONE',  ( -4.041265875000001451, 1.673947134580572538, 23.37499999863441502 ) ) ;
#3198 = ORIENTED_EDGE ( 'NONE', *, *, #3448, .T. ) ;
#3199 = CARTESIAN_POINT ( 'NONE',  ( -4.041265874999999674, -1.673947134580573870, 24.37499999863441147 ) ) ;
#3200 = CARTESIAN_POINT ( 'NONE',  ( -3.500000000000000000, -4.286263797015736595E-16, 20.74999999726881583 ) ) ;
#3201 = ORIENTED_EDGE ( 'NONE', *, *, #3013, .F. ) ;
#3202 = CARTESIAN_POINT ( 'NONE',  ( 1.449747468305833786, 3.499999999999999556, 19.68750000000000000 ) ) ;
#3203 = EDGE_LOOP ( 'NONE', ( #1682, #449 ) ) ;
#3204 = CARTESIAN_POINT ( 'NONE',  ( -1.449747468305834897, 3.499999999999999112, 29.81250000000000355 ) ) ;
#3205 = CARTESIAN_POINT ( 'NONE',  ( -3.500000000000000444, -1.449747468305833342, 23.81249999726881583 ) ) ;
#3206 = VERTEX_POINT ( 'NONE', #321 ) ;
#3207 = CARTESIAN_POINT ( 'NONE',  ( 4.041265874999998786, 1.673947134580575868, 20.99999999863441147 ) ) ;
#3208 = ORIENTED_EDGE ( 'NONE', *, *, #1393, .T. ) ;
#3209 = VERTEX_POINT ( 'NONE', #1471 ) ;
#3210 = DIRECTION ( 'NONE',  ( -0.000000000000000000, -0.000000000000000000, 1.000000000000000000 ) ) ;
#3211 = CARTESIAN_POINT ( 'NONE',  ( -2.857606504790286994, 2.857606504790286550, 21.31249999863441147 ) ) ;
#3212 = CARTESIAN_POINT ( 'NONE',  ( 3.500000000000000444, -1.449747468305833120, 21.43750000000000355 ) ) ;
#3213 = EDGE_CURVE ( 'NONE', #1652, #2185, #1440, .T. ) ;
#3214 = ORIENTED_EDGE ( 'NONE', *, *, #1547, .F. ) ;
#3215 = ORIENTED_EDGE ( 'NONE', *, *, #2694, .F. ) ;
#3216 = CARTESIAN_POINT ( 'NONE',  ( -3.500000000000001332, 1.449747468305832010, 28.68749999726881583 ) ) ;
#3217 = CARTESIAN_POINT ( 'NONE',  ( -4.041265874999999674, -1.673947134580573648, 21.37499999863441147 ) ) ;
#3218 = CARTESIAN_POINT ( 'NONE',  ( 0.6325924882726527976, 2.902679480241401766, 12.90955968487655525 ) ) ;
#3219 = CARTESIAN_POINT ( 'NONE',  ( -3.500000000000000000, 4.286263797015736595E-16, 18.00000000000000355 ) ) ;
#3220 = CARTESIAN_POINT ( 'NONE',  ( -0.6307756332871481408, 5.968681298996449947, 12.90846068898061461 ) ) ;
#3221 = EDGE_CURVE ( 'NONE', #505, #1665, #769, .T. ) ;
#3222 = EDGE_LOOP ( 'NONE', ( #1462, #3132, #3361, #1908 ) ) ;
#3223 = ORIENTED_EDGE ( 'NONE', *, *, #722, .F. ) ;
#3224 = CARTESIAN_POINT ( 'NONE',  ( 3.500000000000000000, 0.000000000000000000, 18.00000000000000355 ) ) ;
#3225 = CARTESIAN_POINT ( 'NONE',  ( -4.041265875000001451, 1.673947134580572538, 28.37499999863441147 ) ) ;
#3226 = CARTESIAN_POINT ( 'NONE',  ( 2.474873734152916782, -2.474873734152916782, 28.37500000000000355 ) ) ;
#3227 = CARTESIAN_POINT ( 'NONE',  ( 2.857606504790286994, -2.857606504790286994, 21.81249999863441147 ) ) ;
#3228 = CARTESIAN_POINT ( 'NONE',  ( 2.857606504790286106, 2.857606504790286994, 22.93749999863440792 ) ) ;
#3229 = CARTESIAN_POINT ( 'NONE',  ( -3.500000000000000000, -4.286263797015736595E-16, 18.74999999726881583 ) ) ;
#3230 = CARTESIAN_POINT ( 'NONE',  ( 0.000000000000000000, 0.000000000000000000, 18.00000000000000355 ) ) ;
#3231 = ORIENTED_EDGE ( 'NONE', *, *, #700, .F. ) ;
#3232 = CARTESIAN_POINT ( 'NONE',  ( 3.500000000000000000, 0.000000000000000000, 27.50000000000000355 ) ) ;
#3233 = CYLINDRICAL_SURFACE ( 'NONE', #2572, 3.500000000000000000 ) ;
#3234 = CARTESIAN_POINT ( 'NONE',  ( -6.429395695523603167E-16, 3.500000000000000000, 24.49999999726881583 ) ) ;
#3235 = CARTESIAN_POINT ( 'NONE',  ( -4.041265874999999674, -1.673947134580573870, 21.49999999863441147 ) ) ;
#3236 = CARTESIAN_POINT ( 'NONE',  ( -1.673947134580573426, -4.041265874999999674, 30.49999999863440436 ) ) ;
#3237 = EDGE_LOOP ( 'NONE', ( #2046, #422, #1990, #3124, #716, #1800, #1705, #428, #663, #2857, #767, #1774, #1681, #3223, #1606, #2973, #2965, #563, #3163, #2956, #1960, #457, #971, #1676, #2936, #1617, #467, #366 ) ) ;
#3238 = CARTESIAN_POINT ( 'NONE',  ( -2.474873734152917226, 2.474873734152916338, 24.62499999726881938 ) ) ;
#3239 = CARTESIAN_POINT ( 'NONE',  ( 1.673947134580574092, 4.041265874999998786, 19.12499999863441147 ) ) ;
#3240 = CARTESIAN_POINT ( 'NONE',  ( -3.500000000000001332, 1.449747468305832010, 19.93750000000000355 ) ) ;
#3241 = ORIENTED_EDGE ( 'NONE', *, *, #801, .F. ) ;
#3242 = CARTESIAN_POINT ( 'NONE',  ( 2.474873734152916782, -2.474873734152916782, 31.12499999726881583 ) ) ;
#3243 = CARTESIAN_POINT ( 'NONE',  ( -2.857606504790286994, 2.857606504790286550, 23.18749999863440792 ) ) ;
#3244 = CARTESIAN_POINT ( 'NONE',  ( -1.949358868961793556, -0.7810249675906638656, 11.00000000000000000 ) ) ;
#3245 = CARTESIAN_POINT ( 'NONE',  ( 2.474561659161088847E-16, -4.041265874999999674, 29.68749999863440792 ) ) ;
#3246 = CARTESIAN_POINT ( 'NONE',  ( -0.7691680017106996559, 5.951628850031973172, 13.00134162189559639 ) ) ;
#3247 = CARTESIAN_POINT ( 'NONE',  ( -3.500000000000000444, -1.449747468305833342, 21.81249999726881583 ) ) ;
#3248 = CARTESIAN_POINT ( 'NONE',  ( -3.500000000000000000, -4.286263797015736595E-16, 30.00000000000000355 ) ) ;
#3249 = CARTESIAN_POINT ( 'NONE',  ( 4.041265874999999674, 0.000000000000000000, 20.93749999863440792 ) ) ;
#3250 = CARTESIAN_POINT ( 'NONE',  ( -2.857606504790286550, -2.857606504790286994, 25.43749999863440792 ) ) ;
#3251 = DIRECTION ( 'NONE',  ( 1.000000000000000000, 0.000000000000000000, 0.000000000000000000 ) ) ;
#3252 = CARTESIAN_POINT ( 'NONE',  ( -1.449747468305832898, -3.500000000000000000, 19.18750000000000355 ) ) ;
#3253 = CARTESIAN_POINT ( 'NONE',  ( 2.474561659161088847E-16, -4.041265874999999674, 28.68749999863440792 ) ) ;
#3254 = FACE_OUTER_BOUND ( 'NONE', #729, .T. ) ;
#3255 = CARTESIAN_POINT ( 'NONE',  ( -2.857606504790286994, 2.857606504790286550, 28.18749999863440792 ) ) ;
#3256 = EDGE_CURVE ( 'NONE', #2918, #515, #990, .T. ) ;
#3257 = CARTESIAN_POINT ( 'NONE',  ( 0.000000000000000000, 6.000000000000000888, 12.74999999999999822 ) ) ;
#3258 = ADVANCED_FACE ( 'NONE', ( #2231, #983, #1006 ), #3428, .T. ) ;
#3259 = CARTESIAN_POINT ( 'NONE',  ( 4.041265874999999674, 0.000000000000000000, 28.81249999863440792 ) ) ;
#3260 = CARTESIAN_POINT ( 'NONE',  ( -4.041265874999999674, -1.673947134580573648, 18.49999999863440792 ) ) ;
#3261 = EDGE_LOOP ( 'NONE', ( #2154, #3293, #3369, #2099 ) ) ;
#3262 = CARTESIAN_POINT ( 'NONE',  ( 3.500000000000000444, -1.449747468305833120, 26.18749999726881583 ) ) ;
#3263 = CARTESIAN_POINT ( 'NONE',  ( 1.673947134580574092, 4.041265874999998786, 21.99999999863440792 ) ) ;
#3264 = CARTESIAN_POINT ( 'NONE',  ( -2.857606504790286550, -2.857606504790286994, 23.43749999863440792 ) ) ;
#3265 = CARTESIAN_POINT ( 'NONE',  ( 1.250042725705121649, 3.100017228104954725, 14.08194094432894161 ) ) ;
#3266 = CARTESIAN_POINT ( 'NONE',  ( -4.041265874999999674, -4.949123318322177694E-16, 29.43749999863440792 ) ) ;
#3267 = AXIS2_PLACEMENT_3D ( 'NONE', #967, #3210, #3510 ) ;
#3268 = ORIENTED_EDGE ( 'NONE', *, *, #465, .F. ) ;
#3269 = CARTESIAN_POINT ( 'NONE',  ( 4.041265874999999674, -1.673947134580573648, 26.87499999863441147 ) ) ;
#3270 = CARTESIAN_POINT ( 'NONE',  ( 1.449747468305833342, -3.500000000000000444, 27.31250000000000355 ) ) ;
#3271 = CARTESIAN_POINT ( 'NONE',  ( -2.857606504790286550, -2.857606504790286994, 19.56249999863440792 ) ) ;
#3272 = CARTESIAN_POINT ( 'NONE',  ( 4.041265874999998786, 1.673947134580575868, 22.87499999863441502 ) ) ;
#3273 = CARTESIAN_POINT ( 'NONE',  ( 0.1633688523880725829, 6.000000000000001776, 6.250000000000002665 ) ) ;
#3274 = CARTESIAN_POINT ( 'NONE',  ( -4.041265874999999674, -4.949123318322177694E-16, 29.43749999863440792 ) ) ;
#3275 = ORIENTED_EDGE ( 'NONE', *, *, #1615, .F. ) ;
#3276 = CARTESIAN_POINT ( 'NONE',  ( 2.000000000000000000, 0.6403124237432857857, 10.96684982237938044 ) ) ;
#3277 = AXIS2_PLACEMENT_3D ( 'NONE', #384, #688, #1506 ) ;
#3278 = CARTESIAN_POINT ( 'NONE',  ( -7.423684977483266541E-16, 4.041265874999999674, 28.06249999863440792 ) ) ;
#3279 = CARTESIAN_POINT ( 'NONE',  ( 0.000000000000000000, 0.000000000000000000, 11.00000000000000000 ) ) ;
#3280 = ORIENTED_EDGE ( 'NONE', *, *, #650, .T. ) ;
#3281 = CARTESIAN_POINT ( 'NONE',  ( 4.041265874999999674, 0.000000000000000000, 30.81249999863440792 ) ) ;
#3282 = CARTESIAN_POINT ( 'NONE',  ( -4.041265874999999674, -4.949123318322177694E-16, 20.43749999863440792 ) ) ;
#3283 = CARTESIAN_POINT ( 'NONE',  ( 3.500000000000000000, -1.449747468305833120, 20.18749999726881583 ) ) ;
#3284 = VECTOR ( 'NONE', #1238, 1000.000000000000000 ) ;
#3285 = ADVANCED_FACE ( 'NONE', ( #999 ), #1125, .F. ) ;
#3286 = ORIENTED_EDGE ( 'NONE', *, *, #2319, .T. ) ;
#3287 = CARTESIAN_POINT ( 'NONE',  ( -2.474873734152917226, 2.474873734152916338, 27.87500000000000355 ) ) ;
#3288 = CARTESIAN_POINT ( 'NONE',  ( -1.673947134580573426, -4.041265874999999674, 22.49999999863440792 ) ) ;
#3289 = CARTESIAN_POINT ( 'NONE',  ( -2.857606504790286550, -2.857606504790286994, 20.43749999863440792 ) ) ;
#3290 = CARTESIAN_POINT ( 'NONE',  ( 1.449747468305833786, 3.499999999999999556, 24.68750000000000355 ) ) ;
#3291 = CARTESIAN_POINT ( 'NONE',  ( 2.857606504790286106, 2.857606504790286994, 29.06249999863441147 ) ) ;
#3292 = COLOUR_RGB ( '',1.000000000000000000, 1.000000000000000000, 1.000000000000000000 ) ;
#3293 = ORIENTED_EDGE ( 'NONE', *, *, #2789, .F. ) ;
#3294 = DIRECTION ( 'NONE',  ( 0.000000000000000000, 0.000000000000000000, -1.000000000000000000 ) ) ;
#3295 = CARTESIAN_POINT ( 'NONE',  ( -3.500000000000000000, 4.286263797015736595E-16, 18.00000000000000355 ) ) ;
#3296 = CARTESIAN_POINT ( 'NONE',  ( 1.449747468305833564, 3.500000000000000000, 23.68750000000000355 ) ) ;
#3297 = CARTESIAN_POINT ( 'NONE',  ( 2.857606504790286106, 2.857606504790286994, 21.06249999863440792 ) ) ;
#3298 = CARTESIAN_POINT ( 'NONE',  ( 4.041265874999999674, 0.000000000000000000, 22.81249999863440792 ) ) ;
#3299 = CARTESIAN_POINT ( 'NONE',  ( 3.500000000000000000, 0.000000000000000000, 22.50000000000000355 ) ) ;
#3300 = CARTESIAN_POINT ( 'NONE',  ( 0.1633688523880727772, 6.000000000000001776, 15.25000000000000533 ) ) ;
#3301 = CARTESIAN_POINT ( 'NONE',  ( -1.673947134580573204, -4.041265874999999674, 27.62499999863441147 ) ) ;
#3302 = DIRECTION ( 'NONE',  ( 0.000000000000000000, 0.000000000000000000, -1.000000000000000000 ) ) ;
#3303 = FACE_OUTER_BOUND ( 'NONE', #409, .T. ) ;
#3304 = ORIENTED_EDGE ( 'NONE', *, *, #3587, .T. ) ;
#3305 = LINE ( 'NONE', #3048, #930 ) ;
#3306 = CARTESIAN_POINT ( 'NONE',  ( 2.857606504790286106, 2.857606504790286994, 26.93749999863440792 ) ) ;
#3307 = CIRCLE ( 'NONE', #1860, 2.100000000000000089 ) ;
#3308 = CARTESIAN_POINT ( 'NONE',  ( 2.474873734152915894, 2.474873734152917226, 25.37499999726881938 ) ) ;
#3309 = ORIENTED_EDGE ( 'NONE', *, *, #1316, .T. ) ;
#3310 = CARTESIAN_POINT ( 'NONE',  ( 1.673947134580573648, -4.041265874999999674, 28.62499999863440792 ) ) ;
#3311 = CARTESIAN_POINT ( 'NONE',  ( -4.041265874999999674, -1.673947134580573648, 19.49999999863440792 ) ) ;
#3312 = B_SPLINE_CURVE_WITH_KNOTS ( 'NONE', 3,
 ( #2557, #2785, #1390, #17, #2837, #579, #2281, #266, #1175, #1408, #1689, #2301, #799, #1110, #2810, #1350, #1602, #3433, #34, #902, #2236, #2489, #2735, #3050, #3641, #220, #2865, #3500, #3169, #2132, #1770, #3474, #2165, #56 ),
 .UNSPECIFIED., .F., .F.,
 ( 4, 2, 2, 2, 2, 2, 2, 2, 2, 2, 2, 2, 2, 2, 2, 2, 4 ),
 ( 0.009874004311465428563, 0.01048991624799605615, 0.01110582818452668374, 0.01172174012105731133, 0.01233765205758793893, 0.01295356399411856652, 0.01356947593064919584, 0.01418538786717982343, 0.01480129980371045102, 0.01541721174024107861, 0.01603312367677170447, 0.01664903561330233553, 0.01726494754983296312, 0.01788085948636359071, 0.01849677142289421830, 0.01911268335942484589, 0.01972859529595547348 ),
 .UNSPECIFIED. ) ;
#3313 = ORIENTED_EDGE ( 'NONE', *, *, #1589, .T. ) ;
#3314 = DIRECTION ( 'NONE',  ( 1.000000000000000000, 0.000000000000000000, 0.000000000000000000 ) ) ;
#3315 = AXIS2_PLACEMENT_3D ( 'NONE', #2856, #1244, #1458 ) ;
#3316 = CARTESIAN_POINT ( 'NONE',  ( 4.041265874999999674, 0.000000000000000000, 23.81249999863440792 ) ) ;
#3317 = CARTESIAN_POINT ( 'NONE',  ( -1.449747468305832898, -3.500000000000000000, 20.18750000000000355 ) ) ;
#3318 = CARTESIAN_POINT ( 'NONE',  ( 4.041265874999998786, 1.673947134580575868, 25.99999999863440792 ) ) ;
#3319 = CARTESIAN_POINT ( 'NONE',  ( 3.500000000000000000, 0.000000000000000000, 19.24999999726881583 ) ) ;
#3320 = ADVANCED_FACE ( 'NONE', ( #3545 ), #3556, .F. ) ;
#3321 = ORIENTED_EDGE ( 'NONE', *, *, #1280, .F. ) ;
#3322 = CARTESIAN_POINT ( 'NONE',  ( 0.000000000000000000, 6.000000000000000888, 5.000000000000000000 ) ) ;
#3323 = DIRECTION ( 'NONE',  ( -0.000000000000000000, -0.000000000000000000, 1.000000000000000000 ) ) ;
#3324 = CARTESIAN_POINT ( 'NONE',  ( -4.041265874999999674, -4.949123318322177694E-16, 26.43749999863440792 ) ) ;
#3325 = CARTESIAN_POINT ( 'NONE',  ( 3.500000000000000444, -1.449747468305833120, 25.43750000000000355 ) ) ;
#3326 = CARTESIAN_POINT ( 'NONE',  ( -2.857606504790286550, -2.857606504790286994, 18.43749999863440792 ) ) ;
#3327 = CARTESIAN_POINT ( 'NONE',  ( -3.500000000000000000, -4.286263797015736595E-16, 20.74999999726881583 ) ) ;
#3328 = CARTESIAN_POINT ( 'NONE',  ( -1.673947134580575424, 4.041265874999998786, 28.24999999863440792 ) ) ;
#3329 = CYLINDRICAL_SURFACE ( 'NONE', #2668, 3.500000000000000000 ) ;
#3330 = VERTEX_POINT ( 'NONE', #1342 ) ;
#3331 = EDGE_CURVE ( 'NONE', #1480, #1652, #2329, .T. ) ;
#3332 = CARTESIAN_POINT ( 'NONE',  ( 3.500000000000000000, 0.000000000000000000, 29.50000000000000355 ) ) ;
#3333 = CARTESIAN_POINT ( 'NONE',  ( -4.041265874999999674, -4.949123318322177694E-16, 27.31249999863440792 ) ) ;
#3334 = CARTESIAN_POINT ( 'NONE',  ( -2.857606504790286994, 2.857606504790286550, 27.18749999863440792 ) ) ;
#3335 = FACE_OUTER_BOUND ( 'NONE', #2898, .T. ) ;
#3336 = DIRECTION ( 'NONE',  ( -1.000000000000000000, 0.000000000000000000, 0.000000000000000000 ) ) ;
#3337 = ORIENTED_EDGE ( 'NONE', *, *, #2517, .T. ) ;
#3338 = CARTESIAN_POINT ( 'NONE',  ( 2.857606504790286106, 2.857606504790286994, 29.93749999863440792 ) ) ;
#3339 = DIRECTION ( 'NONE',  ( 1.000000000000000000, 0.000000000000000000, 0.000000000000000000 ) ) ;
#3340 = CARTESIAN_POINT ( 'NONE',  ( 2.474873734152915894, 2.474873734152917226, 21.37499999726881583 ) ) ;
#3341 = CARTESIAN_POINT ( 'NONE',  ( -6.000000000000000000, 0.000000000000000000, 17.10000000000000142 ) ) ;
#3342 = FACE_OUTER_BOUND ( 'NONE', #2681, .T. ) ;
#3343 = ORIENTED_EDGE ( 'NONE', *, *, #1615, .T. ) ;
#3344 = CARTESIAN_POINT ( 'NONE',  ( -4.041265874999999674, -4.949123318322177694E-16, 19.43749999863440792 ) ) ;
#3345 = CARTESIAN_POINT ( 'NONE',  ( -1.673947134580573426, -4.041265874999999674, 20.49999999863440792 ) ) ;
#3346 = CARTESIAN_POINT ( 'NONE',  ( 1.673947134580573648, -4.041265874999999674, 19.62499999863441147 ) ) ;
#3347 = CARTESIAN_POINT ( 'NONE',  ( 2.857606504790286994, -2.857606504790286994, 27.81249999863440792 ) ) ;
#3348 = CARTESIAN_POINT ( 'NONE',  ( -1.449747468305834897, 3.499999999999999112, 20.56249999726881583 ) ) ;
#3349 = CARTESIAN_POINT ( 'NONE',  ( 4.041265874999999674, -1.673947134580573648, 29.74999999863440792 ) ) ;
#3350 = CARTESIAN_POINT ( 'NONE',  ( 2.000000000000000000, -0.6403124237432857857, 11.00000000000000000 ) ) ;
#3351 = ORIENTED_EDGE ( 'NONE', *, *, #231, .F. ) ;
#3352 = EDGE_LOOP ( 'NONE', ( #772, #1968, #2016, #3145 ) ) ;
#3353 = B_SPLINE_CURVE_WITH_KNOTS ( 'NONE', 3,
 ( #1952, #2512, #945, #837, #1224, #2881, #3389, #3184, #1143, #3649, #6, #1066, #2135, #3527, #1314, #1277, #190, #230, #2496, #3648 ),
 .UNSPECIFIED., .F., .F.,
 ( 4, 2, 2, 2, 2, 2, 2, 2, 2, 4 ),
 ( 0.003950376061400761446, 0.004443839271146544229, 0.004937302480892327011, 0.005430765690638108927, 0.005677497295511000318, 0.005924228900383891709, 0.006417692110129669288, 0.006911155319875447733, 0.007404618529621225312, 0.007898081739367002890 ),
 .UNSPECIFIED. ) ;
#3354 = CARTESIAN_POINT ( 'NONE',  ( 0.6381966472590525630, 2.006767123951970877, 3.912606835385723958 ) ) ;
#3355 = CARTESIAN_POINT ( 'NONE',  ( 0.000000000000000000, 0.000000000000000000, 18.00000000000000355 ) ) ;
#3356 = CARTESIAN_POINT ( 'NONE',  ( -4.041265874999999674, -1.673947134580573870, 22.49999999863440792 ) ) ;
#3357 = CARTESIAN_POINT ( 'NONE',  ( -4.041265875000001451, 1.673947134580572538, 22.24999999863440792 ) ) ;
#3358 = CARTESIAN_POINT ( 'NONE',  ( -3.500000000000000000, -4.286263797015736595E-16, 22.00000000000000355 ) ) ;
#3359 = CARTESIAN_POINT ( 'NONE',  ( -7.423684977483266541E-16, 4.041265874999999674, 30.18749999863440792 ) ) ;
#3360 = CYLINDRICAL_SURFACE ( 'NONE', #46, 3.500000000000000000 ) ;
#3361 = ORIENTED_EDGE ( 'NONE', *, *, #611, .T. ) ;
#3362 = EDGE_CURVE ( 'NONE', #1544, #1913, #3422, .T. ) ;
#3363 = CARTESIAN_POINT ( 'NONE',  ( 2.474873734152915894, 2.474873734152917226, 26.37499999726881583 ) ) ;
#3364 = CARTESIAN_POINT ( 'NONE',  ( 1.673947134580573870, -4.041265874999999674, 27.62499999863441147 ) ) ;
#3365 = LINE ( 'NONE', #2279, #2173 ) ;
#3366 = CARTESIAN_POINT ( 'NONE',  ( -4.041265874999999674, -4.949123318322177694E-16, 26.31249999863440792 ) ) ;
#3367 = LINE ( 'NONE', #3643, #821 ) ;
#3368 = DIRECTION ( 'NONE',  ( -0.000000000000000000, -0.000000000000000000, 1.000000000000000000 ) ) ;
#3369 = ORIENTED_EDGE ( 'NONE', *, *, #1280, .T. ) ;
#3370 = CARTESIAN_POINT ( 'NONE',  ( 1.673947134580574092, 4.041265874999998786, 27.99999999863440792 ) ) ;
#3371 = CARTESIAN_POINT ( 'NONE',  ( -3.500000000000001332, 1.449747468305832454, 25.93750000000000711 ) ) ;
#3372 = LINE ( 'NONE', #1156, #869 ) ;
#3373 = ORIENTED_EDGE ( 'NONE', *, *, #3213, .T. ) ;
#3374 = CARTESIAN_POINT ( 'NONE',  ( 4.041265874999998786, 1.673947134580575868, 19.99999999863440792 ) ) ;
#3375 = CARTESIAN_POINT ( 'NONE',  ( -2.857606504790286994, 2.857606504790286550, 20.18749999863440792 ) ) ;
#3376 = CARTESIAN_POINT ( 'NONE',  ( -1.949358868961793556, 0.7810249675906638656, 11.00000000000000000 ) ) ;
#3377 = CARTESIAN_POINT ( 'NONE',  ( 4.041265874999999674, 0.000000000000000000, 25.93749999863440792 ) ) ;
#3378 = CARTESIAN_POINT ( 'NONE',  ( -4.041265874999999674, -1.673947134580573870, 28.37499999863441147 ) ) ;
#3379 = DIRECTION ( 'NONE',  ( -0.000000000000000000, -0.000000000000000000, 1.000000000000000000 ) ) ;
#3380 =( BOUNDED_CURVE ( )  B_SPLINE_CURVE ( 2, ( #3618, #855, #1666, #3412, #470, #2792, #182, #3097, #1087 ),
 .UNSPECIFIED., .F., .F. ) 
 B_SPLINE_CURVE_WITH_KNOTS ( ( 3, 2, 2, 2, 3 ),
 ( 0.7692307692307692735, 0.7788461538461538547, 0.7884615384615384359, 0.7980769230769231282, 0.8076923076923077094 ),
 .UNSPECIFIED. ) 
 CURVE ( )  GEOMETRIC_REPRESENTATION_ITEM ( )  RATIONAL_B_SPLINE_CURVE ( ( 1.000000000000000000, 0.9238795325112867385, 1.000000000000000000, 0.9238795325112867385, 1.000000000000000000, 0.9238795325112867385, 1.000000000000000000, 0.9238795325112867385, 1.000000000000000000 ) ) 
 REPRESENTATION_ITEM ( '' )  );
#3381 = EDGE_LOOP ( 'NONE', ( #3410, #885, #400, #913 ) ) ;
#3382 = CARTESIAN_POINT ( 'NONE',  ( 0.9985094822302312823, 1.851659049565819837, 4.231035530614775553 ) ) ;
#3383 = CARTESIAN_POINT ( 'NONE',  ( 1.673947134580573870, -4.041265874999999674, 24.74999999863440792 ) ) ;
#3384 = CARTESIAN_POINT ( 'NONE',  ( -1.673947134580573426, -4.041265874999999674, 18.49999999863440792 ) ) ;
#3385 = CARTESIAN_POINT ( 'NONE',  ( 2.143131898507868297E-16, -3.500000000000000000, 21.25000000000000355 ) ) ;
#3386 = CARTESIAN_POINT ( 'NONE',  ( -2.857606504790286994, 2.857606504790286550, 26.31249999863440792 ) ) ;
#3387 = VECTOR ( 'NONE', #2365, 1000.000000000000000 ) ;
#3388 = ORIENTED_EDGE ( 'NONE', *, *, #2413, .T. ) ;
#3389 = CARTESIAN_POINT ( 'NONE',  ( -1.090748946960638843, 3.038721778060235135, 14.63209623642974222 ) ) ;
#3390 = CIRCLE ( 'NONE', #2536, 2.100000000000000089 ) ;
#3391 = CARTESIAN_POINT ( 'NONE',  ( -1.673947134580573426, -4.041265874999999674, 24.49999999863440436 ) ) ;
#3392 = VECTOR ( 'NONE', #2713, 1000.000000000000000 ) ;
#3393 = CARTESIAN_POINT ( 'NONE',  ( 0.000000000000000000, 0.000000000000000000, 0.000000000000000000 ) ) ;
#3394 = CLOSED_SHELL ( 'NONE', ( #2056, #196, #3320, #1827, #3258, #1260, #652, #788, #74, #1141, #2362, #148, #713, #2462, #2224, #1542, #1854, #2157, #1888, #468, #2850, #2983, #1234, #2777, #367, #3477, #1367, #3568, #3509, #3656, #2874, #19, #98, #3537, #1284, #1306, #2680, #1634, #543, #3285, #633, #2720, #2194, #1674, #1076, #2910, #680, #3017, #2651 ) ) ;
#3395 = CARTESIAN_POINT ( 'NONE',  ( 4.041265874999998786, 1.673947134580575868, 27.87499999863440792 ) ) ;
#3396 = CARTESIAN_POINT ( 'NONE',  ( -3.500000000000000000, 4.286263797015736595E-16, 18.00000000000000355 ) ) ;
#3397 = FACE_OUTER_BOUND ( 'NONE', #2890, .T. ) ;
#3398 = ORIENTED_EDGE ( 'NONE', *, *, #465, .T. ) ;
#3399 = CARTESIAN_POINT ( 'NONE',  ( 2.857606504790286994, -2.857606504790286994, 19.81249999863440792 ) ) ;
#3400 = CARTESIAN_POINT ( 'NONE',  ( 1.673947134580574092, 4.041265874999998786, 29.12499999863440792 ) ) ;
#3401 = CARTESIAN_POINT ( 'NONE',  ( 3.500000000000000000, 0.000000000000000000, 21.24999999726881583 ) ) ;
#3402 = DIRECTION ( 'NONE',  ( -0.000000000000000000, -0.000000000000000000, 1.000000000000000000 ) ) ;
#3403 = CARTESIAN_POINT ( 'NONE',  ( 2.857606504790286106, 2.857606504790286994, 27.06249999863440792 ) ) ;
#3404 = CARTESIAN_POINT ( 'NONE',  ( -3.500000000000000000, -4.286263797015736595E-16, 27.74999999726881583 ) ) ;
#3405 = CARTESIAN_POINT ( 'NONE',  ( 2.474561659161088847E-16, -4.041265874999999674, 29.56249999863440792 ) ) ;
#3406 = CARTESIAN_POINT ( 'NONE',  ( -3.500000000000000000, 4.286263797015736595E-16, 35.00000000000000000 ) ) ;
#3407 = EDGE_CURVE ( 'NONE', #254, #509, #1011, .T. ) ;
#3408 = VECTOR ( 'NONE', #3368, 1000.000000000000000 ) ;
#3409 = VECTOR ( 'NONE', #2642, 1000.000000000000000 ) ;
#3410 = ORIENTED_EDGE ( 'NONE', *, *, #2879, .F. ) ;
#3411 = CARTESIAN_POINT ( 'NONE',  ( -1.092095569954298018, 5.900116150698968553, 4.370460711674668985 ) ) ;
#3412 = CARTESIAN_POINT ( 'NONE',  ( 1.449747468305833564, -3.500000000000000000, 21.06249999726881583 ) ) ;
#3413 = CARTESIAN_POINT ( 'NONE',  ( 2.857606504790286106, 2.857606504790286994, 26.06249999863440792 ) ) ;
#3414 = EDGE_CURVE ( 'NONE', #2851, #1732, #3616, .T. ) ;
#3415 = CARTESIAN_POINT ( 'NONE',  ( -2.857606504790286994, 2.857606504790286550, 19.18749999863440792 ) ) ;
#3416 = CARTESIAN_POINT ( 'NONE',  ( 1.217298626417388396, 5.875563839680872924, 4.672298323937840614 ) ) ;
#3417 = CARTESIAN_POINT ( 'NONE',  ( 4.041265874999998786, 1.673947134580575868, 25.99999999863440792 ) ) ;
#3418 = FACE_OUTER_BOUND ( 'NONE', #2993, .T. ) ;
#3419 = CARTESIAN_POINT ( 'NONE',  ( 2.474873734152916782, -2.474873734152916782, 24.37500000000000000 ) ) ;
#3420 = VECTOR ( 'NONE', #1328, 1000.000000000000000 ) ;
#3421 = EDGE_LOOP ( 'NONE', ( #1921, #2967, #3151, #466, #3172, #3103, #2878, #2882, #1898, #3398, #1713, #2929, #497, #451, #3118, #490, #391, #590, #1716, #2830, #2852, #1951, #1568, #1748, #1889, #707, #2790, #2942 ) ) ;
#3422 = CIRCLE ( 'NONE', #702, 3.500000000000000000 ) ;
#3423 = CARTESIAN_POINT ( 'NONE',  ( -4.041265874999999674, -1.673947134580573870, 26.37499999863441147 ) ) ;
#3424 = CARTESIAN_POINT ( 'NONE',  ( 3.500000000000000000, 0.000000000000000000, 31.24999999726881583 ) ) ;
#3425 = DIRECTION ( 'NONE',  ( 1.000000000000000000, 0.000000000000000000, 0.000000000000000000 ) ) ;
#3426 = CARTESIAN_POINT ( 'NONE',  ( -1.673947134580575424, 4.041265874999998786, 27.12499999863441147 ) ) ;
#3427 = CARTESIAN_POINT ( 'NONE',  ( 1.449747468305833564, -3.500000000000000000, 29.31250000000000000 ) ) ;
#3428 = CYLINDRICAL_SURFACE ( 'NONE', #3035, 6.000000000000000888 ) ;
#3429 = CARTESIAN_POINT ( 'NONE',  ( -7.423684977483266541E-16, 4.041265874999999674, 20.18749999863440792 ) ) ;
#3430 = CARTESIAN_POINT ( 'NONE',  ( -1.673947134580575424, 4.041265874999998786, 30.24999999863440792 ) ) ;
#3431 = CARTESIAN_POINT ( 'NONE',  ( -1.449747468305834897, 3.499999999999999112, 27.56249999726881583 ) ) ;
#3432 = CARTESIAN_POINT ( 'NONE',  ( -1.673947134580575424, 4.041265874999998786, 22.24999999863440792 ) ) ;
#3433 = CARTESIAN_POINT ( 'NONE',  ( -5.136962761402627642, -3.100260260393771450, 14.20131039783382398 ) ) ;
#3434 = AXIS2_PLACEMENT_3D ( 'NONE', #223, #532, #854 ) ;
#3435 = CARTESIAN_POINT ( 'NONE',  ( -1.673947134580573426, -4.041265874999999674, 28.49999999863441147 ) ) ;
#3436 = DIRECTION ( 'NONE',  ( -0.000000000000000000, -0.000000000000000000, 1.000000000000000000 ) ) ;
#3437 = B_SPLINE_CURVE_WITH_KNOTS ( 'NONE', 3,
 ( #203, #181, #1943, #2712, #1085, #3096, #3411, #3025, #738, #1135, #1057, #3617, #803, #1113, #2183, #1605, #1635, #2260, #2507, #245 ),
 .UNSPECIFIED., .F., .F.,
 ( 4, 2, 2, 2, 2, 2, 2, 2, 2, 4 ),
 ( 0.000000000000000000, 0.0004898527925187319944, 0.0009797055850374644225, 0.001469558377556198694, 0.001959411170074933182, 0.002204337566334300426, 0.002449263962593668104, 0.002939116755112399556, 0.003428969547631131876, 0.003918822340149863762 ),
 .UNSPECIFIED. ) ;
#3438 = CARTESIAN_POINT ( 'NONE',  ( -3.500000000000000000, -1.449747468305833564, 28.81249999726881938 ) ) ;
#3439 = CARTESIAN_POINT ( 'NONE',  ( -2.474873734152917226, 2.474873734152916338, 25.62499999726881938 ) ) ;
#3440 = CARTESIAN_POINT ( 'NONE',  ( -3.500000000000000000, -4.286263797015736595E-16, 22.00000000000000355 ) ) ;
#3441 = CARTESIAN_POINT ( 'NONE',  ( 1.673947134580573870, -4.041265874999999674, 22.74999999863440792 ) ) ;
#3442 = CARTESIAN_POINT ( 'NONE',  ( -3.500000000000000000, -4.286263797015736595E-16, 18.00000000000000355 ) ) ;
#3443 = CARTESIAN_POINT ( 'NONE',  ( 2.474561659161088847E-16, -4.041265874999999674, 23.68749999863440792 ) ) ;
#3444 = CARTESIAN_POINT ( 'NONE',  ( -6.429395695523603167E-16, 3.500000000000000000, 22.75000000000000355 ) ) ;
#3445 = FACE_OUTER_BOUND ( 'NONE', #1739, .T. ) ;
#3446 = CARTESIAN_POINT ( 'NONE',  ( 2.474873734152916782, -2.474873734152916782, 30.12499999726881583 ) ) ;
#3447 = CARTESIAN_POINT ( 'NONE',  ( -4.041265874999999674, -4.949123318322177694E-16, 27.31249999863440792 ) ) ;
#3448 = EDGE_CURVE ( 'NONE', #2930, #1733, #63, .T. ) ;
#3449 = CARTESIAN_POINT ( 'NONE',  ( 1.449747468305833564, -3.500000000000000000, 23.31250000000000355 ) ) ;
#3450 = CARTESIAN_POINT ( 'NONE',  ( 2.857606504790286994, -2.857606504790286994, 29.81249999863440792 ) ) ;
#3451 = CARTESIAN_POINT ( 'NONE',  ( -4.041265875000000563, 1.673947134580572538, 19.24999999863440792 ) ) ;
#3452 = CARTESIAN_POINT ( 'NONE',  ( 4.041265874999999674, -1.673947134580573648, 24.87499999863440792 ) ) ;
#3453 = CARTESIAN_POINT ( 'NONE',  ( 3.499999999999999112, 1.449747468305835341, 20.31249999726881228 ) ) ;
#3454 = CARTESIAN_POINT ( 'NONE',  ( 1.449747468305833564, 3.500000000000000000, 18.68750000000000355 ) ) ;
#3455 = CARTESIAN_POINT ( 'NONE',  ( -1.250057093362957117, 1.687411410532957401, 5.168896321299836671 ) ) ;
#3456 = CARTESIAN_POINT ( 'NONE',  ( -1.449747468305832898, -3.500000000000000000, 25.18750000000000711 ) ) ;
#3457 = CARTESIAN_POINT ( 'NONE',  ( 3.499999999999999556, 1.449747468305835341, 25.31249999726881938 ) ) ;
#3458 = CARTESIAN_POINT ( 'NONE',  ( 4.041265874999999674, 0.000000000000000000, 26.81249999863440792 ) ) ;
#3459 = CARTESIAN_POINT ( 'NONE',  ( -2.474873734152917226, 2.474873734152916338, 21.62499999726881583 ) ) ;
#3460 = DIRECTION ( 'NONE',  ( 1.000000000000000000, 0.000000000000000000, 0.000000000000000000 ) ) ;
#3461 = CARTESIAN_POINT ( 'NONE',  ( -2.857606504790286550, -2.857606504790286994, 25.56249999863440792 ) ) ;
#3462 = CARTESIAN_POINT ( 'NONE',  ( 2.474873734152915894, 2.474873734152917226, 25.62500000000000355 ) ) ;
#3463 = LINE ( 'NONE', #218, #960 ) ;
#3464 = VECTOR ( 'NONE', #2802, 1000.000000000000000 ) ;
#3465 = CARTESIAN_POINT ( 'NONE',  ( 2.143131898507868297E-16, -3.500000000000000000, 30.99999999726881583 ) ) ;
#3466 = CARTESIAN_POINT ( 'NONE',  ( 2.474561659161088847E-16, -4.041265874999999674, 24.56249999863440436 ) ) ;
#3467 = CARTESIAN_POINT ( 'NONE',  ( 4.041265874999999674, 0.000000000000000000, 30.93749999863440792 ) ) ;
#3468 =( BOUNDED_CURVE ( )  B_SPLINE_CURVE ( 2, ( #1151, #2759, #1197, #3348, #2022, #3142, #601, #3453, #3071 ),
 .UNSPECIFIED., .F., .F. ) 
 B_SPLINE_CURVE_WITH_KNOTS ( ( 3, 2, 2, 2, 3 ),
 ( 0.8076923076923077094, 0.8173076923076922906, 0.8269230769230768718, 0.8365384615384615641, 0.8461538461538461453 ),
 .UNSPECIFIED. ) 
 CURVE ( )  GEOMETRIC_REPRESENTATION_ITEM ( )  RATIONAL_B_SPLINE_CURVE ( ( 1.000000000000000000, 0.9238795325112867385, 1.000000000000000000, 0.9238795325112867385, 1.000000000000000000, 0.9238795325112867385, 1.000000000000000000, 0.9238795325112867385, 1.000000000000000000 ) ) 
 REPRESENTATION_ITEM ( '' )  );
#3469 = CARTESIAN_POINT ( 'NONE',  ( -3.500000000000000000, 4.286263797015736595E-16, 18.00000000000000355 ) ) ;
#3470 = PRESENTATION_LAYER_ASSIGNMENT (  '', '', ( #383 ) ) ;
#3471 = CARTESIAN_POINT ( 'NONE',  ( 4.041265874999999674, 0.000000000000000000, 18.81249999863440792 ) ) ;
#3472 = CARTESIAN_POINT ( 'NONE',  ( 2.474873734152915894, 2.474873734152917226, 28.62500000000000355 ) ) ;
#3473 = CARTESIAN_POINT ( 'NONE',  ( 4.041265874999998786, 1.673947134580575868, 21.99999999863440792 ) ) ;
#3474 = CARTESIAN_POINT ( 'NONE',  ( -5.988870191427305478, -0.4178985740111095804, 17.07860746383876815 ) ) ;
#3475 = CARTESIAN_POINT ( 'NONE',  ( 3.500000000000000000, -1.449747468305833120, 19.43750000000000355 ) ) ;
#3476 = CARTESIAN_POINT ( 'NONE',  ( 2.857606504790286994, -2.857606504790286994, 30.81249999863440792 ) ) ;
#3477 = ADVANCED_FACE ( 'NONE', ( #989 ), #2213, .T. ) ;
#3478 = CYLINDRICAL_SURFACE ( 'NONE', #2312, 3.500000000000000000 ) ;
#3479 = CARTESIAN_POINT ( 'NONE',  ( 3.500000000000000000, 0.000000000000000000, 26.24999999726881583 ) ) ;
#3480 = CARTESIAN_POINT ( 'NONE',  ( -2.474873734152917226, 2.474873734152916338, 22.62499999726881583 ) ) ;
#3481 = CARTESIAN_POINT ( 'NONE',  ( 1.673947134580573870, -4.041265874999999674, 21.74999999863440792 ) ) ;
#3482 = CARTESIAN_POINT ( 'NONE',  ( -3.500000000000001332, 1.449747468305832454, 21.68749999726881583 ) ) ;
#3483 = DIRECTION ( 'NONE',  ( -0.000000000000000000, 0.000000000000000000, 1.000000000000000000 ) ) ;
#3484 = CARTESIAN_POINT ( 'NONE',  ( -4.041265874999999674, -1.673947134580573648, 23.49999999863440792 ) ) ;
#3485 = CARTESIAN_POINT ( 'NONE',  ( -3.500000000000000000, -4.286263797015736595E-16, 21.00000000000000355 ) ) ;
#3486 = CYLINDRICAL_SURFACE ( 'NONE', #432, 3.500000000000000000 ) ;
#3487 =( BOUNDED_SURFACE ( )  B_SPLINE_SURFACE ( 1, 2, ( 
 ( #3467, #2941, #1786, #77, #1479, #1738, #2096, #2152, #2609, #2915, #2657, #3516, #122, #1209, #684, #1004, #159, #1267, #1501, #2972, #3245, #3543, #711, #1033, #3266, #3566, #436, #923, #1438, #3661, #3291, #2504, #1389, #1082, #1055, #3592, #241, #3093, #1659, #2467, #1329, #1109, #3614, #2678, #180, #848, #1130, #3049, #464, #2443, #3347, #1964, #1556, #1150, #798, #2999, #3640, #1372, #2280, #219, #2709, #524, #3403, #1630, #1580, #826, #1936, #1885, #2257, #2209, #2521, #16, #1349, #2784, #265, #2758, #2235, #3024, #3070, #3318, #3377, #553, #735, #765, #1304, #1859, #495, #2178, #201, #1601, #1912, #2488, #2734, #1196, #1213, #1426, #1718, #3452, #1484, #2021, #82, #3498, #2323, #901, #55, #2299, #311, #3113, #2894, #1251, #1995, #108, #3140, #361, #33, #337, #1688, #2556, #2836, #2388, #1464, #3197, #2594, #2371, #665, #621, #1174, #1745, #981, #2072, #929, #1443, #2043, #2347, #1791, #2575, #1407, #2102, #2864, #3432, #3167, #2540, #2615, #3473, #2809, #2923, #3227, #643, #3523, #955, #577, #600, #1230, #1768, #129, #874, #288, #185, #3297, #144, #3249, #2948, #2978, #1865, #3596, #2430, #1293, #1536, #386, #1817, #3548, #473, #2686, #777, #718, #3007, #2130, #2640, #693, #1010, #2409, #1272, #3271, #2163, #1511, #416, #742, #1038, #443, #1060, #164, #1839, #2662, #3573, #1310, #1562, #2188, #2449, #1264, #3105, #2826 ),
 ( #3424, #948, #1207, #25, #3465, #49, #303, #1735, #1436, #73, #3134, #892, #2884, #3187, #330, #2062, #2092, #2853, #3446, #2912, #1419, #3514, #3159, #615, #921, #1498, #3490, #119, #2569, #2035, #2801, #1985, #100, #353, #2342, #635, #657, #973, #2292, #1226, #2606, #3216, #376, #1455, #1761, #2363, #2588, #1242, #2532, #1477, #1188, #280, #591, #1784, #681, #2383, #1001, #1708, #2013, #2314, #2551, #2222, #1317, #3602, #1364, #1545, #1923, #2247, #1846, #1823, #170, #2497, #2138, #2415, #1569, #2456, #2695, #2478, #2723, #2440, #2966, #3262, #3560, #177, #460, #732, #760, #2305, #1798, #1448, #3439, #90, #1777, #2931, #343, #3457, #648, #394, #2082, #2026, #1236, #2376, #1725, #963, #2331, #2395, #701, #1749, #3234, #3529, #1469, #2871, #2561, #113, #61, #2599, #2902, #1492, #39, #3205, #1412, #1218, #1695, #3121, #133, #2815, #2842, #2353, #3147, #2048, #317, #627, #936, #2623, #2580, #3506, #672, #3175, #3480, #369, #293, #988, #604, #1257, #2110, #908, #1018, #2002, #2545, #1202, #1429, #3247, #414, #1291, #2684, #774, #2538, #224, #3340, #118, #1842, #645, #389, #2390, #1063, #745, #984, #1819, #3200, #1513, #3501, #167, #2191, #2926, #1312, #1566, #2133, #695, #363, #1540, #1253, #2643, #2411, #2981, #1466, #2953, #2866, #2620, #3170, #958, #1868, #1232, #110, #131, #668, #3525, #1487, #1794, #2105, #447, #3229 ) ),
 .UNSPECIFIED., .F., .F., .F. ) 
 B_SPLINE_SURFACE_WITH_KNOTS ( ( 2, 2 ),
 ( 3, 2, 2, 2, 2, 2, 2, 2, 2, 2, 2, 2, 2, 2, 2, 2, 2, 2, 2, 2, 2, 2, 2, 2, 2, 2, 2, 2, 2, 2, 2, 2, 2, 2, 2, 2, 2, 2, 2, 2, 2, 2, 2, 2, 2, 2, 2, 2, 2, 2, 2, 2, 2, 2, 2, 2, 2, 2, 2, 2, 2, 2, 2, 2, 2, 2, 2, 2, 2, 2, 2, 2, 2, 2, 2, 2, 2, 2, 2, 2, 2, 2, 2, 2, 2, 2, 2, 2, 2, 2, 2, 2, 2, 2, 2, 2, 2, 2, 2, 2, 3 ),
 ( 0.000000000000000000, 1.000000000000000000 ),
 ( 0.000000000000000000, 0.009615384615384615918, 0.01923076923076923184, 0.02884615384615384776, 0.03846153846153846367, 0.04807692307692307959, 0.05769230769230769551, 0.06730769230769230449, 0.07692307692307692735, 0.08653846153846153633, 0.09615384615384615918, 0.1057692307692307682, 0.1153846153846153910, 0.1250000000000000000, 0.1346153846153846090, 0.1442307692307692180, 0.1538461538461538547, 0.1634615384615384637, 0.1730769230769230727, 0.1826923076923076816, 0.1923076923076923184, 0.2019230769230769273, 0.2115384615384615363, 0.2211538461538461453, 0.2307692307692307820, 0.2403846153846153910, 0.2500000000000000000, 0.2596153846153846367, 0.2692307692307692180, 0.2788461538461538547, 0.2884615384615384359, 0.2980769230769230727, 0.3076923076923077094, 0.3173076923076922906, 0.3269230769230769273, 0.3365384615384615641, 0.3461538461538461453, 0.3557692307692307820, 0.3653846153846153633, 0.3750000000000000000, 0.3846153846153846367, 0.3942307692307692180, 0.4038461538461538547, 0.4134615384615384359, 0.4230769230769230727, 0.4326923076923077094, 0.4423076923076922906, 0.4519230769230769273, 0.4615384615384615641, 0.4711538461538461453, 0.4807692307692307820, 0.4903846153846153633, 0.5000000000000000000, 0.5096153846153845812, 0.5192307692307692735, 0.5288461538461538547, 0.5384615384615384359, 0.5480769230769231282, 0.5576923076923077094, 0.5673076923076922906, 0.5769230769230768718, 0.5865384615384615641, 0.5961538461538461453, 0.6057692307692307265, 0.6153846153846154188, 0.6250000000000000000, 0.6346153846153845812, 0.6442307692307692735, 0.6538461538461538547, 0.6634615384615384359, 0.6730769230769231282, 0.6826923076923077094, 0.6923076923076922906, 0.7019230769230768718, 0.7115384615384615641, 0.7211538461538461453, 0.7307692307692307265, 0.7403846153846154188, 0.7500000000000000000, 0.7596153846153845812, 0.7692307692307692735, 0.7788461538461538547, 0.7884615384615384359, 0.7980769230769231282, 0.8076923076923077094, 0.8173076923076922906, 0.8269230769230768718, 0.8365384615384615641, 0.8461538461538461453, 0.8557692307692307265, 0.8653846153846154188, 0.8750000000000000000, 0.8846153846153845812, 0.8942307692307692735, 0.9038461538461538547, 0.9134615384615384359, 0.9230769230769231282, 0.9326923076923077094, 0.9423076923076922906, 0.9519230769230768718, 0.9615384615384615641 ),
 .UNSPECIFIED. ) 
 GEOMETRIC_REPRESENTATION_ITEM ( )  RATIONAL_B_SPLINE_SURFACE ( (
 ( 1.000000000000000000, 0.9238795325112867385, 1.000000000000000000, 0.9238795325112867385, 1.000000000000000000, 0.9238795325112867385, 1.000000000000000000, 0.9238795325112867385, 1.000000000000000000, 0.9238795325112867385, 1.000000000000000000, 0.9238795325112867385, 1.000000000000000000, 0.9238795325112867385, 1.000000000000000000, 0.9238795325112867385, 1.000000000000000000, 0.9238795325112867385, 1.000000000000000000, 0.9238795325112867385, 1.000000000000000000, 0.9238795325112867385, 1.000000000000000000, 0.9238795325112867385, 1.000000000000000000, 0.9238795325112867385, 1.000000000000000000, 0.9238795325112867385, 1.000000000000000000, 0.9238795325112867385, 1.000000000000000000, 0.9238795325112867385, 1.000000000000000000, 0.9238795325112867385, 1.000000000000000000, 0.9238795325112867385, 1.000000000000000000, 0.9238795325112867385, 1.000000000000000000, 0.9238795325112867385, 1.000000000000000000, 0.9238795325112867385, 1.000000000000000000, 0.9238795325112867385, 1.000000000000000000, 0.9238795325112867385, 1.000000000000000000, 0.9238795325112867385, 1.000000000000000000, 0.9238795325112867385, 1.000000000000000000, 0.9238795325112867385, 1.000000000000000000, 0.9238795325112867385, 1.000000000000000000, 0.9238795325112867385, 1.000000000000000000, 0.9238795325112867385, 1.000000000000000000, 0.9238795325112867385, 1.000000000000000000, 0.9238795325112867385, 1.000000000000000000, 0.9238795325112867385, 1.000000000000000000, 0.9238795325112867385, 1.000000000000000000, 0.9238795325112867385, 1.000000000000000000, 0.9238795325112867385, 1.000000000000000000, 0.9238795325112867385, 1.000000000000000000, 0.9238795325112867385, 1.000000000000000000, 0.9238795325112867385, 1.000000000000000000, 0.9238795325112867385, 1.000000000000000000, 0.9238795325112867385, 1.000000000000000000, 0.9238795325112867385, 1.000000000000000000, 0.9238795325112867385, 1.000000000000000000, 0.9238795325112867385, 1.000000000000000000, 0.9238795325112867385, 1.000000000000000000, 0.9238795325112867385, 1.000000000000000000, 0.9238795325112867385, 1.000000000000000000, 0.9238795325112867385, 1.000000000000000000, 0.9238795325112867385, 1.000000000000000000, 0.9238795325112867385, 1.000000000000000000, 0.9238795325112867385, 1.000000000000000000, 0.9238795325112867385, 1.000000000000000000, 0.9238795325112867385, 1.000000000000000000, 0.9238795325112867385, 1.000000000000000000, 0.9238795325112867385, 1.000000000000000000, 0.9238795325112867385, 1.000000000000000000, 0.9238795325112867385, 1.000000000000000000, 0.9238795325112867385, 1.000000000000000000, 0.9238795325112867385, 1.000000000000000000, 0.9238795325112867385, 1.000000000000000000, 0.9238795325112867385, 1.000000000000000000, 0.9238795325112867385, 1.000000000000000000, 0.9238795325112867385, 1.000000000000000000, 0.9238795325112867385, 1.000000000000000000, 0.9238795325112867385, 1.000000000000000000, 0.9238795325112867385, 1.000000000000000000, 0.9238795325112867385, 1.000000000000000000, 0.9238795325112867385, 1.000000000000000000, 0.9238795325112867385, 1.000000000000000000, 0.9238795325112867385, 1.000000000000000000, 0.9238795325112867385, 1.000000000000000000, 0.9238795325112867385, 1.000000000000000000, 0.9238795325112867385, 1.000000000000000000, 0.9238795325112867385, 1.000000000000000000, 0.9238795325112867385, 1.000000000000000000, 0.9238795325112867385, 1.000000000000000000, 0.9238795325112867385, 1.000000000000000000, 0.9238795325112867385, 1.000000000000000000, 0.9238795325112867385, 1.000000000000000000, 0.9238795325112867385, 1.000000000000000000, 0.9238795325112867385, 1.000000000000000000, 0.9238795325112867385, 1.000000000000000000, 0.9238795325112867385, 1.000000000000000000, 0.9238795325112867385, 1.000000000000000000, 0.9238795325112867385, 1.000000000000000000, 0.9238795325112867385, 1.000000000000000000, 0.9238795325112867385, 1.000000000000000000, 0.9238795325112867385, 1.000000000000000000, 0.9238795325112867385, 1.000000000000000000, 0.9238795325112867385, 1.000000000000000000, 0.9238795325112867385, 1.000000000000000000, 0.9238795325112867385, 1.000000000000000000, 0.9238795325112867385, 1.000000000000000000, 0.9238795325112867385, 1.000000000000000000, 0.9238795325112867385, 1.000000000000000000, 0.9238795325112867385, 1.000000000000000000, 0.9238795325112867385, 1.000000000000000000, 0.9238795325112867385, 1.000000000000000000, 0.9238795325112867385, 1.000000000000000000, 0.9238795325112867385, 1.000000000000000000, 0.9238795325112867385, 1.000000000000000000),
 ( 1.000000000000000000, 0.9238795325112867385, 1.000000000000000000, 0.9238795325112867385, 1.000000000000000000, 0.9238795325112867385, 1.000000000000000000, 0.9238795325112867385, 1.000000000000000000, 0.9238795325112867385, 1.000000000000000000, 0.9238795325112867385, 1.000000000000000000, 0.9238795325112867385, 1.000000000000000000, 0.9238795325112867385, 1.000000000000000000, 0.9238795325112867385, 1.000000000000000000, 0.9238795325112867385, 1.000000000000000000, 0.9238795325112867385, 1.000000000000000000, 0.9238795325112867385, 1.000000000000000000, 0.9238795325112867385, 1.000000000000000000, 0.9238795325112867385, 1.000000000000000000, 0.9238795325112867385, 1.000000000000000000, 0.9238795325112867385, 1.000000000000000000, 0.9238795325112867385, 1.000000000000000000, 0.9238795325112867385, 1.000000000000000000, 0.9238795325112867385, 1.000000000000000000, 0.9238795325112867385, 1.000000000000000000, 0.9238795325112867385, 1.000000000000000000, 0.9238795325112867385, 1.000000000000000000, 0.9238795325112867385, 1.000000000000000000, 0.9238795325112867385, 1.000000000000000000, 0.9238795325112867385, 1.000000000000000000, 0.9238795325112867385, 1.000000000000000000, 0.9238795325112867385, 1.000000000000000000, 0.9238795325112867385, 1.000000000000000000, 0.9238795325112867385, 1.000000000000000000, 0.9238795325112867385, 1.000000000000000000, 0.9238795325112867385, 1.000000000000000000, 0.9238795325112867385, 1.000000000000000000, 0.9238795325112867385, 1.000000000000000000, 0.9238795325112867385, 1.000000000000000000, 0.9238795325112867385, 1.000000000000000000, 0.9238795325112867385, 1.000000000000000000, 0.9238795325112867385, 1.000000000000000000, 0.9238795325112867385, 1.000000000000000000, 0.9238795325112867385, 1.000000000000000000, 0.9238795325112867385, 1.000000000000000000, 0.9238795325112867385, 1.000000000000000000, 0.9238795325112867385, 1.000000000000000000, 0.9238795325112867385, 1.000000000000000000, 0.9238795325112867385, 1.000000000000000000, 0.9238795325112867385, 1.000000000000000000, 0.9238795325112867385, 1.000000000000000000, 0.9238795325112867385, 1.000000000000000000, 0.9238795325112867385, 1.000000000000000000, 0.9238795325112867385, 1.000000000000000000, 0.9238795325112867385, 1.000000000000000000, 0.9238795325112867385, 1.000000000000000000, 0.9238795325112867385, 1.000000000000000000, 0.9238795325112867385, 1.000000000000000000, 0.9238795325112867385, 1.000000000000000000, 0.9238795325112867385, 1.000000000000000000, 0.9238795325112867385, 1.000000000000000000, 0.9238795325112867385, 1.000000000000000000, 0.9238795325112867385, 1.000000000000000000, 0.9238795325112867385, 1.000000000000000000, 0.9238795325112867385, 1.000000000000000000, 0.9238795325112867385, 1.000000000000000000, 0.9238795325112867385, 1.000000000000000000, 0.9238795325112867385, 1.000000000000000000, 0.9238795325112867385, 1.000000000000000000, 0.9238795325112867385, 1.000000000000000000, 0.9238795325112867385, 1.000000000000000000, 0.9238795325112867385, 1.000000000000000000, 0.9238795325112867385, 1.000000000000000000, 0.9238795325112867385, 1.000000000000000000, 0.9238795325112867385, 1.000000000000000000, 0.9238795325112867385, 1.000000000000000000, 0.9238795325112867385, 1.000000000000000000, 0.9238795325112867385, 1.000000000000000000, 0.9238795325112867385, 1.000000000000000000, 0.9238795325112867385, 1.000000000000000000, 0.9238795325112867385, 1.000000000000000000, 0.9238795325112867385, 1.000000000000000000, 0.9238795325112867385, 1.000000000000000000, 0.9238795325112867385, 1.000000000000000000, 0.9238795325112867385, 1.000000000000000000, 0.9238795325112867385, 1.000000000000000000, 0.9238795325112867385, 1.000000000000000000, 0.9238795325112867385, 1.000000000000000000, 0.9238795325112867385, 1.000000000000000000, 0.9238795325112867385, 1.000000000000000000, 0.9238795325112867385, 1.000000000000000000, 0.9238795325112867385, 1.000000000000000000, 0.9238795325112867385, 1.000000000000000000, 0.9238795325112867385, 1.000000000000000000, 0.9238795325112867385, 1.000000000000000000, 0.9238795325112867385, 1.000000000000000000, 0.9238795325112867385, 1.000000000000000000, 0.9238795325112867385, 1.000000000000000000, 0.9238795325112867385, 1.000000000000000000, 0.9238795325112867385, 1.000000000000000000, 0.9238795325112867385, 1.000000000000000000, 0.9238795325112867385, 1.000000000000000000, 0.9238795325112867385, 1.000000000000000000, 0.9238795325112867385, 1.000000000000000000, 0.9238795325112867385, 1.000000000000000000) ) ) 
 REPRESENTATION_ITEM ( '' )  SURFACE ( )  );
#3488 = DIRECTION ( 'NONE',  ( 1.000000000000000000, 0.000000000000000000, 0.000000000000000000 ) ) ;
#3489 = CYLINDRICAL_SURFACE ( 'NONE', #2899, 3.500000000000000000 ) ;
#3490 = CARTESIAN_POINT ( 'NONE',  ( -2.474873734152917226, 2.474873734152916338, 29.62499999726881583 ) ) ;
#3491 = CARTESIAN_POINT ( 'NONE',  ( 2.474561659161088847E-16, -4.041265874999999674, 25.56249999863440792 ) ) ;
#3492 = CARTESIAN_POINT ( 'NONE',  ( 1.185296244904628704, 3.074338575699822496, 14.40545835817410669 ) ) ;
#3493 = CARTESIAN_POINT ( 'NONE',  ( -2.474873734152917226, 2.474873734152916338, 18.87500000000000355 ) ) ;
#3494 = EDGE_CURVE ( 'NONE', #515, #2900, #2202, .T. ) ;
#3495 = CIRCLE ( 'NONE', #2577, 3.500000000000000000 ) ;
#3496 = CARTESIAN_POINT ( 'NONE',  ( 1.673947134580573870, -4.041265874999999674, 19.62499999863441147 ) ) ;
#3497 = CARTESIAN_POINT ( 'NONE',  ( -3.500000000000001332, 1.449747468305832010, 29.93750000000000711 ) ) ;
#3498 = CARTESIAN_POINT ( 'NONE',  ( -1.673947134580573426, -4.041265874999999674, 24.62499999863441147 ) ) ;
#3499 = CARTESIAN_POINT ( 'NONE',  ( -2.857606504790286550, -2.857606504790286994, 23.43749999863440792 ) ) ;
#3500 = CARTESIAN_POINT ( 'NONE',  ( -5.793911244223015622, -1.568643011730311176, 16.68131447863022032 ) ) ;
#3501 = CARTESIAN_POINT ( 'NONE',  ( -2.474873734152917226, 2.474873734152916338, 20.62499999726881583 ) ) ;
#3502 = CARTESIAN_POINT ( 'NONE',  ( 2.474873734152915894, 2.474873734152917226, 19.62500000000000355 ) ) ;
#3503 = COLOUR_RGB ( '',1.000000000000000000, 1.000000000000000000, 1.000000000000000000 ) ;
#3504 = FACE_OUTER_BOUND ( 'NONE', #2018, .T. ) ;
#3505 = CARTESIAN_POINT ( 'NONE',  ( -6.429395695523603167E-16, 3.500000000000000000, 29.75000000000000355 ) ) ;
#3506 = CARTESIAN_POINT ( 'NONE',  ( -3.500000000000000444, -1.449747468305833342, 22.81249999726881583 ) ) ;
#3507 = CARTESIAN_POINT ( 'NONE',  ( 2.857606504790286994, -2.857606504790286994, 20.81249999863440792 ) ) ;
#3508 = CARTESIAN_POINT ( 'NONE',  ( 3.500000000000000000, 0.000000000000000000, 19.50000000000000355 ) ) ;
#3509 = ADVANCED_FACE ( 'NONE', ( #3418 ), #2230, .T. ) ;
#3510 = DIRECTION ( 'NONE',  ( 1.000000000000000000, 0.000000000000000000, 0.000000000000000000 ) ) ;
#3511 = CARTESIAN_POINT ( 'NONE',  ( 4.041265874999999674, 0.000000000000000000, 18.93749999863440792 ) ) ;
#3512 = CARTESIAN_POINT ( 'NONE',  ( -2.474873734152916338, -2.474873734152916782, 21.12500000000000355 ) ) ;
#3513 = B_SPLINE_CURVE_WITH_KNOTS ( 'NONE', 3,
 ( #2303, #2621, #2867, #603, #1446, #36, #111, #3144, #290, #1017, #1276, #3455, #1691, #646, #1998, #1721, #2839, #1747, #365, #3171 ),
 .UNSPECIFIED., .F., .F.,
 ( 4, 2, 2, 2, 2, 2, 2, 2, 2, 4 ),
 ( 0.000000000000000000, 0.0002505250081492354413, 0.0005010500162984708825, 0.001002100032596941331, 0.001503150048895411997, 0.002004200065193883096, 0.002505250081492353762, 0.003006300097790824861, 0.003507350114089295961, 0.004008400130387766193 ),
 .UNSPECIFIED. ) ;
#3514 = CARTESIAN_POINT ( 'NONE',  ( -1.449747468305832898, -3.500000000000000444, 29.93749999726881938 ) ) ;
#3515 = CARTESIAN_POINT ( 'NONE',  ( -7.423684977483266541E-16, 4.041265874999999674, 20.06249999863440792 ) ) ;
#3516 = CARTESIAN_POINT ( 'NONE',  ( -1.673947134580575424, 4.041265874999998786, 30.24999999863440792 ) ) ;
#3517 = SURFACE_STYLE_USAGE ( .BOTH. , #3544 ) ;
#3518 = LINE ( 'NONE', #213, #3408 ) ;
#3519 = LINE ( 'NONE', #2665, #2352 ) ;
#3520 = PLANE ( 'NONE',  #3277 ) ;
#3521 = CARTESIAN_POINT ( 'NONE',  ( 2.474561659161088847E-16, -4.041265874999999674, 27.68749999863440792 ) ) ;
#3522 = CARTESIAN_POINT ( 'NONE',  ( -1.449747468305832898, -3.500000000000000444, 29.18750000000000711 ) ) ;
#3523 = CARTESIAN_POINT ( 'NONE',  ( 2.474561659161088847E-16, -4.041265874999999674, 21.68749999863441147 ) ) ;
#3524 = CARTESIAN_POINT ( 'NONE',  ( 2.857606504790286994, -2.857606504790286994, 24.68749999863440436 ) ) ;
#3525 = CARTESIAN_POINT ( 'NONE',  ( 1.449747468305833342, -3.500000000000000444, 19.06249999726882294 ) ) ;
#3526 = CARTESIAN_POINT ( 'NONE',  ( -3.500000000000001332, 1.449747468305832454, 19.93750000000000355 ) ) ;
#3527 = CARTESIAN_POINT ( 'NONE',  ( -1.090776301194877673, 3.038733858290749712, 13.36805821256713500 ) ) ;
#3528 = CARTESIAN_POINT ( 'NONE',  ( 3.500000000000000000, 0.000000000000000000, 18.00000000000000355 ) ) ;
#3529 = CARTESIAN_POINT ( 'NONE',  ( 1.449747468305833564, 3.500000000000000000, 24.43749999726881583 ) ) ;
#3530 = CARTESIAN_POINT ( 'NONE',  ( -2.857606504790286994, 2.857606504790286550, 22.31249999863440792 ) ) ;
#3531 = CARTESIAN_POINT ( 'NONE',  ( -6.429395695523603167E-16, 3.500000000000000000, 22.75000000000000355 ) ) ;
#3532 = CARTESIAN_POINT ( 'NONE',  ( -1.449747468305834897, 3.499999999999999112, 23.56249999726881583 ) ) ;
#3533 = CARTESIAN_POINT ( 'NONE',  ( -1.673947134580573204, -4.041265874999999674, 18.62499999863441147 ) ) ;
#3534 = CARTESIAN_POINT ( 'NONE',  ( 1.449747468305833564, 3.500000000000000000, 20.68750000000000355 ) ) ;
#3535 = LINE ( 'NONE', #3120, #2339 ) ;
#3536 = CARTESIAN_POINT ( 'NONE',  ( -3.500000000000000000, -4.286263797015736595E-16, 28.74999999726881938 ) ) ;
#3537 = ADVANCED_FACE ( 'NONE', ( #2255, #2251 ), #2266, .F. ) ;
#3538 = CARTESIAN_POINT ( 'NONE',  ( -7.423684977483266541E-16, 4.041265874999999674, 24.06249999863440792 ) ) ;
#3539 = LINE ( 'NONE', #1832, #3569 ) ;
#3540 = DIRECTION ( 'NONE',  ( -0.000000000000000000, -0.000000000000000000, 1.000000000000000000 ) ) ;
#3541 = CARTESIAN_POINT ( 'NONE',  ( 4.041265874999999674, -1.673947134580573426, 21.74999999863441147 ) ) ;
#3542 = CARTESIAN_POINT ( 'NONE',  ( -2.035875036984410080, 0.5319281517603992038, 10.94313380649060541 ) ) ;
#3543 = CARTESIAN_POINT ( 'NONE',  ( -1.673947134580573426, -4.041265874999999674, 29.62499999863440792 ) ) ;
#3544 = SURFACE_SIDE_STYLE ('',( #1089 ) ) ;
#3545 = FACE_OUTER_BOUND ( 'NONE', #2180, .T. ) ;
#3546 = CARTESIAN_POINT ( 'NONE',  ( 3.500000000000000000, 0.000000000000000000, 30.24999999726881583 ) ) ;
#3547 = CARTESIAN_POINT ( 'NONE',  ( 2.474873734152915894, 2.474873734152917226, 29.62500000000000355 ) ) ;
#3548 = CARTESIAN_POINT ( 'NONE',  ( -2.857606504790286994, 2.857606504790286550, 20.31249999863440792 ) ) ;
#3549 = CARTESIAN_POINT ( 'NONE',  ( -1.673947134580573426, -4.041265874999999674, 25.49999999863440436 ) ) ;
#3550 = CARTESIAN_POINT ( 'NONE',  ( -3.500000000000000000, -1.449747468305833564, 19.06250000000000355 ) ) ;
#3551 = CARTESIAN_POINT ( 'NONE',  ( 1.673947134580574092, 4.041265874999998786, 28.12499999863440792 ) ) ;
#3552 = B_SPLINE_CURVE_WITH_KNOTS ( 'NONE', 3,
 ( #4, #3300, #780, #3598, #477, #250, #1670, #2528, #2795, #3100, #275, #586, #1181, #1337, #2085, #1802, #630, #2846 ),
 .UNSPECIFIED., .F., .F.,
 ( 4, 2, 2, 2, 2, 2, 2, 2, 4 ),
 ( 0.003918822340149868098, 0.004408547516782013523, 0.004898272693414158947, 0.005387997870046304372, 0.005877723046678450664, 0.006367448223310596088, 0.006857173399942741512, 0.007346898576574886937, 0.007836623753207032361 ),
 .UNSPECIFIED. ) ;
#3553 = CARTESIAN_POINT ( 'NONE',  ( -0.1656694279915011947, 6.000000000000001776, 12.75000000000000000 ) ) ;
#3554 = CARTESIAN_POINT ( 'NONE',  ( -3.500000000000000000, -4.286263797015736595E-16, 21.00000000000000355 ) ) ;
#3555 = CARTESIAN_POINT ( 'NONE',  ( 2.857606504790286106, 2.857606504790286994, 21.06249999863440792 ) ) ;
#3556 = CYLINDRICAL_SURFACE ( 'NONE', #126, 1.250000000000002887 ) ;
#3557 = CYLINDRICAL_SURFACE ( 'NONE', #1014, 3.500000000000000000 ) ;
#3558 = AXIS2_PLACEMENT_3D ( 'NONE', #3355, #500, #2683 ) ;
#3559 = CARTESIAN_POINT ( 'NONE',  ( -3.500000000000001332, 1.449747468305832454, 28.68749999726881938 ) ) ;
#3560 = CARTESIAN_POINT ( 'NONE',  ( 2.474873734152916782, -2.474873734152916782, 26.12499999726881583 ) ) ;
#3561 = CARTESIAN_POINT ( 'NONE',  ( 4.041265874999999674, -1.673947134580573648, 21.74999999863440792 ) ) ;
#3562 = CYLINDRICAL_SURFACE ( 'NONE', #1760, 3.500000000000000000 ) ;
#3563 = CARTESIAN_POINT ( 'NONE',  ( -4.041265875000000563, 1.673947134580572538, 23.24999999863440792 ) ) ;
#3564 = CARTESIAN_POINT ( 'NONE',  ( -6.429395695523603167E-16, 3.500000000000000000, 24.75000000000000000 ) ) ;
#3565 = CARTESIAN_POINT ( 'NONE',  ( 1.209294160969388798, 3.083775483308205612, 14.32690365261719734 ) ) ;
#3566 = CARTESIAN_POINT ( 'NONE',  ( -4.041265875000001451, 1.673947134580572538, 29.37499999863440792 ) ) ;
#3567 = EDGE_CURVE ( 'NONE', #1623, #556, #3518, .T. ) ;
#3568 = ADVANCED_FACE ( 'NONE', ( #1039 ), #970, .T. ) ;
#3569 = VECTOR ( 'NONE', #2325, 1000.000000000000000 ) ;
#3570 = CARTESIAN_POINT ( 'NONE',  ( 2.474873734152916782, -2.474873734152916782, 24.37500000000000000 ) ) ;
#3571 = CARTESIAN_POINT ( 'NONE',  ( 1.673947134580573870, -4.041265874999999674, 26.74999999863440436 ) ) ;
#3572 = CARTESIAN_POINT ( 'NONE',  ( 3.500000000000000000, 0.000000000000000000, 26.50000000000000355 ) ) ;
#3573 = CARTESIAN_POINT ( 'NONE',  ( 4.041265874999999674, -1.673947134580573648, 18.87499999863441147 ) ) ;
#3574 = CARTESIAN_POINT ( 'NONE',  ( 4.041265874999999674, -1.673947134580573648, 22.74999999863440792 ) ) ;
#3575 = DIRECTION ( 'NONE',  ( 1.000000000000000000, 0.000000000000000000, 0.000000000000000000 ) ) ;
#3576 = CARTESIAN_POINT ( 'NONE',  ( 2.857606504790286106, 2.857606504790286994, 29.06249999863441147 ) ) ;
#3577 = CIRCLE ( 'NONE', #758, 2.100000000000000089 ) ;
#3578 = CARTESIAN_POINT ( 'NONE',  ( -3.500000000000000000, -4.286263797015736595E-16, 21.74999999726881583 ) ) ;
#3579 = CARTESIAN_POINT ( 'NONE',  ( -4.041265874999999674, -1.673947134580573870, 30.37499999863440792 ) ) ;
#3580 = EDGE_CURVE ( 'NONE', #685, #278, #1164, .T. ) ;
#3581 = CARTESIAN_POINT ( 'NONE',  ( -3.500000000000000000, -4.286263797015736595E-16, 27.74999999726881583 ) ) ;
#3582 = CARTESIAN_POINT ( 'NONE',  ( -7.423684977483266541E-16, 4.041265874999999674, 20.18749999863440792 ) ) ;
#3583 = CYLINDRICAL_SURFACE ( 'NONE', #2704, 2.100000000000000089 ) ;
#3584 = CARTESIAN_POINT ( 'NONE',  ( -2.474873734152916338, -2.474873734152916782, 19.87499999726881583 ) ) ;
#3585 = CARTESIAN_POINT ( 'NONE',  ( 1.529190219174742497E-16, 2.100000000000000089, 6.250000000000000888 ) ) ;
#3586 = CARTESIAN_POINT ( 'NONE',  ( 0.000000000000000000, 0.000000000000000000, 18.00000000000000355 ) ) ;
#3587 = EDGE_CURVE ( 'NONE', #556, #1677, #214, .T. ) ;
#3588 = LINE ( 'NONE', #2691, #1112 ) ;
#3589 = CARTESIAN_POINT ( 'NONE',  ( -4.041265874999999674, -4.949123318322177694E-16, 23.31249999863440792 ) ) ;
#3590 = CARTESIAN_POINT ( 'NONE',  ( 3.499999999999999112, 1.449747468305835341, 24.56250000000000000 ) ) ;
#3591 = CARTESIAN_POINT ( 'NONE',  ( 3.500000000000000000, 0.000000000000000000, 20.50000000000000355 ) ) ;
#3592 = CARTESIAN_POINT ( 'NONE',  ( 1.673947134580573870, -4.041265874999999674, 28.74999999863440792 ) ) ;
#3593 = DIRECTION ( 'NONE',  ( 0.000000000000000000, -1.000000000000000000, 0.000000000000000000 ) ) ;
#3594 = DIRECTION ( 'NONE',  ( -0.000000000000000000, -0.000000000000000000, 1.000000000000000000 ) ) ;
#3595 = CARTESIAN_POINT ( 'NONE',  ( -2.474873734152917226, 2.474873734152916338, 25.87500000000000355 ) ) ;
#3596 = CARTESIAN_POINT ( 'NONE',  ( 2.474561659161088847E-16, -4.041265874999999674, 20.68749999863440792 ) ) ;
#3597 = CARTESIAN_POINT ( 'NONE',  ( 1.673947134580574092, 4.041265874999998786, 21.99999999863440792 ) ) ;
#3598 = CARTESIAN_POINT ( 'NONE',  ( 0.6292449150185009943, 5.968822576319731787, 15.09228709118995937 ) ) ;
#3599 = CARTESIAN_POINT ( 'NONE',  ( -2.857606504790286550, -2.857606504790286994, 27.56249999863440792 ) ) ;
#3600 = CYLINDRICAL_SURFACE ( 'NONE', #2438, 3.500000000000000000 ) ;
#3601 = EDGE_CURVE ( 'NONE', #2659, #1913, #2274, .T. ) ;
#3602 = CARTESIAN_POINT ( 'NONE',  ( 3.499999999999999556, 1.449747468305835341, 27.31249999726881583 ) ) ;
#3603 = CARTESIAN_POINT ( 'NONE',  ( -7.423684977483266541E-16, 4.041265874999999674, 25.06249999863440792 ) ) ;
#3604 = CARTESIAN_POINT ( 'NONE',  ( -1.449747468305834897, 3.499999999999999112, 20.81250000000000355 ) ) ;
#3605 = CARTESIAN_POINT ( 'NONE',  ( -4.041265874999999674, -1.673947134580573648, 28.37499999863440792 ) ) ;
#3606 = CARTESIAN_POINT ( 'NONE',  ( 2.474561659161088847E-16, -4.041265874999999674, 21.68749999863441147 ) ) ;
#3607 = FACE_OUTER_BOUND ( 'NONE', #3203, .T. ) ;
#3608 = CARTESIAN_POINT ( 'NONE',  ( -6.000000000000000888, 0.000000000000000000, 0.000000000000000000 ) ) ;
#3609 = CARTESIAN_POINT ( 'NONE',  ( 0.000000000000000000, 0.000000000000000000, 18.00000000000000355 ) ) ;
#3610 = CARTESIAN_POINT ( 'NONE',  ( 3.500000000000000000, 0.000000000000000000, 35.00000000000000000 ) ) ;
#3611 = CARTESIAN_POINT ( 'NONE',  ( 2.857606504790286994, -2.857606504790286994, 22.68749999863440792 ) ) ;
#3612 = FACE_OUTER_BOUND ( 'NONE', #2798, .T. ) ;
#3613 = CARTESIAN_POINT ( 'NONE',  ( 4.041265874999998786, 1.673947134580575868, 21.87499999863441147 ) ) ;
#3614 = CARTESIAN_POINT ( 'NONE',  ( -2.857606504790286994, 2.857606504790286550, 28.31249999863440792 ) ) ;
#3615 = CARTESIAN_POINT ( 'NONE',  ( 1.449747468305833564, -3.500000000000000000, 19.06249999726881583 ) ) ;
#3616 =( BOUNDED_CURVE ( )  B_SPLINE_CURVE ( 2, ( #234, #1572, #1299, #541, #1593, #2170, #3308, #1848, #1366 ),
 .UNSPECIFIED., .F., .F. ) 
 B_SPLINE_CURVE_WITH_KNOTS ( ( 3, 2, 2, 2, 3 ),
 ( 0.4230769230769230727, 0.4326923076923077094, 0.4423076923076922906, 0.4519230769230769273, 0.4615384615384615641 ),
 .UNSPECIFIED. ) 
 CURVE ( )  GEOMETRIC_REPRESENTATION_ITEM ( )  RATIONAL_B_SPLINE_CURVE ( ( 1.000000000000000000, 0.9238795325112867385, 1.000000000000000000, 0.9238795325112867385, 1.000000000000000000, 0.9238795325112867385, 1.000000000000000000, 0.9238795325112867385, 1.000000000000000000 ) ) 
 REPRESENTATION_ITEM ( '' )  );
#3617 = CARTESIAN_POINT ( 'NONE',  ( -1.209813661503294835, 5.876786414010354065, 5.324880677942648965 ) ) ;
#3618 = CARTESIAN_POINT ( 'NONE',  ( 3.500000000000000000, 0.000000000000000000, 21.24999999726881583 ) ) ;
#3619 = CARTESIAN_POINT ( 'NONE',  ( 2.857606504790286994, -2.857606504790286994, 24.81249999863440436 ) ) ;
#3620 = CARTESIAN_POINT ( 'NONE',  ( -6.429395695523603167E-16, 3.500000000000000000, 24.75000000000000000 ) ) ;
#3621 = CARTESIAN_POINT ( 'NONE',  ( 2.857606504790286106, 2.857606504790286994, 18.93749999863440792 ) ) ;
#3622 = CARTESIAN_POINT ( 'NONE',  ( 2.000000000000000000, 0.000000000000000000, 14.00000000000000000 ) ) ;
#3623 = CARTESIAN_POINT ( 'NONE',  ( -4.041265875000000563, 1.673947134580572538, 27.37499999863441147 ) ) ;
#3624 = CARTESIAN_POINT ( 'NONE',  ( 1.449747468305833786, 3.499999999999999556, 28.68750000000000355 ) ) ;
#3625 =( BOUNDED_CURVE ( )  B_SPLINE_CURVE ( 2, ( #3536, #3559, #1497, #1552, #2175, #730, #2439, #2674, #2631 ),
 .UNSPECIFIED., .F., .F. ) 
 B_SPLINE_CURVE_WITH_KNOTS ( ( 3, 2, 2, 2, 3 ),
 ( 0.1923076923076923184, 0.2019230769230769273, 0.2115384615384615363, 0.2211538461538461453, 0.2307692307692307820 ),
 .UNSPECIFIED. ) 
 CURVE ( )  GEOMETRIC_REPRESENTATION_ITEM ( )  RATIONAL_B_SPLINE_CURVE ( ( 1.000000000000000000, 0.9238795325112867385, 1.000000000000000000, 0.9238795325112867385, 1.000000000000000000, 0.9238795325112867385, 1.000000000000000000, 0.9238795325112867385, 1.000000000000000000 ) ) 
 REPRESENTATION_ITEM ( '' )  );
#3626 = LINE ( 'NONE', #1285, #1200 ) ;
#3627 = CARTESIAN_POINT ( 'NONE',  ( -3.500000000000000000, -4.286263797015736595E-16, 19.74999999726881583 ) ) ;
#3628 = EDGE_CURVE ( 'NONE', #2109, #1482, #2196, .T. ) ;
#3629 = CARTESIAN_POINT ( 'NONE',  ( -4.041265875000001451, 1.673947134580572538, 27.24999999863440792 ) ) ;
#3630 = CARTESIAN_POINT ( 'NONE',  ( 4.041265874999999674, 0.000000000000000000, 27.81249999863440792 ) ) ;
#3631 = AXIS2_PLACEMENT_3D ( 'NONE', #1649, #2271, #2773 ) ;
#3632 = CARTESIAN_POINT ( 'NONE',  ( 0.000000000000000000, 0.000000000000000000, 11.00000000000000000 ) ) ;
#3633 = CARTESIAN_POINT ( 'NONE',  ( -5.529060849430086577, 2.334991494243944032, 16.04871595563461284 ) ) ;
#3634 = CARTESIAN_POINT ( 'NONE',  ( 4.041265874999999674, -1.673947134580573426, 29.74999999863440792 ) ) ;
#3635 = CARTESIAN_POINT ( 'NONE',  ( 2.474873734152916782, -2.474873734152916782, 29.37500000000000355 ) ) ;
#3636 = CARTESIAN_POINT ( 'NONE',  ( -5.947773525594147515, 0.8153240918084009303, 16.99787125098463392 ) ) ;
#3637 = CARTESIAN_POINT ( 'NONE',  ( 0.000000000000000000, 0.000000000000000000, 18.00000000000000355 ) ) ;
#3638 = CARTESIAN_POINT ( 'NONE',  ( -2.857606504790286550, -2.857606504790286994, 20.43749999863440792 ) ) ;
#3639 = CARTESIAN_POINT ( 'NONE',  ( 2.857606504790286106, 2.857606504790286994, 18.93749999863440792 ) ) ;
#3640 = CARTESIAN_POINT ( 'NONE',  ( -4.041265874999999674, -4.949123318322177694E-16, 27.43749999863440792 ) ) ;
#3641 = CARTESIAN_POINT ( 'NONE',  ( -5.528967727758239192, -2.335254566339632465, 16.04849773051649464 ) ) ;
#3642 = CARTESIAN_POINT ( 'NONE',  ( -1.449747468305834674, 3.499999999999999556, 18.81250000000000355 ) ) ;
#3643 = CARTESIAN_POINT ( 'NONE',  ( 2.100000000000000089, 2.571758278209441957E-16, 11.00000000000000000 ) ) ;
#3644 = CARTESIAN_POINT ( 'NONE',  ( -4.041265874999999674, -4.949123318322177694E-16, 22.43749999863440792 ) ) ;
#3645 = CARTESIAN_POINT ( 'NONE',  ( -2.857606504790286994, 2.857606504790286550, 21.18749999863441147 ) ) ;
#3646 = CARTESIAN_POINT ( 'NONE',  ( -3.500000000000000000, -4.286263797015736595E-16, 21.00000000000000355 ) ) ;
#3647 = CARTESIAN_POINT ( 'NONE',  ( -2.857606504790286550, -2.857606504790286994, 29.56249999863440792 ) ) ;
#3648 = CARTESIAN_POINT ( 'NONE',  ( 0.000000000000000000, 2.836811590500855740, 12.74999999999999822 ) ) ;
#3649 = CARTESIAN_POINT ( 'NONE',  ( -1.241622648495962711, 3.096595616604122192, 14.16624749090877167 ) ) ;
#3650 = CARTESIAN_POINT ( 'NONE',  ( 3.500000000000000000, 0.000000000000000000, 26.24999999726881583 ) ) ;
#3651 = CARTESIAN_POINT ( 'NONE',  ( -4.041265875000001451, 1.673947134580572538, 25.24999999863440792 ) ) ;
#3652 = CARTESIAN_POINT ( 'NONE',  ( 2.474873734152915894, 2.474873734152917226, 20.62500000000000355 ) ) ;
#3653 = CARTESIAN_POINT ( 'NONE',  ( -5.472673906130421706, 2.462746766644256624, 15.89342361103442869 ) ) ;
#3654 = CARTESIAN_POINT ( 'NONE',  ( 2.857606504790286994, -2.857606504790286994, 29.68749999863440792 ) ) ;
#3655 = CARTESIAN_POINT ( 'NONE',  ( -3.500000000000000000, -1.449747468305833564, 29.06250000000000000 ) ) ;
#3656 = ADVANCED_FACE ( 'NONE', ( #3445 ), #3478, .T. ) ;
#3657 = CARTESIAN_POINT ( 'NONE',  ( 4.041265874999999674, 0.000000000000000000, 19.93749999863440792 ) ) ;
#3658 = CARTESIAN_POINT ( 'NONE',  ( -7.423684977483266541E-16, 4.041265874999999674, 20.06249999863440792 ) ) ;
#3659 = CARTESIAN_POINT ( 'NONE',  ( -4.041265874999999674, -4.949123318322177694E-16, 18.31249999863440792 ) ) ;
#3660 = CARTESIAN_POINT ( 'NONE',  ( -2.086760535183836751, 0.2704906535368022946, 10.90901095278467103 ) ) ;
#3661 = CARTESIAN_POINT ( 'NONE',  ( 1.673947134580574092, 4.041265874999998786, 29.12499999863440792 ) ) ;
#3662 = CARTESIAN_POINT ( 'NONE',  ( 3.500000000000000000, 0.000000000000000000, 30.24999999726881583 ) ) ;
#3663 = CARTESIAN_POINT ( 'NONE',  ( 3.499999999999999556, 1.449747468305835341, 18.56250000000000355 ) ) ;
#3664 = CARTESIAN_POINT ( 'NONE',  ( 2.000000000000000000, 0.000000000000000000, 14.00000000000000000 ) ) ;
ENDSEC;
END-ISO-10303-21;
