ISO-10303-21;
HEADER;
FILE_DESCRIPTION (( 'STEP AP203' ),
    '1' );
FILE_NAME ('楔子改.STEP',
    '2023-05-11T11:14:39',
    ( '' ),
    ( '' ),
    'SwSTEP 2.0',
    'SolidWorks 2020',
    '' );
FILE_SCHEMA (( 'CONFIG_CONTROL_DESIGN' ));
ENDSEC;

DATA;
#1 = FACE_OUTER_BOUND ( 'NONE', #1102, .T. ) ;
#2 = AXIS2_PLACEMENT_3D ( 'NONE', #763, #528, #1211 ) ;
#3 = ORIENTED_EDGE ( 'NONE', *, *, #531, .F. ) ;
#4 = EDGE_CURVE ( 'NONE', #959, #555, #106, .T. ) ;
#5 = CARTESIAN_POINT ( 'NONE',  ( 31.67157287525380482, -14.99999999999999822, 4.336808689942017736E-16 ) ) ;
#6 = ORIENTED_EDGE ( 'NONE', *, *, #36, .T. ) ;
#7 = CARTESIAN_POINT ( 'NONE',  ( 11.09999999999999787, -13.23569293730074214, 4.647452133100645533 ) ) ;
#8 = DIRECTION ( 'NONE',  ( -1.000000000000000000, 0.000000000000000000, 0.000000000000000000 ) ) ;
#9 =( BOUNDED_CURVE ( )  B_SPLINE_CURVE ( 3, ( #612, #1404, #1194, #1394 ),
 .UNSPECIFIED., .F., .F. ) 
 B_SPLINE_CURVE_WITH_KNOTS ( ( 4, 4 ),
 ( 0.5605577184178494043, 1.570796326794896780 ),
 .UNSPECIFIED. ) 
 CURVE ( )  GEOMETRIC_REPRESENTATION_ITEM ( )  RATIONAL_B_SPLINE_CURVE ( ( 1.000000000000000000, 0.9167444986292503373, 0.9167444986292503373, 1.000000000000000000 ) ) 
 REPRESENTATION_ITEM ( '' )  );
#10 = ORIENTED_EDGE ( 'NONE', *, *, #1322, .F. ) ;
#11 = VECTOR ( 'NONE', #1185, 1000.000000000000000 ) ;
#12 = EDGE_CURVE ( 'NONE', #1090, #989, #1020, .T. ) ;
#13 = ORIENTED_EDGE ( 'NONE', *, *, #895, .F. ) ;
#14 = VECTOR ( 'NONE', #1252, 1000.000000000000000 ) ;
#15 = DIRECTION ( 'NONE',  ( -1.085686506869433092E-16, 0.9387834907734438072, 0.3445077030361260451 ) ) ;
#16 = ADVANCED_FACE ( 'NONE', ( #916 ), #818, .T. ) ;
#17 = LINE ( 'NONE', #1152, #839 ) ;
#18 = AXIS2_PLACEMENT_3D ( 'NONE', #1352, #1467, #794 ) ;
#19 = ORIENTED_EDGE ( 'NONE', *, *, #452, .F. ) ;
#20 = EDGE_LOOP ( 'NONE', ( #922, #1344, #1141, #1373, #969 ) ) ;
#21 = CARTESIAN_POINT ( 'NONE',  ( -8.499999999999998224, 13.00000000000000178, 8.000000000000000000 ) ) ;
#22 = DIRECTION ( 'NONE',  ( 0.000000000000000000, 0.000000000000000000, -1.000000000000000000 ) ) ;
#23 = CARTESIAN_POINT ( 'NONE',  ( -18.31608817245556864, -3.502327464410134983, 7.993641738444563494 ) ) ;
#24 = CARTESIAN_POINT ( 'NONE',  ( -30.50000000000000000, 13.00000000000000000, 2.000000000000000000 ) ) ;
#25 = CC_DESIGN_SECURITY_CLASSIFICATION ( #1380, ( #861 ) ) ;
#26 = ORIENTED_EDGE ( 'NONE', *, *, #440, .T. ) ;
#27 = LINE ( 'NONE', #919, #1247 ) ;
#28 = EDGE_CURVE ( 'NONE', #959, #1029, #1046, .T. ) ;
#29 = CARTESIAN_POINT ( 'NONE',  ( -30.50000000000000000, -3.211536423031199572, 8.000000000000000000 ) ) ;
#30 = CARTESIAN_POINT ( 'NONE',  ( -10.46422330721675742, -0.3970578275147442215, 6.388010523429964671 ) ) ;
#31 = CARTESIAN_POINT ( 'NONE',  ( -18.50000000000000355, 13.00000000000000178, 8.000000000000000000 ) ) ;
#32 = ORIENTED_EDGE ( 'NONE', *, *, #4, .T. ) ;
#33 = ORIENTED_EDGE ( 'NONE', *, *, #1035, .F. ) ;
#34 = FACE_OUTER_BOUND ( 'NONE', #1229, .T. ) ;
#35 = CYLINDRICAL_SURFACE ( 'NONE', #1462, 2.000000000000000000 ) ;
#36 = EDGE_CURVE ( 'NONE', #1012, #713, #39, .T. ) ;
#37 = DIRECTION ( 'NONE',  ( 0.000000000000000000, 0.000000000000000000, 1.000000000000000000 ) ) ;
#38 = CARTESIAN_POINT ( 'NONE',  ( -17.77682349769437309, -4.364945632277540177, 7.873844868767373661 ) ) ;
#39 = LINE ( 'NONE', #613, #1279 ) ;
#40 = CARTESIAN_POINT ( 'NONE',  ( -10.49999999999999822, -0.4999999999999923950, 6.102616741129226696 ) ) ;
#41 = DIRECTION ( 'NONE',  ( 1.000000000000000000, 0.000000000000000000, 0.000000000000000000 ) ) ;
#42 = VERTEX_POINT ( 'NONE', #389 ) ;
#43 = ADVANCED_FACE ( 'NONE', ( #499 ), #1161, .T. ) ;
#44 = DIRECTION ( 'NONE',  ( 1.156482317317871478E-16, -1.000000000000000000, 0.000000000000000000 ) ) ;
#45 = PRODUCT_DEFINITION ( '未知', '', #861, #213 ) ;
#46 = AXIS2_PLACEMENT_3D ( 'NONE', #1293, #1074, #1303 ) ;
#47 = CARTESIAN_POINT ( 'NONE',  ( -16.50000000000000000, 15.00000000000000178, 6.000000000000000000 ) ) ;
#48 = LINE ( 'NONE', #364, #980 ) ;
#49 = CARTESIAN_POINT ( 'NONE',  ( 32.50000000000000000, 15.00000000000000000, 2.000000000000000000 ) ) ;
#50 = DIRECTION ( 'NONE',  ( -1.000000000000000000, 0.000000000000000000, 0.000000000000000000 ) ) ;
#51 = CARTESIAN_POINT ( 'NONE',  ( 30.50000000000000000, 13.00000000000000000, 6.000000000000000000 ) ) ;
#52 = EDGE_LOOP ( 'NONE', ( #667, #265, #857, #249, #32, #540, #796, #981, #189, #1117 ) ) ;
#53 = ADVANCED_FACE ( 'NONE', ( #704 ), #1065, .F. ) ;
#54 = B_SPLINE_CURVE_WITH_KNOTS ( 'NONE', 3,
 ( #1177, #805, #1255, #579, #929, #363, #1377, #1289 ),
 .UNSPECIFIED., .F., .F.,
 ( 4, 2, 2, 4 ),
 ( -1.414214283934826581E-05, 0.0004977244847062543614, 0.001009591112251857119, 0.002033324367343062201 ),
 .UNSPECIFIED. ) ;
#55 = CARTESIAN_POINT ( 'NONE',  ( 30.50000000000000000, -15.00000000000000000, 8.000000000000000000 ) ) ;
#56 = PERSON_AND_ORGANIZATION ( #1164, #651 ) ;
#57 = AXIS2_PLACEMENT_3D ( 'NONE', #333, #789, #194 ) ;
#58 = CARTESIAN_POINT ( 'NONE',  ( -10.49999999999999645, -0.4999999999999947820, 6.000000000000000000 ) ) ;
#59 = CARTESIAN_POINT ( 'NONE',  ( 31.56331729012745768, -4.934074938211830741, 7.693917453867218370 ) ) ;
#60 = CARTESIAN_POINT ( 'NONE',  ( -10.12562658871874177, 0.4511793614805098551, 7.171144372314222082 ) ) ;
#61 = EDGE_CURVE ( 'NONE', #999, #1287, #491, .T. ) ;
#62 = DIRECTION ( 'NONE',  ( 0.000000000000000000, 0.000000000000000000, -1.000000000000000000 ) ) ;
#63 = ORIENTED_EDGE ( 'NONE', *, *, #682, .T. ) ;
#64 = ADVANCED_FACE ( 'NONE', ( #1154 ), #622, .T. ) ;
#65 = CARTESIAN_POINT ( 'NONE',  ( 11.09999999999999787, -15.00000000000000000, 8.000000000000000000 ) ) ;
#66 = ADVANCED_FACE ( 'NONE', ( #1040 ), #709, .F. ) ;
#67 = FACE_OUTER_BOUND ( 'NONE', #696, .T. ) ;
#68 = CARTESIAN_POINT ( 'NONE',  ( 13.09999999999999964, -15.00000000000000000, 2.603528282279809591 ) ) ;
#69 = ORIENTED_EDGE ( 'NONE', *, *, #110, .T. ) ;
#70 = VECTOR ( 'NONE', #257, 1000.000000000000000 ) ;
#71 = VERTEX_POINT ( 'NONE', #29 ) ;
#72 = CARTESIAN_POINT ( 'NONE',  ( -13.10000000000000142, -15.00000000000000000, 0.000000000000000000 ) ) ;
#73 =( BOUNDED_CURVE ( )  B_SPLINE_CURVE ( 3, ( #948, #154, #517, #68 ),
 .UNSPECIFIED., .F., .F. ) 
 B_SPLINE_CURVE_WITH_KNOTS ( ( 4, 4 ),
 ( 3.493306989365791537, 4.712388980384689674 ),
 .UNSPECIFIED. ) 
 CURVE ( )  GEOMETRIC_REPRESENTATION_ITEM ( )  RATIONAL_B_SPLINE_CURVE ( ( 1.000000000000000000, 0.8799405868194020153, 0.8799405868194020153, 1.000000000000000000 ) ) 
 REPRESENTATION_ITEM ( '' )  );
#74 =( NAMED_UNIT ( * ) SI_UNIT ( $, .STERADIAN. ) SOLID_ANGLE_UNIT ( ) );
#75 = CARTESIAN_POINT ( 'NONE',  ( 18.50000000000000711, -3.211536423031199572, 8.000000000000000000 ) ) ;
#76 = ORIENTED_EDGE ( 'NONE', *, *, #440, .F. ) ;
#77 = ORIENTED_EDGE ( 'NONE', *, *, #672, .T. ) ;
#78 = CARTESIAN_POINT ( 'NONE',  ( -10.49999999999999467, -15.00000000000000000, 5.899999999999999467 ) ) ;
#79 = CC_DESIGN_APPROVAL ( #204, ( #45 ) ) ;
#80 = AXIS2_PLACEMENT_3D ( 'NONE', #516, #728, #1407 ) ;
#81 = CARTESIAN_POINT ( 'NONE',  ( -30.86580966127647230, -3.791173482790358928, 7.968403981223308286 ) ) ;
#82 = CARTESIAN_POINT ( 'NONE',  ( 10.50000000000000000, -0.5000000000000019984, 6.000000000000000000 ) ) ;
#83 = VECTOR ( 'NONE', #816, 1000.000000000000000 ) ;
#84 = EDGE_LOOP ( 'NONE', ( #1355, #1426, #1440, #376, #1349 ) ) ;
#85 = ORIENTED_EDGE ( 'NONE', *, *, #802, .T. ) ;
#86 = CARTESIAN_POINT ( 'NONE',  ( -8.499999999999998224, 3.038627319029900242, 8.000000000000000000 ) ) ;
#87 = EDGE_CURVE ( 'NONE', #583, #172, #1170, .T. ) ;
#88 = PLANE ( 'NONE',  #280 ) ;
#89 = VECTOR ( 'NONE', #1332, 1000.000000000000000 ) ;
#90 = DIRECTION ( 'NONE',  ( 1.156482317317871725E-16, -1.000000000000000000, 0.000000000000000000 ) ) ;
#91 = VERTEX_POINT ( 'NONE', #59 ) ;
#92 = ORIENTED_EDGE ( 'NONE', *, *, #562, .T. ) ;
#93 = VECTOR ( 'NONE', #232, 1000.000000000000000 ) ;
#94 = CYLINDRICAL_SURFACE ( 'NONE', #852, 2.000000000000001776 ) ;
#95 = PRODUCT_DEFINITION_SHAPE ( 'NONE', 'NONE',  #45 ) ;
#96 = CARTESIAN_POINT ( 'NONE',  ( 31.36746944240073631, -14.99999999999999822, 3.470997724680549901 ) ) ;
#97 = CARTESIAN_POINT ( 'NONE',  ( 18.40879861615875157, -3.355738626751261666, 8.000000000000001776 ) ) ;
#98 = ORIENTED_EDGE ( 'NONE', *, *, #1336, .T. ) ;
#99 = ADVANCED_FACE ( 'NONE', ( #276 ), #507, .F. ) ;
#100 = ORIENTED_EDGE ( 'NONE', *, *, #318, .F. ) ;
#101 = CARTESIAN_POINT ( 'NONE',  ( 16.50000000000000000, 12.05392775016690621, 13.92804688079519337 ) ) ;
#102 = DIRECTION ( 'NONE',  ( -1.000000000000000000, 0.000000000000000000, 0.000000000000000000 ) ) ;
#103 = VECTOR ( 'NONE', #527, 1000.000000000000000 ) ;
#104 = DIRECTION ( 'NONE',  ( -1.494064000279036899E-16, 0.9387834907734438072, 0.3445077030361260451 ) ) ;
#105 = AXIS2_PLACEMENT_3D ( 'NONE', #1014, #557, #1472 ) ;
#106 = LINE ( 'NONE', #554, #880 ) ;
#107 = EDGE_CURVE ( 'NONE', #847, #474, #1266, .T. ) ;
#108 = ORIENTED_EDGE ( 'NONE', *, *, #1367, .F. ) ;
#109 = CARTESIAN_POINT ( 'NONE',  ( -30.50000000000000000, -15.00000000000000000, 2.603528282279809591 ) ) ;
#110 = EDGE_CURVE ( 'NONE', #1012, #894, #140, .T. ) ;
#111 = CARTESIAN_POINT ( 'NONE',  ( -32.50000000000000000, -13.23569293730074037, 4.647452133100645533 ) ) ;
#112 = VERTEX_POINT ( 'NONE', #955 ) ;
#113 = ORIENTED_EDGE ( 'NONE', *, *, #1070, .T. ) ;
#114 = DIRECTION ( 'NONE',  ( 0.000000000000000000, 0.000000000000000000, 1.000000000000000000 ) ) ;
#115 = DATE_AND_TIME ( #1113, #262 ) ;
#116 = EDGE_CURVE ( 'NONE', #183, #438, #1214, .T. ) ;
#117 = ORIENTED_EDGE ( 'NONE', *, *, #1042, .F. ) ;
#118 = AXIS2_PLACEMENT_3D ( 'NONE', #844, #371, #727 ) ;
#119 = VERTEX_POINT ( 'NONE', #162 ) ;
#120 = CARTESIAN_POINT ( 'NONE',  ( -32.07871707649137960, -14.50338139734851062, 4.182245358771189636 ) ) ;
#121 = EDGE_CURVE ( 'NONE', #893, #143, #170, .T. ) ;
#122 = ORIENTED_EDGE ( 'NONE', *, *, #1022, .T. ) ;
#123 = DIRECTION ( 'NONE',  ( 0.000000000000000000, -0.9387834907734438072, -0.3445077030361260451 ) ) ;
#124 = ORIENTED_EDGE ( 'NONE', *, *, #1474, .T. ) ;
#125 = AXIS2_PLACEMENT_3D ( 'NONE', #399, #820, #50 ) ;
#126 = CARTESIAN_POINT ( 'NONE',  ( 11.14123498600179474, -13.46775076764241419, 4.562293296278015831 ) ) ;
#127 = CARTESIAN_POINT ( 'NONE',  ( 10.19631457363911053, 0.2900466738821735890, 7.067772339980824547 ) ) ;
#128 = ORIENTED_EDGE ( 'NONE', *, *, #430, .F. ) ;
#129 = CARTESIAN_POINT ( 'NONE',  ( -32.50000000000000000, -3.073955937986796005, 8.376529931014019326 ) ) ;
#130 = ORIENTED_EDGE ( 'NONE', *, *, #951, .T. ) ;
#131 = LINE ( 'NONE', #1460, #1178 ) ;
#132 = CARTESIAN_POINT ( 'NONE',  ( 0.000000000000000000, -4.100000000000003197, 5.899999999999999467 ) ) ;
#133 = DIRECTION ( 'NONE',  ( -0.000000000000000000, -0.000000000000000000, 1.000000000000000000 ) ) ;
#134 = VECTOR ( 'NONE', #460, 1000.000000000000000 ) ;
#135 = DIRECTION ( 'NONE',  ( -1.156482317317871725E-16, 1.000000000000000000, 0.000000000000000000 ) ) ;
#136 = VERTEX_POINT ( 'NONE', #1388 ) ;
#137 = EDGE_CURVE ( 'NONE', #568, #459, #485, .T. ) ;
#138 = LINE ( 'NONE', #1031, #707 ) ;
#139 = FACE_OUTER_BOUND ( 'NONE', #1050, .T. ) ;
#140 = LINE ( 'NONE', #826, #375 ) ;
#141 = DIRECTION ( 'NONE',  ( 0.000000000000000000, -0.000000000000000000, 1.000000000000000000 ) ) ;
#142 = CARTESIAN_POINT ( 'NONE',  ( 30.50000000000000000, 15.00000000000000000, 2.000000000000000000 ) ) ;
#143 = VERTEX_POINT ( 'NONE', #718 ) ;
#144 = AXIS2_PLACEMENT_3D ( 'NONE', #997, #833, #1422 ) ;
#145 = EDGE_CURVE ( 'NONE', #196, #1243, #915, .T. ) ;
#146 = CARTESIAN_POINT ( 'NONE',  ( 32.50000000000000000, 15.00000000000000000, 8.000000000000000000 ) ) ;
#147 = DIRECTION ( 'NONE',  ( 0.000000000000000000, -1.000000000000000000, 0.000000000000000000 ) ) ;
#148 = DIRECTION ( 'NONE',  ( 1.000000000000000000, 0.000000000000000000, -0.000000000000000000 ) ) ;
#149 = AXIS2_PLACEMENT_3D ( 'NONE', #349, #1221, #1441 ) ;
#150 = B_SPLINE_CURVE_WITH_KNOTS ( 'NONE', 3,
 ( #378, #270, #1369, #348, #1253, #1151, #586, #127, #725, #1175, #239, #478, #693, #577, #470, #920 ),
 .UNSPECIFIED., .F., .F.,
 ( 4, 2, 2, 2, 2, 2, 2, 4 ),
 ( 0.000000000000000000, 0.0003024473856939528089, 0.0006048947713879056177, 0.001209789542775809501, 0.001814684314163713275, 0.002419579085551616833, 0.003629368628327425250, 0.004839158171103234533 ),
 .UNSPECIFIED. ) ;
#151 = EDGE_CURVE ( 'NONE', #518, #71, #511, .T. ) ;
#152 = DIRECTION ( 'NONE',  ( 1.000000000000000000, 0.000000000000000000, -0.000000000000000000 ) ) ;
#153 = DIRECTION ( 'NONE',  ( 0.000000000000000000, 0.000000000000000000, 1.000000000000000000 ) ) ;
#154 = CARTESIAN_POINT ( 'NONE',  ( 11.52128292350862004, -14.50338139734850884, 4.182245358771190524 ) ) ;
#155 = ORIENTED_EDGE ( 'NONE', *, *, #850, .F. ) ;
#156 = DIRECTION ( 'NONE',  ( -1.000000000000000000, 0.000000000000000000, 0.000000000000000000 ) ) ;
#157 = AXIS2_PLACEMENT_3D ( 'NONE', #584, #591, #1166 ) ;
#158 = CARTESIAN_POINT ( 'NONE',  ( 32.37756698154689161, -13.68901540607225087, 4.481095263826697206 ) ) ;
#159 = CYLINDRICAL_SURFACE ( 'NONE', #1103, 2.000000000000000000 ) ;
#160 = LINE ( 'NONE', #736, #905 ) ;
#161 = ADVANCED_FACE ( 'NONE', ( #193 ), #769, .T. ) ;
#162 = CARTESIAN_POINT ( 'NONE',  ( 10.49999999999999822, 15.00000000000000355, 6.000000000000000000 ) ) ;
#163 = CARTESIAN_POINT ( 'NONE',  ( -10.32206088980005276, -0.01436923336521726303, 6.835271264997932583 ) ) ;
#164 = CYLINDRICAL_SURFACE ( 'NONE', #243, 2.000000000000000000 ) ;
#165 = ORIENTED_EDGE ( 'NONE', *, *, #110, .F. ) ;
#166 =( BOUNDED_CURVE ( )  B_SPLINE_CURVE ( 3, ( #964, #1169, #708, #1160 ),
 .UNSPECIFIED., .F., .F. ) 
 B_SPLINE_CURVE_WITH_KNOTS ( ( 4, 4 ),
 ( 3.702150372007640300, 4.712388980384689674 ),
 .UNSPECIFIED. ) 
 CURVE ( )  GEOMETRIC_REPRESENTATION_ITEM ( )  RATIONAL_B_SPLINE_CURVE ( ( 1.000000000000000000, 0.9167444986292500042, 0.9167444986292500042, 1.000000000000000000 ) ) 
 REPRESENTATION_ITEM ( '' )  );
#167 = COORDINATED_UNIVERSAL_TIME_OFFSET ( 8, 0, .AHEAD. ) ;
#168 = LINE ( 'NONE', #621, #266 ) ;
#169 = EDGE_CURVE ( 'NONE', #459, #1078, #982, .T. ) ;
#170 = LINE ( 'NONE', #357, #235 ) ;
#171 = CARTESIAN_POINT ( 'NONE',  ( 30.50000000000000000, 13.00000000000000000, 6.000000000000000000 ) ) ;
#172 = VERTEX_POINT ( 'NONE', #75 ) ;
#173 = APPROVAL_PERSON_ORGANIZATION ( #505, #204, #963 ) ;
#174 = ORIENTED_EDGE ( 'NONE', *, *, #603, .T. ) ;
#175 = CYLINDRICAL_SURFACE ( 'NONE', #1300, 11.09999999999999964 ) ;
#176 = AXIS2_PLACEMENT_3D ( 'NONE', #1037, #147, #1262 ) ;
#177 = APPROVAL_DATE_TIME ( #1193, #1464 ) ;
#178 = VECTOR ( 'NONE', #634, 1000.000000000000000 ) ;
#179 = CARTESIAN_POINT ( 'NONE',  ( 0.000000000000000000, -3.211536423031199572, 3.000000000000000000 ) ) ;
#180 = DIRECTION ( 'NONE',  ( -0.000000000000000000, -0.000000000000000000, -1.000000000000000000 ) ) ;
#181 = LINE ( 'NONE', #284, #178 ) ;
#182 = DIRECTION ( 'NONE',  ( -1.000000000000000000, 0.000000000000000000, 0.000000000000000000 ) ) ;
#183 = VERTEX_POINT ( 'NONE', #208 ) ;
#184 = ORIENTED_EDGE ( 'NONE', *, *, #384, .T. ) ;
#185 = DIRECTION ( 'NONE',  ( -0.000000000000000000, -0.000000000000000000, -1.000000000000000000 ) ) ;
#186 =( LENGTH_UNIT ( ) NAMED_UNIT ( * ) SI_UNIT ( .MILLI., .METRE. ) );
#187 = DIRECTION ( 'NONE',  ( 0.000000000000000000, 0.000000000000000000, 1.000000000000000000 ) ) ;
#188 = ORIENTED_EDGE ( 'NONE', *, *, #452, .T. ) ;
#189 = ORIENTED_EDGE ( 'NONE', *, *, #513, .F. ) ;
#190 = CARTESIAN_POINT ( 'NONE',  ( 30.50000000000000000, -12.99999999999999822, 8.000000000000000000 ) ) ;
#191 = DIRECTION ( 'NONE',  ( -1.000000000000000000, 0.000000000000000000, 0.000000000000000000 ) ) ;
#192 = VECTOR ( 'NONE', #935, 1000.000000000000000 ) ;
#193 = FACE_OUTER_BOUND ( 'NONE', #1465, .T. ) ;
#194 = DIRECTION ( 'NONE',  ( 1.000000000000000000, 0.000000000000000000, -0.000000000000000000 ) ) ;
#195 = VERTEX_POINT ( 'NONE', #1311 ) ;
#196 = VERTEX_POINT ( 'NONE', #1326 ) ;
#197 = EDGE_CURVE ( 'NONE', #534, #374, #883, .T. ) ;
#198 = DIRECTION ( 'NONE',  ( 0.000000000000000000, -0.9387834907734436962, -0.3445077030361260451 ) ) ;
#199 = FACE_OUTER_BOUND ( 'NONE', #1277, .T. ) ;
#200 = AXIS2_PLACEMENT_3D ( 'NONE', #339, #684, #574 ) ;
#201 = VECTOR ( 'NONE', #1265, 1000.000000000000000 ) ;
#202 = EDGE_LOOP ( 'NONE', ( #778, #63, #429 ) ) ;
#203 = ORIENTED_EDGE ( 'NONE', *, *, #1116, .T. ) ;
#204 = APPROVAL ( #403, '未指定' ) ;
#205 = VECTOR ( 'NONE', #1308, 1000.000000000000000 ) ;
#206 = DIRECTION ( 'NONE',  ( 0.000000000000000000, 0.000000000000000000, 1.000000000000000000 ) ) ;
#207 = SECURITY_CLASSIFICATION_LEVEL ( 'unclassified' ) ;
#208 = CARTESIAN_POINT ( 'NONE',  ( -30.50000000000000000, 13.00000000000000000, 0.000000000000000000 ) ) ;
#209 = FACE_OUTER_BOUND ( 'NONE', #288, .T. ) ;
#210 = B_SPLINE_CURVE_WITH_KNOTS ( 'NONE', 3,
 ( #601, #726, #23, #1055, #1291, #38, #944, #817 ),
 .UNSPECIFIED., .F., .F.,
 ( 4, 2, 2, 4 ),
 ( -1.414214283934954144E-05, 0.0004977244847062530604, 0.001009591112251855818, 0.002033324367343060900 ),
 .UNSPECIFIED. ) ;
#211 = EDGE_CURVE ( 'NONE', #416, #332, #1340, .T. ) ;
#212 = EDGE_LOOP ( 'NONE', ( #685, #482, #424, #76 ) ) ;
#213 = DESIGN_CONTEXT ( 'detailed design', #395, 'design' ) ;
#214 = VERTEX_POINT ( 'NONE', #862 ) ;
#215 = VECTOR ( 'NONE', #353, 1000.000000000000000 ) ;
#216 = VECTOR ( 'NONE', #1345, 1000.000000000000000 ) ;
#217 = LINE ( 'NONE', #668, #93 ) ;
#218 = APPROVAL_ROLE ( '' ) ;
#219 = DIRECTION ( 'NONE',  ( -1.000000000000000000, 0.000000000000000000, 0.000000000000000000 ) ) ;
#220 = EDGE_CURVE ( 'NONE', #1165, #214, #267, .T. ) ;
#221 = CARTESIAN_POINT ( 'NONE',  ( -30.50000000000000000, 15.00000000000000000, 2.000000000000000000 ) ) ;
#222 = EDGE_LOOP ( 'NONE', ( #26, #1256, #652, #671, #92, #1191 ) ) ;
#223 = ORIENTED_EDGE ( 'NONE', *, *, #151, .T. ) ;
#224 = CARTESIAN_POINT ( 'NONE',  ( 10.50000000000000178, -14.99999999999999822, 5.899999999999999467 ) ) ;
#225 = ORIENTED_EDGE ( 'NONE', *, *, #248, .F. ) ;
#226 = DIRECTION ( 'NONE',  ( 1.000000000000000000, 0.000000000000000000, -0.000000000000000000 ) ) ;
#227 = VERTEX_POINT ( 'NONE', #398 ) ;
#228 = CARTESIAN_POINT ( 'NONE',  ( 11.09999999999999964, -4.100000000000003197, 0.000000000000000000 ) ) ;
#229 = VECTOR ( 'NONE', #198, 1000.000000000000114 ) ;
#230 = ORIENTED_EDGE ( 'NONE', *, *, #28, .F. ) ;
#231 = EDGE_LOOP ( 'NONE', ( #1200, #414, #742, #1005 ) ) ;
#232 = DIRECTION ( 'NONE',  ( -0.000000000000000000, 1.000000000000000000, -0.000000000000000000 ) ) ;
#233 = ORIENTED_EDGE ( 'NONE', *, *, #1466, .T. ) ;
#234 = CARTESIAN_POINT ( 'NONE',  ( 16.50000000000000000, 15.00000000000000533, 5.899999999999999467 ) ) ;
#235 = VECTOR ( 'NONE', #480, 1000.000000000000000 ) ;
#236 = EDGE_LOOP ( 'NONE', ( #98, #502, #1251, #848 ) ) ;
#237 = EDGE_CURVE ( 'NONE', #422, #583, #523, .T. ) ;
#238 = LINE ( 'NONE', #803, #990 ) ;
#239 = CARTESIAN_POINT ( 'NONE',  ( 9.894900367972613964, 0.9334394787202774380, 7.437878502695804528 ) ) ;
#240 = AXIS2_PLACEMENT_3D ( 'NONE', #870, #1115, #1309 ) ;
#241 = ORIENTED_EDGE ( 'NONE', *, *, #12, .F. ) ;
#242 = ORIENTED_EDGE ( 'NONE', *, *, #611, .F. ) ;
#243 = AXIS2_PLACEMENT_3D ( 'NONE', #142, #615, #1183 ) ;
#244 = FACE_OUTER_BOUND ( 'NONE', #1409, .T. ) ;
#245 = CC_DESIGN_PERSON_AND_ORGANIZATION_ASSIGNMENT ( #971, #860, ( #861 ) ) ;
#246 = CYLINDRICAL_SURFACE ( 'NONE', #144, 2.000000000000001776 ) ;
#247 = DIRECTION ( 'NONE',  ( 1.000000000000000000, 0.000000000000000000, 0.000000000000000000 ) ) ;
#248 = EDGE_CURVE ( 'NONE', #786, #71, #642, .T. ) ;
#249 = ORIENTED_EDGE ( 'NONE', *, *, #1000, .T. ) ;
#250 = CARTESIAN_POINT ( 'NONE',  ( -10.49999999999999822, 15.00000000000000178, 5.899999999999999467 ) ) ;
#251 = CARTESIAN_POINT ( 'NONE',  ( -16.50000000000000000, 15.00000000000000178, 5.899999999999999467 ) ) ;
#252 = EDGE_CURVE ( 'NONE', #344, #629, #314, .T. ) ;
#253 = DIRECTION ( 'NONE',  ( -1.156482317317871725E-16, 1.000000000000000000, -0.000000000000000000 ) ) ;
#254 = CARTESIAN_POINT ( 'NONE',  ( -9.671572875253808377, 14.17157287525380660, 8.000000000000000000 ) ) ;
#255 = CARTESIAN_POINT ( 'NONE',  ( -32.50000000000000000, -13.00000000000000000, 2.000000000000000000 ) ) ;
#256 = ORIENTED_EDGE ( 'NONE', *, *, #788, .F. ) ;
#257 = DIRECTION ( 'NONE',  ( -0.000000000000000000, -0.000000000000000000, 1.000000000000000000 ) ) ;
#258 = EDGE_CURVE ( 'NONE', #359, #1090, #1453, .T. ) ;
#259 = CARTESIAN_POINT ( 'NONE',  ( -30.50000000000000000, -4.100000000000003197, 0.000000000000000000 ) ) ;
#260 = DIRECTION ( 'NONE',  ( 1.156482317317871725E-16, -1.000000000000000000, 0.000000000000000000 ) ) ;
#261 = DIRECTION ( 'NONE',  ( 1.000000000000000000, 0.000000000000000000, -0.000000000000000000 ) ) ;
#262 = LOCAL_TIME ( 19, 14, 39.00000000000000000, #1236 ) ;
#263 = CARTESIAN_POINT ( 'NONE',  ( 10.49999999999999822, 15.00000000000000355, 5.899999999999999467 ) ) ;
#264 = LINE ( 'NONE', #286, #1264 ) ;
#265 = ORIENTED_EDGE ( 'NONE', *, *, #850, .T. ) ;
#266 = VECTOR ( 'NONE', #1272, 1000.000000000000000 ) ;
#267 =( BOUNDED_CURVE ( )  B_SPLINE_CURVE ( 3, ( #529, #1423, #987, #1106 ),
 .UNSPECIFIED., .F., .T. ) 
 B_SPLINE_CURVE_WITH_KNOTS ( ( 4, 4 ),
 ( 1.570796326794897002, 2.789878317813794251 ),
 .UNSPECIFIED. ) 
 CURVE ( )  GEOMETRIC_REPRESENTATION_ITEM ( )  RATIONAL_B_SPLINE_CURVE ( ( 1.000000000000000000, 0.8799405868194020153, 0.8799405868194020153, 1.000000000000000000 ) ) 
 REPRESENTATION_ITEM ( '' )  );
#268 = ORIENTED_EDGE ( 'NONE', *, *, #521, .F. ) ;
#269 = SPHERICAL_SURFACE ( 'NONE', #1348, 2.000000000000000000 ) ;
#270 = CARTESIAN_POINT ( 'NONE',  ( 10.50000000000000355, -0.5000000000000022204, 6.102721267069425082 ) ) ;
#271 = CIRCLE ( 'NONE', #483, 2.000000000000000000 ) ;
#272 = EDGE_CURVE ( 'NONE', #214, #1323, #1389, .T. ) ;
#273 = VECTOR ( 'NONE', #148, 1000.000000000000000 ) ;
#274 = CARTESIAN_POINT ( 'NONE',  ( 0.000000000000000000, -3.211536423031199572, 8.000000000000000000 ) ) ;
#275 = CARTESIAN_POINT ( 'NONE',  ( 11.09999999999999787, -13.00000000000000000, 4.733944954128443072 ) ) ;
#276 = FACE_OUTER_BOUND ( 'NONE', #212, .T. ) ;
#277 = LINE ( 'NONE', #366, #360 ) ;
#278 = ORIENTED_EDGE ( 'NONE', *, *, #423, .F. ) ;
#279 = LINE ( 'NONE', #1174, #660 ) ;
#280 = AXIS2_PLACEMENT_3D ( 'NONE', #776, #1196, #972 ) ;
#281 = ADVANCED_FACE ( 'NONE', ( #748 ), #88, .F. ) ;
#282 = CYLINDRICAL_SURFACE ( 'NONE', #1099, 5.000000000000000000 ) ;
#283 = DIRECTION ( 'NONE',  ( 1.000000000000000000, -1.591489427501658636E-16, 0.000000000000000000 ) ) ;
#284 = CARTESIAN_POINT ( 'NONE',  ( 11.09999999999999964, -4.100000000000004974, 0.000000000000000000 ) ) ;
#285 = VECTOR ( 'NONE', #433, 1000.000000000000000 ) ;
#286 = CARTESIAN_POINT ( 'NONE',  ( -32.50000000000000000, 13.00000000000000000, 8.000000000000000000 ) ) ;
#287 = ORIENTED_EDGE ( 'NONE', *, *, #722, .T. ) ;
#288 = EDGE_LOOP ( 'NONE', ( #1228, #1100, #1434, #1428 ) ) ;
#289 = CARTESIAN_POINT ( 'NONE',  ( 17.32842712474619162, 14.17157287525380660, 8.000000000000000000 ) ) ;
#290 = CALENDAR_DATE ( 2023, 11, 5 ) ;
#291 = CARTESIAN_POINT ( 'NONE',  ( -11.14123498600179474, -13.46775076764241241, 4.562293296278014942 ) ) ;
#292 = DIRECTION ( 'NONE',  ( -1.000000000000000000, 0.000000000000000000, -0.000000000000000000 ) ) ;
#293 = LINE ( 'NONE', #730, #1199 ) ;
#294 = ORIENTED_EDGE ( 'NONE', *, *, #258, .T. ) ;
#295 = APPROVAL_PERSON_ORGANIZATION ( #1445, #1464, #396 ) ;
#296 = EDGE_LOOP ( 'NONE', ( #203, #1410, #590, #1023 ) ) ;
#297 = CARTESIAN_POINT ( 'NONE',  ( -32.50000000000000000, 13.00000000000000000, 2.000000000000000000 ) ) ;
#298 = VECTOR ( 'NONE', #1305, 1000.000000000000000 ) ;
#299 = CARTESIAN_POINT ( 'NONE',  ( -11.09999999999999787, -13.00000000000000000, 4.733944954128443072 ) ) ;
#300 = EDGE_LOOP ( 'NONE', ( #886, #902, #1470, #932, #10 ) ) ;
#301 = ADVANCED_FACE ( 'NONE', ( #67 ), #514, .F. ) ;
#302 = ORIENTED_EDGE ( 'NONE', *, *, #169, .F. ) ;
#303 = CARTESIAN_POINT ( 'NONE',  ( 0.000000000000000000, -4.100000000000003197, 5.899999999999999467 ) ) ;
#304 = DIRECTION ( 'NONE',  ( 0.000000000000000000, 1.000000000000000000, -8.673617379884034486E-16 ) ) ;
#305 = DATE_TIME_ROLE ( 'creation_date' ) ;
#306 = CARTESIAN_POINT ( 'NONE',  ( -32.50000000000000000, -3.073955937986796005, 8.376529931014019326 ) ) ;
#307 = CARTESIAN_POINT ( 'NONE',  ( 18.04403015375796926, -3.934963814056577913, 7.949528458561508693 ) ) ;
#308 = EDGE_CURVE ( 'NONE', #183, #1001, #1150, .T. ) ;
#309 = ORIENTED_EDGE ( 'NONE', *, *, #87, .T. ) ;
#310 = ORIENTED_EDGE ( 'NONE', *, *, #362, .T. ) ;
#311 = FACE_OUTER_BOUND ( 'NONE', #1184, .T. ) ;
#312 = EDGE_CURVE ( 'NONE', #673, #629, #27, .T. ) ;
#313 = CARTESIAN_POINT ( 'NONE',  ( 30.50000000000000000, 13.00000000000000178, 6.000000000000000000 ) ) ;
#314 = LINE ( 'NONE', #320, #1054 ) ;
#315 = DIRECTION ( 'NONE',  ( 0.000000000000000000, -0.9387834907734438072, -0.3445077030361260451 ) ) ;
#316 = ORIENTED_EDGE ( 'NONE', *, *, #12, .T. ) ;
#317 = ORIENTED_EDGE ( 'NONE', *, *, #672, .F. ) ;
#318 = EDGE_CURVE ( 'NONE', #112, #847, #714, .T. ) ;
#319 = CARTESIAN_POINT ( 'NONE',  ( -32.37756698154689161, -13.68901540607225087, 4.481095263826697206 ) ) ;
#320 = CARTESIAN_POINT ( 'NONE',  ( -16.50000000000000000, 15.00000000000000000, 6.000000000000000000 ) ) ;
#321 = CARTESIAN_POINT ( 'NONE',  ( -32.50000000000000000, -3.073955937986796005, 8.376529931014019326 ) ) ;
#322 = VECTOR ( 'NONE', #1353, 1000.000000000000000 ) ;
#323 = ORIENTED_EDGE ( 'NONE', *, *, #1336, .F. ) ;
#324 = EDGE_LOOP ( 'NONE', ( #1418, #1297, #545, #1435 ) ) ;
#325 = AXIS2_PLACEMENT_3D ( 'NONE', #303, #1209, #409 ) ;
#326 = CARTESIAN_POINT ( 'NONE',  ( -11.09999999999999964, -4.100000000000004974, 5.899999999999999467 ) ) ;
#327 = ADVANCED_FACE ( 'NONE', ( #244 ), #1392, .T. ) ;
#328 = CARTESIAN_POINT ( 'NONE',  ( 16.50000000000000355, -9.822499999999994458, 5.900000000000000355 ) ) ;
#329 = DIRECTION ( 'NONE',  ( 0.000000000000000000, 0.000000000000000000, -1.000000000000000000 ) ) ;
#330 = ORIENTED_EDGE ( 'NONE', *, *, #272, .F. ) ;
#331 = EDGE_CURVE ( 'NONE', #1001, #1463, #238, .T. ) ;
#332 = VERTEX_POINT ( 'NONE', #699 ) ;
#333 = CARTESIAN_POINT ( 'NONE',  ( 0.000000000000000000, -4.100000000000003197, 8.000000000000000000 ) ) ;
#334 = ORIENTED_EDGE ( 'NONE', *, *, #1294, .T. ) ;
#335 = ORIENTED_EDGE ( 'NONE', *, *, #832, .T. ) ;
#336 = FACE_OUTER_BOUND ( 'NONE', #637, .T. ) ;
#337 = AXIS2_PLACEMENT_3D ( 'NONE', #224, #421, #90 ) ;
#338 = EDGE_LOOP ( 'NONE', ( #334, #1241, #1342 ) ) ;
#339 = CARTESIAN_POINT ( 'NONE',  ( -30.50000000000000000, -13.00000000000000000, 8.000000000000000000 ) ) ;
#340 = EDGE_LOOP ( 'NONE', ( #188, #665, #489, #401 ) ) ;
#341 = ADVANCED_FACE ( 'NONE', ( #1043 ), #484, .F. ) ;
#342 = DIRECTION ( 'NONE',  ( -0.000000000000000000, -0.000000000000000000, -1.000000000000000000 ) ) ;
#343 = AXIS2_PLACEMENT_3D ( 'NONE', #146, #219, #1375 ) ;
#344 = VERTEX_POINT ( 'NONE', #1142 ) ;
#345 = EDGE_CURVE ( 'NONE', #91, #451, #131, .T. ) ;
#346 = ORIENTED_EDGE ( 'NONE', *, *, #331, .T. ) ;
#347 = CARTESIAN_POINT ( 'NONE',  ( 0.000000000000000000, 13.00000000000000178, 0.000000000000000000 ) ) ;
#348 = CARTESIAN_POINT ( 'NONE',  ( 10.46436401407534156, -0.3974555639551379804, 6.387361151496889988 ) ) ;
#349 = CARTESIAN_POINT ( 'NONE',  ( 0.000000000000000000, -3.211536423031199572, 3.000000000000000000 ) ) ;
#350 = ORIENTED_EDGE ( 'NONE', *, *, #272, .T. ) ;
#351 = PLANE ( 'NONE',  #931 ) ;
#352 = ORIENTED_EDGE ( 'NONE', *, *, #1374, .T. ) ;
#353 = DIRECTION ( 'NONE',  ( -1.000000000000000000, 0.000000000000000000, 0.000000000000000000 ) ) ;
#354 = FACE_OUTER_BOUND ( 'NONE', #968, .T. ) ;
#355 = EDGE_CURVE ( 'NONE', #894, #568, #567, .T. ) ;
#356 =( GEOMETRIC_REPRESENTATION_CONTEXT ( 3 ) GLOBAL_UNCERTAINTY_ASSIGNED_CONTEXT ( ( #533 ) ) GLOBAL_UNIT_ASSIGNED_CONTEXT ( ( #186, #640, #74 ) ) REPRESENTATION_CONTEXT ( 'NONE', 'WORKASPACE' ) );
#357 = CARTESIAN_POINT ( 'NONE',  ( 32.50000000000000000, 15.00000000000000000, 6.000000000000000000 ) ) ;
#358 = CARTESIAN_POINT ( 'NONE',  ( 32.50000000000000000, -12.99999999999999822, 2.000000000000000000 ) ) ;
#359 = VERTEX_POINT ( 'NONE', #328 ) ;
#360 = VECTOR ( 'NONE', #821, 1000.000000000000000 ) ;
#361 = DIRECTION ( 'NONE',  ( 0.000000000000000000, -0.000000000000000000, 1.000000000000000000 ) ) ;
#362 = EDGE_CURVE ( 'NONE', #1323, #560, #576, .T. ) ;
#363 = CARTESIAN_POINT ( 'NONE',  ( 31.22317650230563046, -4.364945632277538401, 7.873844868767373661 ) ) ;
#364 = CARTESIAN_POINT ( 'NONE',  ( -11.09999999999999964, -4.100000000000004974, 0.000000000000000000 ) ) ;
#365 = DIRECTION ( 'NONE',  ( 0.000000000000000000, 0.000000000000000000, 1.000000000000000000 ) ) ;
#366 = CARTESIAN_POINT ( 'NONE',  ( -32.50000000000000000, 15.00000000000000000, 2.000000000000000000 ) ) ;
#367 = ORIENTED_EDGE ( 'NONE', *, *, #197, .F. ) ;
#368 = EDGE_CURVE ( 'NONE', #42, #518, #138, .T. ) ;
#369 = CARTESIAN_POINT ( 'NONE',  ( -11.09999999999999787, -13.00000000000000000, 8.000000000000000000 ) ) ;
#370 = CARTESIAN_POINT ( 'NONE',  ( 31.56331729012745768, -4.934074938211830741, 7.693917453867218370 ) ) ;
#371 = DIRECTION ( 'NONE',  ( -1.000000000000000000, -1.156482317317871725E-16, 0.000000000000000000 ) ) ;
#372 = CARTESIAN_POINT ( 'NONE',  ( 30.50000000000000000, -15.00000000000000000, 2.603528282279809591 ) ) ;
#373 = CARTESIAN_POINT ( 'NONE',  ( 32.50000000000000000, 13.00000000000000000, 2.000000000000000000 ) ) ;
#374 = VERTEX_POINT ( 'NONE', #781 ) ;
#375 = VECTOR ( 'NONE', #966, 999.9999999999998863 ) ;
#376 = ORIENTED_EDGE ( 'NONE', *, *, #1339, .F. ) ;
#377 = CARTESIAN_POINT ( 'NONE',  ( 0.000000000000000000, 0.000000000000000000, 5.899999999999999467 ) ) ;
#378 = CARTESIAN_POINT ( 'NONE',  ( 10.50000000000000000, -0.5000000000000022204, 6.000000000000000000 ) ) ;
#379 = CARTESIAN_POINT ( 'NONE',  ( 30.50000000000000000, 15.00000000000000000, 8.000000000000000000 ) ) ;
#380 = DIRECTION ( 'NONE',  ( 0.000000000000000000, 1.000000000000000000, -0.000000000000000000 ) ) ;
#381 = CARTESIAN_POINT ( 'NONE',  ( -10.37866605825671051, -0.1617523259605297137, 6.704567549445865637 ) ) ;
#382 = DIRECTION ( 'NONE',  ( 0.000000000000000000, 0.000000000000000000, 1.000000000000000000 ) ) ;
#383 = VERTEX_POINT ( 'NONE', #21 ) ;
#384 = EDGE_CURVE ( 'NONE', #1060, #1246, #477, .T. ) ;
#385 = EDGE_LOOP ( 'NONE', ( #617, #1129, #1314, #230 ) ) ;
#386 = CARTESIAN_POINT ( 'NONE',  ( -8.499999999999994671, -15.00000000000000000, 6.000000000000000000 ) ) ;
#387 = CIRCLE ( 'NONE', #1047, 2.000000000000000000 ) ;
#388 = CYLINDRICAL_SURFACE ( 'NONE', #1360, 2.000000000000001776 ) ;
#389 = CARTESIAN_POINT ( 'NONE',  ( -17.43668270987254232, -4.934074938211829853, 7.693917453867218370 ) ) ;
#390 = CARTESIAN_POINT ( 'NONE',  ( -10.19583545403315483, 0.2911569282243921530, 7.068515832879591620 ) ) ;
#391 = CARTESIAN_POINT ( 'NONE',  ( 0.000000000000000000, -9.822500000000001563, 5.899999999999999467 ) ) ;
#392 = ORIENTED_EDGE ( 'NONE', *, *, #608, .T. ) ;
#393 = ORIENTED_EDGE ( 'NONE', *, *, #1474, .F. ) ;
#394 = CARTESIAN_POINT ( 'NONE',  ( 16.50000000000000000, 15.00000000000000533, 5.899999999999999467 ) ) ;
#395 = APPLICATION_CONTEXT ( 'configuration controlled 3d designs of mechanical parts and assemblies' ) ;
#396 = APPROVAL_ROLE ( '' ) ;
#397 = CARTESIAN_POINT ( 'NONE',  ( 32.50000000000000000, -9.550000000000002487, 5.999999999999999112 ) ) ;
#398 = CARTESIAN_POINT ( 'NONE',  ( -30.50000000000000000, 15.00000000000000000, 2.000000000000000000 ) ) ;
#399 = CARTESIAN_POINT ( 'NONE',  ( 30.50000000000000000, 13.00000000000000000, 2.000000000000000000 ) ) ;
#400 = DIRECTION ( 'NONE',  ( 1.000000000000000000, 0.000000000000000000, 0.000000000000000000 ) ) ;
#401 = ORIENTED_EDGE ( 'NONE', *, *, #121, .F. ) ;
#402 = CARTESIAN_POINT ( 'NONE',  ( -10.49999999999999822, 15.00000000000000178, 5.899999999999999467 ) ) ;
#403 = APPROVAL_STATUS ( 'not_yet_approved' ) ;
#404 = EDGE_CURVE ( 'NONE', #1083, #786, #813, .T. ) ;
#405 = CARTESIAN_POINT ( 'NONE',  ( -31.22317650230561981, -4.364945632277537513, 7.873844868767375438 ) ) ;
#406 = CARTESIAN_POINT ( 'NONE',  ( 30.50000000000000000, 13.00000000000000000, 2.000000000000000000 ) ) ;
#407 = VERTEX_POINT ( 'NONE', #925 ) ;
#408 = ORIENTED_EDGE ( 'NONE', *, *, #654, .F. ) ;
#409 = DIRECTION ( 'NONE',  ( -1.000000000000000000, 0.000000000000000000, 0.000000000000000000 ) ) ;
#410 = EDGE_CURVE ( 'NONE', #449, #673, #1278, .T. ) ;
#411 = AXIS2_PLACEMENT_3D ( 'NONE', #1347, #1003, #329 ) ;
#412 = CARTESIAN_POINT ( 'NONE',  ( 16.50000000000000000, 13.00000000000000178, 8.000000000000000000 ) ) ;
#413 = CARTESIAN_POINT ( 'NONE',  ( -32.50000000000000000, -13.00000000000000178, 4.733944954128440408 ) ) ;
#414 = ORIENTED_EDGE ( 'NONE', *, *, #404, .F. ) ;
#415 = EDGE_CURVE ( 'NONE', #449, #1029, #669, .T. ) ;
#416 = VERTEX_POINT ( 'NONE', #1261 ) ;
#417 = DIRECTION ( 'NONE',  ( 0.000000000000000000, 0.000000000000000000, -1.000000000000000000 ) ) ;
#418 = VECTOR ( 'NONE', #979, 1000.000000000000000 ) ;
#419 = CARTESIAN_POINT ( 'NONE',  ( 30.50000000000000000, 15.00000000000000000, 2.000000000000000000 ) ) ;
#420 = DIRECTION ( 'NONE',  ( -0.000000000000000000, -1.000000000000000000, -0.000000000000000000 ) ) ;
#421 = DIRECTION ( 'NONE',  ( -1.000000000000000000, -1.156482317317871725E-16, 0.000000000000000000 ) ) ;
#422 = VERTEX_POINT ( 'NONE', #1384 ) ;
#423 = EDGE_CURVE ( 'NONE', #344, #1207, #445, .T. ) ;
#424 = ORIENTED_EDGE ( 'NONE', *, *, #384, .F. ) ;
#425 = DIRECTION ( 'NONE',  ( -1.000000000000000000, 0.000000000000000000, 0.000000000000000000 ) ) ;
#426 = DATE_AND_TIME ( #1087, #885 ) ;
#427 = CARTESIAN_POINT ( 'NONE',  ( -30.50000000000000000, -3.211536423031199572, 8.000000000000000000 ) ) ;
#428 = PLANE ( 'NONE',  #774 ) ;
#429 = ORIENTED_EDGE ( 'NONE', *, *, #1022, .F. ) ;
#430 = EDGE_CURVE ( 'NONE', #1287, #534, #1231, .T. ) ;
#431 = ORIENTED_EDGE ( 'NONE', *, *, #783, .T. ) ;
#432 = AXIS2_PLACEMENT_3D ( 'NONE', #986, #1317, #1094 ) ;
#433 = DIRECTION ( 'NONE',  ( -1.156482317317871725E-16, 1.000000000000000000, -0.000000000000000000 ) ) ;
#434 = CARTESIAN_POINT ( 'NONE',  ( -32.50000000000000000, 13.00000000000000178, 8.000000000000000000 ) ) ;
#435 = LINE ( 'NONE', #782, #867 ) ;
#436 = AXIS2_PLACEMENT_3D ( 'NONE', #604, #1396, #595 ) ;
#437 = ADVANCED_FACE ( 'NONE', ( #1368 ), #1061, .F. ) ;
#438 = VERTEX_POINT ( 'NONE', #297 ) ;
#439 = VERTEX_POINT ( 'NONE', #849 ) ;
#440 = EDGE_CURVE ( 'NONE', #673, #1060, #1203, .T. ) ;
#441 = DIRECTION ( 'NONE',  ( 1.000000000000000000, -0.000000000000000000, -0.000000000000000000 ) ) ;
#442 = CARTESIAN_POINT ( 'NONE',  ( 32.50000000000000000, -13.00000000000000178, 4.733944954128440408 ) ) ;
#443 = DIRECTION ( 'NONE',  ( -0.000000000000000000, -0.000000000000000000, -1.000000000000000000 ) ) ;
#444 = ORIENTED_EDGE ( 'NONE', *, *, #677, .F. ) ;
#445 = CIRCLE ( 'NONE', #1275, 2.000000000000001776 ) ;
#446 = CARTESIAN_POINT ( 'NONE',  ( 30.50000000000000000, 13.00000000000000000, 2.000000000000000000 ) ) ;
#447 = PERSON_AND_ORGANIZATION_ROLE ( 'design_supplier' ) ;
#448 = AXIS2_PLACEMENT_3D ( 'NONE', #1395, #1057, #152 ) ;
#449 = VERTEX_POINT ( 'NONE', #402 ) ;
#450 = CARTESIAN_POINT ( 'NONE',  ( 30.50000000000000000, -15.00000000000000000, 0.000000000000000000 ) ) ;
#451 = VERTEX_POINT ( 'NONE', #495 ) ;
#452 = EDGE_CURVE ( 'NONE', #893, #583, #1283, .T. ) ;
#453 = FACE_OUTER_BOUND ( 'NONE', #1306, .T. ) ;
#454 = DATE_TIME_ROLE ( 'classification_date' ) ;
#455 = EDGE_CURVE ( 'NONE', #1463, #1078, #638, .T. ) ;
#456 = ORIENTED_EDGE ( 'NONE', *, *, #1056, .T. ) ;
#457 = VECTOR ( 'NONE', #1439, 1000.000000000000000 ) ;
#458 = CIRCLE ( 'NONE', #1292, 2.000000000000000000 ) ;
#459 = VERTEX_POINT ( 'NONE', #1299 ) ;
#460 = DIRECTION ( 'NONE',  ( 0.000000000000000000, 0.000000000000000000, -1.000000000000000000 ) ) ;
#461 = MANIFOLD_SOLID_BREP ( '圆角2', #1138 ) ;
#462 = CARTESIAN_POINT ( 'NONE',  ( 32.45876501399819603, -13.46775076764241241, 4.562293296278014942 ) ) ;
#463 = PERSON_AND_ORGANIZATION_ROLE ( 'classification_officer' ) ;
#464 = CARTESIAN_POINT ( 'NONE',  ( 10.49999999999999822, 15.00000000000000355, 5.899999999999999467 ) ) ;
#465 = CARTESIAN_POINT ( 'NONE',  ( 0.000000000000000000, -4.100000000000003197, 8.000000000000000000 ) ) ;
#466 =( BOUNDED_CURVE ( )  B_SPLINE_CURVE ( 3, ( #810, #702, #1271, #1280 ),
 .UNSPECIFIED., .F., .T. ) 
 B_SPLINE_CURVE_WITH_KNOTS ( ( 4, 4 ),
 ( 0.000000000000000000, 1.570796326794896558 ),
 .UNSPECIFIED. ) 
 CURVE ( )  GEOMETRIC_REPRESENTATION_ITEM ( )  RATIONAL_B_SPLINE_CURVE ( ( 1.000000000000000000, 0.8047378541243649375, 0.8047378541243649375, 1.000000000000000000 ) ) 
 REPRESENTATION_ITEM ( '' )  );
#467 = ORIENTED_EDGE ( 'NONE', *, *, #455, .F. ) ;
#468 = ADVANCED_FACE ( 'NONE', ( #1084 ), #175, .F. ) ;
#469 = DIRECTION ( 'NONE',  ( -0.000000000000000000, 0.000000000000000000, -1.000000000000000000 ) ) ;
#470 = CARTESIAN_POINT ( 'NONE',  ( 8.760241842387745947, 2.728756028452923310, 8.000000000000003553 ) ) ;
#471 = VECTOR ( 'NONE', #1451, 1000.000000000000000 ) ;
#472 = ORIENTED_EDGE ( 'NONE', *, *, #1210, .T. ) ;
#473 = DIRECTION ( 'NONE',  ( 0.000000000000000000, 0.000000000000000000, -1.000000000000000000 ) ) ;
#474 = VERTEX_POINT ( 'NONE', #72 ) ;
#475 = EDGE_CURVE ( 'NONE', #143, #1456, #279, .T. ) ;
#476 =( BOUNDED_CURVE ( )  B_SPLINE_CURVE ( 3, ( #710, #1171, #1162, #936 ),
 .UNSPECIFIED., .F., .F. ) 
 B_SPLINE_CURVE_WITH_KNOTS ( ( 4, 4 ),
 ( 0.000000000000000000, 1.570796326794896114 ),
 .UNSPECIFIED. ) 
 CURVE ( )  GEOMETRIC_REPRESENTATION_ITEM ( )  RATIONAL_B_SPLINE_CURVE ( ( 1.000000000000000000, 0.8047378541243650485, 0.8047378541243650485, 1.000000000000000000 ) ) 
 REPRESENTATION_ITEM ( '' )  );
#477 = LINE ( 'NONE', #1002, #515 ) ;
#478 = CARTESIAN_POINT ( 'NONE',  ( 9.633722019677517068, 1.426270456624277427, 7.663622818561274919 ) ) ;
#479 = CARTESIAN_POINT ( 'NONE',  ( -16.50000000000000000, -7.632112242297811378, 6.703812021175115099 ) ) ;
#480 = DIRECTION ( 'NONE',  ( 1.000000000000000000, -0.000000000000000000, -0.000000000000000000 ) ) ;
#481 = EDGE_CURVE ( 'NONE', #559, #1083, #970, .T. ) ;
#482 = ORIENTED_EDGE ( 'NONE', *, *, #1339, .T. ) ;
#483 = AXIS2_PLACEMENT_3D ( 'NONE', #171, #1076, #62 ) ;
#484 = PLANE ( 'NONE',  #343 ) ;
#485 = LINE ( 'NONE', #1282, #1066 ) ;
#486 = CARTESIAN_POINT ( 'NONE',  ( 11.09999999999999787, -9.822500000000001563, 5.899999999999999467 ) ) ;
#487 = CYLINDRICAL_SURFACE ( 'NONE', #553, 2.000000000000000000 ) ;
#488 = ORIENTED_EDGE ( 'NONE', *, *, #1254, .F. ) ;
#489 = ORIENTED_EDGE ( 'NONE', *, *, #1294, .F. ) ;
#490 = CARTESIAN_POINT ( 'NONE',  ( 32.50000000000000000, 13.00000000000000000, 6.000000000000000000 ) ) ;
#491 = LINE ( 'NONE', #49, #646 ) ;
#492 = CARTESIAN_POINT ( 'NONE',  ( -10.49183772211767263, -0.4760392705194921859, 6.203243340985664211 ) ) ;
#493 = LINE ( 'NONE', #391, #298 ) ;
#494 = ORIENTED_EDGE ( 'NONE', *, *, #318, .T. ) ;
#495 = CARTESIAN_POINT ( 'NONE',  ( 17.43668270987255298, -4.934074938211828076, 7.693917453867220146 ) ) ;
#496 = LINE ( 'NONE', #259, #1028 ) ;
#497 = CARTESIAN_POINT ( 'NONE',  ( -16.84058297641749391, -5.953736544856094604, 7.319729708309688831 ) ) ;
#498 = EDGE_CURVE ( 'NONE', #1165, #112, #977, .T. ) ;
#499 = FACE_OUTER_BOUND ( 'NONE', #84, .T. ) ;
#500 = CARTESIAN_POINT ( 'NONE',  ( -10.49999999999999822, 15.00000000000000178, 6.000000000000000000 ) ) ;
#501 = CARTESIAN_POINT ( 'NONE',  ( 13.09999999999999964, -15.00000000000000000, 8.000000000000000000 ) ) ;
#502 = ORIENTED_EDGE ( 'NONE', *, *, #455, .T. ) ;
#503 = CARTESIAN_POINT ( 'NONE',  ( -10.49999999999999645, -0.4999999999999947820, 5.899999999999999467 ) ) ;
#504 = VECTOR ( 'NONE', #1011, 1000.000000000000000 ) ;
#505 = PERSON_AND_ORGANIZATION ( #1164, #651 ) ;
#506 = FACE_OUTER_BOUND ( 'NONE', #1350, .T. ) ;
#507 = PLANE ( 'NONE',  #118 ) ;
#508 = LINE ( 'NONE', #1416, #1077 ) ;
#509 = FACE_OUTER_BOUND ( 'NONE', #1378, .T. ) ;
#510 = ORIENTED_EDGE ( 'NONE', *, *, #137, .F. ) ;
#511 = B_SPLINE_CURVE_WITH_KNOTS ( 'NONE', 3,
 ( #1226, #1438, #405, #875, #81, #1446, #633, #427 ),
 .UNSPECIFIED., .F., .F.,
 ( 4, 2, 2, 4 ),
 ( 8.673617379884035472E-19, 0.001023733255091206816, 0.001535599882636808598, 0.002047466510182410597 ),
 .UNSPECIFIED. ) ;
#512 = CARTESIAN_POINT ( 'NONE',  ( -16.50000000000000000, 15.00000000000000178, 5.899999999999999467 ) ) ;
#513 = EDGE_CURVE ( 'NONE', #713, #689, #1419, .T. ) ;
#514 = PLANE ( 'NONE',  #1301 ) ;
#515 = VECTOR ( 'NONE', #15, 999.9999999999998863 ) ;
#516 = CARTESIAN_POINT ( 'NONE',  ( 0.000000000000000000, 13.00000000000000178, 6.000000000000000000 ) ) ;
#517 = CARTESIAN_POINT ( 'NONE',  ( 12.23253055759925978, -15.00000000000000000, 3.470997724680550789 ) ) ;
#518 = VERTEX_POINT ( 'NONE', #859 ) ;
#519 = ORIENTED_EDGE ( 'NONE', *, *, #368, .T. ) ;
#520 = DIRECTION ( 'NONE',  ( 0.000000000000000000, 0.000000000000000000, -1.000000000000000000 ) ) ;
#521 = EDGE_CURVE ( 'NONE', #713, #195, #1149, .T. ) ;
#522 =( BOUNDED_CURVE ( )  B_SPLINE_CURVE ( 3, ( #937, #856, #974, #31 ),
 .UNSPECIFIED., .F., .F. ) 
 B_SPLINE_CURVE_WITH_KNOTS ( ( 4, 4 ),
 ( 0.000000000000000000, 1.570796326794896558 ),
 .UNSPECIFIED. ) 
 CURVE ( )  GEOMETRIC_REPRESENTATION_ITEM ( )  RATIONAL_B_SPLINE_CURVE ( ( 1.000000000000000000, 0.8047378541243649375, 0.8047378541243649375, 1.000000000000000000 ) ) 
 REPRESENTATION_ITEM ( '' )  );
#523 = LINE ( 'NONE', #412, #662 ) ;
#524 = ADVANCED_FACE ( 'NONE', ( #34 ), #598, .F. ) ;
#525 = ORIENTED_EDGE ( 'NONE', *, *, #513, .T. ) ;
#526 = ORIENTED_EDGE ( 'NONE', *, *, #531, .T. ) ;
#527 = DIRECTION ( 'NONE',  ( -1.156482317317871478E-16, 1.000000000000000000, 0.000000000000000000 ) ) ;
#528 = DIRECTION ( 'NONE',  ( 0.000000000000000000, 1.000000000000000000, 0.000000000000000000 ) ) ;
#529 = CARTESIAN_POINT ( 'NONE',  ( -13.09999999999999964, -15.00000000000000000, 2.603528282279809591 ) ) ;
#530 = LINE ( 'NONE', #1219, #504 ) ;
#531 = EDGE_CURVE ( 'NONE', #1090, #893, #761, .T. ) ;
#532 = ORIENTED_EDGE ( 'NONE', *, *, #475, .T. ) ;
#533 = UNCERTAINTY_MEASURE_WITH_UNIT (LENGTH_MEASURE( 1.000000000000000082E-05 ), #186, 'distance_accuracy_value', 'NONE');
#534 = VERTEX_POINT ( 'NONE', #490 ) ;
#535 = DIRECTION ( 'NONE',  ( 0.000000000000000000, 8.673617379884035472E-16, 1.000000000000000000 ) ) ;
#536 = MECHANICAL_CONTEXT ( 'NONE', #906, 'mechanical' ) ;
#537 = CARTESIAN_POINT ( 'NONE',  ( -11.09999999999999787, -13.23569293730074214, 4.647452133100645533 ) ) ;
#538 = DIRECTION ( 'NONE',  ( 0.000000000000000000, -1.000000000000000000, 0.000000000000000000 ) ) ;
#539 = ADVANCED_FACE ( 'NONE', ( #941 ), #269, .T. ) ;
#540 = ORIENTED_EDGE ( 'NONE', *, *, #841, .F. ) ;
#541 = ORIENTED_EDGE ( 'NONE', *, *, #677, .T. ) ;
#542 = APPROVAL_STATUS ( 'not_yet_approved' ) ;
#543 = CARTESIAN_POINT ( 'NONE',  ( 30.50000000000000000, -15.00000000000000000, 2.603528282279809591 ) ) ;
#544 = PLANE ( 'NONE',  #57 ) ;
#545 = ORIENTED_EDGE ( 'NONE', *, *, #116, .F. ) ;
#546 = ORIENTED_EDGE ( 'NONE', *, *, #951, .F. ) ;
#547 = CC_DESIGN_APPROVAL ( #1464, ( #861 ) ) ;
#548 = CIRCLE ( 'NONE', #105, 2.000000000000001776 ) ;
#549 = CARTESIAN_POINT ( 'NONE',  ( 0.000000000000000000, -4.100000000000003197, 8.000000000000000000 ) ) ;
#550 = PERSON_AND_ORGANIZATION ( #1164, #651 ) ;
#551 = CARTESIAN_POINT ( 'NONE',  ( 32.50000000000000000, 13.00000000000000000, 8.000000000000000000 ) ) ;
#552 = CARTESIAN_POINT ( 'NONE',  ( 18.31608817245556864, -3.502327464410134983, 7.993641738444561717 ) ) ;
#553 = AXIS2_PLACEMENT_3D ( 'NONE', #625, #1397, #1408 ) ;
#554 = CARTESIAN_POINT ( 'NONE',  ( -10.49999999999999645, -0.4999999999999947820, 8.000000000000000000 ) ) ;
#555 = VERTEX_POINT ( 'NONE', #503 ) ;
#556 = ADVANCED_FACE ( 'NONE', ( #953 ), #1411, .T. ) ;
#557 = DIRECTION ( 'NONE',  ( -0.000000000000000000, -0.000000000000000000, 1.000000000000000000 ) ) ;
#558 = PLANE ( 'NONE',  #337 ) ;
#559 = VERTEX_POINT ( 'NONE', #733 ) ;
#560 = VERTEX_POINT ( 'NONE', #645 ) ;
#561 = ADVANCED_BREP_SHAPE_REPRESENTATION ( '楔子改', ( #461, #432 ), #356 ) ;
#562 = EDGE_CURVE ( 'NONE', #555, #449, #1091, .T. ) ;
#563 = DIRECTION ( 'NONE',  ( 1.085686506869433092E-16, -0.9387834907734438072, -0.3445077030361260451 ) ) ;
#564 = APPROVAL_DATE_TIME ( #681, #834 ) ;
#565 = ORIENTED_EDGE ( 'NONE', *, *, #197, .T. ) ;
#566 = ADVANCED_FACE ( 'NONE', ( #984 ), #1443, .T. ) ;
#567 =( BOUNDED_CURVE ( )  B_SPLINE_CURVE ( 3, ( #1120, #7, #126, #1036 ),
 .UNSPECIFIED., .F., .F. ) 
 B_SPLINE_CURVE_WITH_KNOTS ( ( 4, 4 ),
 ( 4.712388980384689674, 5.064103316160688983 ),
 .UNSPECIFIED. ) 
 CURVE ( )  GEOMETRIC_REPRESENTATION_ITEM ( )  RATIONAL_B_SPLINE_CURVE ( ( 1.000000000000000000, 0.9897179581741593069, 0.9897179581741593069, 1.000000000000000000 ) ) 
 REPRESENTATION_ITEM ( '' )  );
#568 = VERTEX_POINT ( 'NONE', #1331 ) ;
#569 = PRODUCT_RELATED_PRODUCT_CATEGORY ( 'detail', '', ( #998 ) ) ;
#570 = CARTESIAN_POINT ( 'NONE',  ( -8.499999999999996447, -0.4999999999999952260, 8.000000000000000000 ) ) ;
#571 = ORIENTED_EDGE ( 'NONE', *, *, #927, .T. ) ;
#572 = AXIS2_PLACEMENT_3D ( 'NONE', #1189, #1425, #1172 ) ;
#573 = ADVANCED_FACE ( 'NONE', ( #311 ), #767, .T. ) ;
#574 = DIRECTION ( 'NONE',  ( -1.000000000000000000, 0.000000000000000000, 0.000000000000000000 ) ) ;
#575 = ORIENTED_EDGE ( 'NONE', *, *, #1116, .F. ) ;
#576 = LINE ( 'NONE', #369, #134 ) ;
#577 = CARTESIAN_POINT ( 'NONE',  ( 9.000541251482841787, 2.407893392081508210, 7.950323167928785573 ) ) ;
#578 = VECTOR ( 'NONE', #1429, 1000.000000000000000 ) ;
#579 = CARTESIAN_POINT ( 'NONE',  ( 30.86580966127647585, -3.791173482790361149, 7.968403981223310062 ) ) ;
#580 = ORIENTED_EDGE ( 'NONE', *, *, #960, .T. ) ;
#581 = EDGE_CURVE ( 'NONE', #474, #1165, #795, .T. ) ;
#582 = PLANE ( 'NONE',  #908 ) ;
#583 = VERTEX_POINT ( 'NONE', #943 ) ;
#584 = CARTESIAN_POINT ( 'NONE',  ( 8.500000000000001776, -14.99999999999999822, 6.000000000000000000 ) ) ;
#585 = AXIS2_PLACEMENT_3D ( 'NONE', #65, #743, #630 ) ;
#586 = CARTESIAN_POINT ( 'NONE',  ( 10.32255326957268693, -0.01561085591694839556, 6.834218485972630930 ) ) ;
#587 = LINE ( 'NONE', #274, #83 ) ;
#588 = DIRECTION ( 'NONE',  ( 1.000000000000000000, 0.000000000000000000, -0.000000000000000000 ) ) ;
#589 = FACE_OUTER_BOUND ( 'NONE', #872, .T. ) ;
#590 = ORIENTED_EDGE ( 'NONE', *, *, #682, .F. ) ;
#591 = DIRECTION ( 'NONE',  ( -1.156482317317871725E-16, 1.000000000000000000, 0.000000000000000000 ) ) ;
#592 = DIRECTION ( 'NONE',  ( 1.000000000000000000, -0.000000000000000000, -0.000000000000000000 ) ) ;
#593 = CYLINDRICAL_SURFACE ( 'NONE', #80, 2.000000000000000000 ) ;
#594 = DIRECTION ( 'NONE',  ( 1.591489427501658636E-16, 1.000000000000000000, 0.000000000000000000 ) ) ;
#595 = DIRECTION ( 'NONE',  ( 1.000000000000000000, 0.000000000000000000, 0.000000000000000000 ) ) ;
#596 = DIRECTION ( 'NONE',  ( 0.000000000000000000, 0.000000000000000000, -1.000000000000000000 ) ) ;
#597 = ORIENTED_EDGE ( 'NONE', *, *, #362, .F. ) ;
#598 = PLANE ( 'NONE',  #842 ) ;
#599 = CARTESIAN_POINT ( 'NONE',  ( 10.49999999999999467, 15.00000000000000000, 6.000000000000000000 ) ) ;
#600 = DIRECTION ( 'NONE',  ( -0.000000000000000000, 1.000000000000000000, -0.000000000000000000 ) ) ;
#601 = CARTESIAN_POINT ( 'NONE',  ( -18.50000000000000000, -3.211536423031201348, 8.000000000000000000 ) ) ;
#602 = DIRECTION ( 'NONE',  ( 0.000000000000000000, 0.000000000000000000, 1.000000000000000000 ) ) ;
#603 = EDGE_CURVE ( 'NONE', #359, #1012, #1062, .T. ) ;
#604 = CARTESIAN_POINT ( 'NONE',  ( -13.09999999999999964, -13.00000000000000000, 0.000000000000000000 ) ) ;
#605 = VECTOR ( 'NONE', #469, 1000.000000000000000 ) ;
#606 = DIRECTION ( 'NONE',  ( 0.000000000000000000, 1.000000000000000000, 0.000000000000000000 ) ) ;
#607 = ORIENTED_EDGE ( 'NONE', *, *, #87, .F. ) ;
#608 = EDGE_CURVE ( 'NONE', #172, #439, #1168, .T. ) ;
#609 = ORIENTED_EDGE ( 'NONE', *, *, #475, .F. ) ;
#610 = DIRECTION ( 'NONE',  ( 1.000000000000000000, 0.000000000000000000, 0.000000000000000000 ) ) ;
#611 = EDGE_CURVE ( 'NONE', #439, #91, #54, .T. ) ;
#612 = CARTESIAN_POINT ( 'NONE',  ( -31.56331729012745768, -4.934074938211830741, 7.693917453867218370 ) ) ;
#613 = CARTESIAN_POINT ( 'NONE',  ( 11.09999999999999964, -4.100000000000004974, 5.899999999999999467 ) ) ;
#614 = CARTESIAN_POINT ( 'NONE',  ( -9.893807177902729677, 0.9355633200373646430, 7.438903688291732763 ) ) ;
#615 = DIRECTION ( 'NONE',  ( 0.000000000000000000, 1.000000000000000000, -0.000000000000000000 ) ) ;
#616 = ORIENTED_EDGE ( 'NONE', *, *, #137, .T. ) ;
#617 = ORIENTED_EDGE ( 'NONE', *, *, #1000, .F. ) ;
#618 = DIRECTION ( 'NONE',  ( -0.000000000000000000, -0.000000000000000000, 1.000000000000000000 ) ) ;
#619 =( BOUNDED_CURVE ( )  B_SPLINE_CURVE ( 3, ( #1063, #479, #497, #954 ),
 .UNSPECIFIED., .F., .F. ) 
 B_SPLINE_CURVE_WITH_KNOTS ( ( 4, 4 ),
 ( 4.712388980384688786, 5.722627588761736384 ),
 .UNSPECIFIED. ) 
 CURVE ( )  GEOMETRIC_REPRESENTATION_ITEM ( )  RATIONAL_B_SPLINE_CURVE ( ( 1.000000000000000000, 0.9167444986292503373, 0.9167444986292503373, 1.000000000000000000 ) ) 
 REPRESENTATION_ITEM ( '' )  );
#620 = APPLICATION_PROTOCOL_DEFINITION ( 'international standard', 'config_control_design', 1994, #906 ) ;
#621 = CARTESIAN_POINT ( 'NONE',  ( -11.09999999999999787, -13.68901540607225087, 4.481095263826697206 ) ) ;
#622 = SPHERICAL_SURFACE ( 'NONE', #46, 2.000000000000000000 ) ;
#623 = AXIS2_PLACEMENT_3D ( 'NONE', #190, #417, #873 ) ;
#624 = CARTESIAN_POINT ( 'NONE',  ( -32.50000000000000000, -13.00000000000000000, 2.603528282279809591 ) ) ;
#625 = CARTESIAN_POINT ( 'NONE',  ( -13.09999999999999964, -13.00000000000000000, 8.000000000000000000 ) ) ;
#626 = ORIENTED_EDGE ( 'NONE', *, *, #169, .T. ) ;
#627 = EDGE_CURVE ( 'NONE', #119, #790, #466, .T. ) ;
#628 = AXIS2_PLACEMENT_3D ( 'NONE', #132, #942, #1288 ) ;
#629 = VERTEX_POINT ( 'NONE', #47 ) ;
#630 = DIRECTION ( 'NONE',  ( 0.000000000000000000, -0.000000000000000000, 1.000000000000000000 ) ) ;
#631 = VECTOR ( 'NONE', #884, 1000.000000000000000 ) ;
#632 =( BOUNDED_CURVE ( )  B_SPLINE_CURVE ( 3, ( #358, #1128, #5, #450 ),
 .UNSPECIFIED., .F., .T. ) 
 B_SPLINE_CURVE_WITH_KNOTS ( ( 4, 4 ),
 ( 4.712388980384689674, 6.283185307179586232 ),
 .UNSPECIFIED. ) 
 CURVE ( )  GEOMETRIC_REPRESENTATION_ITEM ( )  RATIONAL_B_SPLINE_CURVE ( ( 1.000000000000000000, 0.8047378541243649375, 0.8047378541243649375, 1.000000000000000000 ) ) 
 REPRESENTATION_ITEM ( '' )  );
#633 = CARTESIAN_POINT ( 'NONE',  ( -30.59120138384133725, -3.355738626751212372, 8.000000000000003553 ) ) ;
#634 = DIRECTION ( 'NONE',  ( -1.591489427501658636E-16, -1.000000000000000000, 0.000000000000000000 ) ) ;
#635 = EDGE_CURVE ( 'NONE', #847, #183, #496, .T. ) ;
#636 = CARTESIAN_POINT ( 'NONE',  ( 11.09999999999999787, -13.00000000000000000, 0.000000000000000000 ) ) ;
#637 = EDGE_LOOP ( 'NONE', ( #691, #1399, #1469, #650 ) ) ;
#638 = LINE ( 'NONE', #55, #784 ) ;
#639 = ADVANCED_FACE ( 'NONE', ( #1038 ), #159, .T. ) ;
#640 =( NAMED_UNIT ( * ) PLANE_ANGLE_UNIT ( ) SI_UNIT ( $, .RADIAN. ) );
#641 = COORDINATED_UNIVERSAL_TIME_OFFSET ( 8, 0, .AHEAD. ) ;
#642 = LINE ( 'NONE', #1318, #89 ) ;
#643 = ORIENTED_EDGE ( 'NONE', *, *, #877, .T. ) ;
#644 = ORIENTED_EDGE ( 'NONE', *, *, #415, .F. ) ;
#645 = CARTESIAN_POINT ( 'NONE',  ( -11.09999999999999787, -13.00000000000000000, 0.000000000000000000 ) ) ;
#646 = VECTOR ( 'NONE', #380, 1000.000000000000000 ) ;
#647 = COORDINATED_UNIVERSAL_TIME_OFFSET ( 8, 0, .AHEAD. ) ;
#648 = DIRECTION ( 'NONE',  ( 1.000000000000000000, 0.000000000000000000, 0.000000000000000000 ) ) ;
#649 = CARTESIAN_POINT ( 'NONE',  ( -11.09999999999999787, -13.00000000000000000, 4.733944954128443072 ) ) ;
#650 = ORIENTED_EDGE ( 'NONE', *, *, #715, .T. ) ;
#651 = ORGANIZATION ( '未指定', '未指定', '' ) ;
#652 = ORIENTED_EDGE ( 'NONE', *, *, #1035, .T. ) ;
#653 = AXIS2_PLACEMENT_3D ( 'NONE', #221, #538, #1107 ) ;
#654 = EDGE_CURVE ( 'NONE', #439, #422, #1145, .T. ) ;
#655 = AXIS2_PLACEMENT_3D ( 'NONE', #549, #114, #1364 ) ;
#656 = CARTESIAN_POINT ( 'NONE',  ( 32.50000000000000000, -4.099999999999991651, 6.000000000000000000 ) ) ;
#657 = CARTESIAN_POINT ( 'NONE',  ( 17.77682349769438375, -4.364945632277535736, 7.873844868767375438 ) ) ;
#658 = ORIENTED_EDGE ( 'NONE', *, *, #1042, .T. ) ;
#659 = EDGE_CURVE ( 'NONE', #227, #344, #17, .T. ) ;
#660 = VECTOR ( 'NONE', #520, 1000.000000000000000 ) ;
#661 = ORIENTED_EDGE ( 'NONE', *, *, #819, .F. ) ;
#662 = VECTOR ( 'NONE', #1096, 1000.000000000000000 ) ;
#663 = PLANE ( 'NONE',  #655 ) ;
#664 = FACE_OUTER_BOUND ( 'NONE', #940, .T. ) ;
#665 = ORIENTED_EDGE ( 'NONE', *, *, #237, .F. ) ;
#666 = VECTOR ( 'NONE', #1338, 1000.000000000000114 ) ;
#667 = ORIENTED_EDGE ( 'NONE', *, *, #1153, .T. ) ;
#668 = CARTESIAN_POINT ( 'NONE',  ( -32.50000000000000000, 15.00000000000000000, 6.000000000000000000 ) ) ;
#669 = LINE ( 'NONE', #809, #70 ) ;
#670 = CARTESIAN_POINT ( 'NONE',  ( 17.60291916067180651, -4.649718282787175028, 7.798268520078101673 ) ) ;
#671 = ORIENTED_EDGE ( 'NONE', *, *, #841, .T. ) ;
#672 = EDGE_CURVE ( 'NONE', #71, #559, #587, .T. ) ;
#673 = VERTEX_POINT ( 'NONE', #251 ) ;
#674 = CIRCLE ( 'NONE', #1072, 2.000000000000000000 ) ;
#675 = CYLINDRICAL_SURFACE ( 'NONE', #240, 2.000000000000000000 ) ;
#676 = ORIENTED_EDGE ( 'NONE', *, *, #28, .T. ) ;
#677 = EDGE_CURVE ( 'NONE', #858, #359, #1159, .T. ) ;
#678 = FACE_OUTER_BOUND ( 'NONE', #1334, .T. ) ;
#679 = ORIENTED_EDGE ( 'NONE', *, *, #404, .T. ) ;
#680 = LINE ( 'NONE', #1235, #285 ) ;
#681 = DATE_AND_TIME ( #1459, #978 ) ;
#682 = EDGE_CURVE ( 'NONE', #1287, #1001, #458, .T. ) ;
#683 = ORIENTED_EDGE ( 'NONE', *, *, #911, .F. ) ;
#684 = DIRECTION ( 'NONE',  ( -0.000000000000000000, 0.000000000000000000, -1.000000000000000000 ) ) ;
#685 = ORIENTED_EDGE ( 'NONE', *, *, #312, .T. ) ;
#686 = CARTESIAN_POINT ( 'NONE',  ( -31.36746944240073631, -15.00000000000000000, 3.470997724680549013 ) ) ;
#687 = ADVANCED_FACE ( 'NONE', ( #453 ), #663, .T. ) ;
#688 = VECTOR ( 'NONE', #253, 1000.000000000000000 ) ;
#689 = VERTEX_POINT ( 'NONE', #228 ) ;
#690 = DIRECTION ( 'NONE',  ( 1.000000000000000000, 1.156482317317871725E-16, 0.000000000000000000 ) ) ;
#691 = ORIENTED_EDGE ( 'NONE', *, *, #1085, .T. ) ;
#692 = DIRECTION ( 'NONE',  ( 1.591489427501658636E-16, -1.000000000000000000, 0.000000000000000000 ) ) ;
#693 = CARTESIAN_POINT ( 'NONE',  ( 9.435525642907320432, 1.759460304872869862, 7.783001339107355143 ) ) ;
#694 = ADVANCED_FACE ( 'NONE', ( #1 ), #94, .T. ) ;
#695 = DIRECTION ( 'NONE',  ( -1.000000000000000000, 0.000000000000000000, 0.000000000000000000 ) ) ;
#696 = EDGE_LOOP ( 'NONE', ( #1133, #310, #1356, #1069, #33 ) ) ;
#697 = VECTOR ( 'NONE', #1276, 1000.000000000000000 ) ;
#698 = ORIENTED_EDGE ( 'NONE', *, *, #498, .F. ) ;
#699 = CARTESIAN_POINT ( 'NONE',  ( -32.50000000000000000, -13.00000000000000178, 4.733944954128440408 ) ) ;
#700 = CARTESIAN_POINT ( 'NONE',  ( 32.50000000000000000, -13.00000000000000178, 4.733944954128440408 ) ) ;
#701 = VECTOR ( 'NONE', #1400, 1000.000000000000000 ) ;
#702 = CARTESIAN_POINT ( 'NONE',  ( 10.49999999999999822, 15.00000000000000178, 7.171572875253810153 ) ) ;
#703 = ADVANCED_FACE ( 'NONE', ( #1017 ), #1248, .F. ) ;
#704 = FACE_OUTER_BOUND ( 'NONE', #806, .T. ) ;
#705 = ORIENTED_EDGE ( 'NONE', *, *, #4, .F. ) ;
#706 = DIRECTION ( 'NONE',  ( 1.000000000000000000, 0.000000000000000000, 0.000000000000000000 ) ) ;
#707 = VECTOR ( 'NONE', #823, 1000.000000000000000 ) ;
#708 = CARTESIAN_POINT ( 'NONE',  ( 16.50000000000000711, -7.632112242297806937, 6.703812021175118652 ) ) ;
#709 = PLANE ( 'NONE',  #827 ) ;
#710 = CARTESIAN_POINT ( 'NONE',  ( -30.50000000000000000, -15.00000000000000000, 0.000000000000000000 ) ) ;
#711 = CARTESIAN_POINT ( 'NONE',  ( -16.49999999999999645, -9.550000000000006040, 6.000000000000000000 ) ) ;
#712 = ORIENTED_EDGE ( 'NONE', *, *, #608, .F. ) ;
#713 = VERTEX_POINT ( 'NONE', #787 ) ;
#714 = LINE ( 'NONE', #933, #605 ) ;
#715 = EDGE_CURVE ( 'NONE', #383, #1477, #1010, .T. ) ;
#716 = DIRECTION ( 'NONE',  ( 1.000000000000000000, 0.000000000000000000, 0.000000000000000000 ) ) ;
#717 = CIRCLE ( 'NONE', #793, 11.09999999999999964 ) ;
#718 = CARTESIAN_POINT ( 'NONE',  ( 30.50000000000000000, 15.00000000000000000, 6.000000000000000000 ) ) ;
#719 = CARTESIAN_POINT ( 'NONE',  ( -8.499999999999998224, 3.038627319029900242, 8.000000000000000000 ) ) ;
#720 = CARTESIAN_POINT ( 'NONE',  ( -30.50000000000000000, 13.00000000000000000, 2.000000000000000000 ) ) ;
#721 = ORIENTED_EDGE ( 'NONE', *, *, #237, .T. ) ;
#722 = EDGE_CURVE ( 'NONE', #374, #1366, #1112, .T. ) ;
#723 = VECTOR ( 'NONE', #1412, 1000.000000000000000 ) ;
#724 = CARTESIAN_POINT ( 'NONE',  ( 0.000000000000000000, -4.100000000000003197, 8.000000000000000000 ) ) ;
#725 = CARTESIAN_POINT ( 'NONE',  ( 10.12659192045863321, 0.4490252820584816895, 7.169799861847523381 ) ) ;
#726 = CARTESIAN_POINT ( 'NONE',  ( -18.40879861615834301, -3.355738626751005427, 8.000000000000000000 ) ) ;
#727 = DIRECTION ( 'NONE',  ( 1.156482317317871725E-16, -1.000000000000000000, 0.000000000000000000 ) ) ;
#728 = DIRECTION ( 'NONE',  ( 1.000000000000000000, 0.000000000000000000, -0.000000000000000000 ) ) ;
#729 = AXIS2_PLACEMENT_3D ( 'NONE', #869, #180, #648 ) ;
#730 = CARTESIAN_POINT ( 'NONE',  ( 32.50000000000000000, -12.99999999999999822, 8.000000000000000000 ) ) ;
#731 = ORIENTED_EDGE ( 'NONE', *, *, #248, .T. ) ;
#732 = EDGE_LOOP ( 'NONE', ( #658, #1328, #165, #6, #525 ) ) ;
#733 = CARTESIAN_POINT ( 'NONE',  ( -18.50000000000000000, -3.211536423031201348, 8.000000000000000000 ) ) ;
#734 = AXIS2_PLACEMENT_3D ( 'NONE', #1357, #1230, #1458 ) ;
#735 = PERSON_AND_ORGANIZATION_ROLE ( 'design_owner' ) ;
#736 = CARTESIAN_POINT ( 'NONE',  ( 11.09999999999999787, -15.00000000000000000, 2.603528282279809591 ) ) ;
#737 = ADVANCED_FACE ( 'NONE', ( #336 ), #1137, .T. ) ;
#738 = CARTESIAN_POINT ( 'NONE',  ( -10.49999999999999822, 15.00000000000000000, 6.000000000000000000 ) ) ;
#739 = LINE ( 'NONE', #828, #1222 ) ;
#740 = CYLINDRICAL_SURFACE ( 'NONE', #572, 2.000000000000000000 ) ;
#741 = VERTEX_POINT ( 'NONE', #319 ) ;
#742 = ORIENTED_EDGE ( 'NONE', *, *, #1158, .F. ) ;
#743 = DIRECTION ( 'NONE',  ( 0.000000000000000000, 1.000000000000000000, 0.000000000000000000 ) ) ;
#744 = EDGE_CURVE ( 'NONE', #344, #786, #1370, .T. ) ;
#745 = PERSON_AND_ORGANIZATION ( #1164, #651 ) ;
#746 = DIRECTION ( 'NONE',  ( -1.000000000000000000, 0.000000000000000000, -0.000000000000000000 ) ) ;
#747 = CC_DESIGN_APPROVAL ( #834, ( #1380 ) ) ;
#748 = FACE_OUTER_BOUND ( 'NONE', #20, .T. ) ;
#749 = FACE_OUTER_BOUND ( 'NONE', #879, .T. ) ;
#750 = FACE_OUTER_BOUND ( 'NONE', #202, .T. ) ;
#751 = ORIENTED_EDGE ( 'NONE', *, *, #220, .F. ) ;
#752 = AXIS2_PLACEMENT_3D ( 'NONE', #926, #8, #1052 ) ;
#753 = CARTESIAN_POINT ( 'NONE',  ( 16.50000000000000000, 15.00000000000000178, 7.171572875253810153 ) ) ;
#754 = CIRCLE ( 'NONE', #958, 2.000000000000001776 ) ;
#755 = EDGE_CURVE ( 'NONE', #858, #893, #680, .T. ) ;
#756 = CALENDAR_DATE ( 2023, 11, 5 ) ;
#757 = DIRECTION ( 'NONE',  ( -1.000000000000000000, -1.591489427501658636E-16, 0.000000000000000000 ) ) ;
#758 = FACE_OUTER_BOUND ( 'NONE', #324, .T. ) ;
#759 = ORIENTED_EDGE ( 'NONE', *, *, #211, .T. ) ;
#760 = ORIENTED_EDGE ( 'NONE', *, *, #498, .T. ) ;
#761 = LINE ( 'NONE', #394, #205 ) ;
#762 = EDGE_CURVE ( 'NONE', #989, #119, #890, .T. ) ;
#763 = CARTESIAN_POINT ( 'NONE',  ( -32.50000000000000000, -15.00000000000000000, 8.000000000000000000 ) ) ;
#764 = FACE_OUTER_BOUND ( 'NONE', #1365, .T. ) ;
#765 = ORIENTED_EDGE ( 'NONE', *, *, #1045, .F. ) ;
#766 = ORIENTED_EDGE ( 'NONE', *, *, #1006, .F. ) ;
#767 = CYLINDRICAL_SURFACE ( 'NONE', #149, 5.000000000000000000 ) ;
#768 = CARTESIAN_POINT ( 'NONE',  ( 30.50000000000000000, -15.00000000000000000, 0.000000000000000000 ) ) ;
#769 = CYLINDRICAL_SURFACE ( 'NONE', #1110, 2.000000000000000000 ) ;
#770 = DIRECTION ( 'NONE',  ( 1.156482317317871478E-16, -1.000000000000000000, -0.000000000000000000 ) ) ;
#771 = ORIENTED_EDGE ( 'NONE', *, *, #832, .F. ) ;
#772 = ORIENTED_EDGE ( 'NONE', *, *, #792, .T. ) ;
#773 = EDGE_CURVE ( 'NONE', #785, #1202, #775, .T. ) ;
#774 = AXIS2_PLACEMENT_3D ( 'NONE', #321, #1333, #315 ) ;
#775 = LINE ( 'NONE', #1125, #1307 ) ;
#776 = CARTESIAN_POINT ( 'NONE',  ( -32.50000000000000000, 15.00000000000000000, 8.000000000000000000 ) ) ;
#777 = CARTESIAN_POINT ( 'NONE',  ( 18.50000000000000711, -3.211536423031199572, 8.000000000000000000 ) ) ;
#778 = ORIENTED_EDGE ( 'NONE', *, *, #1006, .T. ) ;
#779 = ORIENTED_EDGE ( 'NONE', *, *, #755, .F. ) ;
#780 = CARTESIAN_POINT ( 'NONE',  ( -30.50000000000000000, 13.00000000000000178, 8.000000000000000000 ) ) ;
#781 = CARTESIAN_POINT ( 'NONE',  ( 32.50000000000000000, -9.550000000000002487, 5.999999999999999112 ) ) ;
#782 = CARTESIAN_POINT ( 'NONE',  ( 11.09999999999999787, -15.00000000000000000, 0.000000000000000000 ) ) ;
#783 = EDGE_CURVE ( 'NONE', #112, #741, #1181, .T. ) ;
#784 = VECTOR ( 'NONE', #618, 1000.000000000000000 ) ;
#785 = VERTEX_POINT ( 'NONE', #326 ) ;
#786 = VERTEX_POINT ( 'NONE', #780 ) ;
#787 = CARTESIAN_POINT ( 'NONE',  ( 11.09999999999999964, -4.100000000000003197, 5.899999999999999467 ) ) ;
#788 = EDGE_CURVE ( 'NONE', #416, #1207, #217, .T. ) ;
#789 = DIRECTION ( 'NONE',  ( 0.000000000000000000, 0.000000000000000000, 1.000000000000000000 ) ) ;
#790 = VERTEX_POINT ( 'NONE', #1119 ) ;
#791 = ORIENTED_EDGE ( 'NONE', *, *, #960, .F. ) ;
#792 = EDGE_CURVE ( 'NONE', #227, #438, #548, .T. ) ;
#793 = AXIS2_PLACEMENT_3D ( 'NONE', #1048, #947, #973 ) ;
#794 = DIRECTION ( 'NONE',  ( 1.000000000000000000, 0.000000000000000000, -0.000000000000000000 ) ) ;
#795 = LINE ( 'NONE', #1132, #962 ) ;
#796 = ORIENTED_EDGE ( 'NONE', *, *, #773, .T. ) ;
#797 = ORIENTED_EDGE ( 'NONE', *, *, #423, .T. ) ;
#798 = ADVANCED_FACE ( 'NONE', ( #139 ), #1167, .F. ) ;
#799 = DIRECTION ( 'NONE',  ( 0.000000000000000000, 0.000000000000000000, -1.000000000000000000 ) ) ;
#800 = EDGE_LOOP ( 'NONE', ( #444, #1337, #3, #975 ) ) ;
#801 = ORIENTED_EDGE ( 'NONE', *, *, #220, .T. ) ;
#802 = EDGE_CURVE ( 'NONE', #1029, #119, #831, .T. ) ;
#803 = CARTESIAN_POINT ( 'NONE',  ( 30.50000000000000000, -4.100000000000003197, 0.000000000000000000 ) ) ;
#804 = CARTESIAN_POINT ( 'NONE',  ( 32.50000000000000000, -13.23569293730074037, 4.647452133100645533 ) ) ;
#805 = CARTESIAN_POINT ( 'NONE',  ( 30.59120138384133014, -3.355738626751211928, 7.999999999999998224 ) ) ;
#806 = EDGE_LOOP ( 'NONE', ( #1139, #1127, #1258, #346, #323, #1457, #117, #829, #1034, #113 ) ) ;
#807 = ORIENTED_EDGE ( 'NONE', *, *, #308, .F. ) ;
#808 = AXIS2_PLACEMENT_3D ( 'NONE', #313, #1105, #1325 ) ;
#809 = CARTESIAN_POINT ( 'NONE',  ( -10.49999999999999822, 15.00000000000000178, 5.899999999999999467 ) ) ;
#810 = CARTESIAN_POINT ( 'NONE',  ( 10.49999999999999822, 15.00000000000000355, 6.000000000000000000 ) ) ;
#811 = CARTESIAN_POINT ( 'NONE',  ( 18.50000000000000711, -4.099999999999994316, 8.000000000000000000 ) ) ;
#812 = ORIENTED_EDGE ( 'NONE', *, *, #345, .T. ) ;
#813 = LINE ( 'NONE', #434, #215 ) ;
#814 = CC_DESIGN_DATE_AND_TIME_ASSIGNMENT ( #115, #454, ( #1380 ) ) ;
#815 = DIRECTION ( 'NONE',  ( -1.000000000000000000, 0.000000000000000000, 0.000000000000000000 ) ) ;
#816 = DIRECTION ( 'NONE',  ( 1.000000000000000000, 0.000000000000000000, -0.000000000000000000 ) ) ;
#817 = CARTESIAN_POINT ( 'NONE',  ( -17.43668270987254232, -4.934074938211829853, 7.693917453867218370 ) ) ;
#818 = PLANE ( 'NONE',  #448 ) ;
#819 = EDGE_CURVE ( 'NONE', #227, #183, #1383, .T. ) ;
#820 = DIRECTION ( 'NONE',  ( 0.000000000000000000, 0.000000000000000000, -1.000000000000000000 ) ) ;
#821 = DIRECTION ( 'NONE',  ( 0.000000000000000000, -1.000000000000000000, 0.000000000000000000 ) ) ;
#822 = ORIENTED_EDGE ( 'NONE', *, *, #121, .T. ) ;
#823 = DIRECTION ( 'NONE',  ( -1.000000000000000000, -0.000000000000000000, -0.000000000000000000 ) ) ;
#824 =( BOUNDED_CURVE ( )  B_SPLINE_CURVE ( 3, ( #413, #111, #897, #1448 ),
 .UNSPECIFIED., .F., .T. ) 
 B_SPLINE_CURVE_WITH_KNOTS ( ( 4, 4 ),
 ( 4.712388980384690562, 5.064103316160688983 ),
 .UNSPECIFIED. ) 
 CURVE ( )  GEOMETRIC_REPRESENTATION_ITEM ( )  RATIONAL_B_SPLINE_CURVE ( ( 1.000000000000000000, 0.9897179581741594179, 0.9897179581741594179, 1.000000000000000000 ) ) 
 REPRESENTATION_ITEM ( '' )  );
#825 = ADVANCED_FACE ( 'NONE', ( #1044 ), #35, .T. ) ;
#826 = CARTESIAN_POINT ( 'NONE',  ( 11.09999999999999964, -4.100000000000004974, 8.000000000000000000 ) ) ;
#827 = AXIS2_PLACEMENT_3D ( 'NONE', #945, #283, #594 ) ;
#828 = CARTESIAN_POINT ( 'NONE',  ( -32.50000000000000000, -12.99999999999999822, 8.000000000000000000 ) ) ;
#829 = ORIENTED_EDGE ( 'NONE', *, *, #985, .F. ) ;
#830 = DIRECTION ( 'NONE',  ( 0.000000000000000000, 1.000000000000000000, 0.000000000000000000 ) ) ;
#831 = LINE ( 'NONE', #599, #1260 ) ;
#832 = EDGE_CURVE ( 'NONE', #459, #1366, #1444, .T. ) ;
#833 = DIRECTION ( 'NONE',  ( 0.000000000000000000, 0.000000000000000000, -1.000000000000000000 ) ) ;
#834 = APPROVAL ( #542, '未指定' ) ;
#835 = CARTESIAN_POINT ( 'NONE',  ( -10.44494168482398955, -0.3426978863354630533, 6.472918851578688404 ) ) ;
#836 = FACE_OUTER_BOUND ( 'NONE', #296, .T. ) ;
#837 = AXIS2_PLACEMENT_3D ( 'NONE', #624, #855, #153 ) ;
#838 = VERTEX_POINT ( 'NONE', #914 ) ;
#839 = VECTOR ( 'NONE', #133, 1000.000000000000000 ) ;
#840 = DIRECTION ( 'NONE',  ( 1.156482317317871725E-16, -1.000000000000000000, 0.000000000000000000 ) ) ;
#841 = EDGE_CURVE ( 'NONE', #785, #555, #1007, .T. ) ;
#842 = AXIS2_PLACEMENT_3D ( 'NONE', #377, #866, #1324 ) ;
#843 = DIRECTION ( 'NONE',  ( -1.591489427501658636E-16, 1.000000000000000000, -0.000000000000000000 ) ) ;
#844 = CARTESIAN_POINT ( 'NONE',  ( -16.50000000000000000, 15.00000000000000178, 5.899999999999999467 ) ) ;
#845 = CARTESIAN_POINT ( 'NONE',  ( 30.50000000000000000, 13.00000000000000000, 0.000000000000000000 ) ) ;
#846 = CARTESIAN_POINT ( 'NONE',  ( -10.49999999999999822, 13.00000000000000178, 8.000000000000000000 ) ) ;
#847 = VERTEX_POINT ( 'NONE', #1401 ) ;
#848 = ORIENTED_EDGE ( 'NONE', *, *, #1216, .T. ) ;
#849 = CARTESIAN_POINT ( 'NONE',  ( 30.50000000000000000, -3.211536423031201348, 8.000000000000000000 ) ) ;
#850 = EDGE_CURVE ( 'NONE', #865, #407, #150, .T. ) ;
#851 = VECTOR ( 'NONE', #1024, 1000.000000000000000 ) ;
#852 = AXIS2_PLACEMENT_3D ( 'NONE', #901, #799, #425 ) ;
#853 = CARTESIAN_POINT ( 'NONE',  ( 32.15941702358250609, -5.953736544856092827, 7.319729708309689720 ) ) ;
#854 = CARTESIAN_POINT ( 'NONE',  ( -11.22243301845311159, -13.68901540607225087, 4.481095263826697206 ) ) ;
#855 = DIRECTION ( 'NONE',  ( -1.000000000000000000, 0.000000000000000000, 0.000000000000000000 ) ) ;
#856 = CARTESIAN_POINT ( 'NONE',  ( -16.50000000000000355, 15.00000000000000178, 7.171572875253810153 ) ) ;
#857 = ORIENTED_EDGE ( 'NONE', *, *, #1085, .F. ) ;
#858 = VERTEX_POINT ( 'NONE', #1385 ) ;
#859 = CARTESIAN_POINT ( 'NONE',  ( -31.56331729012745768, -4.934074938211830741, 7.693917453867218370 ) ) ;
#860 = PERSON_AND_ORGANIZATION_ROLE ( 'creator' ) ;
#861 = PRODUCT_DEFINITION_FORMATION_WITH_SPECIFIED_SOURCE ( '任何', '', #998, .NOT_KNOWN. ) ;
#862 = CARTESIAN_POINT ( 'NONE',  ( -11.22243301845311159, -13.68901540607225087, 4.481095263826697206 ) ) ;
#863 = DIRECTION ( 'NONE',  ( 0.000000000000000000, 1.000000000000000000, 0.000000000000000000 ) ) ;
#864 = EDGE_LOOP ( 'NONE', ( #1190, #878, #13, #317 ) ) ;
#865 = VERTEX_POINT ( 'NONE', #1376 ) ;
#866 = DIRECTION ( 'NONE',  ( 0.000000000000000000, 0.000000000000000000, -1.000000000000000000 ) ) ;
#867 = VECTOR ( 'NONE', #1232, 1000.000000000000000 ) ;
#868 = APPROVAL_DATE_TIME ( #1204, #204 ) ;
#869 = CARTESIAN_POINT ( 'NONE',  ( 13.09999999999999964, -13.00000000000000000, 0.000000000000000000 ) ) ;
#870 = CARTESIAN_POINT ( 'NONE',  ( -32.50000000000000000, -13.00000000000000000, 2.603528282279809591 ) ) ;
#871 = ORIENTED_EDGE ( 'NONE', *, *, #1263, .F. ) ;
#872 = EDGE_LOOP ( 'NONE', ( #952, #765, #1391, #100, #431 ) ) ;
#873 = DIRECTION ( 'NONE',  ( -1.000000000000000000, 0.000000000000000000, 0.000000000000000000 ) ) ;
#874 = ADVANCED_FACE ( 'NONE', ( #354 ), #246, .T. ) ;
#875 = CARTESIAN_POINT ( 'NONE',  ( -30.95596984624201653, -3.934963814056582354, 7.949528458561510469 ) ) ;
#876 = CARTESIAN_POINT ( 'NONE',  ( -16.49999999999999645, -4.099999999999990763, 6.000000000000000000 ) ) ;
#877 = EDGE_CURVE ( 'NONE', #374, #91, #1131, .T. ) ;
#878 = ORIENTED_EDGE ( 'NONE', *, *, #368, .F. ) ;
#879 = EDGE_LOOP ( 'NONE', ( #1250, #976, #302, #510 ) ) ;
#880 = VECTOR ( 'NONE', #443, 1000.000000000000000 ) ;
#881 = CARTESIAN_POINT ( 'NONE',  ( 32.50000000000000000, -3.073955937986796005, 8.376529931014019326 ) ) ;
#882 = APPROVAL_STATUS ( 'not_yet_approved' ) ;
#883 = LINE ( 'NONE', #656, #1447 ) ;
#884 = DIRECTION ( 'NONE',  ( -0.000000000000000000, -0.000000000000000000, 1.000000000000000000 ) ) ;
#885 = LOCAL_TIME ( 19, 14, 39.00000000000000000, #647 ) ;
#886 = ORIENTED_EDGE ( 'NONE', *, *, #145, .F. ) ;
#887 = ORIENTED_EDGE ( 'NONE', *, *, #627, .F. ) ;
#888 = AXIS2_PLACEMENT_3D ( 'NONE', #1033, #226, #473 ) ;
#889 = EDGE_CURVE ( 'NONE', #560, #1202, #48, .T. ) ;
#890 = LINE ( 'NONE', #1130, #216 ) ;
#891 = CARTESIAN_POINT ( 'NONE',  ( -30.50000000000000000, 13.00000000000000000, 6.000000000000000000 ) ) ;
#892 = LINE ( 'NONE', #1238, #631 ) ;
#893 = VERTEX_POINT ( 'NONE', #1073 ) ;
#894 = VERTEX_POINT ( 'NONE', #275 ) ;
#895 = EDGE_CURVE ( 'NONE', #559, #42, #210, .T. ) ;
#896 = DIRECTION ( 'NONE',  ( -0.000000000000000000, 1.000000000000000000, 0.000000000000000000 ) ) ;
#897 = CARTESIAN_POINT ( 'NONE',  ( -32.45876501399819603, -13.46775076764241241, 4.562293296278014942 ) ) ;
#898 = EDGE_LOOP ( 'NONE', ( #760, #494, #1016, #1135 ) ) ;
#899 = EDGE_CURVE ( 'NONE', #1078, #136, #160, .T. ) ;
#900 = ORIENTED_EDGE ( 'NONE', *, *, #312, .F. ) ;
#901 = CARTESIAN_POINT ( 'NONE',  ( -30.50000000000000000, 13.00000000000000000, 8.000000000000000000 ) ) ;
#902 = ORIENTED_EDGE ( 'NONE', *, *, #1216, .F. ) ;
#903 = EDGE_LOOP ( 'NONE', ( #643, #812, #580, #541, #174, #69, #1239, #616, #335, #1382 ) ) ;
#904 = LOCAL_TIME ( 19, 14, 39.00000000000000000, #167 ) ;
#905 = VECTOR ( 'NONE', #746, 1000.000000000000000 ) ;
#906 = APPLICATION_CONTEXT ( 'configuration controlled 3d designs of mechanical parts and assemblies' ) ;
#907 = DIRECTION ( 'NONE',  ( 0.000000000000000000, 0.000000000000000000, 1.000000000000000000 ) ) ;
#908 = AXIS2_PLACEMENT_3D ( 'NONE', #1372, #690, #1381 ) ;
#909 = VECTOR ( 'NONE', #563, 999.9999999999998863 ) ;
#910 = ORIENTED_EDGE ( 'NONE', *, *, #659, .F. ) ;
#911 = EDGE_CURVE ( 'NONE', #518, #416, #9, .T. ) ;
#912 = ORIENTED_EDGE ( 'NONE', *, *, #116, .T. ) ;
#913 = DIRECTION ( 'NONE',  ( -1.000000000000000000, -0.000000000000000000, -0.000000000000000000 ) ) ;
#914 = CARTESIAN_POINT ( 'NONE',  ( -11.09999999999999787, -9.822500000000001563, 5.899999999999999467 ) ) ;
#915 = CIRCLE ( 'NONE', #729, 2.000000000000000000 ) ;
#916 = FACE_OUTER_BOUND ( 'NONE', #222, .T. ) ;
#917 = ORIENTED_EDGE ( 'NONE', *, *, #877, .F. ) ;
#918 = AXIS2_PLACEMENT_3D ( 'NONE', #1242, #441, #907 ) ;
#919 = CARTESIAN_POINT ( 'NONE',  ( -16.50000000000000000, 15.00000000000000178, 5.899999999999999467 ) ) ;
#920 = CARTESIAN_POINT ( 'NONE',  ( 8.500000000000000000, 3.038627319029896690, 8.000000000000000000 ) ) ;
#921 = CARTESIAN_POINT ( 'NONE',  ( 0.000000000000000000, -3.211536423031199572, 8.000000000000000000 ) ) ;
#922 = ORIENTED_EDGE ( 'NONE', *, *, #211, .F. ) ;
#923 = ORIENTED_EDGE ( 'NONE', *, *, #1363, .F. ) ;
#924 = VECTOR ( 'NONE', #191, 1000.000000000000000 ) ;
#925 = CARTESIAN_POINT ( 'NONE',  ( 8.500000000000000000, 3.038627319029896690, 8.000000000000000000 ) ) ;
#926 = CARTESIAN_POINT ( 'NONE',  ( -30.50000000000000000, 13.00000000000000000, 2.000000000000000000 ) ) ;
#927 = EDGE_CURVE ( 'NONE', #1246, #42, #619, .T. ) ;
#928 =( BOUNDED_CURVE ( )  B_SPLINE_CURVE ( 3, ( #1188, #1274, #254, #1424 ),
 .UNSPECIFIED., .F., .T. ) 
 B_SPLINE_CURVE_WITH_KNOTS ( ( 4, 4 ),
 ( 3.141592653589793116, 4.712388980384689674 ),
 .UNSPECIFIED. ) 
 CURVE ( )  GEOMETRIC_REPRESENTATION_ITEM ( )  RATIONAL_B_SPLINE_CURVE ( ( 1.000000000000000000, 0.8047378541243649375, 0.8047378541243649375, 1.000000000000000000 ) ) 
 REPRESENTATION_ITEM ( '' )  );
#929 = CARTESIAN_POINT ( 'NONE',  ( 30.95596984624202364, -3.934963814056581466, 7.949528458561512245 ) ) ;
#930 = CARTESIAN_POINT ( 'NONE',  ( -18.50000000000000355, 15.00000000000000178, 6.000000000000000000 ) ) ;
#931 = AXIS2_PLACEMENT_3D ( 'NONE', #129, #1267, #123 ) ;
#932 = ORIENTED_EDGE ( 'NONE', *, *, #355, .F. ) ;
#933 = CARTESIAN_POINT ( 'NONE',  ( -30.50000000000000000, -15.00000000000000000, 8.000000000000000000 ) ) ;
#934 = ADVANCED_FACE ( 'NONE', ( #1302 ), #282, .T. ) ;
#935 = DIRECTION ( 'NONE',  ( 1.156482317317871725E-16, -1.000000000000000000, -0.000000000000000000 ) ) ;
#936 = CARTESIAN_POINT ( 'NONE',  ( -32.50000000000000000, -13.00000000000000000, 2.000000000000000000 ) ) ;
#937 = CARTESIAN_POINT ( 'NONE',  ( -16.50000000000000000, 15.00000000000000178, 6.000000000000000000 ) ) ;
#938 = EDGE_LOOP ( 'NONE', ( #597, #330, #751, #983, #1359 ) ) ;
#939 = ADVANCED_FACE ( 'NONE', ( #1414 ), #388, .T. ) ;
#940 = EDGE_LOOP ( 'NONE', ( #801, #546, #949, #698 ) ) ;
#941 = FACE_OUTER_BOUND ( 'NONE', #1268, .T. ) ;
#942 = DIRECTION ( 'NONE',  ( -0.000000000000000000, -0.000000000000000000, -1.000000000000000000 ) ) ;
#943 = CARTESIAN_POINT ( 'NONE',  ( 18.50000000000000355, 13.00000000000000178, 8.000000000000000000 ) ) ;
#944 = CARTESIAN_POINT ( 'NONE',  ( -17.60291916067179230, -4.649718282787176804, 7.798268520078102561 ) ) ;
#945 = CARTESIAN_POINT ( 'NONE',  ( 11.09999999999999964, -4.100000000000004974, 8.000000000000000000 ) ) ;
#946 = AXIS2_PLACEMENT_3D ( 'NONE', #24, #1180, #365 ) ;
#947 = DIRECTION ( 'NONE',  ( -0.000000000000000000, -0.000000000000000000, -1.000000000000000000 ) ) ;
#948 = CARTESIAN_POINT ( 'NONE',  ( 11.22243301845311159, -13.68901540607225087, 4.481095263826697206 ) ) ;
#949 = ORIENTED_EDGE ( 'NONE', *, *, #783, .F. ) ;
#950 = B_SPLINE_CURVE_WITH_KNOTS ( 'NONE', 3,
 ( #719, #1067, #1432, #1075, #1312, #614, #1197, #60, #390, #163, #381, #835, #30, #492, #40, #1182 ),
 .UNSPECIFIED., .F., .F.,
 ( 4, 2, 2, 2, 2, 2, 2, 4 ),
 ( 4.336808689942017255E-19, 0.001198399958541513472, 0.002396799917083026078, 0.002995999896353782489, 0.003595199875624538900, 0.004194399854895295744, 0.004493999844530673950, 0.004793599834166051288 ),
 .UNSPECIFIED. ) ;
#951 = EDGE_CURVE ( 'NONE', #741, #214, #168, .T. ) ;
#952 = ORIENTED_EDGE ( 'NONE', *, *, #1393, .F. ) ;
#953 = FACE_OUTER_BOUND ( 'NONE', #385, .T. ) ;
#954 = CARTESIAN_POINT ( 'NONE',  ( -17.43668270987254232, -4.934074938211829853, 7.693917453867218370 ) ) ;
#955 = CARTESIAN_POINT ( 'NONE',  ( -30.50000000000000000, -15.00000000000000000, 2.603528282279809591 ) ) ;
#956 = CARTESIAN_POINT ( 'NONE',  ( 30.50000000000000000, 13.00000000000000000, 2.000000000000000000 ) ) ;
#957 = DIRECTION ( 'NONE',  ( -0.000000000000000000, -0.000000000000000000, -1.000000000000000000 ) ) ;
#958 = AXIS2_PLACEMENT_3D ( 'NONE', #51, #957, #400 ) ;
#959 = VERTEX_POINT ( 'NONE', #58 ) ;
#960 = EDGE_CURVE ( 'NONE', #451, #858, #166, .T. ) ;
#961 = DIRECTION ( 'NONE',  ( 1.000000000000000000, 0.000000000000000000, 0.000000000000000000 ) ) ;
#962 = VECTOR ( 'NONE', #1387, 1000.000000000000000 ) ;
#963 = APPROVAL_ROLE ( '' ) ;
#964 = CARTESIAN_POINT ( 'NONE',  ( 17.43668270987255298, -4.934074938211828076, 7.693917453867220146 ) ) ;
#965 = ADVANCED_FACE ( 'NONE', ( #506 ), #593, .T. ) ;
#966 = DIRECTION ( 'NONE',  ( -1.494064000279036899E-16, -0.9387834907734438072, -0.3445077030361260451 ) ) ;
#967 = FACE_OUTER_BOUND ( 'NONE', #340, .T. ) ;
#968 = EDGE_LOOP ( 'NONE', ( #1030, #128, #766, #609 ) ) ;
#969 = ORIENTED_EDGE ( 'NONE', *, *, #1045, .T. ) ;
#970 = LINE ( 'NONE', #1436, #701 ) ;
#971 = PERSON_AND_ORGANIZATION ( #1164, #651 ) ;
#972 = DIRECTION ( 'NONE',  ( -0.000000000000000000, 0.000000000000000000, -1.000000000000000000 ) ) ;
#973 = DIRECTION ( 'NONE',  ( 1.000000000000000000, 0.000000000000000000, 0.000000000000000000 ) ) ;
#974 = CARTESIAN_POINT ( 'NONE',  ( -17.32842712474619162, 14.17157287525380660, 8.000000000000000000 ) ) ;
#975 = ORIENTED_EDGE ( 'NONE', *, *, #258, .F. ) ;
#976 = ORIENTED_EDGE ( 'NONE', *, *, #899, .F. ) ;
#977 = LINE ( 'NONE', #1315, #578 ) ;
#978 = LOCAL_TIME ( 19, 14, 39.00000000000000000, #1468 ) ;
#979 = DIRECTION ( 'NONE',  ( -1.156482317317871478E-16, 1.000000000000000000, -0.000000000000000000 ) ) ;
#980 = VECTOR ( 'NONE', #843, 1000.000000000000000 ) ;
#981 = ORIENTED_EDGE ( 'NONE', *, *, #985, .T. ) ;
#982 =( BOUNDED_CURVE ( )  B_SPLINE_CURVE ( 3, ( #995, #1205, #96, #543 ),
 .UNSPECIFIED., .F., .F. ) 
 B_SPLINE_CURVE_WITH_KNOTS ( ( 4, 4 ),
 ( 3.493306989365792425, 4.712388980384689674 ),
 .UNSPECIFIED. ) 
 CURVE ( )  GEOMETRIC_REPRESENTATION_ITEM ( )  RATIONAL_B_SPLINE_CURVE ( ( 1.000000000000000000, 0.8799405868194020153, 0.8799405868194020153, 1.000000000000000000 ) ) 
 REPRESENTATION_ITEM ( '' )  );
#983 = ORIENTED_EDGE ( 'NONE', *, *, #581, .F. ) ;
#984 = FACE_OUTER_BOUND ( 'NONE', #1089, .T. ) ;
#985 = EDGE_CURVE ( 'NONE', #1202, #689, #717, .T. ) ;
#986 = CARTESIAN_POINT ( 'NONE',  ( 0.000000000000000000, 0.000000000000000000, 0.000000000000000000 ) ) ;
#987 = CARTESIAN_POINT ( 'NONE',  ( -11.52128292350862004, -14.50338139734850884, 4.182245358771189636 ) ) ;
#988 = CARTESIAN_POINT ( 'NONE',  ( 17.43668270987255298, -4.934074938211828076, 7.693917453867220146 ) ) ;
#989 = VERTEX_POINT ( 'NONE', #263 ) ;
#990 = VECTOR ( 'NONE', #1157, 1000.000000000000000 ) ;
#991 = ORIENTED_EDGE ( 'NONE', *, *, #654, .T. ) ;
#992 = FACE_OUTER_BOUND ( 'NONE', #898, .T. ) ;
#993 = APPLICATION_PROTOCOL_DEFINITION ( 'international standard', 'config_control_design', 1994, #395 ) ;
#994 = CC_DESIGN_PERSON_AND_ORGANIZATION_ASSIGNMENT ( #56, #735, ( #998 ) ) ;
#995 = CARTESIAN_POINT ( 'NONE',  ( 32.37756698154689161, -13.68901540607225087, 4.481095263826697206 ) ) ;
#996 = LINE ( 'NONE', #82, #322 ) ;
#997 = CARTESIAN_POINT ( 'NONE',  ( 30.50000000000000000, 13.00000000000000000, 8.000000000000000000 ) ) ;
#998 = PRODUCT ( '楔子改', '楔子改', '', ( #536 ) ) ;
#999 = VERTEX_POINT ( 'NONE', #1284 ) ;
#1000 = EDGE_CURVE ( 'NONE', #1477, #959, #950, .T. ) ;
#1001 = VERTEX_POINT ( 'NONE', #845 ) ;
#1002 = CARTESIAN_POINT ( 'NONE',  ( -16.50000000000000000, 12.05392775016690265, 13.92804688079519337 ) ) ;
#1003 = DIRECTION ( 'NONE',  ( 0.000000000000000000, -1.000000000000000000, 0.000000000000000000 ) ) ;
#1004 = LOCAL_TIME ( 19, 14, 39.00000000000000000, #641 ) ;
#1005 = ORIENTED_EDGE ( 'NONE', *, *, #252, .F. ) ;
#1006 = EDGE_CURVE ( 'NONE', #1456, #1287, #1195, .T. ) ;
#1007 = CIRCLE ( 'NONE', #628, 11.09999999999999964 ) ;
#1008 = ORIENTED_EDGE ( 'NONE', *, *, #1210, .F. ) ;
#1009 = CIRCLE ( 'NONE', #436, 2.000000000000000000 ) ;
#1010 = LINE ( 'NONE', #570, #471 ) ;
#1011 = DIRECTION ( 'NONE',  ( -1.156482317317871725E-16, 1.000000000000000000, -0.000000000000000000 ) ) ;
#1012 = VERTEX_POINT ( 'NONE', #486 ) ;
#1013 = ORIENTED_EDGE ( 'NONE', *, *, #1367, .T. ) ;
#1014 = CARTESIAN_POINT ( 'NONE',  ( -30.50000000000000000, 13.00000000000000000, 2.000000000000000000 ) ) ;
#1015 = DIRECTION ( 'NONE',  ( -1.000000000000000000, -2.891205793294677833E-16, -0.000000000000000000 ) ) ;
#1016 = ORIENTED_EDGE ( 'NONE', *, *, #107, .T. ) ;
#1017 = FACE_OUTER_BOUND ( 'NONE', #800, .T. ) ;
#1018 = VECTOR ( 'NONE', #247, 1000.000000000000000 ) ;
#1019 = PERSON_AND_ORGANIZATION ( #1164, #651 ) ;
#1020 = LINE ( 'NONE', #464, #1335 ) ;
#1021 = B_SPLINE_CURVE_WITH_KNOTS ( 'NONE', 3,
 ( #988, #670, #657, #307, #1121, #552, #97, #777 ),
 .UNSPECIFIED., .F., .F.,
 ( 4, 2, 2, 4 ),
 ( 1.734723475976807094E-18, 0.001023733255091203997, 0.001535599882636805996, 0.002047466510182408429 ),
 .UNSPECIFIED. ) ;
#1022 = EDGE_CURVE ( 'NONE', #1456, #1001, #387, .T. ) ;
#1023 = ORIENTED_EDGE ( 'NONE', *, *, #61, .F. ) ;
#1024 = DIRECTION ( 'NONE',  ( -0.000000000000000000, -0.000000000000000000, 1.000000000000000000 ) ) ;
#1025 = CARTESIAN_POINT ( 'NONE',  ( 13.09999999999999964, -13.00000000000000000, 8.000000000000000000 ) ) ;
#1026 = VECTOR ( 'NONE', #382, 1000.000000000000000 ) ;
#1027 = ADVANCED_FACE ( 'NONE', ( #749 ), #1295, .T. ) ;
#1028 = VECTOR ( 'NONE', #600, 1000.000000000000000 ) ;
#1029 = VERTEX_POINT ( 'NONE', #500 ) ;
#1030 = ORIENTED_EDGE ( 'NONE', *, *, #1244, .T. ) ;
#1031 = CARTESIAN_POINT ( 'NONE',  ( -32.50000000000000000, -4.934074938211829853, 7.693917453867218370 ) ) ;
#1032 = ORIENTED_EDGE ( 'NONE', *, *, #611, .T. ) ;
#1033 = CARTESIAN_POINT ( 'NONE',  ( 0.000000000000000000, 13.00000000000000178, 6.000000000000000000 ) ) ;
#1034 = ORIENTED_EDGE ( 'NONE', *, *, #889, .F. ) ;
#1035 = EDGE_CURVE ( 'NONE', #838, #785, #508, .T. ) ;
#1036 = CARTESIAN_POINT ( 'NONE',  ( 11.22243301845311159, -13.68901540607225087, 4.481095263826697206 ) ) ;
#1037 = CARTESIAN_POINT ( 'NONE',  ( -32.50000000000000000, 15.00000000000000000, 8.000000000000000000 ) ) ;
#1038 = FACE_OUTER_BOUND ( 'NONE', #1111, .T. ) ;
#1039 = CARTESIAN_POINT ( 'NONE',  ( 32.50000000000000000, -7.632112242297808713, 6.703812021175116875 ) ) ;
#1040 = FACE_OUTER_BOUND ( 'NONE', #732, .T. ) ;
#1041 = ORIENTED_EDGE ( 'NONE', *, *, #762, .F. ) ;
#1042 = EDGE_CURVE ( 'NONE', #689, #1243, #181, .T. ) ;
#1043 = FACE_OUTER_BOUND ( 'NONE', #1442, .T. ) ;
#1044 = FACE_OUTER_BOUND ( 'NONE', #300, .T. ) ;
#1045 = EDGE_CURVE ( 'NONE', #1220, #332, #739, .T. ) ;
#1046 = LINE ( 'NONE', #738, #688 ) ;
#1047 = AXIS2_PLACEMENT_3D ( 'NONE', #956, #292, #1058 ) ;
#1048 = CARTESIAN_POINT ( 'NONE',  ( 0.000000000000000000, -4.100000000000003197, 0.000000000000000000 ) ) ;
#1049 = CARTESIAN_POINT ( 'NONE',  ( 10.50000000000000000, -0.5000000000000022204, 8.000000000000000000 ) ) ;
#1050 = EDGE_LOOP ( 'NONE', ( #1321, #85, #1041, #241, #526, #822, #532, #124, #1079, #1473, #900, #1362 ) ) ;
#1051 = CARTESIAN_POINT ( 'NONE',  ( 11.09999999999999964, -4.100000000000003197, 8.000000000000000000 ) ) ;
#1052 = DIRECTION ( 'NONE',  ( 0.000000000000000000, 0.000000000000000000, 1.000000000000000000 ) ) ;
#1053 = CARTESIAN_POINT ( 'NONE',  ( -32.50000000000000000, 13.00000000000000000, 2.000000000000000000 ) ) ;
#1054 = VECTOR ( 'NONE', #1081, 1000.000000000000000 ) ;
#1055 = CARTESIAN_POINT ( 'NONE',  ( -18.13419033872351349, -3.791173482790359373, 7.968403981223315391 ) ) ;
#1056 = EDGE_CURVE ( 'NONE', #1029, #383, #928, .T. ) ;
#1057 = DIRECTION ( 'NONE',  ( 0.000000000000000000, 0.000000000000000000, 1.000000000000000000 ) ) ;
#1058 = DIRECTION ( 'NONE',  ( 0.000000000000000000, 0.000000000000000000, -1.000000000000000000 ) ) ;
#1059 = CARTESIAN_POINT ( 'NONE',  ( -32.50000000000000000, 13.00000000000000000, 6.000000000000000000 ) ) ;
#1060 = VERTEX_POINT ( 'NONE', #1082 ) ;
#1061 = PLANE ( 'NONE',  #585 ) ;
#1062 = LINE ( 'NONE', #1403, #723 ) ;
#1063 = CARTESIAN_POINT ( 'NONE',  ( -16.49999999999999645, -9.550000000000006040, 6.000000000000000000 ) ) ;
#1064 = EDGE_CURVE ( 'NONE', #847, #1220, #476, .T. ) ;
#1065 = PLANE ( 'NONE',  #1402 ) ;
#1066 = VECTOR ( 'NONE', #261, 1000.000000000000000 ) ;
#1067 = CARTESIAN_POINT ( 'NONE',  ( -8.760536722874642024, 2.728404912751459133, 8.000000000000000000 ) ) ;
#1068 = LINE ( 'NONE', #501, #697 ) ;
#1069 = ORIENTED_EDGE ( 'NONE', *, *, #773, .F. ) ;
#1070 = EDGE_CURVE ( 'NONE', #560, #474, #1009, .T. ) ;
#1071 = CARTESIAN_POINT ( 'NONE',  ( -30.50000000000000000, 13.00000000000000000, 6.000000000000000000 ) ) ;
#1072 = AXIS2_PLACEMENT_3D ( 'NONE', #1093, #304, #535 ) ;
#1073 = CARTESIAN_POINT ( 'NONE',  ( 16.50000000000000000, 15.00000000000000533, 6.000000000000000000 ) ) ;
#1074 = DIRECTION ( 'NONE',  ( 0.000000000000000000, 1.000000000000000000, 0.000000000000000000 ) ) ;
#1075 = CARTESIAN_POINT ( 'NONE',  ( -9.434798753537020133, 1.760707725815179758, 7.783474329552498183 ) ) ;
#1076 = DIRECTION ( 'NONE',  ( 1.000000000000000000, 0.000000000000000000, 0.000000000000000000 ) ) ;
#1077 = VECTOR ( 'NONE', #1304, 1000.000000000000000 ) ;
#1078 = VERTEX_POINT ( 'NONE', #372 ) ;
#1079 = ORIENTED_EDGE ( 'NONE', *, *, #659, .T. ) ;
#1080 = CARTESIAN_POINT ( 'NONE',  ( 18.50000000000000355, 13.00000000000000178, 8.000000000000000000 ) ) ;
#1081 = DIRECTION ( 'NONE',  ( 1.000000000000000000, -0.000000000000000000, -0.000000000000000000 ) ) ;
#1082 = CARTESIAN_POINT ( 'NONE',  ( -16.49999999999999645, -9.822500000000001563, 5.900000000000000355 ) ) ;
#1083 = VERTEX_POINT ( 'NONE', #1245 ) ;
#1084 = FACE_OUTER_BOUND ( 'NONE', #52, .T. ) ;
#1085 = EDGE_CURVE ( 'NONE', #1477, #407, #1343, .T. ) ;
#1086 = VECTOR ( 'NONE', #102, 1000.000000000000000 ) ;
#1087 = CALENDAR_DATE ( 2023, 11, 5 ) ;
#1088 = CARTESIAN_POINT ( 'NONE',  ( -30.50000000000000000, -4.100000000000003197, 6.000000000000000000 ) ) ;
#1089 = EDGE_LOOP ( 'NONE', ( #626, #467, #575, #1008, #771 ) ) ;
#1090 = VERTEX_POINT ( 'NONE', #234 ) ;
#1091 = LINE ( 'NONE', #78, #103 ) ;
#1092 = ADVANCED_FACE ( 'NONE', ( #1257 ), #1155, .T. ) ;
#1093 = CARTESIAN_POINT ( 'NONE',  ( -30.50000000000000000, 13.00000000000000000, 6.000000000000000000 ) ) ;
#1094 = DIRECTION ( 'NONE',  ( 1.000000000000000000, 0.000000000000000000, 0.000000000000000000 ) ) ;
#1095 = APPROVAL_PERSON_ORGANIZATION ( #1019, #834, #218 ) ;
#1096 = DIRECTION ( 'NONE',  ( -1.000000000000000000, 0.000000000000000000, 0.000000000000000000 ) ) ;
#1097 = LINE ( 'NONE', #1454, #1413 ) ;
#1098 = ADVANCED_FACE ( 'NONE', ( #678 ), #582, .F. ) ;
#1099 = AXIS2_PLACEMENT_3D ( 'NONE', #179, #1179, #1281 ) ;
#1100 = ORIENTED_EDGE ( 'NONE', *, *, #1363, .T. ) ;
#1101 = AXIS2_PLACEMENT_3D ( 'NONE', #465, #1140, #1240 ) ;
#1102 = EDGE_LOOP ( 'NONE', ( #772, #871, #278, #910 ) ) ;
#1103 = AXIS2_PLACEMENT_3D ( 'NONE', #1053, #695, #37 ) ;
#1104 = CC_DESIGN_DATE_AND_TIME_ASSIGNMENT ( #426, #305, ( #45 ) ) ;
#1105 = DIRECTION ( 'NONE',  ( 8.673617379884026597E-16, 1.000000000000000000, -0.000000000000000000 ) ) ;
#1106 = CARTESIAN_POINT ( 'NONE',  ( -11.22243301845311159, -13.68901540607225087, 4.481095263826697206 ) ) ;
#1107 = DIRECTION ( 'NONE',  ( 0.000000000000000000, 0.000000000000000000, -1.000000000000000000 ) ) ;
#1108 = ADVANCED_FACE ( 'NONE', ( #1475 ), #351, .T. ) ;
#1109 = ORIENTED_EDGE ( 'NONE', *, *, #627, .T. ) ;
#1110 = AXIS2_PLACEMENT_3D ( 'NONE', #1088, #1114, #187 ) ;
#1111 = EDGE_LOOP ( 'NONE', ( #122, #807, #661, #393 ) ) ;
#1112 = LINE ( 'NONE', #881, #666 ) ;
#1113 = CALENDAR_DATE ( 2023, 11, 5 ) ;
#1114 = DIRECTION ( 'NONE',  ( -0.000000000000000000, 1.000000000000000000, 0.000000000000000000 ) ) ;
#1115 = DIRECTION ( 'NONE',  ( -1.000000000000000000, 0.000000000000000000, 0.000000000000000000 ) ) ;
#1116 = EDGE_CURVE ( 'NONE', #999, #1463, #632, .T. ) ;
#1117 = ORIENTED_EDGE ( 'NONE', *, *, #521, .T. ) ;
#1118 = ORIENTED_EDGE ( 'NONE', *, *, #819, .T. ) ;
#1119 = CARTESIAN_POINT ( 'NONE',  ( 8.499999999999998224, 13.00000000000000178, 8.000000000000000000 ) ) ;
#1120 = CARTESIAN_POINT ( 'NONE',  ( 11.09999999999999787, -13.00000000000000000, 4.733944954128443072 ) ) ;
#1121 = CARTESIAN_POINT ( 'NONE',  ( 18.13419033872352060, -3.791173482790358484, 7.968403981223308286 ) ) ;
#1122 = CIRCLE ( 'NONE', #808, 2.000000000000001776 ) ;
#1123 = ORIENTED_EDGE ( 'NONE', *, *, #603, .F. ) ;
#1124 = ORIENTED_EDGE ( 'NONE', *, *, #911, .T. ) ;
#1125 = CARTESIAN_POINT ( 'NONE',  ( -11.09999999999999964, -4.100000000000004974, 8.000000000000000000 ) ) ;
#1126 = CARTESIAN_POINT ( 'NONE',  ( 10.50000000000000178, -14.99999999999999822, 5.899999999999999467 ) ) ;
#1127 = ORIENTED_EDGE ( 'NONE', *, *, #635, .T. ) ;
#1128 = CARTESIAN_POINT ( 'NONE',  ( 32.50000000000000000, -14.17157287525380660, 0.8284271247461908461 ) ) ;
#1129 = ORIENTED_EDGE ( 'NONE', *, *, #715, .F. ) ;
#1130 = CARTESIAN_POINT ( 'NONE',  ( 10.49999999999999822, 15.00000000000000355, 5.899999999999999467 ) ) ;
#1131 =( BOUNDED_CURVE ( )  B_SPLINE_CURVE ( 3, ( #397, #1039, #853, #370 ),
 .UNSPECIFIED., .F., .F. ) 
 B_SPLINE_CURVE_WITH_KNOTS ( ( 4, 4 ),
 ( 1.570796326794896558, 2.581034935171943712 ),
 .UNSPECIFIED. ) 
 CURVE ( )  GEOMETRIC_REPRESENTATION_ITEM ( )  RATIONAL_B_SPLINE_CURVE ( ( 1.000000000000000000, 0.9167444986292503373, 0.9167444986292503373, 1.000000000000000000 ) ) 
 REPRESENTATION_ITEM ( '' )  );
#1132 = CARTESIAN_POINT ( 'NONE',  ( -13.10000000000000142, -15.00000000000000000, 8.000000000000000000 ) ) ;
#1133 = ORIENTED_EDGE ( 'NONE', *, *, #1354, .F. ) ;
#1134 = LINE ( 'NONE', #1049, #1026 ) ;
#1135 = ORIENTED_EDGE ( 'NONE', *, *, #581, .T. ) ;
#1136 = ADVANCED_FACE ( 'NONE', ( #589 ), #1361, .T. ) ;
#1137 = PLANE ( 'NONE',  #18 ) ;
#1138 = CLOSED_SHELL ( 'NONE', ( #301, #687, #437, #341, #281, #1471, #66, #1405, #524, #703, #16, #99, #737, #798, #468, #53, #1420, #1098, #1108, #1358, #825, #939, #1027, #1329, #1269, #1201, #566, #64, #1430, #1176, #874, #1136, #1310, #1316, #639, #1298, #161, #694, #539, #1092, #43, #556, #965, #327, #573, #934 ) ) ;
#1139 = ORIENTED_EDGE ( 'NONE', *, *, #107, .F. ) ;
#1140 = DIRECTION ( 'NONE',  ( -0.000000000000000000, -0.000000000000000000, -1.000000000000000000 ) ) ;
#1141 = ORIENTED_EDGE ( 'NONE', *, *, #1263, .T. ) ;
#1142 = CARTESIAN_POINT ( 'NONE',  ( -30.50000000000000000, 15.00000000000000000, 6.000000000000000000 ) ) ;
#1143 = CC_DESIGN_PERSON_AND_ORGANIZATION_ASSIGNMENT ( #1249, #463, ( #1380 ) ) ;
#1144 = VECTOR ( 'NONE', #770, 1000.000000000000000 ) ;
#1145 = LINE ( 'NONE', #379, #201 ) ;
#1146 = ORIENTED_EDGE ( 'NONE', *, *, #802, .F. ) ;
#1147 = EDGE_CURVE ( 'NONE', #568, #136, #73, .T. ) ;
#1148 = ORIENTED_EDGE ( 'NONE', *, *, #36, .F. ) ;
#1149 = CIRCLE ( 'NONE', #325, 11.09999999999999964 ) ;
#1150 = LINE ( 'NONE', #347, #14 ) ;
#1151 = CARTESIAN_POINT ( 'NONE',  ( 10.37826570088404665, -0.1606417014486632988, 6.706157789751731713 ) ) ;
#1152 = CARTESIAN_POINT ( 'NONE',  ( -30.50000000000000000, 15.00000000000000000, 8.000000000000000000 ) ) ;
#1153 = EDGE_CURVE ( 'NONE', #195, #865, #1134, .T. ) ;
#1154 = FACE_OUTER_BOUND ( 'NONE', #338, .T. ) ;
#1155 = CYLINDRICAL_SURFACE ( 'NONE', #888, 2.000000000000000000 ) ;
#1156 = EDGE_LOOP ( 'NONE', ( #571, #519, #1124, #759, #1390, #130, #350, #1173, #488, #184 ) ) ;
#1157 = DIRECTION ( 'NONE',  ( -0.000000000000000000, -1.000000000000000000, 0.000000000000000000 ) ) ;
#1158 = EDGE_CURVE ( 'NONE', #629, #1083, #522, .T. ) ;
#1159 = LINE ( 'NONE', #101, #909 ) ;
#1160 = CARTESIAN_POINT ( 'NONE',  ( 16.50000000000000355, -9.550000000000002487, 6.000000000000000000 ) ) ;
#1161 = CYLINDRICAL_SURFACE ( 'NONE', #1476, 2.000000000000001776 ) ;
#1162 = CARTESIAN_POINT ( 'NONE',  ( -32.50000000000000000, -14.17157287525380838, 0.8284271247461900689 ) ) ;
#1163 = SPHERICAL_SURFACE ( 'NONE', #1290, 2.000000000000000000 ) ;
#1164 = PERSON ( '未指定', '未指定', '未指定', ('未指定'), ('未指定'), ('未指定') ) ;
#1165 = VERTEX_POINT ( 'NONE', #1285 ) ;
#1166 = DIRECTION ( 'NONE',  ( -1.000000000000000000, 0.000000000000000000, 0.000000000000000000 ) ) ;
#1167 = PLANE ( 'NONE',  #176 ) ;
#1168 = LINE ( 'NONE', #921, #273 ) ;
#1169 = CARTESIAN_POINT ( 'NONE',  ( 16.84058297641750102, -5.953736544856085722, 7.319729708309695049 ) ) ;
#1170 = LINE ( 'NONE', #811, #192 ) ;
#1171 = CARTESIAN_POINT ( 'NONE',  ( -31.67157287525380127, -14.99999999999999822, 4.336808689942017243E-16 ) ) ;
#1172 = DIRECTION ( 'NONE',  ( 0.000000000000000000, 0.000000000000000000, -1.000000000000000000 ) ) ;
#1173 = ORIENTED_EDGE ( 'NONE', *, *, #1354, .T. ) ;
#1174 = CARTESIAN_POINT ( 'NONE',  ( 30.50000000000000000, 15.00000000000000000, 8.000000000000000000 ) ) ;
#1175 = CARTESIAN_POINT ( 'NONE',  ( 9.975992567998378746, 0.7704278275677617360, 7.354872293499775893 ) ) ;
#1176 = ADVANCED_FACE ( 'NONE', ( #836 ), #164, .T. ) ;
#1177 = CARTESIAN_POINT ( 'NONE',  ( 30.50000000000000000, -3.211536423031201348, 8.000000000000000000 ) ) ;
#1178 = VECTOR ( 'NONE', #913, 1000.000000000000000 ) ;
#1179 = DIRECTION ( 'NONE',  ( 1.000000000000000000, 0.000000000000000000, -0.000000000000000000 ) ) ;
#1180 = DIRECTION ( 'NONE',  ( 0.000000000000000000, 1.000000000000000000, 0.000000000000000000 ) ) ;
#1181 =( BOUNDED_CURVE ( )  B_SPLINE_CURVE ( 3, ( #109, #686, #120, #1224 ),
 .UNSPECIFIED., .F., .T. ) 
 B_SPLINE_CURVE_WITH_KNOTS ( ( 4, 4 ),
 ( 4.712388980384689674, 5.931470971403586923 ),
 .UNSPECIFIED. ) 
 CURVE ( )  GEOMETRIC_REPRESENTATION_ITEM ( )  RATIONAL_B_SPLINE_CURVE ( ( 1.000000000000000000, 0.8799405868194020153, 0.8799405868194020153, 1.000000000000000000 ) ) 
 REPRESENTATION_ITEM ( '' )  );
#1182 = CARTESIAN_POINT ( 'NONE',  ( -10.49999999999999645, -0.4999999999999947820, 6.000000000000000000 ) ) ;
#1183 = DIRECTION ( 'NONE',  ( 0.000000000000000000, 0.000000000000000000, 1.000000000000000000 ) ) ;
#1184 = EDGE_LOOP ( 'NONE', ( #108, #1213, #242, #712 ) ) ;
#1185 = DIRECTION ( 'NONE',  ( -0.000000000000000000, -0.000000000000000000, -1.000000000000000000 ) ) ;
#1186 = CARTESIAN_POINT ( 'NONE',  ( 18.50000000000000355, 15.00000000000000533, 6.000000000000000000 ) ) ;
#1187 = CARTESIAN_POINT ( 'NONE',  ( -32.50000000000000000, -15.00000000000000000, 0.000000000000000000 ) ) ;
#1188 = CARTESIAN_POINT ( 'NONE',  ( -10.49999999999999822, 15.00000000000000178, 6.000000000000000000 ) ) ;
#1189 = CARTESIAN_POINT ( 'NONE',  ( 0.000000000000000000, 13.00000000000000178, 6.000000000000000000 ) ) ;
#1190 = ORIENTED_EDGE ( 'NONE', *, *, #151, .F. ) ;
#1191 = ORIENTED_EDGE ( 'NONE', *, *, #410, .T. ) ;
#1192 = CARTESIAN_POINT ( 'NONE',  ( 16.50000000000000000, 15.00000000000000533, 6.000000000000000000 ) ) ;
#1193 = DATE_AND_TIME ( #290, #904 ) ;
#1194 = CARTESIAN_POINT ( 'NONE',  ( -32.50000000000000000, -7.632112242297808713, 6.703812021175116875 ) ) ;
#1195 = CIRCLE ( 'NONE', #125, 2.000000000000001776 ) ;
#1196 = DIRECTION ( 'NONE',  ( 1.000000000000000000, 0.000000000000000000, -0.000000000000000000 ) ) ;
#1197 = CARTESIAN_POINT ( 'NONE',  ( -9.974829205667452570, 0.7728153784334657050, 7.356141497360403569 ) ) ;
#1198 = DIRECTION ( 'NONE',  ( 0.000000000000000000, 0.000000000000000000, -1.000000000000000000 ) ) ;
#1199 = VECTOR ( 'NONE', #1198, 1000.000000000000000 ) ;
#1200 = ORIENTED_EDGE ( 'NONE', *, *, #744, .T. ) ;
#1201 = ADVANCED_FACE ( 'NONE', ( #1313 ), #487, .T. ) ;
#1202 = VERTEX_POINT ( 'NONE', #1296 ) ;
#1203 = LINE ( 'NONE', #512, #1427 ) ;
#1204 = DATE_AND_TIME ( #756, #1004 ) ;
#1205 = CARTESIAN_POINT ( 'NONE',  ( 32.07871707649137960, -14.50338139734850884, 4.182245358771189636 ) ) ;
#1206 = EDGE_CURVE ( 'NONE', #438, #1220, #277, .T. ) ;
#1207 = VERTEX_POINT ( 'NONE', #1059 ) ;
#1208 = ORIENTED_EDGE ( 'NONE', *, *, #1225, .F. ) ;
#1209 = DIRECTION ( 'NONE',  ( -0.000000000000000000, 0.000000000000000000, 1.000000000000000000 ) ) ;
#1210 = EDGE_CURVE ( 'NONE', #1366, #999, #293, .T. ) ;
#1211 = DIRECTION ( 'NONE',  ( 0.000000000000000000, -0.000000000000000000, 1.000000000000000000 ) ) ;
#1212 = LINE ( 'NONE', #876, #457 ) ;
#1213 = ORIENTED_EDGE ( 'NONE', *, *, #345, .F. ) ;
#1214 = CIRCLE ( 'NONE', #946, 2.000000000000000000 ) ;
#1215 = ORIENTED_EDGE ( 'NONE', *, *, #61, .T. ) ;
#1216 = EDGE_CURVE ( 'NONE', #136, #196, #1068, .T. ) ;
#1217 = PLANE ( 'NONE',  #2 ) ;
#1218 = CARTESIAN_POINT ( 'NONE',  ( 16.50000000000000000, 15.00000000000000533, 5.899999999999999467 ) ) ;
#1219 = CARTESIAN_POINT ( 'NONE',  ( 8.499999999999998224, 15.00000000000000178, 8.000000000000000000 ) ) ;
#1220 = VERTEX_POINT ( 'NONE', #255 ) ;
#1221 = DIRECTION ( 'NONE',  ( 1.000000000000000000, 0.000000000000000000, -0.000000000000000000 ) ) ;
#1222 = VECTOR ( 'NONE', #141, 1000.000000000000000 ) ;
#1223 = EDGE_LOOP ( 'NONE', ( #791, #1013, #607, #19, #779 ) ) ;
#1224 = CARTESIAN_POINT ( 'NONE',  ( -32.37756698154689161, -13.68901540607225087, 4.481095263826697206 ) ) ;
#1225 = EDGE_CURVE ( 'NONE', #790, #383, #1417, .T. ) ;
#1226 = CARTESIAN_POINT ( 'NONE',  ( -31.56331729012745768, -4.934074938211830741, 7.693917453867218370 ) ) ;
#1227 = LINE ( 'NONE', #1126, #1144 ) ;
#1228 = ORIENTED_EDGE ( 'NONE', *, *, #762, .T. ) ;
#1229 = EDGE_LOOP ( 'NONE', ( #1123, #294, #316, #352, #268, #1148 ) ) ;
#1230 = DIRECTION ( 'NONE',  ( 1.000000000000000000, 1.156482317317871725E-16, 0.000000000000000000 ) ) ;
#1231 = LINE ( 'NONE', #551, #851 ) ;
#1232 = DIRECTION ( 'NONE',  ( 1.000000000000000000, 0.000000000000000000, 0.000000000000000000 ) ) ;
#1233 = ORIENTED_EDGE ( 'NONE', *, *, #430, .T. ) ;
#1234 = ORIENTED_EDGE ( 'NONE', *, *, #562, .F. ) ;
#1235 = CARTESIAN_POINT ( 'NONE',  ( 16.50000000000000000, 15.00000000000000533, 6.000000000000000000 ) ) ;
#1236 = COORDINATED_UNIVERSAL_TIME_OFFSET ( 8, 0, .AHEAD. ) ;
#1237 = CC_DESIGN_PERSON_AND_ORGANIZATION_ASSIGNMENT ( #550, #447, ( #861 ) ) ;
#1238 = CARTESIAN_POINT ( 'NONE',  ( 11.09999999999999787, -13.00000000000000000, 8.000000000000000000 ) ) ;
#1239 = ORIENTED_EDGE ( 'NONE', *, *, #355, .T. ) ;
#1240 = DIRECTION ( 'NONE',  ( 1.000000000000000000, 0.000000000000000000, 0.000000000000000000 ) ) ;
#1241 = ORIENTED_EDGE ( 'NONE', *, *, #1455, .T. ) ;
#1242 = CARTESIAN_POINT ( 'NONE',  ( -30.50000000000000000, 13.00000000000000178, 6.000000000000000000 ) ) ;
#1243 = VERTEX_POINT ( 'NONE', #636 ) ;
#1244 = EDGE_CURVE ( 'NONE', #143, #534, #754, .T. ) ;
#1245 = CARTESIAN_POINT ( 'NONE',  ( -18.50000000000000355, 13.00000000000000178, 8.000000000000000000 ) ) ;
#1246 = VERTEX_POINT ( 'NONE', #711 ) ;
#1247 = VECTOR ( 'NONE', #1270, 1000.000000000000000 ) ;
#1248 = PLANE ( 'NONE',  #734 ) ;
#1249 = PERSON_AND_ORGANIZATION ( #1164, #651 ) ;
#1250 = ORIENTED_EDGE ( 'NONE', *, *, #1147, .T. ) ;
#1251 = ORIENTED_EDGE ( 'NONE', *, *, #899, .T. ) ;
#1252 = DIRECTION ( 'NONE',  ( 1.000000000000000000, -0.000000000000000000, -0.000000000000000000 ) ) ;
#1253 = CARTESIAN_POINT ( 'NONE',  ( 10.44540821872510961, -0.3439804533498680983, 6.471192189348442980 ) ) ;
#1254 = EDGE_CURVE ( 'NONE', #1060, #838, #493, .T. ) ;
#1255 = CARTESIAN_POINT ( 'NONE',  ( 30.68391182754444557, -3.502327464410135427, 7.993641738444561717 ) ) ;
#1256 = ORIENTED_EDGE ( 'NONE', *, *, #1254, .T. ) ;
#1257 = FACE_OUTER_BOUND ( 'NONE', #231, .T. ) ;
#1258 = ORIENTED_EDGE ( 'NONE', *, *, #308, .T. ) ;
#1259 = AXIS2_PLACEMENT_3D ( 'NONE', #386, #840, #961 ) ;
#1260 = VECTOR ( 'NONE', #592, 1000.000000000000000 ) ;
#1261 = CARTESIAN_POINT ( 'NONE',  ( -32.50000000000000000, -9.550000000000002487, 5.999999999999999112 ) ) ;
#1262 = DIRECTION ( 'NONE',  ( 0.000000000000000000, -0.000000000000000000, -1.000000000000000000 ) ) ;
#1263 = EDGE_CURVE ( 'NONE', #1207, #438, #264, .T. ) ;
#1264 = VECTOR ( 'NONE', #596, 1000.000000000000000 ) ;
#1265 = DIRECTION ( 'NONE',  ( 0.000000000000000000, 1.000000000000000000, -0.000000000000000000 ) ) ;
#1266 = LINE ( 'NONE', #1187, #1018 ) ;
#1267 = DIRECTION ( 'NONE',  ( 0.000000000000000000, -0.3445077030361260451, 0.9387834907734438072 ) ) ;
#1268 = EDGE_LOOP ( 'NONE', ( #797, #233, #1450 ) ) ;
#1269 = ADVANCED_FACE ( 'NONE', ( #967 ), #740, .T. ) ;
#1270 = DIRECTION ( 'NONE',  ( -0.000000000000000000, -0.000000000000000000, 1.000000000000000000 ) ) ;
#1271 = CARTESIAN_POINT ( 'NONE',  ( 9.671572875253808377, 14.17157287525380660, 8.000000000000000000 ) ) ;
#1272 = DIRECTION ( 'NONE',  ( 1.000000000000000000, 0.000000000000000000, -0.000000000000000000 ) ) ;
#1273 = CARTESIAN_POINT ( 'NONE',  ( 0.000000000000000000, -4.100000000000003197, 0.000000000000000000 ) ) ;
#1274 = CARTESIAN_POINT ( 'NONE',  ( -10.49999999999999822, 15.00000000000000178, 7.171572875253810153 ) ) ;
#1275 = AXIS2_PLACEMENT_3D ( 'NONE', #891, #361, #706 ) ;
#1276 = DIRECTION ( 'NONE',  ( 0.000000000000000000, 0.000000000000000000, -1.000000000000000000 ) ) ;
#1277 = EDGE_LOOP ( 'NONE', ( #408, #1032, #917, #367, #1371 ) ) ;
#1278 = LINE ( 'NONE', #250, #1086 ) ;
#1279 = VECTOR ( 'NONE', #1406, 1000.000000000000000 ) ;
#1280 = CARTESIAN_POINT ( 'NONE',  ( 8.499999999999998224, 13.00000000000000178, 8.000000000000000000 ) ) ;
#1281 = DIRECTION ( 'NONE',  ( 0.000000000000000000, 0.000000000000000000, -1.000000000000000000 ) ) ;
#1282 = CARTESIAN_POINT ( 'NONE',  ( 32.50000000000000000, -13.68901540607225087, 4.481095263826697206 ) ) ;
#1283 =( BOUNDED_CURVE ( )  B_SPLINE_CURVE ( 3, ( #1192, #753, #289, #1080 ),
 .UNSPECIFIED., .F., .T. ) 
 B_SPLINE_CURVE_WITH_KNOTS ( ( 4, 4 ),
 ( 3.141592653589793116, 4.712388980384689674 ),
 .UNSPECIFIED. ) 
 CURVE ( )  GEOMETRIC_REPRESENTATION_ITEM ( )  RATIONAL_B_SPLINE_CURVE ( ( 1.000000000000000000, 0.8047378541243649375, 0.8047378541243649375, 1.000000000000000000 ) ) 
 REPRESENTATION_ITEM ( '' )  );
#1284 = CARTESIAN_POINT ( 'NONE',  ( 32.50000000000000000, -12.99999999999999822, 2.000000000000000000 ) ) ;
#1285 = CARTESIAN_POINT ( 'NONE',  ( -13.09999999999999964, -15.00000000000000000, 2.603528282279809591 ) ) ;
#1286 = ORIENTED_EDGE ( 'NONE', *, *, #1466, .F. ) ;
#1287 = VERTEX_POINT ( 'NONE', #373 ) ;
#1288 = DIRECTION ( 'NONE',  ( 1.000000000000000000, 0.000000000000000000, 0.000000000000000000 ) ) ;
#1289 = CARTESIAN_POINT ( 'NONE',  ( 31.56331729012745768, -4.934074938211830741, 7.693917453867218370 ) ) ;
#1290 = AXIS2_PLACEMENT_3D ( 'NONE', #720, #606, #41 ) ;
#1291 = CARTESIAN_POINT ( 'NONE',  ( -18.04403015375796926, -3.934963814056582354, 7.949528458561510469 ) ) ;
#1292 = AXIS2_PLACEMENT_3D ( 'NONE', #446, #896, #206 ) ;
#1293 = CARTESIAN_POINT ( 'NONE',  ( 30.50000000000000000, 13.00000000000000000, 6.000000000000000000 ) ) ;
#1294 = EDGE_CURVE ( 'NONE', #143, #422, #271, .T. ) ;
#1295 = CYLINDRICAL_SURFACE ( 'NONE', #837, 2.000000000000000000 ) ;
#1296 = CARTESIAN_POINT ( 'NONE',  ( -11.09999999999999964, -4.100000000000004974, 0.000000000000000000 ) ) ;
#1297 = ORIENTED_EDGE ( 'NONE', *, *, #1206, .F. ) ;
#1298 = ADVANCED_FACE ( 'NONE', ( #509 ), #1163, .T. ) ;
#1299 = CARTESIAN_POINT ( 'NONE',  ( 32.37756698154689161, -13.68901540607225087, 4.481095263826697206 ) ) ;
#1300 = AXIS2_PLACEMENT_3D ( 'NONE', #724, #185, #156 ) ;
#1301 = AXIS2_PLACEMENT_3D ( 'NONE', #1431, #757, #692 ) ;
#1302 = FACE_OUTER_BOUND ( 'NONE', #864, .T. ) ;
#1303 = DIRECTION ( 'NONE',  ( 1.000000000000000000, 0.000000000000000000, 0.000000000000000000 ) ) ;
#1304 = DIRECTION ( 'NONE',  ( -1.591489427501658636E-16, 1.000000000000000000, 0.000000000000000000 ) ) ;
#1305 = DIRECTION ( 'NONE',  ( 1.000000000000000000, 0.000000000000000000, -0.000000000000000000 ) ) ;
#1306 = EDGE_LOOP ( 'NONE', ( #309, #392, #991, #721 ) ) ;
#1307 = VECTOR ( 'NONE', #342, 1000.000000000000000 ) ;
#1308 = DIRECTION ( 'NONE',  ( -0.000000000000000000, -0.000000000000000000, 1.000000000000000000 ) ) ;
#1309 = DIRECTION ( 'NONE',  ( 0.000000000000000000, 0.000000000000000000, 1.000000000000000000 ) ) ;
#1310 = ADVANCED_FACE ( 'NONE', ( #750 ), #1433, .T. ) ;
#1311 = CARTESIAN_POINT ( 'NONE',  ( 10.50000000000000000, -0.5000000000000022204, 5.899999999999999467 ) ) ;
#1312 = CARTESIAN_POINT ( 'NONE',  ( -9.633490770302229222, 1.426583870077705374, 7.663660953154393773 ) ) ;
#1313 = FACE_OUTER_BOUND ( 'NONE', #938, .T. ) ;
#1314 = ORIENTED_EDGE ( 'NONE', *, *, #1056, .F. ) ;
#1315 = CARTESIAN_POINT ( 'NONE',  ( -32.50000000000000000, -15.00000000000000000, 2.603528282279809591 ) ) ;
#1316 = ADVANCED_FACE ( 'NONE', ( #758 ), #1461, .T. ) ;
#1317 = DIRECTION ( 'NONE',  ( 0.000000000000000000, 0.000000000000000000, 1.000000000000000000 ) ) ;
#1318 = CARTESIAN_POINT ( 'NONE',  ( -30.50000000000000000, -4.099999999999991651, 8.000000000000000000 ) ) ;
#1319 = DIRECTION ( 'NONE',  ( 1.000000000000000000, 0.000000000000000000, 0.000000000000000000 ) ) ;
#1320 = AXIS2_PLACEMENT_3D ( 'NONE', #406, #863, #1319 ) ;
#1321 = ORIENTED_EDGE ( 'NONE', *, *, #415, .T. ) ;
#1322 = EDGE_CURVE ( 'NONE', #1243, #894, #892, .T. ) ;
#1323 = VERTEX_POINT ( 'NONE', #649 ) ;
#1324 = DIRECTION ( 'NONE',  ( -1.000000000000000000, 0.000000000000000000, -0.000000000000000000 ) ) ;
#1325 = DIRECTION ( 'NONE',  ( -1.000000000000000000, 8.673617379884027583E-16, 0.000000000000000000 ) ) ;
#1326 = CARTESIAN_POINT ( 'NONE',  ( 13.09999999999999964, -15.00000000000000000, 0.000000000000000000 ) ) ;
#1327 = CYLINDRICAL_SURFACE ( 'NONE', #411, 2.000000000000000000 ) ;
#1328 = ORIENTED_EDGE ( 'NONE', *, *, #1322, .T. ) ;
#1329 = ADVANCED_FACE ( 'NONE', ( #199 ), #1327, .T. ) ;
#1330 = ORIENTED_EDGE ( 'NONE', *, *, #1379, .F. ) ;
#1331 = CARTESIAN_POINT ( 'NONE',  ( 11.22243301845311159, -13.68901540607225087, 4.481095263826697206 ) ) ;
#1332 = DIRECTION ( 'NONE',  ( 0.000000000000000000, -1.000000000000000000, 0.000000000000000000 ) ) ;
#1333 = DIRECTION ( 'NONE',  ( 0.000000000000000000, -0.3445077030361260451, 0.9387834907734438072 ) ) ;
#1334 = EDGE_LOOP ( 'NONE', ( #705, #676, #644, #1234 ) ) ;
#1335 = VECTOR ( 'NONE', #1015, 1000.000000000000000 ) ;
#1336 = EDGE_CURVE ( 'NONE', #196, #1463, #435, .T. ) ;
#1337 = ORIENTED_EDGE ( 'NONE', *, *, #755, .T. ) ;
#1338 = DIRECTION ( 'NONE',  ( 0.000000000000000000, -0.9387834907734436962, -0.3445077030361260451 ) ) ;
#1339 = EDGE_CURVE ( 'NONE', #629, #1246, #1212, .T. ) ;
#1340 = LINE ( 'NONE', #306, #229 ) ;
#1341 = FACE_OUTER_BOUND ( 'NONE', #903, .T. ) ;
#1342 = ORIENTED_EDGE ( 'NONE', *, *, #1244, .F. ) ;
#1343 = CIRCLE ( 'NONE', #1101, 11.09999999999999964 ) ;
#1344 = ORIENTED_EDGE ( 'NONE', *, *, #788, .T. ) ;
#1345 = DIRECTION ( 'NONE',  ( -0.000000000000000000, -0.000000000000000000, 1.000000000000000000 ) ) ;
#1346 = SHAPE_DEFINITION_REPRESENTATION ( #95, #561 ) ;
#1347 = CARTESIAN_POINT ( 'NONE',  ( 30.50000000000000000, -4.100000000000003197, 6.000000000000000000 ) ) ;
#1348 = AXIS2_PLACEMENT_3D ( 'NONE', #1071, #830, #610 ) ;
#1349 = ORIENTED_EDGE ( 'NONE', *, *, #1158, .T. ) ;
#1350 = EDGE_LOOP ( 'NONE', ( #456, #1208, #887, #1146 ) ) ;
#1351 = CC_DESIGN_PERSON_AND_ORGANIZATION_ASSIGNMENT ( #745, #1421, ( #45 ) ) ;
#1352 = CARTESIAN_POINT ( 'NONE',  ( 0.000000000000000000, -4.100000000000003197, 8.000000000000000000 ) ) ;
#1353 = DIRECTION ( 'NONE',  ( 1.156482317317871725E-16, -1.000000000000000000, 0.000000000000000000 ) ) ;
#1354 = EDGE_CURVE ( 'NONE', #1323, #838, #1097, .T. ) ;
#1355 = ORIENTED_EDGE ( 'NONE', *, *, #481, .F. ) ;
#1356 = ORIENTED_EDGE ( 'NONE', *, *, #889, .T. ) ;
#1357 = CARTESIAN_POINT ( 'NONE',  ( 16.50000000000000000, 15.00000000000000533, 5.899999999999999467 ) ) ;
#1358 = ADVANCED_FACE ( 'NONE', ( #1341 ), #428, .T. ) ;
#1359 = ORIENTED_EDGE ( 'NONE', *, *, #1070, .F. ) ;
#1360 = AXIS2_PLACEMENT_3D ( 'NONE', #1186, #260, #716 ) ;
#1361 = CYLINDRICAL_SURFACE ( 'NONE', #200, 2.000000000000001776 ) ;
#1362 = ORIENTED_EDGE ( 'NONE', *, *, #410, .F. ) ;
#1363 = EDGE_CURVE ( 'NONE', #119, #865, #996, .T. ) ;
#1364 = DIRECTION ( 'NONE',  ( 1.000000000000000000, 0.000000000000000000, -0.000000000000000000 ) ) ;
#1365 = EDGE_LOOP ( 'NONE', ( #731, #77, #1449, #679 ) ) ;
#1366 = VERTEX_POINT ( 'NONE', #442 ) ;
#1367 = EDGE_CURVE ( 'NONE', #451, #172, #1021, .T. ) ;
#1368 = FACE_OUTER_BOUND ( 'NONE', #236, .T. ) ;
#1369 = CARTESIAN_POINT ( 'NONE',  ( 10.49197046288446167, -0.4764236828898117948, 6.202060180340066786 ) ) ;
#1370 = CIRCLE ( 'NONE', #918, 2.000000000000000000 ) ;
#1371 = ORIENTED_EDGE ( 'NONE', *, *, #1455, .F. ) ;
#1372 = CARTESIAN_POINT ( 'NONE',  ( -10.49999999999999467, -15.00000000000000000, 5.899999999999999467 ) ) ;
#1373 = ORIENTED_EDGE ( 'NONE', *, *, #1206, .T. ) ;
#1374 = EDGE_CURVE ( 'NONE', #989, #195, #1227, .T. ) ;
#1375 = DIRECTION ( 'NONE',  ( 0.000000000000000000, 0.000000000000000000, 1.000000000000000000 ) ) ;
#1376 = CARTESIAN_POINT ( 'NONE',  ( 10.50000000000000000, -0.5000000000000022204, 6.000000000000000000 ) ) ;
#1377 = CARTESIAN_POINT ( 'NONE',  ( 31.39708083932820415, -4.649718282787175916, 7.798268520078102561 ) ) ;
#1378 = EDGE_LOOP ( 'NONE', ( #1118, #912, #1398 ) ) ;
#1379 = EDGE_CURVE ( 'NONE', #407, #790, #530, .T. ) ;
#1380 = SECURITY_CLASSIFICATION ( '', '', #207 ) ;
#1381 = DIRECTION ( 'NONE',  ( -1.156482317317871725E-16, 1.000000000000000000, 0.000000000000000000 ) ) ;
#1382 = ORIENTED_EDGE ( 'NONE', *, *, #722, .F. ) ;
#1383 = CIRCLE ( 'NONE', #752, 2.000000000000000000 ) ;
#1384 = CARTESIAN_POINT ( 'NONE',  ( 30.50000000000000000, 13.00000000000000178, 8.000000000000000000 ) ) ;
#1385 = CARTESIAN_POINT ( 'NONE',  ( 16.50000000000000355, -9.550000000000002487, 6.000000000000000000 ) ) ;
#1386 = VECTOR ( 'NONE', #182, 1000.000000000000000 ) ;
#1387 = DIRECTION ( 'NONE',  ( -0.000000000000000000, -0.000000000000000000, 1.000000000000000000 ) ) ;
#1388 = CARTESIAN_POINT ( 'NONE',  ( 13.09999999999999964, -15.00000000000000000, 2.603528282279809591 ) ) ;
#1389 =( BOUNDED_CURVE ( )  B_SPLINE_CURVE ( 3, ( #854, #291, #537, #299 ),
 .UNSPECIFIED., .F., .T. ) 
 B_SPLINE_CURVE_WITH_KNOTS ( ( 4, 4 ),
 ( 1.219081991018897027, 1.570796326794897002 ),
 .UNSPECIFIED. ) 
 CURVE ( )  GEOMETRIC_REPRESENTATION_ITEM ( )  RATIONAL_B_SPLINE_CURVE ( ( 1.000000000000000000, 0.9897179581741593069, 0.9897179581741593069, 1.000000000000000000 ) ) 
 REPRESENTATION_ITEM ( '' )  );
#1390 = ORIENTED_EDGE ( 'NONE', *, *, #1393, .T. ) ;
#1391 = ORIENTED_EDGE ( 'NONE', *, *, #1064, .F. ) ;
#1392 = CYLINDRICAL_SURFACE ( 'NONE', #157, 2.000000000000000000 ) ;
#1393 = EDGE_CURVE ( 'NONE', #332, #741, #824, .T. ) ;
#1394 = CARTESIAN_POINT ( 'NONE',  ( -32.50000000000000000, -9.550000000000002487, 5.999999999999999112 ) ) ;
#1395 = CARTESIAN_POINT ( 'NONE',  ( 0.000000000000000000, 0.000000000000000000, 5.899999999999999467 ) ) ;
#1396 = DIRECTION ( 'NONE',  ( -0.000000000000000000, -0.000000000000000000, -1.000000000000000000 ) ) ;
#1397 = DIRECTION ( 'NONE',  ( 0.000000000000000000, 0.000000000000000000, -1.000000000000000000 ) ) ;
#1398 = ORIENTED_EDGE ( 'NONE', *, *, #792, .F. ) ;
#1399 = ORIENTED_EDGE ( 'NONE', *, *, #1379, .T. ) ;
#1400 = DIRECTION ( 'NONE',  ( -1.156482317317871725E-16, 1.000000000000000000, -0.000000000000000000 ) ) ;
#1401 = CARTESIAN_POINT ( 'NONE',  ( -30.50000000000000000, -15.00000000000000000, 0.000000000000000000 ) ) ;
#1402 = AXIS2_PLACEMENT_3D ( 'NONE', #1273, #602, #588 ) ;
#1403 = CARTESIAN_POINT ( 'NONE',  ( 0.000000000000000000, -9.822500000000001563, 5.899999999999999467 ) ) ;
#1404 = CARTESIAN_POINT ( 'NONE',  ( -32.15941702358250609, -5.953736544856092827, 7.319729708309689720 ) ) ;
#1405 = ADVANCED_FACE ( 'NONE', ( #764 ), #544, .T. ) ;
#1406 = DIRECTION ( 'NONE',  ( 1.591489427501658636E-16, 1.000000000000000000, 0.000000000000000000 ) ) ;
#1407 = DIRECTION ( 'NONE',  ( 0.000000000000000000, 0.000000000000000000, -1.000000000000000000 ) ) ;
#1408 = DIRECTION ( 'NONE',  ( -1.000000000000000000, 0.000000000000000000, 0.000000000000000000 ) ) ;
#1409 = EDGE_LOOP ( 'NONE', ( #1109, #1330, #155, #923 ) ) ;
#1410 = ORIENTED_EDGE ( 'NONE', *, *, #331, .F. ) ;
#1411 = CYLINDRICAL_SURFACE ( 'NONE', #1259, 2.000000000000000000 ) ;
#1412 = DIRECTION ( 'NONE',  ( -1.000000000000000000, 0.000000000000000000, 0.000000000000000000 ) ) ;
#1413 = VECTOR ( 'NONE', #104, 999.9999999999998863 ) ;
#1414 = FACE_OUTER_BOUND ( 'NONE', #1223, .T. ) ;
#1415 = DIRECTION ( 'NONE',  ( -1.000000000000000000, 0.000000000000000000, 0.000000000000000000 ) ) ;
#1416 = CARTESIAN_POINT ( 'NONE',  ( -11.09999999999999964, -4.100000000000004974, 5.899999999999999467 ) ) ;
#1417 = LINE ( 'NONE', #846, #1386 ) ;
#1418 = ORIENTED_EDGE ( 'NONE', *, *, #1064, .T. ) ;
#1419 = LINE ( 'NONE', #1051, #11 ) ;
#1420 = ADVANCED_FACE ( 'NONE', ( #209 ), #558, .F. ) ;
#1421 = PERSON_AND_ORGANIZATION_ROLE ( 'creator' ) ;
#1422 = DIRECTION ( 'NONE',  ( -1.000000000000000000, 0.000000000000000000, 0.000000000000000000 ) ) ;
#1423 = CARTESIAN_POINT ( 'NONE',  ( -12.23253055759925978, -15.00000000000000000, 3.470997724680550345 ) ) ;
#1424 = CARTESIAN_POINT ( 'NONE',  ( -8.499999999999998224, 13.00000000000000178, 8.000000000000000000 ) ) ;
#1425 = DIRECTION ( 'NONE',  ( 1.000000000000000000, 0.000000000000000000, -0.000000000000000000 ) ) ;
#1426 = ORIENTED_EDGE ( 'NONE', *, *, #895, .T. ) ;
#1427 = VECTOR ( 'NONE', #44, 1000.000000000000000 ) ;
#1428 = ORIENTED_EDGE ( 'NONE', *, *, #1374, .F. ) ;
#1429 = DIRECTION ( 'NONE',  ( -1.000000000000000000, 0.000000000000000000, -0.000000000000000000 ) ) ;
#1430 = ADVANCED_FACE ( 'NONE', ( #664 ), #675, .T. ) ;
#1431 = CARTESIAN_POINT ( 'NONE',  ( -11.09999999999999964, -4.100000000000004974, 8.000000000000000000 ) ) ;
#1432 = CARTESIAN_POINT ( 'NONE',  ( -8.998375160458039090, 2.410957459454427632, 7.950961709830702162 ) ) ;
#1433 = SPHERICAL_SURFACE ( 'NONE', #1320, 2.000000000000000000 ) ;
#1434 = ORIENTED_EDGE ( 'NONE', *, *, #1153, .F. ) ;
#1435 = ORIENTED_EDGE ( 'NONE', *, *, #635, .F. ) ;
#1436 = CARTESIAN_POINT ( 'NONE',  ( -18.50000000000000355, 15.00000000000000000, 8.000000000000000000 ) ) ;
#1437 = LINE ( 'NONE', #1452, #924 ) ;
#1438 = CARTESIAN_POINT ( 'NONE',  ( -31.39708083932821125, -4.649718282787176804, 7.798268520078103450 ) ) ;
#1439 = DIRECTION ( 'NONE',  ( 1.156482317317871725E-16, -1.000000000000000000, 0.000000000000000000 ) ) ;
#1440 = ORIENTED_EDGE ( 'NONE', *, *, #927, .F. ) ;
#1441 = DIRECTION ( 'NONE',  ( 0.000000000000000000, 0.000000000000000000, -1.000000000000000000 ) ) ;
#1442 = EDGE_LOOP ( 'NONE', ( #1233, #565, #287, #472, #1215 ) ) ;
#1443 = CYLINDRICAL_SURFACE ( 'NONE', #623, 2.000000000000001776 ) ;
#1444 =( BOUNDED_CURVE ( )  B_SPLINE_CURVE ( 3, ( #158, #462, #804, #700 ),
 .UNSPECIFIED., .F., .F. ) 
 B_SPLINE_CURVE_WITH_KNOTS ( ( 4, 4 ),
 ( 1.219081991018896582, 1.570796326794894782 ),
 .UNSPECIFIED. ) 
 CURVE ( )  GEOMETRIC_REPRESENTATION_ITEM ( )  RATIONAL_B_SPLINE_CURVE ( ( 1.000000000000000000, 0.9897179581741594179, 0.9897179581741594179, 1.000000000000000000 ) ) 
 REPRESENTATION_ITEM ( '' )  );
#1445 = PERSON_AND_ORGANIZATION ( #1164, #651 ) ;
#1446 = CARTESIAN_POINT ( 'NONE',  ( -30.68391182754444202, -3.502327464410134539, 7.993641738444561717 ) ) ;
#1447 = VECTOR ( 'NONE', #420, 1000.000000000000000 ) ;
#1448 = CARTESIAN_POINT ( 'NONE',  ( -32.37756698154689161, -13.68901540607225087, 4.481095263826697206 ) ) ;
#1449 = ORIENTED_EDGE ( 'NONE', *, *, #481, .T. ) ;
#1450 = ORIENTED_EDGE ( 'NONE', *, *, #744, .F. ) ;
#1451 = DIRECTION ( 'NONE',  ( 1.156482317317871725E-16, -1.000000000000000000, -0.000000000000000000 ) ) ;
#1452 = CARTESIAN_POINT ( 'NONE',  ( -32.50000000000000000, 15.00000000000000000, 2.000000000000000000 ) ) ;
#1453 = LINE ( 'NONE', #1218, #418 ) ;
#1454 = CARTESIAN_POINT ( 'NONE',  ( -11.09999999999999964, -4.100000000000004974, 8.000000000000000000 ) ) ;
#1455 = EDGE_CURVE ( 'NONE', #422, #534, #1122, .T. ) ;
#1456 = VERTEX_POINT ( 'NONE', #419 ) ;
#1457 = ORIENTED_EDGE ( 'NONE', *, *, #145, .T. ) ;
#1458 = DIRECTION ( 'NONE',  ( -1.156482317317871725E-16, 1.000000000000000000, 0.000000000000000000 ) ) ;
#1459 = CALENDAR_DATE ( 2023, 11, 5 ) ;
#1460 = CARTESIAN_POINT ( 'NONE',  ( -32.50000000000000000, -4.934074938211829853, 7.693917453867218370 ) ) ;
#1461 = CYLINDRICAL_SURFACE ( 'NONE', #653, 2.000000000000000000 ) ;
#1462 = AXIS2_PLACEMENT_3D ( 'NONE', #1025, #22, #815 ) ;
#1463 = VERTEX_POINT ( 'NONE', #768 ) ;
#1464 = APPROVAL ( #882, '未指定' ) ;
#1465 = EDGE_LOOP ( 'NONE', ( #683, #223, #225, #1286, #256 ) ) ;
#1466 = EDGE_CURVE ( 'NONE', #1207, #786, #674, .T. ) ;
#1467 = DIRECTION ( 'NONE',  ( 0.000000000000000000, 0.000000000000000000, 1.000000000000000000 ) ) ;
#1468 = COORDINATED_UNIVERSAL_TIME_OFFSET ( 8, 0, .AHEAD. ) ;
#1469 = ORIENTED_EDGE ( 'NONE', *, *, #1225, .T. ) ;
#1470 = ORIENTED_EDGE ( 'NONE', *, *, #1147, .F. ) ;
#1471 = ADVANCED_FACE ( 'NONE', ( #992 ), #1217, .F. ) ;
#1472 = DIRECTION ( 'NONE',  ( -1.000000000000000000, 0.000000000000000000, 0.000000000000000000 ) ) ;
#1473 = ORIENTED_EDGE ( 'NONE', *, *, #252, .T. ) ;
#1474 = EDGE_CURVE ( 'NONE', #1456, #227, #1437, .T. ) ;
#1475 = FACE_OUTER_BOUND ( 'NONE', #1156, .T. ) ;
#1476 = AXIS2_PLACEMENT_3D ( 'NONE', #930, #135, #1415 ) ;
#1477 = VERTEX_POINT ( 'NONE', #86 ) ;
ENDSEC;
END-ISO-10303-21;
