ISO-10303-21;
HEADER;
FILE_DESCRIPTION (( 'STEP AP203' ),
    '1' );
FILE_NAME ('编码器底座2_1220.STEP',
    '2022-12-21T07:32:31',
    ( '' ),
    ( '' ),
    'SwSTEP 2.0',
    'SolidWorks 2020',
    '' );
FILE_SCHEMA (( 'CONFIG_CONTROL_DESIGN' ));
ENDSEC;

DATA;
#1 = DIRECTION ( 'NONE',  ( 0.000000000000000000, 0.000000000000000000, 1.000000000000000000 ) ) ;
#2 = ORIENTED_EDGE ( 'NONE', *, *, #108, .F. ) ;
#3 = CARTESIAN_POINT ( 'NONE',  ( 23.00000000000000000, -1.000000000000000000, -11.00000000000000000 ) ) ;
#4 = ORIENTED_EDGE ( 'NONE', *, *, #155, .T. ) ;
#5 = CARTESIAN_POINT ( 'NONE',  ( 25.00000000000000000, 3.736600000000024124, 17.26339999999999364 ) ) ;
#6 = ADVANCED_FACE ( 'NONE', ( #1227 ), #1990, .F. ) ;
#7 = DIRECTION ( 'NONE',  ( 0.000000000000000000, 1.000000000000000000, 0.000000000000000000 ) ) ;
#8 = DIRECTION ( 'NONE',  ( 0.000000000000000000, 0.000000000000000000, 1.000000000000000000 ) ) ;
#9 = AXIS2_PLACEMENT_3D ( 'NONE', #810, #1747, #1884 ) ;
#10 = EDGE_CURVE ( 'NONE', #151, #54, #1498, .T. ) ;
#11 = DIRECTION ( 'NONE',  ( -1.000000000000000000, 0.000000000000000000, 0.000000000000000000 ) ) ;
#12 = EDGE_CURVE ( 'NONE', #1796, #1411, #1417, .T. ) ;
#13 = CARTESIAN_POINT ( 'NONE',  ( 25.00000000000000000, 1.263400000000005630, 11.73659999999999748 ) ) ;
#14 = ORIENTED_EDGE ( 'NONE', *, *, #1390, .T. ) ;
#15 = VERTEX_POINT ( 'NONE', #312 ) ;
#16 = ORIENTED_EDGE ( 'NONE', *, *, #1558, .T. ) ;
#17 = CARTESIAN_POINT ( 'NONE',  ( 11.50000000000000355, 29.73659999999999215, 18.00000000000000000 ) ) ;
#18 = DIRECTION ( 'NONE',  ( 0.000000000000000000, 0.000000000000000000, -1.000000000000000000 ) ) ;
#19 = CARTESIAN_POINT ( 'NONE',  ( -1.050000000000001821, 25.73659999999999926, 19.00000000000000000 ) ) ;
#20 = DIRECTION ( 'NONE',  ( -1.000000000000000000, 0.000000000000000000, 0.000000000000000000 ) ) ;
#21 = ORIENTED_EDGE ( 'NONE', *, *, #1034, .F. ) ;
#22 = EDGE_LOOP ( 'NONE', ( #1524, #540, #940, #114 ) ) ;
#23 = VERTEX_POINT ( 'NONE', #927 ) ;
#24 = DIRECTION ( 'NONE',  ( 0.000000000000000000, 0.000000000000000000, -1.000000000000000000 ) ) ;
#25 = VECTOR ( 'NONE', #272, 1000.000000000000000 ) ;
#26 = CARTESIAN_POINT ( 'NONE',  ( 6.495190528383279371, 14.48659999999999570, 19.99999999999999645 ) ) ;
#27 = CIRCLE ( 'NONE', #1570, 1.600000000000001643 ) ;
#28 = AXIS2_PLACEMENT_3D ( 'NONE', #522, #530, #358 ) ;
#29 = CARTESIAN_POINT ( 'NONE',  ( -17.50000000000000000, -1.000000000000000000, -4.400000000000000355 ) ) ;
#30 = DIRECTION ( 'NONE',  ( 0.000000000000000000, 1.000000000000000000, 0.000000000000000000 ) ) ;
#31 = EDGE_LOOP ( 'NONE', ( #448, #14, #1583, #1862 ) ) ;
#32 = ORIENTED_EDGE ( 'NONE', *, *, #1434, .F. ) ;
#33 = EDGE_CURVE ( 'NONE', #805, #782, #1480, .T. ) ;
#34 = VERTEX_POINT ( 'NONE', #1839 ) ;
#35 = CARTESIAN_POINT ( 'NONE',  ( -25.00000000000000000, -1.000000000000000000, -11.00000000000000000 ) ) ;
#36 = CARTESIAN_POINT ( 'NONE',  ( 6.495190528383279371, 14.48659999999999570, 18.00000000000000000 ) ) ;
#37 = CIRCLE ( 'NONE', #1156, 2.000000000000000000 ) ;
#38 = FACE_BOUND ( 'NONE', #409, .T. ) ;
#39 = AXIS2_PLACEMENT_3D ( 'NONE', #456, #1806, #1375 ) ;
#40 = DIRECTION ( 'NONE',  ( 0.000000000000000000, 1.000000000000000000, 0.000000000000000000 ) ) ;
#41 = VECTOR ( 'NONE', #1891, 1000.000000000000000 ) ;
#42 = EDGE_CURVE ( 'NONE', #86, #1707, #389, .T. ) ;
#43 = ORIENTED_EDGE ( 'NONE', *, *, #1677, .F. ) ;
#44 = EDGE_LOOP ( 'NONE', ( #1336, #334 ) ) ;
#45 = EDGE_CURVE ( 'NONE', #639, #91, #630, .T. ) ;
#46 = VECTOR ( 'NONE', #370, 1000.000000000000000 ) ;
#47 = DIRECTION ( 'NONE',  ( 1.000000000000000000, 0.000000000000000000, 0.000000000000000000 ) ) ;
#48 = FACE_OUTER_BOUND ( 'NONE', #1516, .T. ) ;
#49 = CARTESIAN_POINT ( 'NONE',  ( -3.064899051290099120E-15, 18.23659999999999926, 19.99999999999999645 ) ) ;
#50 = PLANE ( 'NONE',  #1897 ) ;
#51 = EDGE_CURVE ( 'NONE', #1376, #1285, #1515, .T. ) ;
#52 = CARTESIAN_POINT ( 'NONE',  ( -3.583732914216866842E-15, 10.73659999999999926, 18.00000000000000000 ) ) ;
#53 = EDGE_CURVE ( 'NONE', #697, #1562, #1065, .T. ) ;
#54 = VERTEX_POINT ( 'NONE', #1653 ) ;
#55 = CARTESIAN_POINT ( 'NONE',  ( -25.00000000000000000, 1.263400000000005630, 11.73659999999999748 ) ) ;
#56 = CYLINDRICAL_SURFACE ( 'NONE', #9, 1.549999999999999378 ) ;
#57 = CARTESIAN_POINT ( 'NONE',  ( 9.950000000000002842, 6.736599999999997479, 19.00000000000000000 ) ) ;
#58 = FACE_BOUND ( 'NONE', #1851, .T. ) ;
#59 = LINE ( 'NONE', #675, #1424 ) ;
#60 = DIRECTION ( 'NONE',  ( 0.000000000000000000, -1.000000000000000000, 0.000000000000000000 ) ) ;
#61 = ORIENTED_EDGE ( 'NONE', *, *, #752, .T. ) ;
#62 = AXIS2_PLACEMENT_3D ( 'NONE', #440, #302, #268 ) ;
#63 = DIRECTION ( 'NONE',  ( -1.000000000000000000, 0.000000000000000000, 0.000000000000000000 ) ) ;
#64 = CARTESIAN_POINT ( 'NONE',  ( -9.950000000000002842, 29.73659999999999215, 19.00000000000000000 ) ) ;
#65 = DIRECTION ( 'NONE',  ( -1.000000000000000000, 0.000000000000000000, 0.000000000000000000 ) ) ;
#66 = DIRECTION ( 'NONE',  ( 0.000000000000000000, 0.000000000000000000, -1.000000000000000000 ) ) ;
#67 = VECTOR ( 'NONE', #1414, 1000.000000000000000 ) ;
#68 = DIRECTION ( 'NONE',  ( 0.000000000000000000, 0.000000000000000000, -1.000000000000000000 ) ) ;
#69 = ORIENTED_EDGE ( 'NONE', *, *, #192, .F. ) ;
#70 = EDGE_CURVE ( 'NONE', #1553, #15, #918, .T. ) ;
#71 = VECTOR ( 'NONE', #396, 1000.000000000000000 ) ;
#72 = EDGE_CURVE ( 'NONE', #393, #54, #553, .T. ) ;
#73 = DIRECTION ( 'NONE',  ( -0.000000000000000000, -0.000000000000000000, -1.000000000000000000 ) ) ;
#74 = EDGE_CURVE ( 'NONE', #15, #1187, #1970, .T. ) ;
#75 = EDGE_LOOP ( 'NONE', ( #1917, #1728 ) ) ;
#76 = LINE ( 'NONE', #1765, #971 ) ;
#77 = DIRECTION ( 'NONE',  ( -1.000000000000000000, 0.000000000000000000, 0.000000000000000000 ) ) ;
#78 = FACE_BOUND ( 'NONE', #747, .T. ) ;
#79 = ORIENTED_EDGE ( 'NONE', *, *, #993, .T. ) ;
#80 = VERTEX_POINT ( 'NONE', #139 ) ;
#81 = DIRECTION ( 'NONE',  ( -0.000000000000000000, -0.000000000000000000, -1.000000000000000000 ) ) ;
#82 = EDGE_LOOP ( 'NONE', ( #1533, #871 ) ) ;
#83 = DIRECTION ( 'NONE',  ( 1.000000000000000000, 0.000000000000000000, 0.000000000000000000 ) ) ;
#84 = CARTESIAN_POINT ( 'NONE',  ( 11.50000000000000355, 29.73659999999999215, 19.00000000000000000 ) ) ;
#85 = FACE_OUTER_BOUND ( 'NONE', #257, .T. ) ;
#86 = VERTEX_POINT ( 'NONE', #755 ) ;
#87 = CIRCLE ( 'NONE', #702, 1.549999999999999378 ) ;
#88 = ORIENTED_EDGE ( 'NONE', *, *, #1015, .T. ) ;
#89 = CARTESIAN_POINT ( 'NONE',  ( -5.445190528383295536, 21.98660000000000281, 19.99999999999999645 ) ) ;
#90 = AXIS2_PLACEMENT_3D ( 'NONE', #507, #1121, #1129 ) ;
#91 = VERTEX_POINT ( 'NONE', #1364 ) ;
#92 = DIRECTION ( 'NONE',  ( 0.000000000000000000, 0.000000000000000000, -1.000000000000000000 ) ) ;
#93 = ADVANCED_FACE ( 'NONE', ( #589, #1195, #1815, #1044 ), #1661, .T. ) ;
#94 = CARTESIAN_POINT ( 'NONE',  ( 23.00000000000000000, -1.000000000000000000, -11.00000000000000000 ) ) ;
#95 = DIRECTION ( 'NONE',  ( 0.000000000000000000, 1.000000000000000000, -0.000000000000000000 ) ) ;
#96 = ORIENTED_EDGE ( 'NONE', *, *, #1677, .T. ) ;
#97 = CARTESIAN_POINT ( 'NONE',  ( 0.000000000000000000, 0.000000000000000000, 0.000000000000000000 ) ) ;
#98 = ORIENTED_EDGE ( 'NONE', *, *, #1770, .T. ) ;
#99 = DIRECTION ( 'NONE',  ( 0.000000000000000000, 0.000000000000000000, -1.000000000000000000 ) ) ;
#100 = VECTOR ( 'NONE', #1122, 1000.000000000000000 ) ;
#101 = EDGE_CURVE ( 'NONE', #1543, #457, #1979, .T. ) ;
#102 = CARTESIAN_POINT ( 'NONE',  ( -1.050000000000001821, 25.73659999999999926, 19.99999999999999645 ) ) ;
#103 = DIRECTION ( 'NONE',  ( 0.000000000000000000, 1.000000000000000000, 0.000000000000000000 ) ) ;
#104 = DIRECTION ( 'NONE',  ( 0.000000000000000000, -1.000000000000000000, 3.469446951953613006E-15 ) ) ;
#105 = ORIENTED_EDGE ( 'NONE', *, *, #716, .F. ) ;
#106 = EDGE_LOOP ( 'NONE', ( #1619, #1870 ) ) ;
#107 = DIRECTION ( 'NONE',  ( -0.000000000000000000, -0.000000000000000000, -1.000000000000000000 ) ) ;
#108 = EDGE_CURVE ( 'NONE', #712, #1655, #1203, .T. ) ;
#109 = CARTESIAN_POINT ( 'NONE',  ( -5.445190528383299977, 14.48659999999999926, 18.00000000000000000 ) ) ;
#110 = ORIENTED_EDGE ( 'NONE', *, *, #1495, .F. ) ;
#111 = LINE ( 'NONE', #287, #956 ) ;
#112 = ORIENTED_EDGE ( 'NONE', *, *, #816, .F. ) ;
#113 = SECURITY_CLASSIFICATION_LEVEL ( 'unclassified' ) ;
#114 = ORIENTED_EDGE ( 'NONE', *, *, #1828, .F. ) ;
#115 = CARTESIAN_POINT ( 'NONE',  ( 17.50000000000000000, -1.000000000000000000, -4.399999999999999467 ) ) ;
#116 = AXIS2_PLACEMENT_3D ( 'NONE', #35, #1101, #142 ) ;
#117 = CC_DESIGN_APPROVAL ( #1886, ( #1866 ) ) ;
#118 = DIRECTION ( 'NONE',  ( -1.000000000000000000, 0.000000000000000000, 0.000000000000000000 ) ) ;
#119 = FACE_OUTER_BOUND ( 'NONE', #307, .T. ) ;
#120 = VERTEX_POINT ( 'NONE', #1035 ) ;
#121 = DIRECTION ( 'NONE',  ( 0.000000000000000000, 0.000000000000000000, -1.000000000000000000 ) ) ;
#122 = ADVANCED_FACE ( 'NONE', ( #464 ), #1529, .T. ) ;
#123 = ORIENTED_EDGE ( 'NONE', *, *, #1306, .F. ) ;
#124 = DATE_TIME_ROLE ( 'creation_date' ) ;
#125 = CIRCLE ( 'NONE', #1968, 1.049999999999997158 ) ;
#126 = CARTESIAN_POINT ( 'NONE',  ( -3.583732914216866842E-15, 25.73659999999999926, 19.00000000000000000 ) ) ;
#127 = ADVANCED_FACE ( 'NONE', ( #138 ), #1969, .T. ) ;
#128 = VECTOR ( 'NONE', #1674, 1000.000000000000000 ) ;
#129 = DIRECTION ( 'NONE',  ( 0.000000000000000000, -1.000000000000000000, 0.000000000000000000 ) ) ;
#130 = EDGE_CURVE ( 'NONE', #579, #15, #1363, .T. ) ;
#131 = CARTESIAN_POINT ( 'NONE',  ( -25.00000000000000000, 3.000000000000027978, 19.00000000000000000 ) ) ;
#132 = CIRCLE ( 'NONE', #1450, 1.550000000000000933 ) ;
#133 = ORIENTED_EDGE ( 'NONE', *, *, #408, .F. ) ;
#134 = CARTESIAN_POINT ( 'NONE',  ( 25.00000000000000000, 2.000000000000019984, 17.26340000000000074 ) ) ;
#135 = VERTEX_POINT ( 'NONE', #764 ) ;
#136 = LINE ( 'NONE', #1659, #767 ) ;
#137 = CIRCLE ( 'NONE', #558, 1.049999999999997158 ) ;
#138 = FACE_OUTER_BOUND ( 'NONE', #1235, .T. ) ;
#139 = CARTESIAN_POINT ( 'NONE',  ( 25.00000000000000000, 3.000000000000019984, 17.26339999999999719 ) ) ;
#140 = DIRECTION ( 'NONE',  ( 1.000000000000000000, 0.000000000000000000, 0.000000000000000000 ) ) ;
#141 = ORIENTED_EDGE ( 'NONE', *, *, #1108, .F. ) ;
#142 = DIRECTION ( 'NONE',  ( 0.000000000000000000, 0.000000000000000000, 1.000000000000000000 ) ) ;
#143 = LINE ( 'NONE', #647, #325 ) ;
#144 = ORIENTED_EDGE ( 'NONE', *, *, #1220, .F. ) ;
#145 = CARTESIAN_POINT ( 'NONE',  ( 25.00000000000000000, 0.000000000000000000, 11.00000000000000000 ) ) ;
#146 = DIRECTION ( 'NONE',  ( -1.000000000000000000, -0.000000000000000000, -0.000000000000000000 ) ) ;
#147 = EDGE_CURVE ( 'NONE', #1352, #1190, #1078, .T. ) ;
#148 = ORIENTED_EDGE ( 'NONE', *, *, #254, .T. ) ;
#149 = ORIENTED_EDGE ( 'NONE', *, *, #1196, .T. ) ;
#150 = DIRECTION ( 'NONE',  ( 0.000000000000000000, 0.000000000000000000, -1.000000000000000000 ) ) ;
#151 = VERTEX_POINT ( 'NONE', #1683 ) ;
#152 = CARTESIAN_POINT ( 'NONE',  ( -17.50000000000000000, -1.000000000000000000, -4.400000000000000355 ) ) ;
#153 = AXIS2_PLACEMENT_3D ( 'NONE', #827, #1421, #63 ) ;
#154 = CARTESIAN_POINT ( 'NONE',  ( 0.000000000000000000, -1.000000000000000000, 5.500000000000000000 ) ) ;
#155 = EDGE_CURVE ( 'NONE', #782, #805, #470, .T. ) ;
#156 = DIRECTION ( 'NONE',  ( 0.000000000000000000, 1.000000000000000000, 0.000000000000000000 ) ) ;
#157 = DIRECTION ( 'NONE',  ( -0.000000000000000000, -0.000000000000000000, -1.000000000000000000 ) ) ;
#158 = AXIS2_PLACEMENT_3D ( 'NONE', #742, #732, #1194 ) ;
#159 = CARTESIAN_POINT ( 'NONE',  ( -3.583732914216866842E-15, 25.73659999999999926, 18.00000000000000000 ) ) ;
#160 = ORIENTED_EDGE ( 'NONE', *, *, #101, .T. ) ;
#161 = VECTOR ( 'NONE', #1371, 1000.000000000000000 ) ;
#162 = ORIENTED_EDGE ( 'NONE', *, *, #322, .T. ) ;
#163 = ORIENTED_EDGE ( 'NONE', *, *, #1402, .F. ) ;
#164 = LINE ( 'NONE', #152, #281 ) ;
#165 = VECTOR ( 'NONE', #512, 1000.000000000000000 ) ;
#166 = CYLINDRICAL_SURFACE ( 'NONE', #1713, 1.599999999999999867 ) ;
#167 = CARTESIAN_POINT ( 'NONE',  ( -6.050000000000003375, 18.23659999999999926, 19.99999999999999645 ) ) ;
#168 = DIRECTION ( 'NONE',  ( 0.000000000000000000, 0.000000000000000000, 1.000000000000000000 ) ) ;
#169 = EDGE_CURVE ( 'NONE', #1774, #1299, #1126, .T. ) ;
#170 = ORIENTED_EDGE ( 'NONE', *, *, #1671, .T. ) ;
#171 = ORIENTED_EDGE ( 'NONE', *, *, #908, .T. ) ;
#172 = ORIENTED_EDGE ( 'NONE', *, *, #1789, .T. ) ;
#173 = ORIENTED_EDGE ( 'NONE', *, *, #700, .F. ) ;
#174 = CARTESIAN_POINT ( 'NONE',  ( 23.00000000000000000, 33.00000000000003553, 19.00000000000000000 ) ) ;
#175 = DIRECTION ( 'NONE',  ( -0.000000000000000000, 0.000000000000000000, 1.000000000000000000 ) ) ;
#176 = CARTESIAN_POINT ( 'NONE',  ( -25.00000000000000000, 3.000000000000006217, 11.73659999999999215 ) ) ;
#177 = DIRECTION ( 'NONE',  ( 0.000000000000000000, 0.000000000000000000, -1.000000000000000000 ) ) ;
#178 = PRODUCT_DEFINITION ( '未知', '', #1866, #1154 ) ;
#179 = ORIENTED_EDGE ( 'NONE', *, *, #248, .T. ) ;
#180 = ORIENTED_EDGE ( 'NONE', *, *, #362, .T. ) ;
#181 = ORIENTED_EDGE ( 'NONE', *, *, #1053, .F. ) ;
#182 = CARTESIAN_POINT ( 'NONE',  ( -25.00000000000000000, 3.000000000000027978, 18.00000000000000000 ) ) ;
#183 = AXIS2_PLACEMENT_3D ( 'NONE', #1143, #1445, #1292 ) ;
#184 = CYLINDRICAL_SURFACE ( 'NONE', #806, 1.600000000000001643 ) ;
#185 = VECTOR ( 'NONE', #1883, 1000.000000000000000 ) ;
#186 = APPROVAL_PERSON_ORGANIZATION ( #583, #808, #400 ) ;
#187 = EDGE_CURVE ( 'NONE', #120, #1764, #1342, .T. ) ;
#188 = DIRECTION ( 'NONE',  ( 0.000000000000000000, 0.000000000000000000, -1.000000000000000000 ) ) ;
#189 = LINE ( 'NONE', #659, #1249 ) ;
#190 = ADVANCED_FACE ( 'NONE', ( #1355 ), #1670, .F. ) ;
#191 = ORIENTED_EDGE ( 'NONE', *, *, #495, .T. ) ;
#192 = EDGE_CURVE ( 'NONE', #1668, #1060, #1737, .T. ) ;
#193 = ORIENTED_EDGE ( 'NONE', *, *, #279, .F. ) ;
#194 = CARTESIAN_POINT ( 'NONE',  ( 0.000000000000000000, 2.999999999999965361, -1.043037524275023867E-14 ) ) ;
#195 = DIRECTION ( 'NONE',  ( -0.000000000000000000, -0.000000000000000000, -1.000000000000000000 ) ) ;
#196 = ADVANCED_FACE ( 'NONE', ( #1518 ), #1507, .F. ) ;
#197 = CIRCLE ( 'NONE', #1313, 1.049999999999997158 ) ;
#198 = FACE_BOUND ( 'NONE', #44, .T. ) ;
#199 = AXIS2_PLACEMENT_3D ( 'NONE', #159, #283, #1345 ) ;
#200 = CARTESIAN_POINT ( 'NONE',  ( -23.00000000000000000, -1.000000000000000000, -9.000000000000000000 ) ) ;
#201 = CIRCLE ( 'NONE', #1354, 1.049999999999998268 ) ;
#202 = ORIENTED_EDGE ( 'NONE', *, *, #1491, .T. ) ;
#203 = VERTEX_POINT ( 'NONE', #1849 ) ;
#204 = LINE ( 'NONE', #1901, #249 ) ;
#205 = DIRECTION ( 'NONE',  ( -0.000000000000000000, -3.469446951953613006E-15, -1.000000000000000000 ) ) ;
#206 = DIRECTION ( 'NONE',  ( 0.000000000000000000, 0.000000000000000000, -1.000000000000000000 ) ) ;
#207 = FACE_BOUND ( 'NONE', #1109, .T. ) ;
#208 = DIRECTION ( 'NONE',  ( 0.000000000000000000, 0.000000000000000000, 1.000000000000000000 ) ) ;
#209 = AXIS2_PLACEMENT_3D ( 'NONE', #896, #1509, #744 ) ;
#210 = VERTEX_POINT ( 'NONE', #1074 ) ;
#211 = EDGE_CURVE ( 'NONE', #957, #1705, #866, .T. ) ;
#212 = DIRECTION ( 'NONE',  ( 0.000000000000000000, -1.000000000000000000, 3.469446951953613006E-15 ) ) ;
#213 = DIRECTION ( 'NONE',  ( 0.000000000000000000, 0.000000000000000000, -1.000000000000000000 ) ) ;
#214 = ADVANCED_FACE ( 'NONE', ( #259 ), #1957, .F. ) ;
#215 = DIRECTION ( 'NONE',  ( -0.000000000000000000, -0.000000000000000000, -1.000000000000000000 ) ) ;
#216 = DIRECTION ( 'NONE',  ( 0.000000000000000000, 0.000000000000000000, 1.000000000000000000 ) ) ;
#217 = EDGE_CURVE ( 'NONE', #1349, #135, #1900, .T. ) ;
#218 = APPROVAL_PERSON_ORGANIZATION ( #873, #1886, #721 ) ;
#219 = LINE ( 'NONE', #1607, #1508 ) ;
#220 = ORIENTED_EDGE ( 'NONE', *, *, #545, .F. ) ;
#221 = CARTESIAN_POINT ( 'NONE',  ( -6.495190528383297135, 14.48659999999999926, 18.00000000000000000 ) ) ;
#222 = VERTEX_POINT ( 'NONE', #596 ) ;
#223 = PLANE ( 'NONE',  #361 ) ;
#224 = AXIS2_PLACEMENT_3D ( 'NONE', #649, #1569, #954 ) ;
#225 = LINE ( 'NONE', #684, #520 ) ;
#226 = CARTESIAN_POINT ( 'NONE',  ( 25.00000000000000000, 3.000000000000003553, 10.99999999999999645 ) ) ;
#227 = DIRECTION ( 'NONE',  ( -0.000000000000000000, -0.000000000000000000, 1.000000000000000000 ) ) ;
#228 = VERTEX_POINT ( 'NONE', #1497 ) ;
#229 = CIRCLE ( 'NONE', #329, 1.550000000000000933 ) ;
#230 = CARTESIAN_POINT ( 'NONE',  ( -25.00000000000000000, 35.00000000000003553, 19.00000000000000000 ) ) ;
#231 = CIRCLE ( 'NONE', #1226, 1.049999999999998046 ) ;
#232 = VERTEX_POINT ( 'NONE', #115 ) ;
#233 = DIRECTION ( 'NONE',  ( 0.000000000000000000, 0.000000000000000000, 1.000000000000000000 ) ) ;
#234 = DIRECTION ( 'NONE',  ( 0.000000000000000000, 0.000000000000000000, -1.000000000000000000 ) ) ;
#235 = CARTESIAN_POINT ( 'NONE',  ( -23.00000000000000000, 33.00000000000003553, 18.00000000000000000 ) ) ;
#236 = EDGE_LOOP ( 'NONE', ( #1987, #477, #1726, #1689 ) ) ;
#237 = ORIENTED_EDGE ( 'NONE', *, *, #1466, .T. ) ;
#238 = DIRECTION ( 'NONE',  ( -1.000000000000000000, 0.000000000000000000, -0.000000000000000000 ) ) ;
#239 = EDGE_LOOP ( 'NONE', ( #479, #445, #61, #271 ) ) ;
#240 = EDGE_CURVE ( 'NONE', #1397, #210, #1025, .T. ) ;
#241 = FACE_OUTER_BOUND ( 'NONE', #1541, .T. ) ;
#242 = DIRECTION ( 'NONE',  ( -1.000000000000000000, 0.000000000000000000, 0.000000000000000000 ) ) ;
#243 = FACE_OUTER_BOUND ( 'NONE', #1142, .T. ) ;
#244 = ORIENTED_EDGE ( 'NONE', *, *, #463, .F. ) ;
#245 = APPLICATION_PROTOCOL_DEFINITION ( 'international standard', 'config_control_design', 1994, #1294 ) ;
#246 = ORIENTED_EDGE ( 'NONE', *, *, #884, .T. ) ;
#247 = DIRECTION ( 'NONE',  ( 1.000000000000000000, 0.000000000000000000, 0.000000000000000000 ) ) ;
#248 = EDGE_CURVE ( 'NONE', #1175, #232, #1542, .T. ) ;
#249 = VECTOR ( 'NONE', #517, 1000.000000000000000 ) ;
#250 = AXIS2_PLACEMENT_3D ( 'NONE', #1168, #1474, #1933 ) ;
#251 = FACE_OUTER_BOUND ( 'NONE', #1590, .T. ) ;
#252 = CARTESIAN_POINT ( 'NONE',  ( -3.064899051290099120E-15, 18.23659999999999926, 18.00000000000000000 ) ) ;
#253 = PLANE ( 'NONE',  #609 ) ;
#254 = EDGE_CURVE ( 'NONE', #639, #326, #1426, .T. ) ;
#255 = ORIENTED_EDGE ( 'NONE', *, *, #1623, .T. ) ;
#256 = DATE_AND_TIME ( #1021, #799 ) ;
#257 = EDGE_LOOP ( 'NONE', ( #1658, #149, #1720, #645 ) ) ;
#258 = EDGE_CURVE ( 'NONE', #890, #1764, #964, .T. ) ;
#259 = FACE_OUTER_BOUND ( 'NONE', #1162, .T. ) ;
#260 = CIRCLE ( 'NONE', #1384, 2.000000000000001776 ) ;
#261 = VECTOR ( 'NONE', #1006, 1000.000000000000000 ) ;
#262 = CARTESIAN_POINT ( 'NONE',  ( -17.50000000000000000, 0.000000000000000000, -7.600000000000004086 ) ) ;
#263 = ORIENTED_EDGE ( 'NONE', *, *, #72, .T. ) ;
#264 = LINE ( 'NONE', #1490, #1600 ) ;
#265 = ORIENTED_EDGE ( 'NONE', *, *, #1623, .F. ) ;
#266 = PERSON_AND_ORGANIZATION ( #1632, #478 ) ;
#267 = ORIENTED_EDGE ( 'NONE', *, *, #1408, .T. ) ;
#268 = DIRECTION ( 'NONE',  ( -1.000000000000000000, 0.000000000000000000, 0.000000000000000000 ) ) ;
#269 = CARTESIAN_POINT ( 'NONE',  ( -3.583732914216866842E-15, 10.73659999999999926, 18.00000000000000000 ) ) ;
#270 = DIRECTION ( 'NONE',  ( -0.000000000000000000, -0.000000000000000000, -1.000000000000000000 ) ) ;
#271 = ORIENTED_EDGE ( 'NONE', *, *, #1136, .T. ) ;
#272 = DIRECTION ( 'NONE',  ( -1.000000000000000000, -0.000000000000000000, -0.000000000000000000 ) ) ;
#273 = ADVANCED_FACE ( 'NONE', ( #1577 ), #319, .T. ) ;
#274 = EDGE_CURVE ( 'NONE', #532, #731, #804, .T. ) ;
#275 = EDGE_LOOP ( 'NONE', ( #344, #594, #1107, #906 ) ) ;
#276 = COORDINATED_UNIVERSAL_TIME_OFFSET ( 8, 0, .AHEAD. ) ;
#277 = PERSON_AND_ORGANIZATION ( #1632, #478 ) ;
#278 = DIRECTION ( 'NONE',  ( 1.000000000000000000, 0.000000000000000000, 0.000000000000000000 ) ) ;
#279 = EDGE_CURVE ( 'NONE', #1038, #203, #1639, .T. ) ;
#280 = AXIS2_PLACEMENT_3D ( 'NONE', #1361, #1666, #1029 ) ;
#281 = VECTOR ( 'NONE', #1722, 1000.000000000000000 ) ;
#282 = AXIS2_PLACEMENT_3D ( 'NONE', #1756, #1606, #973 ) ;
#283 = DIRECTION ( 'NONE',  ( 0.000000000000000000, 0.000000000000000000, -1.000000000000000000 ) ) ;
#284 = PRODUCT_DEFINITION_SHAPE ( 'NONE', 'NONE',  #178 ) ;
#285 = DIRECTION ( 'NONE',  ( -0.000000000000000000, -1.000000000000000000, -0.000000000000000000 ) ) ;
#286 = EDGE_LOOP ( 'NONE', ( #1298, #807, #1564, #907, #1769, #181 ) ) ;
#287 = CARTESIAN_POINT ( 'NONE',  ( 5.445190528383293760, 21.98659999999999570, 19.99999999999999645 ) ) ;
#288 = ORIENTED_EDGE ( 'NONE', *, *, #169, .T. ) ;
#289 = PERSON_AND_ORGANIZATION ( #1632, #478 ) ;
#290 = DIRECTION ( 'NONE',  ( 0.000000000000000000, 0.000000000000000000, 1.000000000000000000 ) ) ;
#291 = DIRECTION ( 'NONE',  ( 0.000000000000000000, 8.831405151931879879E-16, 1.000000000000000000 ) ) ;
#292 = VERTEX_POINT ( 'NONE', #1415 ) ;
#293 = CYLINDRICAL_SURFACE ( 'NONE', #550, 0.7366000000000039183 ) ;
#294 = VECTOR ( 'NONE', #1174, 1000.000000000000000 ) ;
#295 = VERTEX_POINT ( 'NONE', #1538 ) ;
#296 = DIRECTION ( 'NONE',  ( -0.000000000000000000, -0.000000000000000000, -1.000000000000000000 ) ) ;
#297 = FACE_OUTER_BOUND ( 'NONE', #1076, .T. ) ;
#298 = ORIENTED_EDGE ( 'NONE', *, *, #1964, .F. ) ;
#299 = LINE ( 'NONE', #167, #1805 ) ;
#300 = EDGE_CURVE ( 'NONE', #439, #505, #1344, .T. ) ;
#301 = CIRCLE ( 'NONE', #1618, 1.599999999999999867 ) ;
#302 = DIRECTION ( 'NONE',  ( 0.000000000000000000, 0.000000000000000000, -1.000000000000000000 ) ) ;
#303 = CARTESIAN_POINT ( 'NONE',  ( -1.050000000000001821, 10.73659999999999926, 19.99999999999999645 ) ) ;
#304 = VERTEX_POINT ( 'NONE', #1560 ) ;
#305 = ADVANCED_FACE ( 'NONE', ( #925 ), #504, .F. ) ;
#306 = CYLINDRICAL_SURFACE ( 'NONE', #905, 2.000000000000001776 ) ;
#307 = EDGE_LOOP ( 'NONE', ( #1998, #1455, #798, #1171 ) ) ;
#308 = DIRECTION ( 'NONE',  ( 0.000000000000000000, 1.000000000000000000, 0.000000000000000000 ) ) ;
#309 = PLANE ( 'NONE',  #518 ) ;
#310 = CARTESIAN_POINT ( 'NONE',  ( 25.00000000000000000, -1.000000000000003553, 9.263399999999998968 ) ) ;
#311 = DIRECTION ( 'NONE',  ( 0.000000000000000000, 0.000000000000000000, -1.000000000000000000 ) ) ;
#312 = CARTESIAN_POINT ( 'NONE',  ( -25.00000000000000000, -3.469446951953614189E-15, 9.263399999999998968 ) ) ;
#313 = ORIENTED_EDGE ( 'NONE', *, *, #1794, .T. ) ;
#314 = VERTEX_POINT ( 'NONE', #333 ) ;
#315 = DIRECTION ( 'NONE',  ( -1.000000000000000000, 0.000000000000000000, -0.000000000000000000 ) ) ;
#316 = CYLINDRICAL_SURFACE ( 'NONE', #1512, 2.000000000000001776 ) ;
#317 = CARTESIAN_POINT ( 'NONE',  ( -25.00000000000000000, 2.000000000000025313, 17.26339999999999719 ) ) ;
#318 = EDGE_CURVE ( 'NONE', #54, #393, #485, .T. ) ;
#319 = CYLINDRICAL_SURFACE ( 'NONE', #515, 2.000000000000000000 ) ;
#320 = AXIS2_PLACEMENT_3D ( 'NONE', #1215, #1042, #1223 ) ;
#321 = VECTOR ( 'NONE', #1272, 1000.000000000000000 ) ;
#322 = EDGE_CURVE ( 'NONE', #526, #34, #629, .T. ) ;
#323 = ORIENTED_EDGE ( 'NONE', *, *, #1838, .F. ) ;
#324 = VERTEX_POINT ( 'NONE', #473 ) ;
#325 = VECTOR ( 'NONE', #1413, 1000.000000000000000 ) ;
#326 = VERTEX_POINT ( 'NONE', #1895 ) ;
#327 = EDGE_LOOP ( 'NONE', ( #1321, #631, #1679, #611 ) ) ;
#328 = DIRECTION ( 'NONE',  ( -1.000000000000000000, 0.000000000000000000, 0.000000000000000000 ) ) ;
#329 = AXIS2_PLACEMENT_3D ( 'NONE', #84, #1778, #1131 ) ;
#330 = CARTESIAN_POINT ( 'NONE',  ( -25.00000000000000000, 0.000000000000000000, -9.000000000000000000 ) ) ;
#331 = AXIS2_PLACEMENT_3D ( 'NONE', #856, #1016, #867 ) ;
#332 = LINE ( 'NONE', #1103, #1929 ) ;
#333 = CARTESIAN_POINT ( 'NONE',  ( 5.445190528383293760, 21.98659999999999570, 19.00000000000000000 ) ) ;
#334 = ORIENTED_EDGE ( 'NONE', *, *, #336, .T. ) ;
#335 = ORIENTED_EDGE ( 'NONE', *, *, #1428, .F. ) ;
#336 = EDGE_CURVE ( 'NONE', #1698, #950, #995, .T. ) ;
#337 = EDGE_LOOP ( 'NONE', ( #516, #1022, #1888, #1367 ) ) ;
#338 = CARTESIAN_POINT ( 'NONE',  ( -3.064899051290099120E-15, 18.23659999999999926, 19.00000000000000000 ) ) ;
#339 = DIRECTION ( 'NONE',  ( 0.000000000000000000, 0.000000000000000000, -1.000000000000000000 ) ) ;
#340 = FACE_BOUND ( 'NONE', #1624, .T. ) ;
#341 = EDGE_CURVE ( 'NONE', #232, #1285, #1550, .T. ) ;
#342 = CARTESIAN_POINT ( 'NONE',  ( -11.50000000000000178, 6.736599999999997479, 19.00000000000000000 ) ) ;
#343 = EDGE_CURVE ( 'NONE', #1758, #1655, #1803, .T. ) ;
#344 = ORIENTED_EDGE ( 'NONE', *, *, #868, .F. ) ;
#345 = EDGE_CURVE ( 'NONE', #222, #120, #1443, .T. ) ;
#346 = EDGE_LOOP ( 'NONE', ( #1799, #1665, #758, #488 ) ) ;
#347 = CYLINDRICAL_SURFACE ( 'NONE', #153, 1.549999999999999378 ) ;
#348 = AXIS2_PLACEMENT_3D ( 'NONE', #403, #1014, #1631 ) ;
#349 = LINE ( 'NONE', #849, #41 ) ;
#350 = VECTOR ( 'NONE', #1923, 1000.000000000000000 ) ;
#351 = DIRECTION ( 'NONE',  ( -1.000000000000000000, 0.000000000000000000, 0.000000000000000000 ) ) ;
#352 = DIRECTION ( 'NONE',  ( 0.000000000000000000, 0.000000000000000000, 1.000000000000000000 ) ) ;
#353 = ORIENTED_EDGE ( 'NONE', *, *, #1379, .F. ) ;
#354 = ORIENTED_EDGE ( 'NONE', *, *, #1264, .F. ) ;
#355 = DIRECTION ( 'NONE',  ( 0.000000000000000000, 1.000000000000000000, -2.996758279356455282E-15 ) ) ;
#356 = DIRECTION ( 'NONE',  ( -1.000000000000000000, 0.000000000000000000, 0.000000000000000000 ) ) ;
#357 = FACE_OUTER_BOUND ( 'NONE', #236, .T. ) ;
#358 = DIRECTION ( 'NONE',  ( 0.000000000000000000, 0.000000000000000000, 1.000000000000000000 ) ) ;
#359 = VECTOR ( 'NONE', #1696, 1000.000000000000000 ) ;
#360 = CARTESIAN_POINT ( 'NONE',  ( 0.000000000000000000, 0.000000000000000000, 5.500000000000000000 ) ) ;
#361 = AXIS2_PLACEMENT_3D ( 'NONE', #1422, #962, #233 ) ;
#362 = EDGE_CURVE ( 'NONE', #15, #1100, #1708, .T. ) ;
#363 = ORIENTED_EDGE ( 'NONE', *, *, #130, .T. ) ;
#364 = ADVANCED_FACE ( 'NONE', ( #1405 ), #483, .F. ) ;
#365 = EDGE_CURVE ( 'NONE', #203, #1038, #1871, .T. ) ;
#366 = FACE_OUTER_BOUND ( 'NONE', #422, .T. ) ;
#367 = CARTESIAN_POINT ( 'NONE',  ( 0.000000000000000000, 0.000000000000000000, 5.500000000000000000 ) ) ;
#368 = CARTESIAN_POINT ( 'NONE',  ( 6.495190528383291806, 21.98659999999999570, 18.00000000000000000 ) ) ;
#369 = FACE_BOUND ( 'NONE', #797, .T. ) ;
#370 = DIRECTION ( 'NONE',  ( -0.000000000000000000, -0.000000000000000000, -1.000000000000000000 ) ) ;
#371 = CARTESIAN_POINT ( 'NONE',  ( 1.049999999999994493, 25.73659999999999926, 19.99999999999999645 ) ) ;
#372 = ORIENTED_EDGE ( 'NONE', *, *, #1789, .F. ) ;
#373 = CARTESIAN_POINT ( 'NONE',  ( 23.00000000000000000, -1.000000000000000000, -9.000000000000000000 ) ) ;
#374 = CARTESIAN_POINT ( 'NONE',  ( -25.00000000000000000, 3.736600000000024124, 18.00000000000000000 ) ) ;
#375 = CYLINDRICAL_SURFACE ( 'NONE', #1214, 1.550000000000000933 ) ;
#376 = CIRCLE ( 'NONE', #641, 1.549999999999999378 ) ;
#377 = SECURITY_CLASSIFICATION ( '', '', #113 ) ;
#378 = LINE ( 'NONE', #1914, #1544 ) ;
#379 = ORIENTED_EDGE ( 'NONE', *, *, #388, .T. ) ;
#380 = CARTESIAN_POINT ( 'NONE',  ( -11.50000000000000178, 29.73659999999999215, 19.00000000000000000 ) ) ;
#381 = ORIENTED_EDGE ( 'NONE', *, *, #318, .F. ) ;
#382 = LINE ( 'NONE', #1902, #1351 ) ;
#383 = AXIS2_PLACEMENT_3D ( 'NONE', #1694, #514, #311 ) ;
#384 = DIRECTION ( 'NONE',  ( -0.000000000000000000, -0.000000000000000000, -1.000000000000000000 ) ) ;
#385 = CARTESIAN_POINT ( 'NONE',  ( -7.545190528383291628, 21.98660000000000281, 18.00000000000000000 ) ) ;
#386 = AXIS2_PLACEMENT_3D ( 'NONE', #1511, #1366, #1359 ) ;
#387 = ORIENTED_EDGE ( 'NONE', *, *, #365, .F. ) ;
#388 = EDGE_CURVE ( 'NONE', #1349, #1581, #189, .T. ) ;
#389 = CIRCLE ( 'NONE', #1580, 1.736600000000000366 ) ;
#390 = EDGE_LOOP ( 'NONE', ( #1339, #815, #1293, #237 ) ) ;
#391 = PLANE ( 'NONE',  #1210 ) ;
#392 = AXIS2_PLACEMENT_3D ( 'NONE', #757, #1992, #1378 ) ;
#393 = VERTEX_POINT ( 'NONE', #1757 ) ;
#394 = LINE ( 'NONE', #1931, #261 ) ;
#395 = EDGE_CURVE ( 'NONE', #661, #561, #125, .T. ) ;
#396 = DIRECTION ( 'NONE',  ( -0.000000000000000000, -0.000000000000000000, -1.000000000000000000 ) ) ;
#397 = CARTESIAN_POINT ( 'NONE',  ( 25.00000000000000000, 3.000000000000006217, 11.73659999999999393 ) ) ;
#398 = EDGE_CURVE ( 'NONE', #1961, #1427, #219, .T. ) ;
#399 = ORIENTED_EDGE ( 'NONE', *, *, #511, .F. ) ;
#400 = APPROVAL_ROLE ( '' ) ;
#401 = PERSON_AND_ORGANIZATION_ROLE ( 'design_supplier' ) ;
#402 = EDGE_LOOP ( 'NONE', ( #1945, #96, #1935, #618 ) ) ;
#403 = CARTESIAN_POINT ( 'NONE',  ( 25.00000000000000000, 3.736600000000024124, 17.26339999999999364 ) ) ;
#404 = EDGE_CURVE ( 'NONE', #292, #324, #378, .T. ) ;
#405 = CARTESIAN_POINT ( 'NONE',  ( 6.049999999999996270, 18.23659999999999926, 18.00000000000000000 ) ) ;
#406 = DIRECTION ( 'NONE',  ( 0.000000000000000000, -0.000000000000000000, 1.000000000000000000 ) ) ;
#407 = FACE_OUTER_BOUND ( 'NONE', #275, .T. ) ;
#408 = EDGE_CURVE ( 'NONE', #1100, #541, #1141, .T. ) ;
#409 = EDGE_LOOP ( 'NONE', ( #467, #1817 ) ) ;
#410 = APPROVAL_STATUS ( 'not_yet_approved' ) ;
#411 = ORIENTED_EDGE ( 'NONE', *, *, #1751, .F. ) ;
#412 = CARTESIAN_POINT ( 'NONE',  ( 0.000000000000000000, 0.000000000000000000, 9.999999999999998224 ) ) ;
#413 = CIRCLE ( 'NONE', #1213, 1.599999999999999867 ) ;
#414 = DIRECTION ( 'NONE',  ( -0.000000000000000000, -0.000000000000000000, -1.000000000000000000 ) ) ;
#415 = AXIS2_PLACEMENT_3D ( 'NONE', #875, #107, #724 ) ;
#416 = ORIENTED_EDGE ( 'NONE', *, *, #274, .F. ) ;
#417 = DIRECTION ( 'NONE',  ( -0.000000000000000000, -0.000000000000000000, -1.000000000000000000 ) ) ;
#418 = PLANE ( 'NONE',  #1471 ) ;
#419 = ORIENTED_EDGE ( 'NONE', *, *, #53, .F. ) ;
#420 = DATE_AND_TIME ( #1966, #1601 ) ;
#421 = AXIS2_PLACEMENT_3D ( 'NONE', #1702, #156, #1394 ) ;
#422 = EDGE_LOOP ( 'NONE', ( #1697, #1218, #1418, #1370 ) ) ;
#423 = DIRECTION ( 'NONE',  ( 0.000000000000000000, 1.000000000000000000, 0.000000000000000000 ) ) ;
#424 = AXIS2_PLACEMENT_3D ( 'NONE', #49, #215, #1893 ) ;
#425 = CARTESIAN_POINT ( 'NONE',  ( -25.00000000000000000, 1.263400000000005630, 10.99999999999999822 ) ) ;
#426 = ADVANCED_FACE ( 'NONE', ( #686 ), #842, .F. ) ;
#427 = CARTESIAN_POINT ( 'NONE',  ( 7.545190528383278306, 14.48659999999999570, 18.00000000000000000 ) ) ;
#428 = CC_DESIGN_PERSON_AND_ORGANIZATION_ASSIGNMENT ( #277, #1801, ( #593 ) ) ;
#429 = ORIENTED_EDGE ( 'NONE', *, *, #1428, .T. ) ;
#430 = CARTESIAN_POINT ( 'NONE',  ( -25.00000000000000000, 1.263400000000005630, 11.73659999999999748 ) ) ;
#431 = EDGE_CURVE ( 'NONE', #950, #1698, #1070, .T. ) ;
#432 = ORIENTED_EDGE ( 'NONE', *, *, #341, .T. ) ;
#433 = COORDINATED_UNIVERSAL_TIME_OFFSET ( 8, 0, .AHEAD. ) ;
#434 = DIRECTION ( 'NONE',  ( 0.000000000000000000, 0.000000000000000000, -1.000000000000000000 ) ) ;
#435 = CARTESIAN_POINT ( 'NONE',  ( -25.00000000000000000, 0.000000000000000000, -11.00000000000000000 ) ) ;
#436 = DIRECTION ( 'NONE',  ( -1.000000000000000000, 0.000000000000000000, 0.000000000000000000 ) ) ;
#437 = ORIENTED_EDGE ( 'NONE', *, *, #1811, .F. ) ;
#438 = DIRECTION ( 'NONE',  ( 0.000000000000000000, 0.000000000000000000, -1.000000000000000000 ) ) ;
#439 = VERTEX_POINT ( 'NONE', #1435 ) ;
#440 = CARTESIAN_POINT ( 'NONE',  ( -3.583732914216866842E-15, 25.73659999999999926, 18.00000000000000000 ) ) ;
#441 = CIRCLE ( 'NONE', #1500, 1.550000000000000933 ) ;
#442 = VECTOR ( 'NONE', #1090, 1000.000000000000000 ) ;
#443 = VECTOR ( 'NONE', #47, 1000.000000000000000 ) ;
#444 =( GEOMETRIC_REPRESENTATION_CONTEXT ( 3 ) GLOBAL_UNCERTAINTY_ASSIGNED_CONTEXT ( ( #976 ) ) GLOBAL_UNIT_ASSIGNED_CONTEXT ( ( #572, #1032, #595 ) ) REPRESENTATION_CONTEXT ( 'NONE', 'WORKASPACE' ) );
#445 = ORIENTED_EDGE ( 'NONE', *, *, #1043, .F. ) ;
#446 = ORIENTED_EDGE ( 'NONE', *, *, #1198, .T. ) ;
#447 = DIRECTION ( 'NONE',  ( 0.000000000000000000, 1.000000000000000000, 0.000000000000000000 ) ) ;
#448 = ORIENTED_EDGE ( 'NONE', *, *, #70, .F. ) ;
#449 = DIRECTION ( 'NONE',  ( -1.000000000000000000, 0.000000000000000000, 0.000000000000000000 ) ) ;
#450 = CARTESIAN_POINT ( 'NONE',  ( 23.00000000000000000, 35.00000000000003553, 19.00000000000000000 ) ) ;
#451 = ORIENTED_EDGE ( 'NONE', *, *, #240, .F. ) ;
#452 = FACE_BOUND ( 'NONE', #1155, .T. ) ;
#453 = DIRECTION ( 'NONE',  ( 0.000000000000000000, 0.000000000000000000, -1.000000000000000000 ) ) ;
#454 = PRODUCT_RELATED_PRODUCT_CATEGORY ( 'detail', '', ( #593 ) ) ;
#455 = CIRCLE ( 'NONE', #1578, 1.549999999999999378 ) ;
#456 = CARTESIAN_POINT ( 'NONE',  ( 17.50000000000000000, 0.000000000000000000, -6.000000000000001776 ) ) ;
#457 = VERTEX_POINT ( 'NONE', #974 ) ;
#458 = PLANE ( 'NONE',  #1386 ) ;
#459 = ORIENTED_EDGE ( 'NONE', *, *, #1620, .T. ) ;
#460 = DIRECTION ( 'NONE',  ( 0.000000000000000000, 0.000000000000000000, -1.000000000000000000 ) ) ;
#461 = DIRECTION ( 'NONE',  ( -0.000000000000000000, -0.000000000000000000, -1.000000000000000000 ) ) ;
#462 = DIRECTION ( 'NONE',  ( 0.000000000000000000, 0.000000000000000000, 1.000000000000000000 ) ) ;
#463 = EDGE_CURVE ( 'NONE', #1075, #1581, #301, .T. ) ;
#464 = FACE_OUTER_BOUND ( 'NONE', #1899, .T. ) ;
#465 = ORIENTED_EDGE ( 'NONE', *, *, #1469, .T. ) ;
#466 = ORIENTED_EDGE ( 'NONE', *, *, #754, .F. ) ;
#467 = ORIENTED_EDGE ( 'NONE', *, *, #1558, .F. ) ;
#468 = FACE_OUTER_BOUND ( 'NONE', #695, .T. ) ;
#469 = DIRECTION ( 'NONE',  ( 0.000000000000000000, 0.000000000000000000, 1.000000000000000000 ) ) ;
#470 = CIRCLE ( 'NONE', #62, 1.049999999999998268 ) ;
#471 = CARTESIAN_POINT ( 'NONE',  ( 25.00000000000000000, 0.7365999999999970349, 9.263399999999998968 ) ) ;
#472 = EDGE_CURVE ( 'NONE', #1396, #120, #59, .T. ) ;
#473 = CARTESIAN_POINT ( 'NONE',  ( 25.00000000000000000, 1.263400000000005630, 9.999999999999998224 ) ) ;
#474 = EDGE_LOOP ( 'NONE', ( #1079, #1869, #1812, #679 ) ) ;
#475 = ORIENTED_EDGE ( 'NONE', *, *, #1539, .F. ) ;
#476 = CIRCLE ( 'NONE', #1865, 2.000000000000001776 ) ;
#477 = ORIENTED_EDGE ( 'NONE', *, *, #12, .T. ) ;
#478 = ORGANIZATION ( '未指定', '未指定', '' ) ;
#479 = ORIENTED_EDGE ( 'NONE', *, *, #1794, .F. ) ;
#480 = CARTESIAN_POINT ( 'NONE',  ( -17.50000000000000000, 0.000000000000000000, -6.000000000000001776 ) ) ;
#481 = DIRECTION ( 'NONE',  ( -1.000000000000000000, 0.000000000000000000, 0.000000000000000000 ) ) ;
#482 = LINE ( 'NONE', #1241, #1348 ) ;
#483 = CYLINDRICAL_SURFACE ( 'NONE', #738, 1.600000000000001643 ) ;
#484 = EDGE_CURVE ( 'NONE', #1202, #1880, #1133, .T. ) ;
#485 = CIRCLE ( 'NONE', #1608, 1.049999999999998268 ) ;
#486 = VERTEX_POINT ( 'NONE', #982 ) ;
#487 = VECTOR ( 'NONE', #1566, 1000.000000000000000 ) ;
#488 = ORIENTED_EDGE ( 'NONE', *, *, #668, .F. ) ;
#489 = ORIENTED_EDGE ( 'NONE', *, *, #1682, .T. ) ;
#490 = PLANE ( 'NONE',  #116 ) ;
#491 = DIRECTION ( 'NONE',  ( -1.000000000000000000, -0.000000000000000000, -0.000000000000000000 ) ) ;
#492 = EDGE_CURVE ( 'NONE', #292, #579, #1944, .T. ) ;
#493 = CIRCLE ( 'NONE', #392, 1.049999999999998046 ) ;
#494 = CARTESIAN_POINT ( 'NONE',  ( 1.959434878635765230E-16, -1.000000000000000000, 3.899999999999999911 ) ) ;
#495 = EDGE_CURVE ( 'NONE', #304, #1199, #1134, .T. ) ;
#496 = DIRECTION ( 'NONE',  ( -1.000000000000000000, 0.000000000000000000, 0.000000000000000000 ) ) ;
#497 = AXIS2_PLACEMENT_3D ( 'NONE', #1300, #247, #1003 ) ;
#498 = EDGE_LOOP ( 'NONE', ( #1991, #781, #610, #1792, #670, #1391 ) ) ;
#499 = ORIENTED_EDGE ( 'NONE', *, *, #1770, .F. ) ;
#500 = ORIENTED_EDGE ( 'NONE', *, *, #1117, .T. ) ;
#501 = DIRECTION ( 'NONE',  ( -1.000000000000000000, 0.000000000000000000, 0.000000000000000000 ) ) ;
#502 = CARTESIAN_POINT ( 'NONE',  ( 25.00000000000000000, 3.000000000000019984, 17.26339999999999719 ) ) ;
#503 = DIRECTION ( 'NONE',  ( -0.000000000000000000, -0.000000000000000000, -1.000000000000000000 ) ) ;
#504 = CYLINDRICAL_SURFACE ( 'NONE', #1184, 1.049999999999998046 ) ;
#505 = VERTEX_POINT ( 'NONE', #564 ) ;
#506 = ORIENTED_EDGE ( 'NONE', *, *, #868, .T. ) ;
#507 = CARTESIAN_POINT ( 'NONE',  ( -11.50000000000000178, 6.736599999999997479, 18.00000000000000000 ) ) ;
#508 = CARTESIAN_POINT ( 'NONE',  ( -23.00000000000000000, 0.000000000000000000, -11.00000000000000000 ) ) ;
#509 = AXIS2_PLACEMENT_3D ( 'NONE', #1700, #315, #931 ) ;
#510 = AXIS2_PLACEMENT_3D ( 'NONE', #1317, #95, #1954 ) ;
#511 = EDGE_CURVE ( 'NONE', #1427, #1267, #749, .T. ) ;
#512 = DIRECTION ( 'NONE',  ( -0.000000000000000000, -0.000000000000000000, -1.000000000000000000 ) ) ;
#513 = DIRECTION ( 'NONE',  ( -1.000000000000000000, 0.000000000000000000, 0.000000000000000000 ) ) ;
#514 = DIRECTION ( 'NONE',  ( -1.000000000000000000, -0.000000000000000000, -0.000000000000000000 ) ) ;
#515 = AXIS2_PLACEMENT_3D ( 'NONE', #200, #30, #1095 ) ;
#516 = ORIENTED_EDGE ( 'NONE', *, *, #1281, .T. ) ;
#517 = DIRECTION ( 'NONE',  ( -0.000000000000000000, -3.469446951953613006E-15, -1.000000000000000000 ) ) ;
#518 = AXIS2_PLACEMENT_3D ( 'NONE', #1059, #1556, #175 ) ;
#519 = CARTESIAN_POINT ( 'NONE',  ( -23.00000000000000000, 33.00000000000003553, 19.00000000000000000 ) ) ;
#520 = VECTOR ( 'NONE', #691, 1000.000000000000000 ) ;
#521 = CARTESIAN_POINT ( 'NONE',  ( 25.00000000000000000, -1.000000000000000000, -11.00000000000000000 ) ) ;
#522 = CARTESIAN_POINT ( 'NONE',  ( -17.50000000000000000, 0.000000000000000000, -6.000000000000001776 ) ) ;
#523 = CARTESIAN_POINT ( 'NONE',  ( 11.50000000000000355, 29.73659999999999215, 19.99999999999999645 ) ) ;
#524 = AXIS2_PLACEMENT_3D ( 'NONE', #828, #195, #818 ) ;
#525 = DIRECTION ( 'NONE',  ( -1.000000000000000000, 0.000000000000000000, 0.000000000000000000 ) ) ;
#526 = VERTEX_POINT ( 'NONE', #1622 ) ;
#527 = CARTESIAN_POINT ( 'NONE',  ( -6.050000000000003375, 18.23659999999999926, 18.00000000000000000 ) ) ;
#528 = EDGE_CURVE ( 'NONE', #957, #805, #1610, .T. ) ;
#529 = CYLINDRICAL_SURFACE ( 'NONE', #424, 6.049999999999999822 ) ;
#530 = DIRECTION ( 'NONE',  ( 0.000000000000000000, 1.000000000000000000, 0.000000000000000000 ) ) ;
#531 = DIRECTION ( 'NONE',  ( -0.000000000000000000, 1.000000000000000000, -0.000000000000000000 ) ) ;
#532 = VERTEX_POINT ( 'NONE', #983 ) ;
#533 = CARTESIAN_POINT ( 'NONE',  ( 25.00000000000000000, 0.000000000000000000, 9.263400000000000745 ) ) ;
#534 = EDGE_LOOP ( 'NONE', ( #756, #1829, #1973, #921 ) ) ;
#535 = LINE ( 'NONE', #1451, #714 ) ;
#536 = DIRECTION ( 'NONE',  ( 0.000000000000000000, 0.000000000000000000, -1.000000000000000000 ) ) ;
#537 = VECTOR ( 'NONE', #888, 1000.000000000000000 ) ;
#538 = LINE ( 'NONE', #1894, #730 ) ;
#539 = AXIS2_PLACEMENT_3D ( 'NONE', #480, #308, #1534 ) ;
#540 = ORIENTED_EDGE ( 'NONE', *, *, #274, .T. ) ;
#541 = VERTEX_POINT ( 'NONE', #1599 ) ;
#542 = CYLINDRICAL_SURFACE ( 'NONE', #1519, 1.049999999999998268 ) ;
#543 = EDGE_CURVE ( 'NONE', #1190, #1352, #137, .T. ) ;
#544 = ORIENTED_EDGE ( 'NONE', *, *, #700, .T. ) ;
#545 = EDGE_CURVE ( 'NONE', #326, #1764, #713, .T. ) ;
#546 = CARTESIAN_POINT ( 'NONE',  ( 0.000000000000000000, -1.000000000000000000, 7.099999999999999645 ) ) ;
#547 = LINE ( 'NONE', #374, #1896 ) ;
#548 = CARTESIAN_POINT ( 'NONE',  ( -17.50000000000000000, -1.000000000000000000, -6.000000000000001776 ) ) ;
#549 = ADVANCED_FACE ( 'NONE', ( #688 ), #1916, .T. ) ;
#550 = AXIS2_PLACEMENT_3D ( 'NONE', #1523, #140, #1691 ) ;
#551 = EDGE_LOOP ( 'NONE', ( #387, #1784, #1055, #1086 ) ) ;
#552 = DATE_TIME_ROLE ( 'classification_date' ) ;
#553 = CIRCLE ( 'NONE', #1591, 1.049999999999998268 ) ;
#554 = ADVANCED_FACE ( 'NONE', ( #1478 ), #1172, .F. ) ;
#555 = ORIENTED_EDGE ( 'NONE', *, *, #33, .F. ) ;
#556 = CARTESIAN_POINT ( 'NONE',  ( 9.950000000000002842, 29.73659999999999215, 18.00000000000000000 ) ) ;
#557 = DIRECTION ( 'NONE',  ( -0.000000000000000000, -0.000000000000000000, -1.000000000000000000 ) ) ;
#558 = AXIS2_PLACEMENT_3D ( 'NONE', #221, #99, #846 ) ;
#559 = PLANE ( 'NONE',  #1303 ) ;
#560 = DIRECTION ( 'NONE',  ( -1.000000000000000000, 0.000000000000000000, 0.000000000000000000 ) ) ;
#561 = VERTEX_POINT ( 'NONE', #1927 ) ;
#562 = PERSON_AND_ORGANIZATION ( #1632, #478 ) ;
#563 = ORIENTED_EDGE ( 'NONE', *, *, #1645, .F. ) ;
#564 = CARTESIAN_POINT ( 'NONE',  ( 23.00000000000000000, 0.000000000000000000, -11.00000000000000000 ) ) ;
#565 = VECTOR ( 'NONE', #129, 1000.000000000000000 ) ;
#566 = CYLINDRICAL_SURFACE ( 'NONE', #743, 1.049999999999997158 ) ;
#567 = ORIENTED_EDGE ( 'NONE', *, *, #1123, .T. ) ;
#568 = DIRECTION ( 'NONE',  ( -1.000000000000000000, 0.000000000000000000, 0.000000000000000000 ) ) ;
#569 = DIRECTION ( 'NONE',  ( -1.000000000000000000, 0.000000000000000000, -0.000000000000000000 ) ) ;
#570 = ADVANCED_FACE ( 'NONE', ( #1793 ), #542, .F. ) ;
#571 = VERTEX_POINT ( 'NONE', #556 ) ;
#572 =( LENGTH_UNIT ( ) NAMED_UNIT ( * ) SI_UNIT ( .MILLI., .METRE. ) );
#573 = ORIENTED_EDGE ( 'NONE', *, *, #33, .T. ) ;
#574 = CARTESIAN_POINT ( 'NONE',  ( -25.00000000000000000, -1.000000000000000000, -11.00000000000000000 ) ) ;
#575 = ADVANCED_FACE ( 'NONE', ( #1165 ), #1772, .F. ) ;
#576 = CC_DESIGN_DATE_AND_TIME_ASSIGNMENT ( #256, #124, ( #178 ) ) ;
#577 = CYLINDRICAL_SURFACE ( 'NONE', #1098, 1.049999999999998046 ) ;
#578 = AXIS2_PLACEMENT_3D ( 'NONE', #1804, #423, #883 ) ;
#579 = VERTEX_POINT ( 'NONE', #533 ) ;
#580 = FACE_OUTER_BOUND ( 'NONE', #1246, .T. ) ;
#581 = AXIS2_PLACEMENT_3D ( 'NONE', #1703, #937, #1887 ) ;
#582 = ORIENTED_EDGE ( 'NONE', *, *, #147, .T. ) ;
#583 = PERSON_AND_ORGANIZATION ( #1632, #478 ) ;
#584 = PERSON_AND_ORGANIZATION ( #1632, #478 ) ;
#585 = AXIS2_PLACEMENT_3D ( 'NONE', #1537, #1999, #8 ) ;
#586 = DIRECTION ( 'NONE',  ( 0.000000000000000000, 1.000000000000000000, 0.000000000000000000 ) ) ;
#587 = CIRCLE ( 'NONE', #1908, 1.550000000000000933 ) ;
#588 = VECTOR ( 'NONE', #414, 1000.000000000000000 ) ;
#589 = FACE_BOUND ( 'NONE', #1493, .T. ) ;
#590 = CARTESIAN_POINT ( 'NONE',  ( 23.00000000000000000, -1.000000000000000000, -9.000000000000000000 ) ) ;
#591 = ORIENTED_EDGE ( 'NONE', *, *, #698, .F. ) ;
#592 = DIRECTION ( 'NONE',  ( -1.000000000000000000, 0.000000000000000000, -0.000000000000000000 ) ) ;
#593 = PRODUCT ( '编码器底座2_1220', '编码器底座2_1220', '', ( #1821 ) ) ;
#594 = ORIENTED_EDGE ( 'NONE', *, *, #169, .F. ) ;
#595 =( NAMED_UNIT ( * ) SI_UNIT ( $, .STERADIAN. ) SOLID_ANGLE_UNIT ( ) );
#596 = CARTESIAN_POINT ( 'NONE',  ( -25.00000000000000000, 3.000000000000019984, 17.26339999999999719 ) ) ;
#597 = CARTESIAN_POINT ( 'NONE',  ( -25.00000000000000000, 35.00000000000003553, 19.00000000000000000 ) ) ;
#598 = EDGE_LOOP ( 'NONE', ( #372, #861, #1409, #429 ) ) ;
#599 = CARTESIAN_POINT ( 'NONE',  ( 11.50000000000000355, 6.736599999999997479, 18.00000000000000000 ) ) ;
#600 = VERTEX_POINT ( 'NONE', #1465 ) ;
#601 = DIRECTION ( 'NONE',  ( -1.000000000000000000, 0.000000000000000000, 0.000000000000000000 ) ) ;
#602 = FACE_OUTER_BOUND ( 'NONE', #984, .T. ) ;
#603 = EDGE_CURVE ( 'NONE', #697, #541, #1752, .T. ) ;
#604 = ORIENTED_EDGE ( 'NONE', *, *, #1449, .F. ) ;
#605 = PERSON_AND_ORGANIZATION_ROLE ( 'creator' ) ;
#606 = CARTESIAN_POINT ( 'NONE',  ( -25.00000000000000000, 3.736600000000024124, 18.00000000000000000 ) ) ;
#607 = VECTOR ( 'NONE', #81, 1000.000000000000000 ) ;
#608 = VECTOR ( 'NONE', #664, 1000.000000000000000 ) ;
#609 = AXIS2_PLACEMENT_3D ( 'NONE', #1018, #104, #1788 ) ;
#610 = ORIENTED_EDGE ( 'NONE', *, *, #698, .T. ) ;
#611 = ORIENTED_EDGE ( 'NONE', *, *, #187, .T. ) ;
#612 = FACE_OUTER_BOUND ( 'NONE', #337, .T. ) ;
#613 = EDGE_CURVE ( 'NONE', #1179, #304, #87, .T. ) ;
#614 = ORIENTED_EDGE ( 'NONE', *, *, #1620, .F. ) ;
#615 = DIRECTION ( 'NONE',  ( -0.000000000000000000, -0.000000000000000000, 1.000000000000000000 ) ) ;
#616 = DIRECTION ( 'NONE',  ( 0.000000000000000000, 0.000000000000000000, -1.000000000000000000 ) ) ;
#617 = VECTOR ( 'NONE', #1877, 1000.000000000000000 ) ;
#618 = ORIENTED_EDGE ( 'NONE', *, *, #254, .F. ) ;
#619 = LINE ( 'NONE', #494, #67 ) ;
#620 = DIRECTION ( 'NONE',  ( -1.000000000000000000, 0.000000000000000000, -0.000000000000000000 ) ) ;
#621 = ADVANCED_FACE ( 'NONE', ( #1312 ), #391, .F. ) ;
#622 = DIRECTION ( 'NONE',  ( 1.000000000000000000, 0.000000000000000000, 0.000000000000000000 ) ) ;
#623 = DIRECTION ( 'NONE',  ( 0.000000000000000000, 0.000000000000000000, -1.000000000000000000 ) ) ;
#624 = EDGE_CURVE ( 'NONE', #600, #1398, #696, .T. ) ;
#625 = ORIENTED_EDGE ( 'NONE', *, *, #1615, .T. ) ;
#626 = FACE_OUTER_BOUND ( 'NONE', #694, .T. ) ;
#627 = DIRECTION ( 'NONE',  ( 0.000000000000000000, 0.000000000000000000, 1.000000000000000000 ) ) ;
#628 = DIRECTION ( 'NONE',  ( 1.000000000000000000, 0.000000000000000000, 0.000000000000000000 ) ) ;
#629 = LINE ( 'NONE', #1857, #678 ) ;
#630 = LINE ( 'NONE', #1531, #1846 ) ;
#631 = ORIENTED_EDGE ( 'NONE', *, *, #668, .T. ) ;
#632 = ORIENTED_EDGE ( 'NONE', *, *, #463, .T. ) ;
#633 = DIRECTION ( 'NONE',  ( 0.000000000000000000, 0.000000000000000000, -1.000000000000000000 ) ) ;
#634 = CARTESIAN_POINT ( 'NONE',  ( -3.064899051290099120E-15, 18.23659999999999926, 19.00000000000000000 ) ) ;
#635 = DIRECTION ( 'NONE',  ( 0.000000000000000000, 1.000000000000000000, 0.000000000000000000 ) ) ;
#636 = DIRECTION ( 'NONE',  ( 0.000000000000000000, 0.000000000000000000, -1.000000000000000000 ) ) ;
#637 = EDGE_CURVE ( 'NONE', #639, #80, #1759, .T. ) ;
#638 = VECTOR ( 'NONE', #728, 1000.000000000000000 ) ;
#639 = VERTEX_POINT ( 'NONE', #1436 ) ;
#640 = EDGE_CURVE ( 'NONE', #571, #731, #441, .T. ) ;
#641 = AXIS2_PLACEMENT_3D ( 'NONE', #1844, #1069, #501 ) ;
#642 = EDGE_LOOP ( 'NONE', ( #1357, #148, #834, #1088 ) ) ;
#643 = AXIS2_PLACEMENT_3D ( 'NONE', #703, #870, #569 ) ;
#644 = ADVANCED_FACE ( 'NONE', ( #1818 ), #1810, .F. ) ;
#645 = ORIENTED_EDGE ( 'NONE', *, *, #341, .F. ) ;
#646 = LINE ( 'NONE', #944, #893 ) ;
#647 = CARTESIAN_POINT ( 'NONE',  ( 23.00000000000000000, 35.00000000000003553, 19.00000000000000000 ) ) ;
#648 = LINE ( 'NONE', #1714, #741 ) ;
#649 = CARTESIAN_POINT ( 'NONE',  ( 6.495190528383279371, 14.48659999999999570, 19.00000000000000000 ) ) ;
#650 = AXIS2_PLACEMENT_3D ( 'NONE', #1251, #787, #636 ) ;
#651 = EDGE_LOOP ( 'NONE', ( #1362, #43, #1609, #614 ) ) ;
#652 = CIRCLE ( 'NONE', #386, 1.049999999999998268 ) ;
#653 = ORIENTED_EDGE ( 'NONE', *, *, #1768, .T. ) ;
#654 = ORIENTED_EDGE ( 'NONE', *, *, #1751, .T. ) ;
#655 = CYLINDRICAL_SURFACE ( 'NONE', #1406, 1.549999999999999378 ) ;
#656 = CARTESIAN_POINT ( 'NONE',  ( -7.545190528383291628, 21.98660000000000281, 19.00000000000000000 ) ) ;
#657 = AXIS2_PLACEMENT_3D ( 'NONE', #1315, #1940, #1816 ) ;
#658 = DIRECTION ( 'NONE',  ( -1.000000000000000000, 0.000000000000000000, 0.000000000000000000 ) ) ;
#659 = CARTESIAN_POINT ( 'NONE',  ( 0.000000000000000000, -1.000000000000000000, 7.099999999999999645 ) ) ;
#660 = AXIS2_PLACEMENT_3D ( 'NONE', #1454, #68, #1127 ) ;
#661 = VERTEX_POINT ( 'NONE', #1974 ) ;
#662 = ORIENTED_EDGE ( 'NONE', *, *, #825, .F. ) ;
#663 = EDGE_CURVE ( 'NONE', #1411, #1965, #1350, .T. ) ;
#664 = DIRECTION ( 'NONE',  ( -0.000000000000000000, -0.000000000000000000, -1.000000000000000000 ) ) ;
#665 = CARTESIAN_POINT ( 'NONE',  ( -7.545190528383294293, 14.48659999999999926, 18.00000000000000000 ) ) ;
#666 = CARTESIAN_POINT ( 'NONE',  ( 1.959434878635765723E-16, 0.000000000000000000, 3.899999999999999467 ) ) ;
#667 = FACE_BOUND ( 'NONE', #942, .T. ) ;
#668 = EDGE_CURVE ( 'NONE', #890, #1396, #879, .T. ) ;
#669 = CARTESIAN_POINT ( 'NONE',  ( 17.50000000000000000, -1.000000000000000000, -4.400000000000000355 ) ) ;
#670 = ORIENTED_EDGE ( 'NONE', *, *, #70, .T. ) ;
#671 = DIRECTION ( 'NONE',  ( -1.000000000000000000, -0.000000000000000000, -0.000000000000000000 ) ) ;
#672 = LINE ( 'NONE', #502, #1318 ) ;
#673 = DIRECTION ( 'NONE',  ( 1.000000000000000000, 0.000000000000000000, 0.000000000000000000 ) ) ;
#674 = FACE_OUTER_BOUND ( 'NONE', #1840, .T. ) ;
#675 = CARTESIAN_POINT ( 'NONE',  ( -25.00000000000000000, 3.000000000000027978, 18.00000000000000000 ) ) ;
#676 = AXIS2_PLACEMENT_3D ( 'NONE', #1814, #1395, #177 ) ;
#677 = CARTESIAN_POINT ( 'NONE',  ( -3.064899051290099120E-15, 18.23659999999999926, 18.00000000000000000 ) ) ;
#678 = VECTOR ( 'NONE', #1725, 1000.000000000000000 ) ;
#679 = ORIENTED_EDGE ( 'NONE', *, *, #318, .T. ) ;
#680 = AXIS2_PLACEMENT_3D ( 'NONE', #471, #1212, #462 ) ;
#681 = LINE ( 'NONE', #1275, #100 ) ;
#682 = ADVANCED_FACE ( 'NONE', ( #1676 ), #1656, .F. ) ;
#683 = AXIS2_PLACEMENT_3D ( 'NONE', #1139, #972, #829 ) ;
#684 = CARTESIAN_POINT ( 'NONE',  ( -23.00000000000000000, 35.00000000000003553, 19.00000000000000000 ) ) ;
#685 = CARTESIAN_POINT ( 'NONE',  ( 0.000000000000000000, 0.000000000000000000, 18.00000000000000000 ) ) ;
#686 = FACE_OUTER_BOUND ( 'NONE', #22, .T. ) ;
#687 = ORIENTED_EDGE ( 'NONE', *, *, #1488, .F. ) ;
#688 = FACE_OUTER_BOUND ( 'NONE', #534, .T. ) ;
#689 = ORIENTED_EDGE ( 'NONE', *, *, #484, .T. ) ;
#690 = DIRECTION ( 'NONE',  ( -0.000000000000000000, 1.000000000000000000, 0.000000000000000000 ) ) ;
#691 = DIRECTION ( 'NONE',  ( -0.000000000000000000, -0.000000000000000000, 1.000000000000000000 ) ) ;
#692 = FACE_BOUND ( 'NONE', #1934, .T. ) ;
#693 = EDGE_CURVE ( 'NONE', #1267, #1427, #889, .T. ) ;
#694 = EDGE_LOOP ( 'NONE', ( #901, #1144, #1513, #411 ) ) ;
#695 = EDGE_LOOP ( 'NONE', ( #898, #563, #191, #1389 ) ) ;
#696 = LINE ( 'NONE', #89, #607 ) ;
#697 = VERTEX_POINT ( 'NONE', #857 ) ;
#698 = EDGE_CURVE ( 'NONE', #505, #1236, #869, .T. ) ;
#699 = DIRECTION ( 'NONE',  ( -0.000000000000000000, -0.000000000000000000, -1.000000000000000000 ) ) ;
#700 = EDGE_CURVE ( 'NONE', #1151, #1721, #1473, .T. ) ;
#701 = LINE ( 'NONE', #1755, #939 ) ;
#702 = AXIS2_PLACEMENT_3D ( 'NONE', #380, #1785, #824 ) ;
#703 = CARTESIAN_POINT ( 'NONE',  ( 0.000000000000000000, 0.000000000000000000, 19.00000000000000000 ) ) ;
#704 = CIRCLE ( 'NONE', #1995, 1.550000000000000933 ) ;
#705 = VERTEX_POINT ( 'NONE', #1167 ) ;
#706 = ORIENTED_EDGE ( 'NONE', *, *, #1104, .T. ) ;
#707 = CARTESIAN_POINT ( 'NONE',  ( -3.583732914216866842E-15, 25.73659999999999926, 19.99999999999999645 ) ) ;
#708 = DIRECTION ( 'NONE',  ( 0.000000000000000000, 0.000000000000000000, -1.000000000000000000 ) ) ;
#709 = DIRECTION ( 'NONE',  ( 0.000000000000000000, 0.000000000000000000, 1.000000000000000000 ) ) ;
#710 = DIRECTION ( 'NONE',  ( -0.000000000000000000, -0.000000000000000000, -1.000000000000000000 ) ) ;
#711 = EDGE_LOOP ( 'NONE', ( #800, #1710, #172, #1066 ) ) ;
#712 = VERTEX_POINT ( 'NONE', #94 ) ;
#713 = LINE ( 'NONE', #1949, #1261 ) ;
#714 = VECTOR ( 'NONE', #1754, 1000.000000000000000 ) ;
#715 = LINE ( 'NONE', #1166, #841 ) ;
#716 = EDGE_CURVE ( 'NONE', #1758, #1187, #1058, .T. ) ;
#717 = EDGE_LOOP ( 'NONE', ( #1229, #1040, #689, #1521 ) ) ;
#718 = CARTESIAN_POINT ( 'NONE',  ( 13.05000000000000426, 29.73659999999999215, 18.00000000000000000 ) ) ;
#719 = CYLINDRICAL_SURFACE ( 'NONE', #1373, 1.600000000000001643 ) ;
#720 = ORIENTED_EDGE ( 'NONE', *, *, #388, .F. ) ;
#721 = APPROVAL_ROLE ( '' ) ;
#722 = EDGE_CURVE ( 'NONE', #1736, #1562, #1827, .T. ) ;
#723 = ORIENTED_EDGE ( 'NONE', *, *, #404, .T. ) ;
#724 = DIRECTION ( 'NONE',  ( -1.000000000000000000, 0.000000000000000000, 0.000000000000000000 ) ) ;
#725 = VECTOR ( 'NONE', #1204, 1000.000000000000000 ) ;
#726 = CARTESIAN_POINT ( 'NONE',  ( 11.50000000000000355, 6.736599999999997479, 19.99999999999999645 ) ) ;
#727 = EDGE_LOOP ( 'NONE', ( #1621, #1603 ) ) ;
#728 = DIRECTION ( 'NONE',  ( 0.000000000000000000, 0.000000000000000000, -1.000000000000000000 ) ) ;
#729 = EDGE_LOOP ( 'NONE', ( #163, #687, #1332, #265 ) ) ;
#730 = VECTOR ( 'NONE', #963, 1000.000000000000000 ) ;
#731 = VERTEX_POINT ( 'NONE', #718 ) ;
#732 = DIRECTION ( 'NONE',  ( 0.000000000000000000, 0.000000000000000000, -1.000000000000000000 ) ) ;
#733 = CARTESIAN_POINT ( 'NONE',  ( -25.00000000000000000, -3.469446951953614189E-15, 9.263399999999998968 ) ) ;
#734 = DIRECTION ( 'NONE',  ( -1.000000000000000000, 0.000000000000000000, 0.000000000000000000 ) ) ;
#735 = EDGE_CURVE ( 'NONE', #930, #697, #1048, .T. ) ;
#736 = ORIENTED_EDGE ( 'NONE', *, *, #1693, .F. ) ;
#737 = CARTESIAN_POINT ( 'NONE',  ( -25.00000000000000000, 1.263400000000005630, 11.73659999999999748 ) ) ;
#738 = AXIS2_PLACEMENT_3D ( 'NONE', #1717, #40, #947 ) ;
#739 = ORIENTED_EDGE ( 'NONE', *, *, #72, .F. ) ;
#740 = DIRECTION ( 'NONE',  ( 0.000000000000000000, 1.000000000000000000, -3.491481338843133355E-15 ) ) ;
#741 = VECTOR ( 'NONE', #1061, 1000.000000000000000 ) ;
#742 = CARTESIAN_POINT ( 'NONE',  ( 6.495190528383279371, 14.48659999999999570, 18.00000000000000000 ) ) ;
#743 = AXIS2_PLACEMENT_3D ( 'NONE', #1786, #699, #436 ) ;
#744 = DIRECTION ( 'NONE',  ( 0.000000000000000000, -0.000000000000000000, 1.000000000000000000 ) ) ;
#745 = APPROVAL ( #1517, '未指定' ) ;
#746 = FACE_OUTER_BOUND ( 'NONE', #651, .T. ) ;
#747 = EDGE_LOOP ( 'NONE', ( #381, #739 ) ) ;
#748 = DIRECTION ( 'NONE',  ( -1.000000000000000000, -0.000000000000000000, -0.000000000000000000 ) ) ;
#749 = CIRCLE ( 'NONE', #1881, 6.049999999999999822 ) ;
#750 = MANIFOLD_SOLID_BREP ( '圆角1', #1775 ) ;
#751 = ORIENTED_EDGE ( 'NONE', *, *, #543, .T. ) ;
#752 = EDGE_CURVE ( 'NONE', #314, #1630, #111, .T. ) ;
#753 = CARTESIAN_POINT ( 'NONE',  ( 25.00000000000000000, 1.263400000000005630, 11.73659999999999748 ) ) ;
#754 = EDGE_CURVE ( 'NONE', #1187, #541, #796, .T. ) ;
#755 = CARTESIAN_POINT ( 'NONE',  ( 25.00000000000000000, 0.7365999999999970349, 11.00000000000000000 ) ) ;
#756 = ORIENTED_EDGE ( 'NONE', *, *, #845, .F. ) ;
#757 = CARTESIAN_POINT ( 'NONE',  ( 6.495190528383291806, 21.98659999999999570, 18.00000000000000000 ) ) ;
#758 = ORIENTED_EDGE ( 'NONE', *, *, #1834, .F. ) ;
#759 = CARTESIAN_POINT ( 'NONE',  ( -25.00000000000000000, 0.000000000000000000, 9.999999999999998224 ) ) ;
#760 = LINE ( 'NONE', #1393, #777 ) ;
#761 = ADVANCED_FACE ( 'NONE', ( #1942, #1963, #1316, #580 ), #559, .F. ) ;
#762 = ORIENTED_EDGE ( 'NONE', *, *, #1220, .T. ) ;
#763 = CARTESIAN_POINT ( 'NONE',  ( 25.00000000000000000, 1.263400000000005630, 10.99999999999999822 ) ) ;
#764 = CARTESIAN_POINT ( 'NONE',  ( 1.959434878635765723E-16, -1.000000000000000000, 3.899999999999999467 ) ) ;
#765 = ADVANCED_FACE ( 'NONE', ( #1017 ), #1636, .F. ) ;
#766 = VECTOR ( 'NONE', #1740, 1000.000000000000000 ) ;
#767 = VECTOR ( 'NONE', #1180, 1000.000000000000000 ) ;
#768 = DIRECTION ( 'NONE',  ( -0.000000000000000000, -0.000000000000000000, -1.000000000000000000 ) ) ;
#769 = ORIENTED_EDGE ( 'NONE', *, *, #1015, .F. ) ;
#770 = DIRECTION ( 'NONE',  ( -1.000000000000000000, 0.000000000000000000, 0.000000000000000000 ) ) ;
#771 = EDGE_LOOP ( 'NONE', ( #1301, #451 ) ) ;
#772 = LINE ( 'NONE', #1247, #1501 ) ;
#773 = CARTESIAN_POINT ( 'NONE',  ( -23.00000000000000000, 33.00000000000003553, 19.00000000000000000 ) ) ;
#774 = AXIS2_PLACEMENT_3D ( 'NONE', #1242, #1385, #496 ) ;
#775 = CARTESIAN_POINT ( 'NONE',  ( 25.00000000000000000, -3.469446951953614189E-15, 9.263399999999998968 ) ) ;
#776 = CARTESIAN_POINT ( 'NONE',  ( 13.05000000000000426, 29.73659999999999215, 19.99999999999999645 ) ) ;
#777 = VECTOR ( 'NONE', #491, 1000.000000000000000 ) ;
#778 = CIRCLE ( 'NONE', #1448, 1.549999999999999378 ) ;
#779 = DIRECTION ( 'NONE',  ( 1.000000000000000000, 0.000000000000000000, 0.000000000000000000 ) ) ;
#780 = EDGE_LOOP ( 'NONE', ( #1054, #1365, #110, #1956 ) ) ;
#781 = ORIENTED_EDGE ( 'NONE', *, *, #300, .T. ) ;
#782 = VERTEX_POINT ( 'NONE', #1797 ) ;
#783 = CARTESIAN_POINT ( 'NONE',  ( -17.50000000000000000, 0.000000000000000000, -4.400000000000000355 ) ) ;
#784 = DIRECTION ( 'NONE',  ( 0.000000000000000000, 1.000000000000000000, 0.000000000000000000 ) ) ;
#785 = CARTESIAN_POINT ( 'NONE',  ( 25.00000000000000000, 3.736600000000024124, 17.26339999999999364 ) ) ;
#786 = EDGE_CURVE ( 'NONE', #295, #393, #264, .T. ) ;
#787 = DIRECTION ( 'NONE',  ( -1.000000000000000000, -0.000000000000000000, -0.000000000000000000 ) ) ;
#788 = ADVANCED_FACE ( 'NONE', ( #1412 ), #1546, .F. ) ;
#789 = ORIENTED_EDGE ( 'NONE', *, *, #865, .T. ) ;
#790 = ORIENTED_EDGE ( 'NONE', *, *, #211, .T. ) ;
#791 = ORIENTED_EDGE ( 'NONE', *, *, #395, .F. ) ;
#792 = CARTESIAN_POINT ( 'NONE',  ( -11.50000000000000178, 29.73659999999999215, 19.99999999999999645 ) ) ;
#793 = FACE_OUTER_BOUND ( 'NONE', #346, .T. ) ;
#794 = DIRECTION ( 'NONE',  ( 0.000000000000000000, -1.000000000000000000, 0.000000000000000000 ) ) ;
#795 = DIRECTION ( 'NONE',  ( -1.000000000000000000, 0.000000000000000000, 0.000000000000000000 ) ) ;
#796 = CIRCLE ( 'NONE', #913, 1.736600000000000366 ) ;
#797 = EDGE_LOOP ( 'NONE', ( #1790, #911 ) ) ;
#798 = ORIENTED_EDGE ( 'NONE', *, *, #408, .T. ) ;
#799 = LOCAL_TIME ( 15, 32, 31.00000000000000000, #1640 ) ;
#800 = ORIENTED_EDGE ( 'NONE', *, *, #187, .F. ) ;
#801 = DIRECTION ( 'NONE',  ( 1.000000000000000000, 0.000000000000000000, 0.000000000000000000 ) ) ;
#802 = DIRECTION ( 'NONE',  ( -1.000000000000000000, 0.000000000000000000, 0.000000000000000000 ) ) ;
#803 = FACE_OUTER_BOUND ( 'NONE', #1930, .T. ) ;
#804 = LINE ( 'NONE', #776, #1377 ) ;
#805 = VERTEX_POINT ( 'NONE', #1863 ) ;
#806 = AXIS2_PLACEMENT_3D ( 'NONE', #1240, #1864, #469 ) ;
#807 = ORIENTED_EDGE ( 'NONE', *, *, #1834, .T. ) ;
#808 = APPROVAL ( #410, '未指定' ) ;
#809 = CARTESIAN_POINT ( 'NONE',  ( -25.00000000000000000, 1.263400000000005408, 9.999999999999998224 ) ) ;
#810 = CARTESIAN_POINT ( 'NONE',  ( -11.50000000000000178, 6.736599999999997479, 19.99999999999999645 ) ) ;
#811 = FACE_BOUND ( 'NONE', #75, .T. ) ;
#812 = CARTESIAN_POINT ( 'NONE',  ( 6.495190528383291806, 21.98659999999999570, 19.99999999999999645 ) ) ;
#813 = AXIS2_PLACEMENT_3D ( 'NONE', #412, #854, #238 ) ;
#814 = EDGE_LOOP ( 'NONE', ( #173, #437, #992, #123 ) ) ;
#815 = ORIENTED_EDGE ( 'NONE', *, *, #1688, .F. ) ;
#816 = EDGE_CURVE ( 'NONE', #295, #151, #1243, .T. ) ;
#817 = CARTESIAN_POINT ( 'NONE',  ( -6.050000000000003375, 18.23659999999999926, 19.00000000000000000 ) ) ;
#818 = DIRECTION ( 'NONE',  ( -1.000000000000000000, 0.000000000000000000, 0.000000000000000000 ) ) ;
#819 = CARTESIAN_POINT ( 'NONE',  ( -25.00000000000000000, 0.7365999999999970349, 10.00000000000000000 ) ) ;
#820 = FACE_BOUND ( 'NONE', #1164, .T. ) ;
#821 = VECTOR ( 'NONE', #146, 1000.000000000000000 ) ;
#822 = ADVANCED_FACE ( 'NONE', ( #468 ), #655, .F. ) ;
#823 = DIRECTION ( 'NONE',  ( -0.000000000000000000, -0.000000000000000000, -1.000000000000000000 ) ) ;
#824 = DIRECTION ( 'NONE',  ( -1.000000000000000000, 0.000000000000000000, 0.000000000000000000 ) ) ;
#825 = EDGE_CURVE ( 'NONE', #882, #1319, #985, .T. ) ;
#826 = ORIENTED_EDGE ( 'NONE', *, *, #1530, .F. ) ;
#827 = CARTESIAN_POINT ( 'NONE',  ( -11.50000000000000178, 29.73659999999999215, 19.99999999999999645 ) ) ;
#828 = CARTESIAN_POINT ( 'NONE',  ( -11.50000000000000178, 6.736599999999997479, 19.99999999999999645 ) ) ;
#829 = DIRECTION ( 'NONE',  ( 0.000000000000000000, 1.000000000000000000, -2.355041373848501170E-15 ) ) ;
#830 = FACE_BOUND ( 'NONE', #771, .T. ) ;
#831 = DIRECTION ( 'NONE',  ( 0.000000000000000000, 0.000000000000000000, -1.000000000000000000 ) ) ;
#832 = ORIENTED_EDGE ( 'NONE', *, *, #1466, .F. ) ;
#833 = DIRECTION ( 'NONE',  ( -1.000000000000000000, 0.000000000000000000, 0.000000000000000000 ) ) ;
#834 = ORIENTED_EDGE ( 'NONE', *, *, #1811, .T. ) ;
#835 = AXIS2_PLACEMENT_3D ( 'NONE', #1723, #1082, #481 ) ;
#836 = DIRECTION ( 'NONE',  ( -1.000000000000000000, 0.000000000000000000, 0.000000000000000000 ) ) ;
#837 = ADVANCED_FACE ( 'NONE', ( #1690 ), #490, .T. ) ;
#838 = CIRCLE ( 'NONE', #1286, 1.049999999999998934 ) ;
#839 = LINE ( 'NONE', #1159, #71 ) ;
#840 = FACE_BOUND ( 'NONE', #1612, .T. ) ;
#841 = VECTOR ( 'NONE', #1959, 1000.000000000000000 ) ;
#842 = CYLINDRICAL_SURFACE ( 'NONE', #1780, 1.550000000000000933 ) ;
#843 = EDGE_LOOP ( 'NONE', ( #353, #1753, #1181, #653 ) ) ;
#844 = EDGE_CURVE ( 'NONE', #1199, #1967, #376, .T. ) ;
#845 = EDGE_CURVE ( 'NONE', #1562, #1100, #1258, .T. ) ;
#846 = DIRECTION ( 'NONE',  ( -1.000000000000000000, 0.000000000000000000, 0.000000000000000000 ) ) ;
#847 = EDGE_CURVE ( 'NONE', #1774, #882, #164, .T. ) ;
#848 = ORIENTED_EDGE ( 'NONE', *, *, #528, .T. ) ;
#849 = CARTESIAN_POINT ( 'NONE',  ( -13.05000000000000071, 6.736599999999997479, 19.99999999999999645 ) ) ;
#850 = FACE_OUTER_BOUND ( 'NONE', #1510, .T. ) ;
#851 = DIRECTION ( 'NONE',  ( -1.000000000000000000, 0.000000000000000000, -0.000000000000000000 ) ) ;
#852 = ORIENTED_EDGE ( 'NONE', *, *, #1964, .T. ) ;
#853 = EDGE_LOOP ( 'NONE', ( #69, #1050, #567, #1879 ) ) ;
#854 = DIRECTION ( 'NONE',  ( 0.000000000000000000, 0.000000000000000000, -1.000000000000000000 ) ) ;
#855 = ORIENTED_EDGE ( 'NONE', *, *, #1196, .F. ) ;
#856 = CARTESIAN_POINT ( 'NONE',  ( -6.495190528383293582, 21.98660000000000281, 18.00000000000000000 ) ) ;
#857 = CARTESIAN_POINT ( 'NONE',  ( -25.00000000000000000, 1.263400000000005630, 10.99999999999999822 ) ) ;
#858 = CARTESIAN_POINT ( 'NONE',  ( 25.00000000000000000, 2.000000000000003553, 11.00000000000000000 ) ) ;
#859 = AXIS2_PLACEMENT_3D ( 'NONE', #980, #1627, #242 ) ;
#860 = AXIS2_PLACEMENT_3D ( 'NONE', #785, #628, #1855 ) ;
#861 = ORIENTED_EDGE ( 'NONE', *, *, #900, .F. ) ;
#862 = COORDINATED_UNIVERSAL_TIME_OFFSET ( 8, 0, .AHEAD. ) ;
#863 = EDGE_LOOP ( 'NONE', ( #1444, #1975, #1057, #419 ) ) ;
#864 = CARTESIAN_POINT ( 'NONE',  ( -13.05000000000000071, 29.73659999999999215, 19.99999999999999645 ) ) ;
#865 = EDGE_CURVE ( 'NONE', #1629, #1543, #476, .T. ) ;
#866 = CIRCLE ( 'NONE', #2001, 1.049999999999998268 ) ;
#867 = DIRECTION ( 'NONE',  ( -1.000000000000000000, 0.000000000000000000, 0.000000000000000000 ) ) ;
#868 = EDGE_CURVE ( 'NONE', #1299, #1319, #772, .T. ) ;
#869 = LINE ( 'NONE', #1514, #25 ) ;
#870 = DIRECTION ( 'NONE',  ( 0.000000000000000000, 0.000000000000000000, -1.000000000000000000 ) ) ;
#871 = ORIENTED_EDGE ( 'NONE', *, *, #1469, .F. ) ;
#872 = DATE_AND_TIME ( #891, #1304 ) ;
#873 = PERSON_AND_ORGANIZATION ( #1632, #478 ) ;
#874 = ORIENTED_EDGE ( 'NONE', *, *, #74, .T. ) ;
#875 = CARTESIAN_POINT ( 'NONE',  ( -3.583732914216866842E-15, 25.73659999999999926, 19.99999999999999645 ) ) ;
#876 = AXIS2_PLACEMENT_3D ( 'NONE', #367, #1739, #1259 ) ;
#877 = FACE_OUTER_BOUND ( 'NONE', #853, .T. ) ;
#878 = EDGE_LOOP ( 'NONE', ( #1128, #1464, #632, #720 ) ) ;
#879 = LINE ( 'NONE', #1208, #638 ) ;
#880 = EDGE_LOOP ( 'NONE', ( #323, #1861, #1824, #751 ) ) ;
#881 = CARTESIAN_POINT ( 'NONE',  ( 0.000000000000000000, 3.000000000000006217, 11.73659999999999215 ) ) ;
#882 = VERTEX_POINT ( 'NONE', #783 ) ;
#883 = DIRECTION ( 'NONE',  ( 0.000000000000000000, 0.000000000000000000, 1.000000000000000000 ) ) ;
#884 = EDGE_CURVE ( 'NONE', #1961, #1002, #1761, .T. ) ;
#885 = DIRECTION ( 'NONE',  ( 0.000000000000000000, 0.000000000000000000, -1.000000000000000000 ) ) ;
#886 = CARTESIAN_POINT ( 'NONE',  ( -6.495190528383293582, 21.98660000000000281, 19.99999999999999645 ) ) ;
#887 = ORIENTED_EDGE ( 'NONE', *, *, #1643, .T. ) ;
#888 = DIRECTION ( 'NONE',  ( 0.000000000000000000, 1.000000000000000000, -3.491481338843133355E-15 ) ) ;
#889 = CIRCLE ( 'NONE', #1663, 6.049999999999999822 ) ;
#890 = VERTEX_POINT ( 'NONE', #951 ) ;
#891 = CALENDAR_DATE ( 2022, 21, 12 ) ;
#892 = APPROVAL_DATE_TIME ( #1813, #745 ) ;
#893 = VECTOR ( 'NONE', #296, 1000.000000000000000 ) ;
#894 = VECTOR ( 'NONE', #1783, 1000.000000000000000 ) ;
#895 = CARTESIAN_POINT ( 'NONE',  ( 25.00000000000000000, -3.469446951953614189E-15, 9.263399999999998968 ) ) ;
#896 = CARTESIAN_POINT ( 'NONE',  ( 0.000000000000000000, 0.000000000000000000, 0.000000000000000000 ) ) ;
#897 = CARTESIAN_POINT ( 'NONE',  ( 23.00000000000000000, 33.00000000000003553, 18.00000000000000000 ) ) ;
#898 = ORIENTED_EDGE ( 'NONE', *, *, #1343, .F. ) ;
#899 = CARTESIAN_POINT ( 'NONE',  ( -25.00000000000000000, 0.7365999999999970349, 9.263399999999998968 ) ) ;
#900 = EDGE_CURVE ( 'NONE', #1736, #222, #1381, .T. ) ;
#901 = ORIENTED_EDGE ( 'NONE', *, *, #492, .F. ) ;
#902 = CIRCLE ( 'NONE', #835, 1.549999999999999378 ) ;
#903 = CARTESIAN_POINT ( 'NONE',  ( 11.50000000000000355, 6.736599999999997479, 19.00000000000000000 ) ) ;
#904 = EDGE_CURVE ( 'NONE', #1707, #486, #646, .T. ) ;
#905 = AXIS2_PLACEMENT_3D ( 'NONE', #1228, #920, #1532 ) ;
#906 = ORIENTED_EDGE ( 'NONE', *, *, #825, .T. ) ;
#907 = ORIENTED_EDGE ( 'NONE', *, *, #1475, .T. ) ;
#908 = EDGE_CURVE ( 'NONE', #232, #1175, #27, .T. ) ;
#909 = LINE ( 'NONE', #1056, #128 ) ;
#910 = ADVANCED_FACE ( 'NONE', ( #1555 ), #1392, .T. ) ;
#911 = ORIENTED_EDGE ( 'NONE', *, *, #1253, .T. ) ;
#912 = DIRECTION ( 'NONE',  ( 0.000000000000000000, 0.000000000000000000, 1.000000000000000000 ) ) ;
#913 = AXIS2_PLACEMENT_3D ( 'NONE', #899, #748, #1188 ) ;
#914 = DIRECTION ( 'NONE',  ( -1.000000000000000000, 0.000000000000000000, 0.000000000000000000 ) ) ;
#915 = ORIENTED_EDGE ( 'NONE', *, *, #640, .T. ) ;
#916 = DIRECTION ( 'NONE',  ( 0.000000000000000000, 1.000000000000000000, 0.000000000000000000 ) ) ;
#917 = DIRECTION ( 'NONE',  ( -1.000000000000000000, 0.000000000000000000, 0.000000000000000000 ) ) ;
#918 = LINE ( 'NONE', #435, #1938 ) ;
#919 = ORIENTED_EDGE ( 'NONE', *, *, #1615, .F. ) ;
#920 = DIRECTION ( 'NONE',  ( 0.000000000000000000, 0.000000000000000000, -1.000000000000000000 ) ) ;
#921 = ORIENTED_EDGE ( 'NONE', *, *, #1049, .F. ) ;
#922 = DIRECTION ( 'NONE',  ( -0.000000000000000000, -0.000000000000000000, -1.000000000000000000 ) ) ;
#923 = CARTESIAN_POINT ( 'NONE',  ( -25.00000000000000000, 1.263400000000005408, 9.999999999999998224 ) ) ;
#924 = LINE ( 'NONE', #1250, #1906 ) ;
#925 = FACE_OUTER_BOUND ( 'NONE', #1118, .T. ) ;
#926 = ADVANCED_FACE ( 'NONE', ( #626 ), #1230, .F. ) ;
#927 = CARTESIAN_POINT ( 'NONE',  ( -9.950000000000002842, 6.736599999999997479, 18.00000000000000000 ) ) ;
#928 = ORIENTED_EDGE ( 'NONE', *, *, #398, .F. ) ;
#929 = EDGE_CURVE ( 'NONE', #731, #571, #704, .T. ) ;
#930 = VERTEX_POINT ( 'NONE', #1746 ) ;
#931 = DIRECTION ( 'NONE',  ( -0.000000000000000000, 0.000000000000000000, 1.000000000000000000 ) ) ;
#932 = FACE_OUTER_BOUND ( 'NONE', #551, .T. ) ;
#933 = AXIS2_PLACEMENT_3D ( 'NONE', #2000, #620, #1486 ) ;
#934 = CC_DESIGN_PERSON_AND_ORGANIZATION_ASSIGNMENT ( #562, #605, ( #178 ) ) ;
#935 = AXIS2_PLACEMENT_3D ( 'NONE', #1084, #1868, #168 ) ;
#936 = CARTESIAN_POINT ( 'NONE',  ( -25.00000000000000000, -1.000000000000000000, -9.000000000000000000 ) ) ;
#937 = DIRECTION ( 'NONE',  ( 0.000000000000000000, 1.000000000000000000, 0.000000000000000000 ) ) ;
#938 = AXIS2_PLACEMENT_3D ( 'NONE', #1680, #946, #1557 ) ;
#939 = VECTOR ( 'NONE', #1605, 1000.000000000000000 ) ;
#940 = ORIENTED_EDGE ( 'NONE', *, *, #929, .T. ) ;
#941 = ORIENTED_EDGE ( 'NONE', *, *, #1193, .T. ) ;
#942 = EDGE_LOOP ( 'NONE', ( #1745, #790 ) ) ;
#943 = ORIENTED_EDGE ( 'NONE', *, *, #1743, .T. ) ;
#944 = CARTESIAN_POINT ( 'NONE',  ( 25.00000000000000000, -1.000000000000000000, -11.00000000000000000 ) ) ;
#945 = CARTESIAN_POINT ( 'NONE',  ( -6.495190528383293582, 21.98660000000000281, 19.00000000000000000 ) ) ;
#946 = DIRECTION ( 'NONE',  ( -0.000000000000000000, -0.000000000000000000, -1.000000000000000000 ) ) ;
#947 = DIRECTION ( 'NONE',  ( 0.000000000000000000, 0.000000000000000000, 1.000000000000000000 ) ) ;
#948 = EDGE_LOOP ( 'NONE', ( #1211, #193, #1651, #1237 ) ) ;
#949 = EDGE_LOOP ( 'NONE', ( #662, #1638 ) ) ;
#950 = VERTEX_POINT ( 'NONE', #1438 ) ;
#951 = CARTESIAN_POINT ( 'NONE',  ( -25.00000000000000000, 33.00000000000003553, 19.00000000000000000 ) ) ;
#952 = FACE_OUTER_BOUND ( 'NONE', #711, .T. ) ;
#953 = CARTESIAN_POINT ( 'NONE',  ( 11.50000000000000355, 6.736599999999997479, 19.00000000000000000 ) ) ;
#954 = DIRECTION ( 'NONE',  ( -1.000000000000000000, 0.000000000000000000, 0.000000000000000000 ) ) ;
#955 = ADVANCED_FACE ( 'NONE', ( #366 ), #1592, .F. ) ;
#956 = VECTOR ( 'NONE', #1481, 1000.000000000000000 ) ;
#957 = VERTEX_POINT ( 'NONE', #978 ) ;
#958 = ORIENTED_EDGE ( 'NONE', *, *, #1178, .T. ) ;
#959 = AXIS2_PLACEMENT_3D ( 'NONE', #5, #801, #912 ) ;
#960 = ADVANCED_BREP_SHAPE_REPRESENTATION ( '编码器底座2_1220', ( #750, #1958 ), #444 ) ;
#961 = LINE ( 'NONE', #1274, #608 ) ;
#962 = DIRECTION ( 'NONE',  ( -1.000000000000000000, 0.000000000000000000, 0.000000000000000000 ) ) ;
#963 = DIRECTION ( 'NONE',  ( -0.000000000000000000, -0.000000000000000000, -1.000000000000000000 ) ) ;
#964 = LINE ( 'NONE', #1115, #617 ) ;
#965 = ADVANCED_FACE ( 'NONE', ( #1268 ), #347, .F. ) ;
#966 = ORIENTED_EDGE ( 'NONE', *, *, #988, .F. ) ;
#967 = EDGE_LOOP ( 'NONE', ( #133, #1704, #874, #1910 ) ) ;
#968 = CARTESIAN_POINT ( 'NONE',  ( 0.000000000000000000, -1.000000000000000000, 5.500000000000000000 ) ) ;
#969 = CARTESIAN_POINT ( 'NONE',  ( 17.50000000000000000, -1.000000000000000000, -7.600000000000004086 ) ) ;
#970 = EDGE_CURVE ( 'NONE', #135, #1349, #413, .T. ) ;
#971 = VECTOR ( 'NONE', #997, 1000.000000000000000 ) ;
#972 = DIRECTION ( 'NONE',  ( -1.000000000000000000, -0.000000000000000000, -0.000000000000000000 ) ) ;
#973 = DIRECTION ( 'NONE',  ( 0.000000000000000000, 0.000000000000000000, 1.000000000000000000 ) ) ;
#974 = CARTESIAN_POINT ( 'NONE',  ( -23.00000000000000000, 35.00000000000003553, 19.00000000000000000 ) ) ;
#975 = EDGE_CURVE ( 'NONE', #579, #439, #961, .T. ) ;
#976 = UNCERTAINTY_MEASURE_WITH_UNIT (LENGTH_MEASURE( 1.000000000000000082E-05 ), #572, 'distance_accuracy_value', 'NONE');
#977 = ORIENTED_EDGE ( 'NONE', *, *, #1163, .F. ) ;
#978 = CARTESIAN_POINT ( 'NONE',  ( 1.049999999999994493, 25.73659999999999926, 19.00000000000000000 ) ) ;
#979 = FACE_OUTER_BOUND ( 'NONE', #1291, .T. ) ;
#980 = CARTESIAN_POINT ( 'NONE',  ( -6.495190528383293582, 21.98660000000000281, 18.00000000000000000 ) ) ;
#981 = FACE_BOUND ( 'NONE', #1952, .T. ) ;
#982 = CARTESIAN_POINT ( 'NONE',  ( 25.00000000000000000, -1.000000000000000000, -9.000000000000000000 ) ) ;
#983 = CARTESIAN_POINT ( 'NONE',  ( 13.05000000000000426, 29.73659999999999215, 19.00000000000000000 ) ) ;
#984 = EDGE_LOOP ( 'NONE', ( #736, #506, #1205, #1820 ) ) ;
#985 = CIRCLE ( 'NONE', #539, 1.600000000000001643 ) ;
#986 = AXIS2_PLACEMENT_3D ( 'NONE', #1588, #1113, #1731 ) ;
#987 = DIRECTION ( 'NONE',  ( 0.000000000000000000, 0.000000000000000000, -1.000000000000000000 ) ) ;
#988 = EDGE_CURVE ( 'NONE', #1562, #324, #1585, .T. ) ;
#989 = CARTESIAN_POINT ( 'NONE',  ( 11.50000000000000355, 6.736599999999997479, 18.00000000000000000 ) ) ;
#990 = CARTESIAN_POINT ( 'NONE',  ( 11.50000000000000355, 6.736599999999997479, 19.99999999999999645 ) ) ;
#991 = CARTESIAN_POINT ( 'NONE',  ( -25.00000000000000000, 0.7365999999999970349, 11.00000000000000000 ) ) ;
#992 = ORIENTED_EDGE ( 'NONE', *, *, #545, .T. ) ;
#993 = EDGE_CURVE ( 'NONE', #23, #1980, #1831, .T. ) ;
#994 = DIRECTION ( 'NONE',  ( 0.000000000000000000, 0.000000000000000000, -1.000000000000000000 ) ) ;
#995 = CIRCLE ( 'NONE', #1092, 1.549999999999999378 ) ;
#996 = ORIENTED_EDGE ( 'NONE', *, *, #343, .T. ) ;
#997 = DIRECTION ( 'NONE',  ( 0.000000000000000000, -1.000000000000000000, 4.710082747696980251E-15 ) ) ;
#998 = CARTESIAN_POINT ( 'NONE',  ( -11.50000000000000178, 29.73659999999999215, 18.00000000000000000 ) ) ;
#999 = FACE_OUTER_BOUND ( 'NONE', #1476, .T. ) ;
#1000 = AXIS2_PLACEMENT_3D ( 'NONE', #373, #690, #1138 ) ;
#1001 = ORIENTED_EDGE ( 'NONE', *, *, #640, .F. ) ;
#1002 = VERTEX_POINT ( 'NONE', #817 ) ;
#1003 = DIRECTION ( 'NONE',  ( 0.000000000000000000, 0.000000000000000000, -1.000000000000000000 ) ) ;
#1004 = VECTOR ( 'NONE', #73, 1000.000000000000000 ) ;
#1005 = ORIENTED_EDGE ( 'NONE', *, *, #1123, .F. ) ;
#1006 = DIRECTION ( 'NONE',  ( -0.000000000000000000, 3.469446951953613006E-15, 1.000000000000000000 ) ) ;
#1007 = DIRECTION ( 'NONE',  ( 1.000000000000000000, 0.000000000000000000, 0.000000000000000000 ) ) ;
#1008 = DIRECTION ( 'NONE',  ( 0.000000000000000000, 0.000000000000000000, 1.000000000000000000 ) ) ;
#1009 = ADVANCED_FACE ( 'NONE', ( #1430 ), #1738, .T. ) ;
#1010 = ORIENTED_EDGE ( 'NONE', *, *, #663, .F. ) ;
#1011 = SHAPE_DEFINITION_REPRESENTATION ( #284, #960 ) ;
#1012 = DIRECTION ( 'NONE',  ( 0.000000000000000000, 0.000000000000000000, 1.000000000000000000 ) ) ;
#1013 = ORIENTED_EDGE ( 'NONE', *, *, #624, .T. ) ;
#1014 = DIRECTION ( 'NONE',  ( 1.000000000000000000, 0.000000000000000000, 0.000000000000000000 ) ) ;
#1015 = EDGE_CURVE ( 'NONE', #1151, #1411, #204, .T. ) ;
#1016 = DIRECTION ( 'NONE',  ( 0.000000000000000000, 0.000000000000000000, -1.000000000000000000 ) ) ;
#1017 = FACE_OUTER_BOUND ( 'NONE', #1266, .T. ) ;
#1018 = CARTESIAN_POINT ( 'NONE',  ( 0.000000000000000000, 1.999999999999965361, -6.938893903907106104E-15 ) ) ;
#1019 = AXIS2_PLACEMENT_3D ( 'NONE', #194, #212, #1890 ) ;
#1020 = EDGE_LOOP ( 'NONE', ( #855, #1399, #432, #852 ) ) ;
#1021 = CALENDAR_DATE ( 2022, 21, 12 ) ;
#1022 = ORIENTED_EDGE ( 'NONE', *, *, #345, .T. ) ;
#1023 = DIRECTION ( 'NONE',  ( -0.000000000000000000, -0.000000000000000000, -1.000000000000000000 ) ) ;
#1024 = ADVANCED_FACE ( 'NONE', ( #850 ), #1149, .T. ) ;
#1025 = CIRCLE ( 'NONE', #158, 1.049999999999998934 ) ;
#1026 = LINE ( 'NONE', #1499, #1744 ) ;
#1027 = CIRCLE ( 'NONE', #1875, 1.550000000000000933 ) ;
#1028 = ORIENTED_EDGE ( 'NONE', *, *, #929, .F. ) ;
#1029 = DIRECTION ( 'NONE',  ( 0.000000000000000000, 0.000000000000000000, 1.000000000000000000 ) ) ;
#1030 = AXIS2_PLACEMENT_3D ( 'NONE', #368, #1616, #1460 ) ;
#1031 = EDGE_LOOP ( 'NONE', ( #363, #180, #1993, #1087 ) ) ;
#1032 =( NAMED_UNIT ( * ) PLANE_ANGLE_UNIT ( ) SI_UNIT ( $, .RADIAN. ) );
#1033 = ORIENTED_EDGE ( 'NONE', *, *, #12, .F. ) ;
#1034 = EDGE_CURVE ( 'NONE', #1398, #1880, #1633, .T. ) ;
#1035 = CARTESIAN_POINT ( 'NONE',  ( -25.00000000000000000, 3.736600000000024124, 18.00000000000000000 ) ) ;
#1036 = DIRECTION ( 'NONE',  ( 0.000000000000000000, 0.000000000000000000, -1.000000000000000000 ) ) ;
#1037 = CARTESIAN_POINT ( 'NONE',  ( -5.445190528383295536, 21.98660000000000281, 18.00000000000000000 ) ) ;
#1038 = VERTEX_POINT ( 'NONE', #1766 ) ;
#1039 = CARTESIAN_POINT ( 'NONE',  ( 25.00000000000000000, 2.000000000000005329, 11.73659999999999570 ) ) ;
#1040 = ORIENTED_EDGE ( 'NONE', *, *, #1408, .F. ) ;
#1041 = CALENDAR_DATE ( 2022, 21, 12 ) ;
#1042 = DIRECTION ( 'NONE',  ( 1.000000000000000000, 0.000000000000000000, 0.000000000000000000 ) ) ;
#1043 = EDGE_CURVE ( 'NONE', #314, #1106, #1733, .T. ) ;
#1044 = FACE_OUTER_BOUND ( 'NONE', #498, .T. ) ;
#1045 = CARTESIAN_POINT ( 'NONE',  ( -17.50000000000000000, -1.000000000000000000, -7.600000000000004086 ) ) ;
#1046 = ORIENTED_EDGE ( 'NONE', *, *, #975, .F. ) ;
#1047 = DIRECTION ( 'NONE',  ( -1.000000000000000000, -0.000000000000000000, -0.000000000000000000 ) ) ;
#1048 = CIRCLE ( 'NONE', #280, 0.7366000000000004766 ) ;
#1049 = EDGE_CURVE ( 'NONE', #1100, #292, #1277, .T. ) ;
#1050 = ORIENTED_EDGE ( 'NONE', *, *, #1919, .T. ) ;
#1051 = CIRCLE ( 'NONE', #510, 1.600000000000001643 ) ;
#1052 = DIRECTION ( 'NONE',  ( 0.000000000000000000, 0.000000000000000000, 1.000000000000000000 ) ) ;
#1053 = EDGE_CURVE ( 'NONE', #120, #639, #547, .T. ) ;
#1054 = ORIENTED_EDGE ( 'NONE', *, *, #343, .F. ) ;
#1055 = ORIENTED_EDGE ( 'NONE', *, *, #240, .T. ) ;
#1056 = CARTESIAN_POINT ( 'NONE',  ( 25.00000000000000000, 0.7365999999999970349, 10.00000000000000178 ) ) ;
#1057 = ORIENTED_EDGE ( 'NONE', *, *, #722, .T. ) ;
#1058 = LINE ( 'NONE', #1649, #1925 ) ;
#1059 = CARTESIAN_POINT ( 'NONE',  ( -25.00000000000000000, 3.736600000000024124, 17.26339999999999364 ) ) ;
#1060 = VERTEX_POINT ( 'NONE', #57 ) ;
#1061 = DIRECTION ( 'NONE',  ( -0.000000000000000000, -0.000000000000000000, -1.000000000000000000 ) ) ;
#1062 = DIRECTION ( 'NONE',  ( -1.000000000000000000, 0.000000000000000000, 0.000000000000000000 ) ) ;
#1063 = AXIS2_PLACEMENT_3D ( 'NONE', #13, #622, #291 ) ;
#1064 = AXIS2_PLACEMENT_3D ( 'NONE', #1654, #270, #734 ) ;
#1065 = LINE ( 'NONE', #425, #1158 ) ;
#1066 = ORIENTED_EDGE ( 'NONE', *, *, #1306, .T. ) ;
#1067 = DIRECTION ( 'NONE',  ( 1.000000000000000000, 0.000000000000000000, 0.000000000000000000 ) ) ;
#1068 = ORIENTED_EDGE ( 'NONE', *, *, #663, .T. ) ;
#1069 = DIRECTION ( 'NONE',  ( 0.000000000000000000, 0.000000000000000000, -1.000000000000000000 ) ) ;
#1070 = CIRCLE ( 'NONE', #660, 1.549999999999999378 ) ;
#1071 = FACE_OUTER_BOUND ( 'NONE', #878, .T. ) ;
#1072 = LINE ( 'NONE', #775, #1096 ) ;
#1073 = EDGE_CURVE ( 'NONE', #34, #457, #225, .T. ) ;
#1074 = CARTESIAN_POINT ( 'NONE',  ( 5.445190528383280437, 14.48659999999999570, 18.00000000000000000 ) ) ;
#1075 = VERTEX_POINT ( 'NONE', #666 ) ;
#1076 = EDGE_LOOP ( 'NONE', ( #1699, #1477, #379, #762 ) ) ;
#1077 = ADVANCED_FACE ( 'NONE', ( #1296 ), #529, .F. ) ;
#1078 = CIRCLE ( 'NONE', #1951, 1.049999999999997158 ) ;
#1079 = ORIENTED_EDGE ( 'NONE', *, *, #786, .F. ) ;
#1080 = ORIENTED_EDGE ( 'NONE', *, *, #722, .F. ) ;
#1081 = CARTESIAN_POINT ( 'NONE',  ( 17.50000000000000000, -1.000000000000000000, -6.000000000000001776 ) ) ;
#1082 = DIRECTION ( 'NONE',  ( 0.000000000000000000, 0.000000000000000000, -1.000000000000000000 ) ) ;
#1083 = CARTESIAN_POINT ( 'NONE',  ( 25.00000000000000000, 33.00000000000003553, 19.00000000000000000 ) ) ;
#1084 = CARTESIAN_POINT ( 'NONE',  ( -23.00000000000000000, -1.000000000000000000, -9.000000000000000000 ) ) ;
#1085 = APPROVAL_PERSON_ORGANIZATION ( #289, #745, #1946 ) ;
#1086 = ORIENTED_EDGE ( 'NONE', *, *, #1201, .F. ) ;
#1087 = ORIENTED_EDGE ( 'NONE', *, *, #492, .T. ) ;
#1088 = ORIENTED_EDGE ( 'NONE', *, *, #1198, .F. ) ;
#1089 = VERTEX_POINT ( 'NONE', #1904 ) ;
#1090 = DIRECTION ( 'NONE',  ( 0.000000000000000000, -1.000000000000000000, -0.000000000000000000 ) ) ;
#1091 = CARTESIAN_POINT ( 'NONE',  ( 0.000000000000000000, -1.000000000000000000, 5.500000000000000000 ) ) ;
#1092 = AXIS2_PLACEMENT_3D ( 'NONE', #342, #1265, #20 ) ;
#1093 = CYLINDRICAL_SURFACE ( 'NONE', #938, 1.550000000000000933 ) ;
#1094 = EDGE_CURVE ( 'NONE', #532, #705, #1971, .T. ) ;
#1095 = DIRECTION ( 'NONE',  ( 0.000000000000000000, 0.000000000000000000, 1.000000000000000000 ) ) ;
#1096 = VECTOR ( 'NONE', #794, 1000.000000000000000 ) ;
#1097 = ORIENTED_EDGE ( 'NONE', *, *, #1264, .T. ) ;
#1098 = AXIS2_PLACEMENT_3D ( 'NONE', #886, #1185, #1487 ) ;
#1099 = ORIENTED_EDGE ( 'NONE', *, *, #1449, .T. ) ;
#1100 = VERTEX_POINT ( 'NONE', #819 ) ;
#1101 = DIRECTION ( 'NONE',  ( -1.000000000000000000, 0.000000000000000000, 0.000000000000000000 ) ) ;
#1102 = CARTESIAN_POINT ( 'NONE',  ( 25.00000000000000000, -1.000000000000000000, -9.000000000000000000 ) ) ;
#1103 = CARTESIAN_POINT ( 'NONE',  ( 25.00000000000000000, 2.000000000000005329, 11.73659999999999570 ) ) ;
#1104 = EDGE_CURVE ( 'NONE', #1698, #23, #1432, .T. ) ;
#1105 = DIRECTION ( 'NONE',  ( 0.000000000000000000, 0.000000000000000000, -1.000000000000000000 ) ) ;
#1106 = VERTEX_POINT ( 'NONE', #1124 ) ;
#1107 = ORIENTED_EDGE ( 'NONE', *, *, #847, .T. ) ;
#1108 = EDGE_CURVE ( 'NONE', #705, #532, #229, .T. ) ;
#1109 = EDGE_LOOP ( 'NONE', ( #1326, #246 ) ) ;
#1110 = DIRECTION ( 'NONE',  ( -0.000000000000000000, -0.000000000000000000, -1.000000000000000000 ) ) ;
#1111 = CARTESIAN_POINT ( 'NONE',  ( -25.00000000000000000, -1.000000000000000000, 9.263399999999998968 ) ) ;
#1112 = ADVANCED_FACE ( 'NONE', ( #357 ), #1307, .F. ) ;
#1113 = DIRECTION ( 'NONE',  ( -0.000000000000000000, -0.000000000000000000, -1.000000000000000000 ) ) ;
#1114 = EDGE_CURVE ( 'NONE', #1060, #228, #1587, .T. ) ;
#1115 = CARTESIAN_POINT ( 'NONE',  ( -25.00000000000000000, 3.000000000000027978, 19.00000000000000000 ) ) ;
#1116 = ORIENTED_EDGE ( 'NONE', *, *, #1828, .T. ) ;
#1117 = EDGE_CURVE ( 'NONE', #1967, #1199, #778, .T. ) ;
#1118 = EDGE_LOOP ( 'NONE', ( #1245, #313, #465, #1254 ) ) ;
#1119 = AXIS2_PLACEMENT_3D ( 'NONE', #1912, #1423, #1594 ) ;
#1120 = AXIS2_PLACEMENT_3D ( 'NONE', #235, #1297, #351 ) ;
#1121 = DIRECTION ( 'NONE',  ( 0.000000000000000000, 0.000000000000000000, -1.000000000000000000 ) ) ;
#1122 = DIRECTION ( 'NONE',  ( -0.000000000000000000, -0.000000000000000000, -1.000000000000000000 ) ) ;
#1123 = EDGE_CURVE ( 'NONE', #1089, #228, #587, .T. ) ;
#1124 = CARTESIAN_POINT ( 'NONE',  ( 7.545190528383289852, 21.98659999999999570, 19.00000000000000000 ) ) ;
#1125 = DIRECTION ( 'NONE',  ( -0.000000000000000000, 0.000000000000000000, 1.000000000000000000 ) ) ;
#1126 = CIRCLE ( 'NONE', #1800, 1.600000000000001643 ) ;
#1127 = DIRECTION ( 'NONE',  ( -1.000000000000000000, 0.000000000000000000, 0.000000000000000000 ) ) ;
#1128 = ORIENTED_EDGE ( 'NONE', *, *, #970, .F. ) ;
#1129 = DIRECTION ( 'NONE',  ( -1.000000000000000000, 0.000000000000000000, 0.000000000000000000 ) ) ;
#1130 = DIRECTION ( 'NONE',  ( -1.000000000000000000, 0.000000000000000000, 0.000000000000000000 ) ) ;
#1131 = DIRECTION ( 'NONE',  ( -1.000000000000000000, 0.000000000000000000, 0.000000000000000000 ) ) ;
#1132 = CYLINDRICAL_SURFACE ( 'NONE', #986, 1.049999999999998268 ) ;
#1133 = LINE ( 'NONE', #1750, #46 ) ;
#1134 = LINE ( 'NONE', #864, #1684 ) ;
#1135 = EDGE_LOOP ( 'NONE', ( #112, #1437, #263, #1852 ) ) ;
#1136 = EDGE_CURVE ( 'NONE', #1630, #1572, #1807, .T. ) ;
#1137 = EDGE_CURVE ( 'NONE', #203, #1397, #701, .T. ) ;
#1138 = DIRECTION ( 'NONE',  ( 0.000000000000000000, 0.000000000000000000, 1.000000000000000000 ) ) ;
#1139 = CARTESIAN_POINT ( 'NONE',  ( -25.00000000000000000, 1.263400000000005630, 11.73659999999999748 ) ) ;
#1140 = FACE_OUTER_BOUND ( 'NONE', #390, .T. ) ;
#1141 = LINE ( 'NONE', #991, #1323 ) ;
#1142 = EDGE_LOOP ( 'NONE', ( #769, #544, #335, #1882 ) ) ;
#1143 = CARTESIAN_POINT ( 'NONE',  ( -3.583732914216866842E-15, 10.73659999999999926, 19.99999999999999645 ) ) ;
#1144 = ORIENTED_EDGE ( 'NONE', *, *, #1530, .T. ) ;
#1145 = VECTOR ( 'NONE', #1200, 1000.000000000000000 ) ;
#1146 = AXIS2_PLACEMENT_3D ( 'NONE', #1873, #922, #1368 ) ;
#1147 = CIRCLE ( 'NONE', #860, 1.736600000000004806 ) ;
#1148 = CARTESIAN_POINT ( 'NONE',  ( -13.05000000000000071, 29.73659999999999215, 18.00000000000000000 ) ) ;
#1149 = PLANE ( 'NONE',  #1372 ) ;
#1150 = FACE_OUTER_BOUND ( 'NONE', #1031, .T. ) ;
#1151 = VERTEX_POINT ( 'NONE', #1932 ) ;
#1152 = EDGE_LOOP ( 'NONE', ( #162, #1686, #1329, #459 ) ) ;
#1153 = DIRECTION ( 'NONE',  ( -1.000000000000000000, 0.000000000000000000, 0.000000000000000000 ) ) ;
#1154 = DESIGN_CONTEXT ( 'detailed design', #1294, 'design' ) ;
#1155 = EDGE_LOOP ( 'NONE', ( #1926, #1360 ) ) ;
#1156 = AXIS2_PLACEMENT_3D ( 'NONE', #1981, #447, #1206 ) ;
#1157 = CYLINDRICAL_SURFACE ( 'NONE', #1064, 1.049999999999997158 ) ;
#1158 = VECTOR ( 'NONE', #1036, 1000.000000000000000 ) ;
#1159 = CARTESIAN_POINT ( 'NONE',  ( -7.545190528383294293, 14.48659999999999926, 19.99999999999999645 ) ) ;
#1160 = DIRECTION ( 'NONE',  ( 0.000000000000000000, 0.000000000000000000, 1.000000000000000000 ) ) ;
#1161 = CIRCLE ( 'NONE', #1192, 2.000000000000000000 ) ;
#1162 = EDGE_LOOP ( 'NONE', ( #1948, #848, #573, #604 ) ) ;
#1163 = EDGE_CURVE ( 'NONE', #561, #1190, #839, .T. ) ;
#1164 = EDGE_LOOP ( 'NONE', ( #202, #1835 ) ) ;
#1165 = FACE_OUTER_BOUND ( 'NONE', #1135, .T. ) ;
#1166 = CARTESIAN_POINT ( 'NONE',  ( -25.00000000000000000, -1.000000000000000000, -9.000000000000000000 ) ) ;
#1167 = CARTESIAN_POINT ( 'NONE',  ( 9.950000000000002842, 29.73659999999999215, 19.00000000000000000 ) ) ;
#1168 = CARTESIAN_POINT ( 'NONE',  ( 17.50000000000000000, -1.000000000000000000, -6.000000000000001776 ) ) ;
#1169 = EDGE_CURVE ( 'NONE', #80, #1965, #1287, .T. ) ;
#1170 = EDGE_LOOP ( 'NONE', ( #1257, #399 ) ) ;
#1171 = ORIENTED_EDGE ( 'NONE', *, *, #603, .F. ) ;
#1172 = CYLINDRICAL_SURFACE ( 'NONE', #1356, 1.049999999999998934 ) ;
#1173 = EDGE_CURVE ( 'NONE', #210, #1397, #838, .T. ) ;
#1174 = DIRECTION ( 'NONE',  ( -0.000000000000000000, -0.000000000000000000, -1.000000000000000000 ) ) ;
#1175 = VERTEX_POINT ( 'NONE', #969 ) ;
#1176 = DIRECTION ( 'NONE',  ( 0.000000000000000000, 0.000000000000000000, 1.000000000000000000 ) ) ;
#1177 = DIRECTION ( 'NONE',  ( 0.000000000000000000, 1.000000000000000000, 0.000000000000000000 ) ) ;
#1178 = EDGE_CURVE ( 'NONE', #86, #541, #382, .T. ) ;
#1179 = VERTEX_POINT ( 'NONE', #64 ) ;
#1180 = DIRECTION ( 'NONE',  ( -0.000000000000000000, 1.000000000000000000, -0.000000000000000000 ) ) ;
#1181 = ORIENTED_EDGE ( 'NONE', *, *, #1178, .F. ) ;
#1182 = CARTESIAN_POINT ( 'NONE',  ( -6.495190528383297135, 14.48659999999999926, 18.00000000000000000 ) ) ;
#1183 = VECTOR ( 'NONE', #290, 1000.000000000000000 ) ;
#1184 = AXIS2_PLACEMENT_3D ( 'NONE', #812, #1732, #11 ) ;
#1185 = DIRECTION ( 'NONE',  ( -0.000000000000000000, -0.000000000000000000, -1.000000000000000000 ) ) ;
#1186 = VECTOR ( 'NONE', #635, 1000.000000000000000 ) ;
#1187 = VERTEX_POINT ( 'NONE', #1111 ) ;
#1188 = DIRECTION ( 'NONE',  ( 0.000000000000000000, 0.000000000000000000, -1.000000000000000000 ) ) ;
#1189 = VECTOR ( 'NONE', #384, 1000.000000000000000 ) ;
#1190 = VERTEX_POINT ( 'NONE', #665 ) ;
#1191 = PERSON_AND_ORGANIZATION_ROLE ( 'classification_officer' ) ;
#1192 = AXIS2_PLACEMENT_3D ( 'NONE', #590, #285, #1197 ) ;
#1193 = EDGE_CURVE ( 'NONE', #457, #890, #260, .T. ) ;
#1194 = DIRECTION ( 'NONE',  ( -1.000000000000000000, 0.000000000000000000, 0.000000000000000000 ) ) ;
#1195 = FACE_BOUND ( 'NONE', #949, .T. ) ;
#1196 = EDGE_CURVE ( 'NONE', #1175, #1376, #535, .T. ) ;
#1197 = DIRECTION ( 'NONE',  ( 0.000000000000000000, 0.000000000000000000, 1.000000000000000000 ) ) ;
#1198 = EDGE_CURVE ( 'NONE', #80, #1151, #76, .T. ) ;
#1199 = VERTEX_POINT ( 'NONE', #1148 ) ;
#1200 = DIRECTION ( 'NONE',  ( -1.000000000000000000, -0.000000000000000000, -0.000000000000000000 ) ) ;
#1201 = EDGE_CURVE ( 'NONE', #1038, #210, #681, .T. ) ;
#1202 = VERTEX_POINT ( 'NONE', #656 ) ;
#1203 = LINE ( 'NONE', #574, #1429 ) ;
#1204 = DIRECTION ( 'NONE',  ( -1.000000000000000000, -0.000000000000000000, -0.000000000000000000 ) ) ;
#1205 = ORIENTED_EDGE ( 'NONE', *, *, #1856, .T. ) ;
#1206 = DIRECTION ( 'NONE',  ( 0.000000000000000000, 0.000000000000000000, 1.000000000000000000 ) ) ;
#1207 = EDGE_LOOP ( 'NONE', ( #1407, #1309, #500, #1924 ) ) ;
#1208 = CARTESIAN_POINT ( 'NONE',  ( -25.00000000000000000, 33.00000000000003553, 19.00000000000000000 ) ) ;
#1209 = CARTESIAN_POINT ( 'NONE',  ( 25.00000000000000000, 33.00000000000003553, 19.00000000000000000 ) ) ;
#1210 = AXIS2_PLACEMENT_3D ( 'NONE', #230, #60, #1456 ) ;
#1211 = ORIENTED_EDGE ( 'NONE', *, *, #1137, .F. ) ;
#1212 = DIRECTION ( 'NONE',  ( 1.000000000000000000, 0.000000000000000000, 0.000000000000000000 ) ) ;
#1213 = AXIS2_PLACEMENT_3D ( 'NONE', #968, #1574, #1729 ) ;
#1214 = AXIS2_PLACEMENT_3D ( 'NONE', #990, #503, #513 ) ;
#1215 = CARTESIAN_POINT ( 'NONE',  ( -25.00000000000000000, 3.000000000000027978, 18.00000000000000000 ) ) ;
#1216 = DIRECTION ( 'NONE',  ( -0.000000000000000000, 1.000000000000000000, -0.000000000000000000 ) ) ;
#1217 = DIRECTION ( 'NONE',  ( -1.000000000000000000, 0.000000000000000000, 0.000000000000000000 ) ) ;
#1218 = ORIENTED_EDGE ( 'NONE', *, *, #1169, .T. ) ;
#1219 = DIRECTION ( 'NONE',  ( 0.000000000000000000, 1.000000000000000000, -0.000000000000000000 ) ) ;
#1220 = EDGE_CURVE ( 'NONE', #1581, #1075, #1848, .T. ) ;
#1221 = DIRECTION ( 'NONE',  ( 0.000000000000000000, 0.000000000000000000, -1.000000000000000000 ) ) ;
#1222 = FACE_OUTER_BOUND ( 'NONE', #1648, .T. ) ;
#1223 = DIRECTION ( 'NONE',  ( 0.000000000000000000, 0.000000000000000000, -1.000000000000000000 ) ) ;
#1224 = CC_DESIGN_DATE_AND_TIME_ASSIGNMENT ( #1782, #552, ( #377 ) ) ;
#1225 = AXIS2_PLACEMENT_3D ( 'NONE', #1540, #768, #1685 ) ;
#1226 = AXIS2_PLACEMENT_3D ( 'NONE', #1730, #987, #836 ) ;
#1227 = FACE_OUTER_BOUND ( 'NONE', #239, .T. ) ;
#1228 = CARTESIAN_POINT ( 'NONE',  ( 23.00000000000000000, 33.00000000000003553, 19.00000000000000000 ) ) ;
#1229 = ORIENTED_EDGE ( 'NONE', *, *, #624, .F. ) ;
#1230 = PLANE ( 'NONE',  #509 ) ;
#1231 = CARTESIAN_POINT ( 'NONE',  ( -23.00000000000000000, -1.000000000000000000, -11.00000000000000000 ) ) ;
#1232 = DIRECTION ( 'NONE',  ( 0.000000000000000000, -1.000000000000000000, 4.710082747696980251E-15 ) ) ;
#1233 = CARTESIAN_POINT ( 'NONE',  ( 25.00000000000000000, 3.736600000000024124, 18.00000000000000000 ) ) ;
#1234 = ORIENTED_EDGE ( 'NONE', *, *, #904, .F. ) ;
#1235 = EDGE_LOOP ( 'NONE', ( #1010, #1033, #98, #489 ) ) ;
#1236 = VERTEX_POINT ( 'NONE', #508 ) ;
#1237 = ORIENTED_EDGE ( 'NONE', *, *, #1173, .T. ) ;
#1238 = DIRECTION ( 'NONE',  ( -1.000000000000000000, 0.000000000000000000, 0.000000000000000000 ) ) ;
#1239 = ADVANCED_FACE ( 'NONE', ( #979 ), #1269, .F. ) ;
#1240 = CARTESIAN_POINT ( 'NONE',  ( -17.50000000000000000, -1.000000000000000000, -6.000000000000001776 ) ) ;
#1241 = CARTESIAN_POINT ( 'NONE',  ( -25.00000000000000000, 3.000000000000019984, 17.26339999999999719 ) ) ;
#1242 = CARTESIAN_POINT ( 'NONE',  ( 6.495190528383279371, 14.48659999999999570, 19.00000000000000000 ) ) ;
#1243 = CIRCLE ( 'NONE', #1335, 1.049999999999998268 ) ;
#1244 = ORIENTED_EDGE ( 'NONE', *, *, #1104, .F. ) ;
#1245 = ORIENTED_EDGE ( 'NONE', *, *, #1253, .F. ) ;
#1246 = EDGE_LOOP ( 'NONE', ( #2, #1447, #1234, #625, #105, #996 ) ) ;
#1247 = CARTESIAN_POINT ( 'NONE',  ( -17.50000000000000000, -1.000000000000000000, -7.600000000000003197 ) ) ;
#1248 = CARTESIAN_POINT ( 'NONE',  ( 7.545190528383289852, 21.98659999999999570, 18.00000000000000000 ) ) ;
#1249 = VECTOR ( 'NONE', #1596, 1000.000000000000000 ) ;
#1250 = CARTESIAN_POINT ( 'NONE',  ( -23.00000000000000000, -1.000000000000000000, -11.00000000000000000 ) ) ;
#1251 = CARTESIAN_POINT ( 'NONE',  ( -25.00000000000000000, 3.736600000000024124, 17.26339999999999364 ) ) ;
#1252 = CIRCLE ( 'NONE', #1773, 6.049999999999999822 ) ;
#1253 = EDGE_CURVE ( 'NONE', #1106, #314, #231, .T. ) ;
#1254 = ORIENTED_EDGE ( 'NONE', *, *, #752, .F. ) ;
#1255 = AXIS2_PLACEMENT_3D ( 'NONE', #897, #623, #1217 ) ;
#1256 = ORIENTED_EDGE ( 'NONE', *, *, #42, .F. ) ;
#1257 = ORIENTED_EDGE ( 'NONE', *, *, #693, .F. ) ;
#1258 = LINE ( 'NONE', #759, #442 ) ;
#1259 = DIRECTION ( 'NONE',  ( 0.000000000000000000, 0.000000000000000000, 1.000000000000000000 ) ) ;
#1260 = EDGE_CURVE ( 'NONE', #1705, #957, #201, .T. ) ;
#1261 = VECTOR ( 'NONE', #833, 1000.000000000000000 ) ;
#1262 = FACE_BOUND ( 'NONE', #1872, .T. ) ;
#1263 = ADVANCED_FACE ( 'NONE', ( #48 ), #56, .F. ) ;
#1264 = EDGE_CURVE ( 'NONE', #950, #1980, #349, .T. ) ;
#1265 = DIRECTION ( 'NONE',  ( 0.000000000000000000, 0.000000000000000000, -1.000000000000000000 ) ) ;
#1266 = EDGE_LOOP ( 'NONE', ( #1496, #1527, #1420, #1552 ) ) ;
#1267 = VERTEX_POINT ( 'NONE', #527 ) ;
#1268 = FACE_OUTER_BOUND ( 'NONE', #1207, .T. ) ;
#1269 = CYLINDRICAL_SURFACE ( 'NONE', #524, 1.549999999999999378 ) ;
#1270 = CARTESIAN_POINT ( 'NONE',  ( -9.950000000000002842, 6.736599999999997479, 19.99999999999999645 ) ) ;
#1271 = FACE_BOUND ( 'NONE', #1489, .T. ) ;
#1272 = DIRECTION ( 'NONE',  ( 0.000000000000000000, 1.000000000000000000, 0.000000000000000000 ) ) ;
#1273 = ORIENTED_EDGE ( 'NONE', *, *, #1579, .T. ) ;
#1274 = CARTESIAN_POINT ( 'NONE',  ( 25.00000000000000000, 0.000000000000000000, -11.00000000000000000 ) ) ;
#1275 = CARTESIAN_POINT ( 'NONE',  ( 5.445190528383280437, 14.48659999999999570, 19.99999999999999645 ) ) ;
#1276 = ADVANCED_FACE ( 'NONE', ( #1431 ), #1586, .T. ) ;
#1277 = LINE ( 'NONE', #1748, #766 ) ;
#1278 = PLANE ( 'NONE',  #643 ) ;
#1279 = AXIS2_PLACEMENT_3D ( 'NONE', #903, #434, #1062 ) ;
#1280 = DIRECTION ( 'NONE',  ( -1.000000000000000000, 0.000000000000000000, 0.000000000000000000 ) ) ;
#1281 = EDGE_CURVE ( 'NONE', #80, #222, #672, .T. ) ;
#1282 = ADVANCED_FACE ( 'NONE', ( #1614 ), #223, .F. ) ;
#1283 = DIRECTION ( 'NONE',  ( -0.000000000000000000, -0.000000000000000000, -1.000000000000000000 ) ) ;
#1284 = CIRCLE ( 'NONE', #421, 1.600000000000001643 ) ;
#1285 = VERTEX_POINT ( 'NONE', #1635 ) ;
#1286 = AXIS2_PLACEMENT_3D ( 'NONE', #36, #213, #1130 ) ;
#1287 = LINE ( 'NONE', #1593, #1716 ) ;
#1288 = DIRECTION ( 'NONE',  ( -1.000000000000000000, 0.000000000000000000, 0.000000000000000000 ) ) ;
#1289 = CARTESIAN_POINT ( 'NONE',  ( 9.950000000000002842, 29.73659999999999215, 19.99999999999999645 ) ) ;
#1290 = CARTESIAN_POINT ( 'NONE',  ( -6.495190528383297135, 14.48659999999999926, 19.00000000000000000 ) ) ;
#1291 = EDGE_LOOP ( 'NONE', ( #1244, #1915, #1097, #16 ) ) ;
#1292 = DIRECTION ( 'NONE',  ( -1.000000000000000000, 0.000000000000000000, 0.000000000000000000 ) ) ;
#1293 = ORIENTED_EDGE ( 'NONE', *, *, #1114, .T. ) ;
#1294 = APPLICATION_CONTEXT ( 'configuration controlled 3d designs of mechanical parts and assemblies' ) ;
#1295 = DIRECTION ( 'NONE',  ( -0.000000000000000000, -0.000000000000000000, 1.000000000000000000 ) ) ;
#1296 = FACE_OUTER_BOUND ( 'NONE', #1463, .T. ) ;
#1297 = DIRECTION ( 'NONE',  ( 0.000000000000000000, 0.000000000000000000, -1.000000000000000000 ) ) ;
#1298 = ORIENTED_EDGE ( 'NONE', *, *, #472, .F. ) ;
#1299 = VERTEX_POINT ( 'NONE', #1045 ) ;
#1300 = CARTESIAN_POINT ( 'NONE',  ( 25.00000000000000000, 0.7365999999999970349, 9.263399999999998968 ) ) ;
#1301 = ORIENTED_EDGE ( 'NONE', *, *, #1173, .F. ) ;
#1302 = VECTOR ( 'NONE', #1760, 1000.000000000000000 ) ;
#1303 = AXIS2_PLACEMENT_3D ( 'NONE', #1787, #103, #406 ) ;
#1304 = LOCAL_TIME ( 15, 32, 31.00000000000000000, #276 ) ;
#1305 = CARTESIAN_POINT ( 'NONE',  ( 25.00000000000000000, 2.000000000000006217, 11.73659999999999570 ) ) ;
#1306 = EDGE_CURVE ( 'NONE', #1721, #1764, #1681, .T. ) ;
#1307 = CYLINDRICAL_SURFACE ( 'NONE', #683, 0.7366000000000004766 ) ;
#1308 = CYLINDRICAL_SURFACE ( 'NONE', #250, 1.600000000000001643 ) ;
#1309 = ORIENTED_EDGE ( 'NONE', *, *, #1343, .T. ) ;
#1310 = APPROVAL_DATE_TIME ( #872, #808 ) ;
#1311 = EDGE_LOOP ( 'NONE', ( #171, #179 ) ) ;
#1312 = FACE_OUTER_BOUND ( 'NONE', #1152, .T. ) ;
#1313 = AXIS2_PLACEMENT_3D ( 'NONE', #1833, #616, #914 ) ;
#1314 = ADVANCED_FACE ( 'NONE', ( #119 ), #1626, .F. ) ;
#1315 = CARTESIAN_POINT ( 'NONE',  ( -6.495190528383293582, 21.98660000000000281, 19.00000000000000000 ) ) ;
#1316 = FACE_BOUND ( 'NONE', #1311, .T. ) ;
#1317 = CARTESIAN_POINT ( 'NONE',  ( 17.50000000000000000, 0.000000000000000000, -6.000000000000001776 ) ) ;
#1318 = VECTOR ( 'NONE', #1604, 1000.000000000000000 ) ;
#1319 = VERTEX_POINT ( 'NONE', #262 ) ;
#1320 = ADVANCED_FACE ( 'NONE', ( #1662 ), #1157, .F. ) ;
#1321 = ORIENTED_EDGE ( 'NONE', *, *, #258, .F. ) ;
#1322 = DIRECTION ( 'NONE',  ( -0.000000000000000000, -0.000000000000000000, -1.000000000000000000 ) ) ;
#1323 = VECTOR ( 'NONE', #227, 1000.000000000000000 ) ;
#1324 = ADVANCED_FACE ( 'NONE', ( #877 ), #1459, .F. ) ;
#1325 = CARTESIAN_POINT ( 'NONE',  ( 17.50000000000000000, 0.000000000000000000, -7.600000000000004086 ) ) ;
#1326 = ORIENTED_EDGE ( 'NONE', *, *, #1539, .T. ) ;
#1327 = CARTESIAN_POINT ( 'NONE',  ( -3.064899051290099120E-15, 18.23659999999999926, 19.99999999999999645 ) ) ;
#1328 = CARTESIAN_POINT ( 'NONE',  ( 6.049999999999996270, 18.23659999999999926, 19.00000000000000000 ) ) ;
#1329 = ORIENTED_EDGE ( 'NONE', *, *, #101, .F. ) ;
#1330 = APPROVAL_DATE_TIME ( #420, #1886 ) ;
#1331 = AXIS2_PLACEMENT_3D ( 'NONE', #753, #278, #1989 ) ;
#1332 = ORIENTED_EDGE ( 'NONE', *, *, #300, .F. ) ;
#1333 = CARTESIAN_POINT ( 'NONE',  ( -17.50000000000000000, -1.000000000000000000, -6.000000000000001776 ) ) ;
#1334 = CARTESIAN_POINT ( 'NONE',  ( -9.950000000000002842, 29.73659999999999215, 19.99999999999999645 ) ) ;
#1335 = AXIS2_PLACEMENT_3D ( 'NONE', #1525, #1853, #1994 ) ;
#1336 = ORIENTED_EDGE ( 'NONE', *, *, #431, .T. ) ;
#1337 = DIRECTION ( 'NONE',  ( 0.000000000000000000, 0.000000000000000000, -1.000000000000000000 ) ) ;
#1338 = CIRCLE ( 'NONE', #28, 1.600000000000001643 ) ;
#1339 = ORIENTED_EDGE ( 'NONE', *, *, #1919, .F. ) ;
#1340 = COORDINATED_UNIVERSAL_TIME_OFFSET ( 8, 0, .AHEAD. ) ;
#1341 = EDGE_LOOP ( 'NONE', ( #144, #244 ) ) ;
#1342 = LINE ( 'NONE', #606, #1183 ) ;
#1343 = EDGE_CURVE ( 'NONE', #1179, #1967, #1972, .T. ) ;
#1344 = CIRCLE ( 'NONE', #581, 2.000000000000000000 ) ;
#1345 = DIRECTION ( 'NONE',  ( -1.000000000000000000, 0.000000000000000000, 0.000000000000000000 ) ) ;
#1346 = ADVANCED_FACE ( 'NONE', ( #251 ), #577, .F. ) ;
#1347 = DIRECTION ( 'NONE',  ( 1.000000000000000000, 0.000000000000000000, 0.000000000000000000 ) ) ;
#1348 = VECTOR ( 'NONE', #1232, 1000.000000000000000 ) ;
#1349 = VERTEX_POINT ( 'NONE', #546 ) ;
#1350 = LINE ( 'NONE', #1039, #537 ) ;
#1351 = VECTOR ( 'NONE', #1575, 1000.000000000000000 ) ;
#1352 = VERTEX_POINT ( 'NONE', #109 ) ;
#1353 = LINE ( 'NONE', #881, #894 ) ;
#1354 = AXIS2_PLACEMENT_3D ( 'NONE', #1439, #1911, #356 ) ;
#1355 = FACE_OUTER_BOUND ( 'NONE', #642, .T. ) ;
#1356 = AXIS2_PLACEMENT_3D ( 'NONE', #1936, #1283, #525 ) ;
#1357 = ORIENTED_EDGE ( 'NONE', *, *, #637, .F. ) ;
#1358 = ORIENTED_EDGE ( 'NONE', *, *, #1094, .T. ) ;
#1359 = DIRECTION ( 'NONE',  ( -1.000000000000000000, 0.000000000000000000, 0.000000000000000000 ) ) ;
#1360 = ORIENTED_EDGE ( 'NONE', *, *, #1117, .F. ) ;
#1361 = CARTESIAN_POINT ( 'NONE',  ( -25.00000000000000000, 1.263400000000005630, 11.73659999999999748 ) ) ;
#1362 = ORIENTED_EDGE ( 'NONE', *, *, #865, .F. ) ;
#1363 = LINE ( 'NONE', #895, #821 ) ;
#1364 = CARTESIAN_POINT ( 'NONE',  ( 25.00000000000000000, 33.00000000000003553, 18.00000000000000000 ) ) ;
#1365 = ORIENTED_EDGE ( 'NONE', *, *, #1390, .F. ) ;
#1366 = DIRECTION ( 'NONE',  ( 0.000000000000000000, 0.000000000000000000, -1.000000000000000000 ) ) ;
#1367 = ORIENTED_EDGE ( 'NONE', *, *, #637, .T. ) ;
#1368 = DIRECTION ( 'NONE',  ( -1.000000000000000000, 0.000000000000000000, 0.000000000000000000 ) ) ;
#1369 = DIRECTION ( 'NONE',  ( -1.000000000000000000, 0.000000000000000000, 0.000000000000000000 ) ) ;
#1370 = ORIENTED_EDGE ( 'NONE', *, *, #900, .T. ) ;
#1371 = DIRECTION ( 'NONE',  ( -0.000000000000000000, -0.000000000000000000, 1.000000000000000000 ) ) ;
#1372 = AXIS2_PLACEMENT_3D ( 'NONE', #521, #1007, #1452 ) ;
#1373 = AXIS2_PLACEMENT_3D ( 'NONE', #548, #1177, #1008 ) ;
#1374 = DIRECTION ( 'NONE',  ( -1.000000000000000000, 0.000000000000000000, 0.000000000000000000 ) ) ;
#1375 = DIRECTION ( 'NONE',  ( 0.000000000000000000, 0.000000000000000000, -1.000000000000000000 ) ) ;
#1376 = VERTEX_POINT ( 'NONE', #1325 ) ;
#1377 = VECTOR ( 'NONE', #157, 1000.000000000000000 ) ;
#1378 = DIRECTION ( 'NONE',  ( -1.000000000000000000, 0.000000000000000000, 0.000000000000000000 ) ) ;
#1379 = EDGE_CURVE ( 'NONE', #697, #1796, #1026, .T. ) ;
#1380 = EDGE_LOOP ( 'NONE', ( #499, #1781, #826, #723 ) ) ;
#1381 = LINE ( 'NONE', #182, #185 ) ;
#1382 = CYLINDRICAL_SURFACE ( 'NONE', #1937, 1.049999999999998934 ) ;
#1383 = DIRECTION ( 'NONE',  ( -0.000000000000000000, -0.000000000000000000, -1.000000000000000000 ) ) ;
#1384 = AXIS2_PLACEMENT_3D ( 'NONE', #519, #1295, #1920 ) ;
#1385 = DIRECTION ( 'NONE',  ( 0.000000000000000000, 0.000000000000000000, -1.000000000000000000 ) ) ;
#1386 = AXIS2_PLACEMENT_3D ( 'NONE', #131, #1067, #1687 ) ;
#1387 = DIRECTION ( 'NONE',  ( 0.000000000000000000, 0.000000000000000000, -1.000000000000000000 ) ) ;
#1388 = ORIENTED_EDGE ( 'NONE', *, *, #108, .T. ) ;
#1389 = ORIENTED_EDGE ( 'NONE', *, *, #844, .T. ) ;
#1390 = EDGE_CURVE ( 'NONE', #1553, #1758, #715, .T. ) ;
#1391 = ORIENTED_EDGE ( 'NONE', *, *, #130, .F. ) ;
#1392 = CYLINDRICAL_SURFACE ( 'NONE', #959, 1.736600000000004806 ) ;
#1393 = CARTESIAN_POINT ( 'NONE',  ( 25.00000000000000000, -1.000000000000003553, 9.263399999999998968 ) ) ;
#1394 = DIRECTION ( 'NONE',  ( 0.000000000000000000, 0.000000000000000000, 1.000000000000000000 ) ) ;
#1395 = DIRECTION ( 'NONE',  ( 0.000000000000000000, 1.000000000000000000, -0.000000000000000000 ) ) ;
#1396 = VERTEX_POINT ( 'NONE', #1808 ) ;
#1397 = VERTEX_POINT ( 'NONE', #427 ) ;
#1398 = VERTEX_POINT ( 'NONE', #1037 ) ;
#1399 = ORIENTED_EDGE ( 'NONE', *, *, #908, .F. ) ;
#1400 = DIRECTION ( 'NONE',  ( -1.000000000000000000, 0.000000000000000000, 0.000000000000000000 ) ) ;
#1401 = DIRECTION ( 'NONE',  ( 0.000000000000000000, 0.000000000000000000, -1.000000000000000000 ) ) ;
#1402 = EDGE_CURVE ( 'NONE', #712, #486, #1161, .T. ) ;
#1403 = CYLINDRICAL_SURFACE ( 'NONE', #680, 1.736599999999999699 ) ;
#1404 = AXIS2_PLACEMENT_3D ( 'NONE', #430, #1047, #709 ) ;
#1405 = FACE_OUTER_BOUND ( 'NONE', #1020, .T. ) ;
#1406 = AXIS2_PLACEMENT_3D ( 'NONE', #792, #1110, #1400 ) ;
#1407 = ORIENTED_EDGE ( 'NONE', *, *, #613, .F. ) ;
#1408 = EDGE_CURVE ( 'NONE', #1202, #600, #1582, .T. ) ;
#1409 = ORIENTED_EDGE ( 'NONE', *, *, #1982, .F. ) ;
#1410 = ADVANCED_FACE ( 'NONE', ( #241 ), #566, .F. ) ;
#1411 = VERTEX_POINT ( 'NONE', #1305 ) ;
#1412 = FACE_OUTER_BOUND ( 'NONE', #717, .T. ) ;
#1413 = DIRECTION ( 'NONE',  ( 0.000000000000000000, 0.000000000000000000, -1.000000000000000000 ) ) ;
#1414 = DIRECTION ( 'NONE',  ( 0.000000000000000000, 1.000000000000000000, 0.000000000000000000 ) ) ;
#1415 = CARTESIAN_POINT ( 'NONE',  ( 25.00000000000000000, 0.7365999999999970349, 10.00000000000000000 ) ) ;
#1416 = CIRCLE ( 'NONE', #1644, 1.049999999999998046 ) ;
#1417 = CIRCLE ( 'NONE', #1063, 0.7366000000000004766 ) ;
#1418 = ORIENTED_EDGE ( 'NONE', *, *, #1985, .F. ) ;
#1419 = AXIS2_PLACEMENT_3D ( 'NONE', #1646, #1472, #92 ) ;
#1420 = ORIENTED_EDGE ( 'NONE', *, *, #511, .T. ) ;
#1421 = DIRECTION ( 'NONE',  ( -0.000000000000000000, -0.000000000000000000, -1.000000000000000000 ) ) ;
#1422 = CARTESIAN_POINT ( 'NONE',  ( 25.00000000000000000, 35.00000000000003553, 19.00000000000000000 ) ) ;
#1423 = DIRECTION ( 'NONE',  ( 0.000000000000000000, 0.000000000000000000, -1.000000000000000000 ) ) ;
#1424 = VECTOR ( 'NONE', #1907, 1000.000000000000000 ) ;
#1425 = FACE_BOUND ( 'NONE', #1502, .T. ) ;
#1426 = LINE ( 'NONE', #1233, #1706 ) ;
#1427 = VERTEX_POINT ( 'NONE', #405 ) ;
#1428 = EDGE_CURVE ( 'NONE', #930, #1721, #394, .T. ) ;
#1429 = VECTOR ( 'NONE', #1652, 1000.000000000000000 ) ;
#1430 = FACE_OUTER_BOUND ( 'NONE', #1727, .T. ) ;
#1431 = FACE_OUTER_BOUND ( 'NONE', #729, .T. ) ;
#1432 = LINE ( 'NONE', #1270, #165 ) ;
#1433 = FACE_BOUND ( 'NONE', #106, .T. ) ;
#1434 = EDGE_CURVE ( 'NONE', #1880, #1398, #1878, .T. ) ;
#1435 = CARTESIAN_POINT ( 'NONE',  ( 25.00000000000000000, 0.000000000000000000, -9.000000000000000000 ) ) ;
#1436 = CARTESIAN_POINT ( 'NONE',  ( 25.00000000000000000, 3.736600000000024124, 18.00000000000000000 ) ) ;
#1437 = ORIENTED_EDGE ( 'NONE', *, *, #786, .T. ) ;
#1438 = CARTESIAN_POINT ( 'NONE',  ( -13.05000000000000071, 6.736599999999997479, 19.00000000000000000 ) ) ;
#1439 = CARTESIAN_POINT ( 'NONE',  ( -3.583732914216866842E-15, 25.73659999999999926, 19.00000000000000000 ) ) ;
#1440 = CARTESIAN_POINT ( 'NONE',  ( 9.950000000000002842, 6.736599999999997479, 19.99999999999999645 ) ) ;
#1441 = PLANE ( 'NONE',  #1832 ) ;
#1442 = DIRECTION ( 'NONE',  ( -0.000000000000000000, -0.000000000000000000, -1.000000000000000000 ) ) ;
#1443 = CIRCLE ( 'NONE', #650, 0.7366000000000039183 ) ;
#1444 = ORIENTED_EDGE ( 'NONE', *, *, #735, .F. ) ;
#1445 = DIRECTION ( 'NONE',  ( -0.000000000000000000, -0.000000000000000000, -1.000000000000000000 ) ) ;
#1446 = VECTOR ( 'NONE', #1548, 1000.000000000000000 ) ;
#1447 = ORIENTED_EDGE ( 'NONE', *, *, #1402, .T. ) ;
#1448 = AXIS2_PLACEMENT_3D ( 'NONE', #998, #234, #65 ) ;
#1449 = EDGE_CURVE ( 'NONE', #1705, #782, #1479, .T. ) ;
#1450 = AXIS2_PLACEMENT_3D ( 'NONE', #599, #150, #770 ) ;
#1451 = CARTESIAN_POINT ( 'NONE',  ( 17.50000000000000000, -1.000000000000000000, -7.600000000000003197 ) ) ;
#1452 = DIRECTION ( 'NONE',  ( 0.000000000000000000, 0.000000000000000000, -1.000000000000000000 ) ) ;
#1453 = FACE_BOUND ( 'NONE', #82, .T. ) ;
#1454 = CARTESIAN_POINT ( 'NONE',  ( -11.50000000000000178, 6.736599999999997479, 19.00000000000000000 ) ) ;
#1455 = ORIENTED_EDGE ( 'NONE', *, *, #845, .T. ) ;
#1456 = DIRECTION ( 'NONE',  ( 0.000000000000000000, -0.000000000000000000, -1.000000000000000000 ) ) ;
#1457 = ORIENTED_EDGE ( 'NONE', *, *, #484, .F. ) ;
#1458 = ADVANCED_FACE ( 'NONE', ( #1795 ), #458, .F. ) ;
#1459 = CYLINDRICAL_SURFACE ( 'NONE', #1718, 1.550000000000000933 ) ;
#1460 = DIRECTION ( 'NONE',  ( -1.000000000000000000, 0.000000000000000000, 0.000000000000000000 ) ) ;
#1461 = DIRECTION ( 'NONE',  ( -1.000000000000000000, 0.000000000000000000, -0.000000000000000000 ) ) ;
#1462 = ADVANCED_FACE ( 'NONE', ( #746 ), #306, .T. ) ;
#1463 = EDGE_LOOP ( 'NONE', ( #928, #475, #943, #1545 ) ) ;
#1464 = ORIENTED_EDGE ( 'NONE', *, *, #1763, .T. ) ;
#1465 = CARTESIAN_POINT ( 'NONE',  ( -5.445190528383295536, 21.98660000000000281, 19.00000000000000000 ) ) ;
#1466 = EDGE_CURVE ( 'NONE', #228, #1089, #132, .T. ) ;
#1467 = ORIENTED_EDGE ( 'NONE', *, *, #1488, .T. ) ;
#1468 = AXIS2_PLACEMENT_3D ( 'NONE', #1830, #438, #592 ) ;
#1469 = EDGE_CURVE ( 'NONE', #1572, #1630, #493, .T. ) ;
#1470 = AXIS2_PLACEMENT_3D ( 'NONE', #55, #671, #355 ) ;
#1471 = AXIS2_PLACEMENT_3D ( 'NONE', #858, #560, #1160 ) ;
#1472 = DIRECTION ( 'NONE',  ( -1.000000000000000000, -0.000000000000000000, -0.000000000000000000 ) ) ;
#1473 = LINE ( 'NONE', #134, #1145 ) ;
#1474 = DIRECTION ( 'NONE',  ( 0.000000000000000000, 1.000000000000000000, 0.000000000000000000 ) ) ;
#1475 = EDGE_CURVE ( 'NONE', #526, #91, #1613, .T. ) ;
#1476 = EDGE_LOOP ( 'NONE', ( #446, #88, #1068, #1843 ) ) ;
#1477 = ORIENTED_EDGE ( 'NONE', *, *, #217, .F. ) ;
#1478 = FACE_OUTER_BOUND ( 'NONE', #948, .T. ) ;
#1479 = LINE ( 'NONE', #102, #294 ) ;
#1480 = CIRCLE ( 'NONE', #199, 1.049999999999998268 ) ;
#1481 = DIRECTION ( 'NONE',  ( -0.000000000000000000, -0.000000000000000000, -1.000000000000000000 ) ) ;
#1482 = CARTESIAN_POINT ( 'NONE',  ( 13.05000000000000426, 6.736599999999997479, 19.99999999999999645 ) ) ;
#1483 = ORIENTED_EDGE ( 'NONE', *, *, #904, .T. ) ;
#1484 = APPROVAL_STATUS ( 'not_yet_approved' ) ;
#1485 = ORIENTED_EDGE ( 'NONE', *, *, #217, .T. ) ;
#1486 = DIRECTION ( 'NONE',  ( -0.000000000000000000, 0.000000000000000000, 1.000000000000000000 ) ) ;
#1487 = DIRECTION ( 'NONE',  ( -1.000000000000000000, 0.000000000000000000, 0.000000000000000000 ) ) ;
#1488 = EDGE_CURVE ( 'NONE', #505, #712, #1841, .T. ) ;
#1489 = EDGE_LOOP ( 'NONE', ( #1001, #1028 ) ) ;
#1490 = CARTESIAN_POINT ( 'NONE',  ( 1.049999999999994493, 10.73659999999999926, 19.99999999999999645 ) ) ;
#1491 = EDGE_CURVE ( 'NONE', #151, #295, #652, .T. ) ;
#1492 = CC_DESIGN_APPROVAL ( #808, ( #377 ) ) ;
#1493 = EDGE_LOOP ( 'NONE', ( #298, #1563 ) ) ;
#1494 = PERSON_AND_ORGANIZATION ( #1632, #478 ) ;
#1495 = EDGE_CURVE ( 'NONE', #1236, #1553, #37, .T. ) ;
#1496 = ORIENTED_EDGE ( 'NONE', *, *, #884, .F. ) ;
#1497 = CARTESIAN_POINT ( 'NONE',  ( 9.950000000000002842, 6.736599999999997479, 18.00000000000000000 ) ) ;
#1498 = LINE ( 'NONE', #303, #359 ) ;
#1499 = CARTESIAN_POINT ( 'NONE',  ( -25.00000000000000000, 1.263400000000005630, 10.99999999999999822 ) ) ;
#1500 = AXIS2_PLACEMENT_3D ( 'NONE', #1672, #1503, #601 ) ;
#1501 = VECTOR ( 'NONE', #1565, 1000.000000000000000 ) ;
#1502 = EDGE_LOOP ( 'NONE', ( #267, #1273 ) ) ;
#1503 = DIRECTION ( 'NONE',  ( 0.000000000000000000, 0.000000000000000000, -1.000000000000000000 ) ) ;
#1504 = LOCAL_TIME ( 15, 32, 31.00000000000000000, #433 ) ;
#1505 = ORIENTED_EDGE ( 'NONE', *, *, #1985, .T. ) ;
#1506 = PERSON_AND_ORGANIZATION_ROLE ( 'creator' ) ;
#1507 = PLANE ( 'NONE',  #320 ) ;
#1508 = VECTOR ( 'NONE', #1442, 1000.000000000000000 ) ;
#1509 = DIRECTION ( 'NONE',  ( 0.000000000000000000, 1.000000000000000000, 0.000000000000000000 ) ) ;
#1510 = EDGE_LOOP ( 'NONE', ( #1483, #255, #1046, #654 ) ) ;
#1511 = CARTESIAN_POINT ( 'NONE',  ( -3.583732914216866842E-15, 10.73659999999999926, 19.00000000000000000 ) ) ;
#1512 = AXIS2_PLACEMENT_3D ( 'NONE', #773, #339, #1369 ) ;
#1513 = ORIENTED_EDGE ( 'NONE', *, *, #42, .T. ) ;
#1514 = CARTESIAN_POINT ( 'NONE',  ( -25.00000000000000000, 0.000000000000000000, -11.00000000000000000 ) ) ;
#1515 = CIRCLE ( 'NONE', #39, 1.600000000000001643 ) ;
#1516 = EDGE_LOOP ( 'NONE', ( #1889, #706, #79, #354 ) ) ;
#1517 = APPROVAL_STATUS ( 'not_yet_approved' ) ;
#1518 = FACE_OUTER_BOUND ( 'NONE', #598, .T. ) ;
#1519 = AXIS2_PLACEMENT_3D ( 'NONE', #707, #1023, #1153 ) ;
#1520 = ORIENTED_EDGE ( 'NONE', *, *, #1682, .F. ) ;
#1521 = ORIENTED_EDGE ( 'NONE', *, *, #1434, .T. ) ;
#1522 = CC_DESIGN_PERSON_AND_ORGANIZATION_ASSIGNMENT ( #266, #1506, ( #1866 ) ) ;
#1523 = CARTESIAN_POINT ( 'NONE',  ( 25.00000000000000000, 3.736600000000024124, 17.26339999999999364 ) ) ;
#1524 = ORIENTED_EDGE ( 'NONE', *, *, #1094, .F. ) ;
#1525 = CARTESIAN_POINT ( 'NONE',  ( -3.583732914216866842E-15, 10.73659999999999926, 19.00000000000000000 ) ) ;
#1526 = CARTESIAN_POINT ( 'NONE',  ( -11.50000000000000178, 29.73659999999999215, 19.00000000000000000 ) ) ;
#1527 = ORIENTED_EDGE ( 'NONE', *, *, #398, .T. ) ;
#1528 = CARTESIAN_POINT ( 'NONE',  ( -9.950000000000002842, 6.736599999999997479, 19.00000000000000000 ) ) ;
#1529 = PLANE ( 'NONE',  #1695 ) ;
#1530 = EDGE_CURVE ( 'NONE', #292, #86, #909, .T. ) ;
#1531 = CARTESIAN_POINT ( 'NONE',  ( 25.00000000000000000, 35.00000000000003553, 18.00000000000000000 ) ) ;
#1532 = DIRECTION ( 'NONE',  ( -1.000000000000000000, 0.000000000000000000, 0.000000000000000000 ) ) ;
#1533 = ORIENTED_EDGE ( 'NONE', *, *, #1136, .F. ) ;
#1534 = DIRECTION ( 'NONE',  ( 0.000000000000000000, 0.000000000000000000, 1.000000000000000000 ) ) ;
#1535 = CYLINDRICAL_SURFACE ( 'NONE', #1611, 1.599999999999999867 ) ;
#1536 = ADVANCED_FACE ( 'NONE', ( #612 ), #293, .F. ) ;
#1537 = CARTESIAN_POINT ( 'NONE',  ( 25.00000000000000000, 1.263400000000005630, 11.73659999999999748 ) ) ;
#1538 = CARTESIAN_POINT ( 'NONE',  ( 1.049999999999994493, 10.73659999999999926, 19.00000000000000000 ) ) ;
#1539 = EDGE_CURVE ( 'NONE', #1002, #1961, #1252, .T. ) ;
#1540 = CARTESIAN_POINT ( 'NONE',  ( 6.495190528383291806, 21.98659999999999570, 19.99999999999999645 ) ) ;
#1541 = EDGE_LOOP ( 'NONE', ( #791, #1955, #582, #977 ) ) ;
#1542 = CIRCLE ( 'NONE', #676, 1.600000000000001643 ) ;
#1543 = VERTEX_POINT ( 'NONE', #450 ) ;
#1544 = VECTOR ( 'NONE', #531, 1000.000000000000000 ) ;
#1545 = ORIENTED_EDGE ( 'NONE', *, *, #693, .T. ) ;
#1546 = CYLINDRICAL_SURFACE ( 'NONE', #1146, 1.049999999999998046 ) ;
#1547 = CARTESIAN_POINT ( 'NONE',  ( 0.000000000000000000, 0.000000000000000000, 7.099999999999999645 ) ) ;
#1548 = DIRECTION ( 'NONE',  ( 0.000000000000000000, 0.000000000000000000, -1.000000000000000000 ) ) ;
#1549 = AXIS2_PLACEMENT_3D ( 'NONE', #1922, #536, #77 ) ;
#1550 = LINE ( 'NONE', #669, #321 ) ;
#1551 = ORIENTED_EDGE ( 'NONE', *, *, #1034, .T. ) ;
#1552 = ORIENTED_EDGE ( 'NONE', *, *, #1743, .F. ) ;
#1553 = VERTEX_POINT ( 'NONE', #330 ) ;
#1554 = EDGE_LOOP ( 'NONE', ( #288, #1735 ) ) ;
#1555 = FACE_OUTER_BOUND ( 'NONE', #814, .T. ) ;
#1556 = DIRECTION ( 'NONE',  ( -1.000000000000000000, 0.000000000000000000, -0.000000000000000000 ) ) ;
#1557 = DIRECTION ( 'NONE',  ( -1.000000000000000000, 0.000000000000000000, 0.000000000000000000 ) ) ;
#1558 = EDGE_CURVE ( 'NONE', #1980, #23, #902, .T. ) ;
#1559 = ADVANCED_FACE ( 'NONE', ( #793 ), #316, .T. ) ;
#1560 = CARTESIAN_POINT ( 'NONE',  ( -13.05000000000000071, 29.73659999999999215, 19.00000000000000000 ) ) ;
#1561 = ADVANCED_FACE ( 'NONE', ( #952 ), #309, .T. ) ;
#1562 = VERTEX_POINT ( 'NONE', #923 ) ;
#1563 = ORIENTED_EDGE ( 'NONE', *, *, #51, .F. ) ;
#1564 = ORIENTED_EDGE ( 'NONE', *, *, #322, .F. ) ;
#1565 = DIRECTION ( 'NONE',  ( 0.000000000000000000, 1.000000000000000000, 0.000000000000000000 ) ) ;
#1566 = DIRECTION ( 'NONE',  ( -0.000000000000000000, 1.000000000000000000, 0.000000000000000000 ) ) ;
#1567 = LINE ( 'NONE', #1083, #161 ) ;
#1568 = AXIS2_PLACEMENT_3D ( 'NONE', #737, #1984, #1337 ) ;
#1569 = DIRECTION ( 'NONE',  ( 0.000000000000000000, 0.000000000000000000, -1.000000000000000000 ) ) ;
#1570 = AXIS2_PLACEMENT_3D ( 'NONE', #1081, #1219, #460 ) ;
#1571 = AXIS2_PLACEMENT_3D ( 'NONE', #1905, #1461, #1125 ) ;
#1572 = VERTEX_POINT ( 'NONE', #1248 ) ;
#1573 = ORIENTED_EDGE ( 'NONE', *, *, #528, .F. ) ;
#1574 = DIRECTION ( 'NONE',  ( 0.000000000000000000, 1.000000000000000000, 0.000000000000000000 ) ) ;
#1575 = DIRECTION ( 'NONE',  ( -1.000000000000000000, -0.000000000000000000, -0.000000000000000000 ) ) ;
#1576 = FACE_BOUND ( 'NONE', #727, .T. ) ;
#1577 = FACE_OUTER_BOUND ( 'NONE', #780, .T. ) ;
#1578 = AXIS2_PLACEMENT_3D ( 'NONE', #1526, #1221, #1845 ) ;
#1579 = EDGE_CURVE ( 'NONE', #600, #1202, #1416, .T. ) ;
#1580 = AXIS2_PLACEMENT_3D ( 'NONE', #1850, #779, #1387 ) ;
#1581 = VERTEX_POINT ( 'NONE', #1547 ) ;
#1582 = CIRCLE ( 'NONE', #657, 1.049999999999998046 ) ;
#1583 = ORIENTED_EDGE ( 'NONE', *, *, #716, .T. ) ;
#1584 = CC_DESIGN_PERSON_AND_ORGANIZATION_ASSIGNMENT ( #584, #1191, ( #377 ) ) ;
#1585 = LINE ( 'NONE', #809, #443 ) ;
#1586 = CYLINDRICAL_SURFACE ( 'NONE', #1000, 2.000000000000000000 ) ;
#1587 = LINE ( 'NONE', #1440, #1189 ) ;
#1588 = CARTESIAN_POINT ( 'NONE',  ( -3.583732914216866842E-15, 10.73659999999999926, 19.99999999999999645 ) ) ;
#1589 = DIRECTION ( 'NONE',  ( 0.000000000000000000, 1.000000000000000000, 0.000000000000000000 ) ) ;
#1590 = EDGE_LOOP ( 'NONE', ( #1983, #1013, #1551, #1457 ) ) ;
#1591 = AXIS2_PLACEMENT_3D ( 'NONE', #269, #885, #118 ) ;
#1592 = PLANE ( 'NONE',  #1019 ) ;
#1593 = CARTESIAN_POINT ( 'NONE',  ( 25.00000000000000000, 3.000000000000003553, 10.99999999999999645 ) ) ;
#1594 = DIRECTION ( 'NONE',  ( -1.000000000000000000, 0.000000000000000000, 0.000000000000000000 ) ) ;
#1595 = FACE_OUTER_BOUND ( 'NONE', #967, .T. ) ;
#1596 = DIRECTION ( 'NONE',  ( 0.000000000000000000, 1.000000000000000000, 0.000000000000000000 ) ) ;
#1597 = ORIENTED_EDGE ( 'NONE', *, *, #1260, .F. ) ;
#1598 = ADVANCED_FACE ( 'NONE', ( #932 ), #1382, .F. ) ;
#1599 = CARTESIAN_POINT ( 'NONE',  ( -25.00000000000000000, 0.7365999999999970349, 11.00000000000000000 ) ) ;
#1600 = VECTOR ( 'NONE', #417, 1000.000000000000000 ) ;
#1601 = LOCAL_TIME ( 15, 32, 31.00000000000000000, #1340 ) ;
#1602 = ADVANCED_FACE ( 'NONE', ( #297 ), #166, .F. ) ;
#1603 = ORIENTED_EDGE ( 'NONE', *, *, #192, .T. ) ;
#1604 = DIRECTION ( 'NONE',  ( -1.000000000000000000, -0.000000000000000000, -0.000000000000000000 ) ) ;
#1605 = DIRECTION ( 'NONE',  ( -0.000000000000000000, -0.000000000000000000, -1.000000000000000000 ) ) ;
#1606 = DIRECTION ( 'NONE',  ( 1.000000000000000000, 0.000000000000000000, 0.000000000000000000 ) ) ;
#1607 = CARTESIAN_POINT ( 'NONE',  ( 6.049999999999996270, 18.23659999999999926, 19.99999999999999645 ) ) ;
#1608 = AXIS2_PLACEMENT_3D ( 'NONE', #52, #1105, #795 ) ;
#1609 = ORIENTED_EDGE ( 'NONE', *, *, #1475, .F. ) ;
#1610 = LINE ( 'NONE', #371, #1004 ) ;
#1611 = AXIS2_PLACEMENT_3D ( 'NONE', #154, #7, #627 ) ;
#1612 = EDGE_LOOP ( 'NONE', ( #32, #21 ) ) ;
#1613 = CIRCLE ( 'NONE', #1255, 2.000000000000001776 ) ;
#1614 = FACE_OUTER_BOUND ( 'NONE', #402, .T. ) ;
#1615 = EDGE_CURVE ( 'NONE', #1707, #1187, #760, .T. ) ;
#1616 = DIRECTION ( 'NONE',  ( 0.000000000000000000, 0.000000000000000000, -1.000000000000000000 ) ) ;
#1617 = PLANE ( 'NONE',  #1571 ) ;
#1618 = AXIS2_PLACEMENT_3D ( 'NONE', #360, #1589, #208 ) ;
#1619 = ORIENTED_EDGE ( 'NONE', *, *, #279, .T. ) ;
#1620 = EDGE_CURVE ( 'NONE', #1543, #526, #143, .T. ) ;
#1621 = ORIENTED_EDGE ( 'NONE', *, *, #1688, .T. ) ;
#1622 = CARTESIAN_POINT ( 'NONE',  ( 23.00000000000000000, 35.00000000000003553, 18.00000000000000000 ) ) ;
#1623 = EDGE_CURVE ( 'NONE', #486, #439, #1712, .T. ) ;
#1624 = EDGE_LOOP ( 'NONE', ( #832, #1005 ) ) ;
#1625 = ADVANCED_FACE ( 'NONE', ( #602 ), #184, .F. ) ;
#1626 = PLANE ( 'NONE',  #1939 ) ;
#1627 = DIRECTION ( 'NONE',  ( 0.000000000000000000, 0.000000000000000000, -1.000000000000000000 ) ) ;
#1628 = CARTESIAN_POINT ( 'NONE',  ( -9.950000000000002842, 29.73659999999999215, 18.00000000000000000 ) ) ;
#1629 = VERTEX_POINT ( 'NONE', #1209 ) ;
#1630 = VERTEX_POINT ( 'NONE', #1997 ) ;
#1631 = DIRECTION ( 'NONE',  ( 0.000000000000000000, 0.000000000000000000, -1.000000000000000000 ) ) ;
#1632 = PERSON ( '未指定', '未指定', '未指定', ('未指定'), ('未指定'), ('未指定') ) ;
#1633 = CIRCLE ( 'NONE', #859, 1.049999999999998046 ) ;
#1634 = VECTOR ( 'NONE', #740, 1000.000000000000000 ) ;
#1635 = CARTESIAN_POINT ( 'NONE',  ( 17.50000000000000000, 0.000000000000000000, -4.399999999999999467 ) ) ;
#1636 = CYLINDRICAL_SURFACE ( 'NONE', #1928, 6.049999999999999822 ) ;
#1637 = LINE ( 'NONE', #1482, #1734 ) ;
#1638 = ORIENTED_EDGE ( 'NONE', *, *, #1856, .F. ) ;
#1639 = CIRCLE ( 'NONE', #774, 1.049999999999998934 ) ;
#1640 = COORDINATED_UNIVERSAL_TIME_OFFSET ( 8, 0, .AHEAD. ) ;
#1641 = ORIENTED_EDGE ( 'NONE', *, *, #970, .T. ) ;
#1642 = CARTESIAN_POINT ( 'NONE',  ( -25.00000000000000000, 0.000000000000000000, 11.00000000000000000 ) ) ;
#1643 = EDGE_CURVE ( 'NONE', #561, #661, #197, .T. ) ;
#1644 = AXIS2_PLACEMENT_3D ( 'NONE', #945, #1401, #1701 ) ;
#1645 = EDGE_CURVE ( 'NONE', #304, #1179, #455, .T. ) ;
#1646 = CARTESIAN_POINT ( 'NONE',  ( -25.00000000000000000, 3.736600000000024124, 17.26339999999999364 ) ) ;
#1647 = ADVANCED_FACE ( 'NONE', ( #1071 ), #1535, .F. ) ;
#1648 = EDGE_LOOP ( 'NONE', ( #416, #141, #1116, #915 ) ) ;
#1649 = CARTESIAN_POINT ( 'NONE',  ( -25.00000000000000000, -1.000000000000000000, -11.00000000000000000 ) ) ;
#1650 = EDGE_LOOP ( 'NONE', ( #1573, #1597, #1099, #4 ) ) ;
#1651 = ORIENTED_EDGE ( 'NONE', *, *, #1201, .T. ) ;
#1652 = DIRECTION ( 'NONE',  ( -1.000000000000000000, -0.000000000000000000, -0.000000000000000000 ) ) ;
#1653 = CARTESIAN_POINT ( 'NONE',  ( -1.050000000000001821, 10.73659999999999926, 18.00000000000000000 ) ) ;
#1654 = CARTESIAN_POINT ( 'NONE',  ( -6.495190528383297135, 14.48659999999999926, 19.99999999999999645 ) ) ;
#1655 = VERTEX_POINT ( 'NONE', #1231 ) ;
#1656 = PLANE ( 'NONE',  #1468 ) ;
#1657 = CC_DESIGN_SECURITY_CLASSIFICATION ( #377, ( #1866 ) ) ;
#1658 = ORIENTED_EDGE ( 'NONE', *, *, #248, .F. ) ;
#1659 = CARTESIAN_POINT ( 'NONE',  ( 25.00000000000000000, 35.00000000000003553, 19.00000000000000000 ) ) ;
#1660 = CARTESIAN_POINT ( 'NONE',  ( -25.00000000000000000, -1.000000000000000000, -11.00000000000000000 ) ) ;
#1661 = PLANE ( 'NONE',  #209 ) ;
#1662 = FACE_OUTER_BOUND ( 'NONE', #880, .T. ) ;
#1663 = AXIS2_PLACEMENT_3D ( 'NONE', #252, #121, #449 ) ;
#1664 = AXIS2_PLACEMENT_3D ( 'NONE', #338, #24, #328 ) ;
#1665 = ORIENTED_EDGE ( 'NONE', *, *, #1073, .F. ) ;
#1666 = DIRECTION ( 'NONE',  ( -1.000000000000000000, -0.000000000000000000, -0.000000000000000000 ) ) ;
#1667 = LOCAL_TIME ( 15, 32, 31.00000000000000000, #862 ) ;
#1668 = VERTEX_POINT ( 'NONE', #1854 ) ;
#1669 = DIRECTION ( 'NONE',  ( 1.000000000000000000, 0.000000000000000000, 0.000000000000000000 ) ) ;
#1670 = PLANE ( 'NONE',  #933 ) ;
#1671 = EDGE_CURVE ( 'NONE', #1655, #1236, #924, .T. ) ;
#1672 = CARTESIAN_POINT ( 'NONE',  ( 11.50000000000000355, 29.73659999999999215, 18.00000000000000000 ) ) ;
#1673 = ORIENTED_EDGE ( 'NONE', *, *, #395, .T. ) ;
#1674 = DIRECTION ( 'NONE',  ( -0.000000000000000000, -0.000000000000000000, 1.000000000000000000 ) ) ;
#1675 = ORIENTED_EDGE ( 'NONE', *, *, #258, .T. ) ;
#1676 = FACE_OUTER_BOUND ( 'NONE', #843, .T. ) ;
#1677 = EDGE_CURVE ( 'NONE', #91, #1629, #1567, .T. ) ;
#1678 = DIRECTION ( 'NONE',  ( -1.000000000000000000, 0.000000000000000000, 0.000000000000000000 ) ) ;
#1679 = ORIENTED_EDGE ( 'NONE', *, *, #472, .T. ) ;
#1680 = CARTESIAN_POINT ( 'NONE',  ( 11.50000000000000355, 29.73659999999999215, 19.99999999999999645 ) ) ;
#1681 = CIRCLE ( 'NONE', #1419, 1.736600000000004806 ) ;
#1682 = EDGE_CURVE ( 'NONE', #324, #1965, #1842, .T. ) ;
#1683 = CARTESIAN_POINT ( 'NONE',  ( -1.050000000000001821, 10.73659999999999926, 19.00000000000000000 ) ) ;
#1684 = VECTOR ( 'NONE', #1322, 1000.000000000000000 ) ;
#1685 = DIRECTION ( 'NONE',  ( -1.000000000000000000, 0.000000000000000000, 0.000000000000000000 ) ) ;
#1686 = ORIENTED_EDGE ( 'NONE', *, *, #1073, .T. ) ;
#1687 = DIRECTION ( 'NONE',  ( 0.000000000000000000, 0.000000000000000000, -1.000000000000000000 ) ) ;
#1688 = EDGE_CURVE ( 'NONE', #1060, #1668, #1027, .T. ) ;
#1689 = ORIENTED_EDGE ( 'NONE', *, *, #735, .T. ) ;
#1690 = FACE_OUTER_BOUND ( 'NONE', #31, .T. ) ;
#1691 = DIRECTION ( 'NONE',  ( 0.000000000000000000, 0.000000000000000000, 1.000000000000000000 ) ) ;
#1692 = CARTESIAN_POINT ( 'NONE',  ( 25.00000000000000000, 1.263400000000005630, 10.99999999999999822 ) ) ;
#1693 = EDGE_CURVE ( 'NONE', #1299, #1774, #1284, .T. ) ;
#1694 = CARTESIAN_POINT ( 'NONE',  ( -25.00000000000000000, 0.7365999999999970349, 9.263399999999998968 ) ) ;
#1695 = AXIS2_PLACEMENT_3D ( 'NONE', #1660, #1822, #1978 ) ;
#1696 = DIRECTION ( 'NONE',  ( -0.000000000000000000, -0.000000000000000000, -1.000000000000000000 ) ) ;
#1697 = ORIENTED_EDGE ( 'NONE', *, *, #1281, .F. ) ;
#1698 = VERTEX_POINT ( 'NONE', #1528 ) ;
#1699 = ORIENTED_EDGE ( 'NONE', *, *, #1763, .F. ) ;
#1700 = CARTESIAN_POINT ( 'NONE',  ( 25.00000000000000000, 0.7365999999999970349, 9.263399999999998968 ) ) ;
#1701 = DIRECTION ( 'NONE',  ( -1.000000000000000000, 0.000000000000000000, 0.000000000000000000 ) ) ;
#1702 = CARTESIAN_POINT ( 'NONE',  ( -17.50000000000000000, -1.000000000000000000, -6.000000000000001776 ) ) ;
#1703 = CARTESIAN_POINT ( 'NONE',  ( 23.00000000000000000, 0.000000000000000000, -9.000000000000000000 ) ) ;
#1704 = ORIENTED_EDGE ( 'NONE', *, *, #362, .F. ) ;
#1705 = VERTEX_POINT ( 'NONE', #19 ) ;
#1706 = VECTOR ( 'NONE', #352, 1000.000000000000000 ) ;
#1707 = VERTEX_POINT ( 'NONE', #310 ) ;
#1708 = CIRCLE ( 'NONE', #383, 0.7366000000000004766 ) ;
#1709 = ADVANCED_FACE ( 'NONE', ( #803 ), #1403, .T. ) ;
#1710 = ORIENTED_EDGE ( 'NONE', *, *, #345, .F. ) ;
#1711 = DIRECTION ( 'NONE',  ( -1.000000000000000000, 0.000000000000000000, 0.000000000000000000 ) ) ;
#1712 = LINE ( 'NONE', #1102, #487 ) ;
#1713 = AXIS2_PLACEMENT_3D ( 'NONE', #1091, #784, #1874 ) ;
#1714 = CARTESIAN_POINT ( 'NONE',  ( 7.545190528383289852, 21.98659999999999570, 19.99999999999999645 ) ) ;
#1715 = ADVANCED_FACE ( 'NONE', ( #1222 ), #1093, .F. ) ;
#1716 = VECTOR ( 'NONE', #205, 1000.000000000000000 ) ;
#1717 = CARTESIAN_POINT ( 'NONE',  ( 17.50000000000000000, -1.000000000000000000, -6.000000000000001776 ) ) ;
#1718 = AXIS2_PLACEMENT_3D ( 'NONE', #726, #557, #1950 ) ;
#1719 = ORIENTED_EDGE ( 'NONE', *, *, #1108, .T. ) ;
#1720 = ORIENTED_EDGE ( 'NONE', *, *, #51, .T. ) ;
#1721 = VERTEX_POINT ( 'NONE', #317 ) ;
#1722 = DIRECTION ( 'NONE',  ( 0.000000000000000000, 1.000000000000000000, 0.000000000000000000 ) ) ;
#1723 = CARTESIAN_POINT ( 'NONE',  ( -11.50000000000000178, 6.736599999999997479, 18.00000000000000000 ) ) ;
#1724 = DIRECTION ( 'NONE',  ( -1.000000000000000000, 0.000000000000000000, 0.000000000000000000 ) ) ;
#1725 = DIRECTION ( 'NONE',  ( -1.000000000000000000, -0.000000000000000000, -0.000000000000000000 ) ) ;
#1726 = ORIENTED_EDGE ( 'NONE', *, *, #1819, .T. ) ;
#1727 = EDGE_LOOP ( 'NONE', ( #966, #1080, #1505, #1520 ) ) ;
#1728 = ORIENTED_EDGE ( 'NONE', *, *, #613, .T. ) ;
#1729 = DIRECTION ( 'NONE',  ( 0.000000000000000000, 0.000000000000000000, 1.000000000000000000 ) ) ;
#1730 = CARTESIAN_POINT ( 'NONE',  ( 6.495190528383291806, 21.98659999999999570, 19.00000000000000000 ) ) ;
#1731 = DIRECTION ( 'NONE',  ( -1.000000000000000000, 0.000000000000000000, 0.000000000000000000 ) ) ;
#1732 = DIRECTION ( 'NONE',  ( -0.000000000000000000, -0.000000000000000000, -1.000000000000000000 ) ) ;
#1733 = CIRCLE ( 'NONE', #1119, 1.049999999999998046 ) ;
#1734 = VECTOR ( 'NONE', #710, 1000.000000000000000 ) ;
#1735 = ORIENTED_EDGE ( 'NONE', *, *, #1693, .T. ) ;
#1736 = VERTEX_POINT ( 'NONE', #176 ) ;
#1737 = CIRCLE ( 'NONE', #1279, 1.550000000000000933 ) ;
#1738 = CYLINDRICAL_SURFACE ( 'NONE', #1470, 1.736600000000000366 ) ;
#1739 = DIRECTION ( 'NONE',  ( 0.000000000000000000, 1.000000000000000000, 0.000000000000000000 ) ) ;
#1740 = DIRECTION ( 'NONE',  ( 1.000000000000000000, 0.000000000000000000, 0.000000000000000000 ) ) ;
#1741 = FACE_BOUND ( 'NONE', #1170, .T. ) ;
#1742 = DIRECTION ( 'NONE',  ( -1.000000000000000000, 0.000000000000000000, 0.000000000000000000 ) ) ;
#1743 = EDGE_CURVE ( 'NONE', #1002, #1267, #299, .T. ) ;
#1744 = VECTOR ( 'NONE', #83, 1000.000000000000000 ) ;
#1745 = ORIENTED_EDGE ( 'NONE', *, *, #1260, .T. ) ;
#1746 = CARTESIAN_POINT ( 'NONE',  ( -25.00000000000000000, 2.000000000000006217, 11.73659999999999570 ) ) ;
#1747 = DIRECTION ( 'NONE',  ( -0.000000000000000000, -0.000000000000000000, -1.000000000000000000 ) ) ;
#1748 = CARTESIAN_POINT ( 'NONE',  ( -25.00000000000000000, 0.7365999999999970349, 10.00000000000000178 ) ) ;
#1749 = LINE ( 'NONE', #1289, #350 ) ;
#1750 = CARTESIAN_POINT ( 'NONE',  ( -7.545190528383291628, 21.98660000000000281, 19.99999999999999645 ) ) ;
#1751 = EDGE_CURVE ( 'NONE', #579, #1707, #1072, .T. ) ;
#1752 = LINE ( 'NONE', #1642, #1302 ) ;
#1753 = ORIENTED_EDGE ( 'NONE', *, *, #603, .T. ) ;
#1754 = DIRECTION ( 'NONE',  ( 0.000000000000000000, 1.000000000000000000, 0.000000000000000000 ) ) ;
#1755 = CARTESIAN_POINT ( 'NONE',  ( 7.545190528383278306, 14.48659999999999570, 19.99999999999999645 ) ) ;
#1756 = CARTESIAN_POINT ( 'NONE',  ( 25.00000000000000000, 0.7365999999999970349, 9.263399999999998968 ) ) ;
#1757 = CARTESIAN_POINT ( 'NONE',  ( 1.049999999999994493, 10.73659999999999926, 18.00000000000000000 ) ) ;
#1758 = VERTEX_POINT ( 'NONE', #936 ) ;
#1759 = CIRCLE ( 'NONE', #348, 0.7366000000000039183 ) ;
#1760 = DIRECTION ( 'NONE',  ( 0.000000000000000000, -1.000000000000000000, 0.000000000000000000 ) ) ;
#1761 = CIRCLE ( 'NONE', #1664, 6.049999999999999822 ) ;
#1762 = CC_DESIGN_APPROVAL ( #745, ( #178 ) ) ;
#1763 = EDGE_CURVE ( 'NONE', #135, #1075, #619, .T. ) ;
#1764 = VERTEX_POINT ( 'NONE', #1867 ) ;
#1765 = CARTESIAN_POINT ( 'NONE',  ( 25.00000000000000000, 3.000000000000019984, 17.26339999999999719 ) ) ;
#1766 = CARTESIAN_POINT ( 'NONE',  ( 5.445190528383280437, 14.48659999999999570, 19.00000000000000000 ) ) ;
#1767 = CYLINDRICAL_SURFACE ( 'NONE', #282, 0.7366000000000004766 ) ;
#1768 = EDGE_CURVE ( 'NONE', #86, #1796, #1836, .T. ) ;
#1769 = ORIENTED_EDGE ( 'NONE', *, *, #45, .F. ) ;
#1770 = EDGE_CURVE ( 'NONE', #1796, #324, #1847, .T. ) ;
#1771 = ORIENTED_EDGE ( 'NONE', *, *, #543, .F. ) ;
#1772 = CYLINDRICAL_SURFACE ( 'NONE', #183, 1.049999999999998268 ) ;
#1773 = AXIS2_PLACEMENT_3D ( 'NONE', #634, #18, #802 ) ;
#1774 = VERTEX_POINT ( 'NONE', #29 ) ;
#1775 = CLOSED_SHELL ( 'NONE', ( #1324, #1263, #965, #1346, #214, #305, #1410, #765, #575, #1598, #426, #1921, #1625, #1647, #1892, #196, #955, #1941, #1977, #1314, #682, #549, #1024, #761, #93, #837, #122, #1602, #1960, #364, #1898, #926, #1709, #1860, #127, #644, #1009, #1112, #1561, #190, #910, #1536, #1458, #1282, #1918, #1823, #621, #1715, #554, #1903, #1077, #1320, #6, #570, #788, #822, #1239, #1858, #1276, #273, #1559, #1462 ) ) ;
#1776 = VECTOR ( 'NONE', #1826, 1000.000000000000000 ) ;
#1777 = CARTESIAN_POINT ( 'NONE',  ( -25.00000000000000000, 0.000000000000000000, 11.00000000000000000 ) ) ;
#1778 = DIRECTION ( 'NONE',  ( 0.000000000000000000, 0.000000000000000000, -1.000000000000000000 ) ) ;
#1779 = LINE ( 'NONE', #1976, #1634 ) ;
#1780 = AXIS2_PLACEMENT_3D ( 'NONE', #523, #823, #1742 ) ;
#1781 = ORIENTED_EDGE ( 'NONE', *, *, #1768, .F. ) ;
#1782 = DATE_AND_TIME ( #1041, #1504 ) ;
#1783 = DIRECTION ( 'NONE',  ( 1.000000000000000000, 0.000000000000000000, 0.000000000000000000 ) ) ;
#1784 = ORIENTED_EDGE ( 'NONE', *, *, #1137, .T. ) ;
#1785 = DIRECTION ( 'NONE',  ( 0.000000000000000000, 0.000000000000000000, -1.000000000000000000 ) ) ;
#1786 = CARTESIAN_POINT ( 'NONE',  ( -6.495190528383297135, 14.48659999999999926, 19.99999999999999645 ) ) ;
#1787 = CARTESIAN_POINT ( 'NONE',  ( 0.000000000000000000, -1.000000000000000000, 0.000000000000000000 ) ) ;
#1788 = DIRECTION ( 'NONE',  ( 0.000000000000000000, -3.469446951953613006E-15, -1.000000000000000000 ) ) ;
#1789 = EDGE_CURVE ( 'NONE', #222, #1721, #482, .T. ) ;
#1790 = ORIENTED_EDGE ( 'NONE', *, *, #1043, .T. ) ;
#1791 = APPLICATION_PROTOCOL_DEFINITION ( 'international standard', 'config_control_design', 1994, #1962 ) ;
#1792 = ORIENTED_EDGE ( 'NONE', *, *, #1495, .T. ) ;
#1793 = FACE_OUTER_BOUND ( 'NONE', #1650, .T. ) ;
#1794 = EDGE_CURVE ( 'NONE', #1106, #1572, #648, .T. ) ;
#1795 = FACE_OUTER_BOUND ( 'NONE', #327, .T. ) ;
#1796 = VERTEX_POINT ( 'NONE', #1692 ) ;
#1797 = CARTESIAN_POINT ( 'NONE',  ( -1.050000000000001821, 25.73659999999999926, 18.00000000000000000 ) ) ;
#1798 = FACE_OUTER_BOUND ( 'NONE', #1380, .T. ) ;
#1799 = ORIENTED_EDGE ( 'NONE', *, *, #1193, .F. ) ;
#1800 = AXIS2_PLACEMENT_3D ( 'NONE', #1333, #586, #1052 ) ;
#1801 = PERSON_AND_ORGANIZATION_ROLE ( 'design_owner' ) ;
#1802 = ORIENTED_EDGE ( 'NONE', *, *, #1986, .T. ) ;
#1803 = CIRCLE ( 'NONE', #935, 2.000000000000000000 ) ;
#1804 = CARTESIAN_POINT ( 'NONE',  ( 0.000000000000000000, -1.000000000000000000, 5.500000000000000000 ) ) ;
#1805 = VECTOR ( 'NONE', #1383, 1000.000000000000000 ) ;
#1806 = DIRECTION ( 'NONE',  ( 0.000000000000000000, 1.000000000000000000, -0.000000000000000000 ) ) ;
#1807 = CIRCLE ( 'NONE', #1030, 1.049999999999998046 ) ;
#1808 = CARTESIAN_POINT ( 'NONE',  ( -25.00000000000000000, 33.00000000000003553, 18.00000000000000000 ) ) ;
#1809 = EDGE_LOOP ( 'NONE', ( #1485, #1641 ) ) ;
#1810 = PLANE ( 'NONE',  #1568 ) ;
#1811 = EDGE_CURVE ( 'NONE', #326, #1151, #1147, .T. ) ;
#1812 = ORIENTED_EDGE ( 'NONE', *, *, #10, .T. ) ;
#1813 = DATE_AND_TIME ( #1988, #1667 ) ;
#1814 = CARTESIAN_POINT ( 'NONE',  ( 17.50000000000000000, -1.000000000000000000, -6.000000000000001776 ) ) ;
#1815 = FACE_BOUND ( 'NONE', #1341, .T. ) ;
#1816 = DIRECTION ( 'NONE',  ( -1.000000000000000000, 0.000000000000000000, 0.000000000000000000 ) ) ;
#1817 = ORIENTED_EDGE ( 'NONE', *, *, #993, .F. ) ;
#1818 = FACE_OUTER_BOUND ( 'NONE', #863, .T. ) ;
#1819 = EDGE_CURVE ( 'NONE', #1411, #930, #332, .T. ) ;
#1820 = ORIENTED_EDGE ( 'NONE', *, *, #847, .F. ) ;
#1821 = MECHANICAL_CONTEXT ( 'NONE', #1962, 'mechanical' ) ;
#1822 = DIRECTION ( 'NONE',  ( 0.000000000000000000, 0.000000000000000000, -1.000000000000000000 ) ) ;
#1823 = ADVANCED_FACE ( 'NONE', ( #340, #38, #452, #840, #1262, #1453, #692, #1741, #78, #830, #1271, #1913 ), #1441, .T. ) ;
#1824 = ORIENTED_EDGE ( 'NONE', *, *, #1163, .T. ) ;
#1825 = ORIENTED_EDGE ( 'NONE', *, *, #155, .F. ) ;
#1826 = DIRECTION ( 'NONE',  ( -0.000000000000000000, -1.000000000000000000, -0.000000000000000000 ) ) ;
#1827 = CIRCLE ( 'NONE', #1404, 1.736599999999999699 ) ;
#1828 = EDGE_CURVE ( 'NONE', #705, #571, #1749, .T. ) ;
#1829 = ORIENTED_EDGE ( 'NONE', *, *, #988, .T. ) ;
#1830 = CARTESIAN_POINT ( 'NONE',  ( 0.000000000000000000, 0.000000000000000000, 11.00000000000000000 ) ) ;
#1831 = CIRCLE ( 'NONE', #90, 1.549999999999999378 ) ;
#1832 = AXIS2_PLACEMENT_3D ( 'NONE', #685, #66, #851 ) ;
#1833 = CARTESIAN_POINT ( 'NONE',  ( -6.495190528383297135, 14.48659999999999926, 19.00000000000000000 ) ) ;
#1834 = EDGE_CURVE ( 'NONE', #1396, #34, #1996, .T. ) ;
#1835 = ORIENTED_EDGE ( 'NONE', *, *, #816, .T. ) ;
#1836 = LINE ( 'NONE', #145, #1186 ) ;
#1837 = DIRECTION ( 'NONE',  ( 0.000000000000000000, 0.000000000000000000, -1.000000000000000000 ) ) ;
#1838 = EDGE_CURVE ( 'NONE', #661, #1352, #538, .T. ) ;
#1839 = CARTESIAN_POINT ( 'NONE',  ( -23.00000000000000000, 35.00000000000003553, 18.00000000000000000 ) ) ;
#1840 = EDGE_LOOP ( 'NONE', ( #160, #941, #1675, #220, #1802, #789 ) ) ;
#1841 = LINE ( 'NONE', #3, #1776 ) ;
#1842 = CIRCLE ( 'NONE', #585, 1.736599999999999699 ) ;
#1843 = ORIENTED_EDGE ( 'NONE', *, *, #1169, .F. ) ;
#1844 = CARTESIAN_POINT ( 'NONE',  ( -11.50000000000000178, 29.73659999999999215, 18.00000000000000000 ) ) ;
#1845 = DIRECTION ( 'NONE',  ( -1.000000000000000000, 0.000000000000000000, 0.000000000000000000 ) ) ;
#1846 = VECTOR ( 'NONE', #1216, 1000.000000000000000 ) ;
#1847 = LINE ( 'NONE', #763, #1446 ) ;
#1848 = CIRCLE ( 'NONE', #876, 1.599999999999999867 ) ;
#1849 = CARTESIAN_POINT ( 'NONE',  ( 7.545190528383278306, 14.48659999999999570, 19.00000000000000000 ) ) ;
#1850 = CARTESIAN_POINT ( 'NONE',  ( 25.00000000000000000, 0.7365999999999970349, 9.263399999999998968 ) ) ;
#1851 = EDGE_LOOP ( 'NONE', ( #1719, #1358 ) ) ;
#1852 = ORIENTED_EDGE ( 'NONE', *, *, #10, .F. ) ;
#1853 = DIRECTION ( 'NONE',  ( 0.000000000000000000, 0.000000000000000000, -1.000000000000000000 ) ) ;
#1854 = CARTESIAN_POINT ( 'NONE',  ( 13.05000000000000426, 6.736599999999997479, 19.00000000000000000 ) ) ;
#1855 = DIRECTION ( 'NONE',  ( 0.000000000000000000, 0.000000000000000000, -1.000000000000000000 ) ) ;
#1856 = EDGE_CURVE ( 'NONE', #1319, #882, #1338, .T. ) ;
#1857 = CARTESIAN_POINT ( 'NONE',  ( -25.00000000000000000, 35.00000000000003553, 18.00000000000000000 ) ) ;
#1858 = ADVANCED_FACE ( 'NONE', ( #1140 ), #375, .F. ) ;
#1859 = ORIENTED_EDGE ( 'NONE', *, *, #147, .F. ) ;
#1860 = ADVANCED_FACE ( 'NONE', ( #1150 ), #1767, .F. ) ;
#1861 = ORIENTED_EDGE ( 'NONE', *, *, #1643, .F. ) ;
#1862 = ORIENTED_EDGE ( 'NONE', *, *, #74, .F. ) ;
#1863 = CARTESIAN_POINT ( 'NONE',  ( 1.049999999999994493, 25.73659999999999926, 18.00000000000000000 ) ) ;
#1864 = DIRECTION ( 'NONE',  ( 0.000000000000000000, 1.000000000000000000, 0.000000000000000000 ) ) ;
#1865 = AXIS2_PLACEMENT_3D ( 'NONE', #174, #615, #1711 ) ;
#1866 = PRODUCT_DEFINITION_FORMATION_WITH_SPECIFIED_SOURCE ( '任何', '', #593, .NOT_KNOWN. ) ;
#1867 = CARTESIAN_POINT ( 'NONE',  ( -25.00000000000000000, 3.736600000000024124, 19.00000000000000000 ) ) ;
#1868 = DIRECTION ( 'NONE',  ( -0.000000000000000000, -1.000000000000000000, -0.000000000000000000 ) ) ;
#1869 = ORIENTED_EDGE ( 'NONE', *, *, #1491, .F. ) ;
#1870 = ORIENTED_EDGE ( 'NONE', *, *, #365, .T. ) ;
#1871 = CIRCLE ( 'NONE', #224, 1.049999999999998934 ) ;
#1872 = EDGE_LOOP ( 'NONE', ( #1825, #555 ) ) ;
#1873 = CARTESIAN_POINT ( 'NONE',  ( -6.495190528383293582, 21.98660000000000281, 19.99999999999999645 ) ) ;
#1874 = DIRECTION ( 'NONE',  ( 0.000000000000000000, 0.000000000000000000, 1.000000000000000000 ) ) ;
#1875 = AXIS2_PLACEMENT_3D ( 'NONE', #953, #188, #1876 ) ;
#1876 = DIRECTION ( 'NONE',  ( -1.000000000000000000, 0.000000000000000000, 0.000000000000000000 ) ) ;
#1877 = DIRECTION ( 'NONE',  ( -0.000000000000000000, -1.000000000000000000, -0.000000000000000000 ) ) ;
#1878 = CIRCLE ( 'NONE', #331, 1.049999999999998046 ) ;
#1879 = ORIENTED_EDGE ( 'NONE', *, *, #1114, .F. ) ;
#1880 = VERTEX_POINT ( 'NONE', #385 ) ;
#1881 = AXIS2_PLACEMENT_3D ( 'NONE', #677, #994, #1909 ) ;
#1882 = ORIENTED_EDGE ( 'NONE', *, *, #1819, .F. ) ;
#1883 = DIRECTION ( 'NONE',  ( -0.000000000000000000, 3.469446951953613006E-15, 1.000000000000000000 ) ) ;
#1884 = DIRECTION ( 'NONE',  ( -1.000000000000000000, 0.000000000000000000, 0.000000000000000000 ) ) ;
#1885 = FACE_OUTER_BOUND ( 'NONE', #474, .T. ) ;
#1886 = APPROVAL ( #1484, '未指定' ) ;
#1887 = DIRECTION ( 'NONE',  ( 0.000000000000000000, 0.000000000000000000, 1.000000000000000000 ) ) ;
#1888 = ORIENTED_EDGE ( 'NONE', *, *, #1053, .T. ) ;
#1889 = ORIENTED_EDGE ( 'NONE', *, *, #336, .F. ) ;
#1890 = DIRECTION ( 'NONE',  ( 0.000000000000000000, -3.469446951953613006E-15, -1.000000000000000000 ) ) ;
#1891 = DIRECTION ( 'NONE',  ( -0.000000000000000000, -0.000000000000000000, -1.000000000000000000 ) ) ;
#1892 = ADVANCED_FACE ( 'NONE', ( #999 ), #50, .F. ) ;
#1893 = DIRECTION ( 'NONE',  ( -1.000000000000000000, 0.000000000000000000, 0.000000000000000000 ) ) ;
#1894 = CARTESIAN_POINT ( 'NONE',  ( -5.445190528383299977, 14.48659999999999926, 19.99999999999999645 ) ) ;
#1895 = CARTESIAN_POINT ( 'NONE',  ( 25.00000000000000000, 3.736600000000024124, 19.00000000000000000 ) ) ;
#1896 = VECTOR ( 'NONE', #673, 1000.000000000000000 ) ;
#1897 = AXIS2_PLACEMENT_3D ( 'NONE', #226, #658, #216 ) ;
#1898 = ADVANCED_FACE ( 'NONE', ( #1595 ), #1617, .T. ) ;
#1899 = EDGE_LOOP ( 'NONE', ( #591, #1467, #1388, #170 ) ) ;
#1900 = CIRCLE ( 'NONE', #578, 1.599999999999999867 ) ;
#1901 = CARTESIAN_POINT ( 'NONE',  ( 25.00000000000000000, 2.000000000000003553, 11.00000000000000000 ) ) ;
#1902 = CARTESIAN_POINT ( 'NONE',  ( -25.00000000000000000, 0.7365999999999970349, 11.00000000000000000 ) ) ;
#1903 = ADVANCED_FACE ( 'NONE', ( #1885 ), #1132, .F. ) ;
#1904 = CARTESIAN_POINT ( 'NONE',  ( 13.05000000000000426, 6.736599999999997479, 18.00000000000000000 ) ) ;
#1905 = CARTESIAN_POINT ( 'NONE',  ( -25.00000000000000000, 0.7365999999999970349, 9.263399999999998968 ) ) ;
#1906 = VECTOR ( 'NONE', #916, 1000.000000000000000 ) ;
#1907 = DIRECTION ( 'NONE',  ( -0.000000000000000000, -1.000000000000000000, -0.000000000000000000 ) ) ;
#1908 = AXIS2_PLACEMENT_3D ( 'NONE', #989, #206, #1288 ) ;
#1909 = DIRECTION ( 'NONE',  ( -1.000000000000000000, 0.000000000000000000, 0.000000000000000000 ) ) ;
#1910 = ORIENTED_EDGE ( 'NONE', *, *, #754, .T. ) ;
#1911 = DIRECTION ( 'NONE',  ( 0.000000000000000000, 0.000000000000000000, -1.000000000000000000 ) ) ;
#1912 = CARTESIAN_POINT ( 'NONE',  ( 6.495190528383291806, 21.98659999999999570, 19.00000000000000000 ) ) ;
#1913 = FACE_OUTER_BOUND ( 'NONE', #286, .T. ) ;
#1914 = CARTESIAN_POINT ( 'NONE',  ( 25.00000000000000000, 2.000000000000003553, 9.999999999999998224 ) ) ;
#1915 = ORIENTED_EDGE ( 'NONE', *, *, #431, .F. ) ;
#1916 = PLANE ( 'NONE',  #813 ) ;
#1917 = ORIENTED_EDGE ( 'NONE', *, *, #1645, .T. ) ;
#1918 = ADVANCED_FACE ( 'NONE', ( #1576, #198, #811, #1425, #667, #369, #981, #207, #820, #1433, #58, #674 ), #1278, .F. ) ;
#1919 = EDGE_CURVE ( 'NONE', #1668, #1089, #1637, .T. ) ;
#1920 = DIRECTION ( 'NONE',  ( -1.000000000000000000, 0.000000000000000000, 0.000000000000000000 ) ) ;
#1921 = ADVANCED_FACE ( 'NONE', ( #85 ), #1308, .F. ) ;
#1922 = CARTESIAN_POINT ( 'NONE',  ( 11.50000000000000355, 29.73659999999999215, 19.00000000000000000 ) ) ;
#1923 = DIRECTION ( 'NONE',  ( -0.000000000000000000, -0.000000000000000000, -1.000000000000000000 ) ) ;
#1924 = ORIENTED_EDGE ( 'NONE', *, *, #495, .F. ) ;
#1925 = VECTOR ( 'NONE', #1176, 1000.000000000000000 ) ;
#1926 = ORIENTED_EDGE ( 'NONE', *, *, #844, .F. ) ;
#1927 = CARTESIAN_POINT ( 'NONE',  ( -7.545190528383294293, 14.48659999999999926, 19.00000000000000000 ) ) ;
#1928 = AXIS2_PLACEMENT_3D ( 'NONE', #1327, #1953, #568 ) ;
#1929 = VECTOR ( 'NONE', #1724, 1000.000000000000000 ) ;
#1930 = EDGE_LOOP ( 'NONE', ( #919, #1256, #958, #466 ) ) ;
#1931 = CARTESIAN_POINT ( 'NONE',  ( -25.00000000000000000, 2.000000000000027978, 18.00000000000000355 ) ) ;
#1932 = CARTESIAN_POINT ( 'NONE',  ( 25.00000000000000000, 2.000000000000019984, 17.26340000000000074 ) ) ;
#1933 = DIRECTION ( 'NONE',  ( 0.000000000000000000, 0.000000000000000000, 1.000000000000000000 ) ) ;
#1934 = EDGE_LOOP ( 'NONE', ( #1771, #1859 ) ) ;
#1935 = ORIENTED_EDGE ( 'NONE', *, *, #1986, .F. ) ;
#1936 = CARTESIAN_POINT ( 'NONE',  ( 6.495190528383279371, 14.48659999999999570, 19.99999999999999645 ) ) ;
#1937 = AXIS2_PLACEMENT_3D ( 'NONE', #26, #461, #1678 ) ;
#1938 = VECTOR ( 'NONE', #1, 1000.000000000000000 ) ;
#1939 = AXIS2_PLACEMENT_3D ( 'NONE', #1777, #1347, #708 ) ;
#1940 = DIRECTION ( 'NONE',  ( 0.000000000000000000, 0.000000000000000000, -1.000000000000000000 ) ) ;
#1941 = ADVANCED_FACE ( 'NONE', ( #243 ), #253, .T. ) ;
#1942 = FACE_BOUND ( 'NONE', #1809, .T. ) ;
#1943 = CARTESIAN_POINT ( 'NONE',  ( -13.05000000000000071, 6.736599999999997479, 18.00000000000000000 ) ) ;
#1944 = CIRCLE ( 'NONE', #497, 0.7366000000000004766 ) ;
#1945 = ORIENTED_EDGE ( 'NONE', *, *, #45, .T. ) ;
#1946 = APPROVAL_ROLE ( '' ) ;
#1947 = CC_DESIGN_PERSON_AND_ORGANIZATION_ASSIGNMENT ( #1494, #401, ( #1866 ) ) ;
#1948 = ORIENTED_EDGE ( 'NONE', *, *, #211, .F. ) ;
#1949 = CARTESIAN_POINT ( 'NONE',  ( 0.000000000000000000, 3.736600000000024124, 19.00000000000000000 ) ) ;
#1950 = DIRECTION ( 'NONE',  ( -1.000000000000000000, 0.000000000000000000, 0.000000000000000000 ) ) ;
#1951 = AXIS2_PLACEMENT_3D ( 'NONE', #1182, #453, #1374 ) ;
#1952 = EDGE_LOOP ( 'NONE', ( #887, #1673 ) ) ;
#1953 = DIRECTION ( 'NONE',  ( -0.000000000000000000, -0.000000000000000000, -1.000000000000000000 ) ) ;
#1954 = DIRECTION ( 'NONE',  ( 0.000000000000000000, 0.000000000000000000, -1.000000000000000000 ) ) ;
#1955 = ORIENTED_EDGE ( 'NONE', *, *, #1838, .T. ) ;
#1956 = ORIENTED_EDGE ( 'NONE', *, *, #1671, .F. ) ;
#1957 = CYLINDRICAL_SURFACE ( 'NONE', #415, 1.049999999999998268 ) ;
#1958 = AXIS2_PLACEMENT_3D ( 'NONE', #97, #1012, #1669 ) ;
#1959 = DIRECTION ( 'NONE',  ( -0.000000000000000000, -1.000000000000000000, -0.000000000000000000 ) ) ;
#1960 = ADVANCED_FACE ( 'NONE', ( #407 ), #719, .F. ) ;
#1961 = VERTEX_POINT ( 'NONE', #1328 ) ;
#1962 = APPLICATION_CONTEXT ( 'configuration controlled 3d designs of mechanical parts and assemblies' ) ;
#1963 = FACE_BOUND ( 'NONE', #1554, .T. ) ;
#1964 = EDGE_CURVE ( 'NONE', #1285, #1376, #1051, .T. ) ;
#1965 = VERTEX_POINT ( 'NONE', #397 ) ;
#1966 = CALENDAR_DATE ( 2022, 21, 12 ) ;
#1967 = VERTEX_POINT ( 'NONE', #1628 ) ;
#1968 = AXIS2_PLACEMENT_3D ( 'NONE', #1290, #831, #1280 ) ;
#1969 = PLANE ( 'NONE',  #1331 ) ;
#1970 = LINE ( 'NONE', #733, #565 ) ;
#1971 = CIRCLE ( 'NONE', #1549, 1.550000000000000933 ) ;
#1972 = LINE ( 'NONE', #1334, #588 ) ;
#1973 = ORIENTED_EDGE ( 'NONE', *, *, #404, .F. ) ;
#1974 = CARTESIAN_POINT ( 'NONE',  ( -5.445190528383299977, 14.48659999999999926, 19.00000000000000000 ) ) ;
#1975 = ORIENTED_EDGE ( 'NONE', *, *, #1982, .T. ) ;
#1976 = CARTESIAN_POINT ( 'NONE',  ( -25.00000000000000000, 2.000000000000005329, 11.73659999999999570 ) ) ;
#1977 = ADVANCED_FACE ( 'NONE', ( #1798 ), #418, .F. ) ;
#1978 = DIRECTION ( 'NONE',  ( -1.000000000000000000, 0.000000000000000000, -0.000000000000000000 ) ) ;
#1979 = LINE ( 'NONE', #597, #725 ) ;
#1980 = VERTEX_POINT ( 'NONE', #1943 ) ;
#1981 = CARTESIAN_POINT ( 'NONE',  ( -23.00000000000000000, 0.000000000000000000, -9.000000000000000000 ) ) ;
#1982 = EDGE_CURVE ( 'NONE', #930, #1736, #1779, .T. ) ;
#1983 = ORIENTED_EDGE ( 'NONE', *, *, #1579, .F. ) ;
#1984 = DIRECTION ( 'NONE',  ( 1.000000000000000000, 0.000000000000000000, 0.000000000000000000 ) ) ;
#1985 = EDGE_CURVE ( 'NONE', #1736, #1965, #1353, .T. ) ;
#1986 = EDGE_CURVE ( 'NONE', #326, #1629, #136, .T. ) ;
#1987 = ORIENTED_EDGE ( 'NONE', *, *, #1379, .T. ) ;
#1988 = CALENDAR_DATE ( 2022, 21, 12 ) ;
#1989 = DIRECTION ( 'NONE',  ( 0.000000000000000000, 0.000000000000000000, -1.000000000000000000 ) ) ;
#1990 = CYLINDRICAL_SURFACE ( 'NONE', #1225, 1.049999999999998046 ) ;
#1991 = ORIENTED_EDGE ( 'NONE', *, *, #975, .T. ) ;
#1992 = DIRECTION ( 'NONE',  ( 0.000000000000000000, 0.000000000000000000, -1.000000000000000000 ) ) ;
#1993 = ORIENTED_EDGE ( 'NONE', *, *, #1049, .T. ) ;
#1994 = DIRECTION ( 'NONE',  ( -1.000000000000000000, 0.000000000000000000, 0.000000000000000000 ) ) ;
#1995 = AXIS2_PLACEMENT_3D ( 'NONE', #17, #633, #1238 ) ;
#1996 = CIRCLE ( 'NONE', #1120, 2.000000000000001776 ) ;
#1997 = CARTESIAN_POINT ( 'NONE',  ( 5.445190528383293760, 21.98659999999999570, 18.00000000000000000 ) ) ;
#1998 = ORIENTED_EDGE ( 'NONE', *, *, #53, .T. ) ;
#1999 = DIRECTION ( 'NONE',  ( 1.000000000000000000, 0.000000000000000000, 0.000000000000000000 ) ) ;
#2000 = CARTESIAN_POINT ( 'NONE',  ( 25.00000000000000000, 3.736600000000024124, 17.26339999999999364 ) ) ;
#2001 = AXIS2_PLACEMENT_3D ( 'NONE', #126, #1837, #917 ) ;
ENDSEC;
END-ISO-10303-21;
