ISO-10303-21;
HEADER;
FILE_DESCRIPTION (( 'STEP AP203' ),
    '1' );
FILE_NAME ('编码器底座2_1221.STEP',
    '2022-12-21T15:51:09',
    ( '' ),
    ( '' ),
    'SwSTEP 2.0',
    'SolidWorks 2020',
    '' );
FILE_SCHEMA (( 'CONFIG_CONTROL_DESIGN' ));
ENDSEC;

DATA;
#1 = LINE ( 'NONE', #1402, #470 ) ;
#2 = DIRECTION ( 'NONE',  ( -0.000000000000000000, -0.000000000000000000, -1.000000000000000000 ) ) ;
#3 = ORIENTED_EDGE ( 'NONE', *, *, #392, .T. ) ;
#4 = ORIENTED_EDGE ( 'NONE', *, *, #808, .F. ) ;
#5 = DIRECTION ( 'NONE',  ( -1.000000000000000000, 0.000000000000000000, 0.000000000000000000 ) ) ;
#6 = VECTOR ( 'NONE', #73, 1000.000000000000000 ) ;
#7 = PLANE ( 'NONE',  #1460 ) ;
#8 = LINE ( 'NONE', #428, #1791 ) ;
#9 = FACE_OUTER_BOUND ( 'NONE', #1313, .T. ) ;
#10 = CARTESIAN_POINT ( 'NONE',  ( 25.00000000000000000, 0.7366000000000028081, 10.87011754601014601 ) ) ;
#11 = ORIENTED_EDGE ( 'NONE', *, *, #766, .T. ) ;
#12 = ORIENTED_EDGE ( 'NONE', *, *, #22, .T. ) ;
#13 = VECTOR ( 'NONE', #220, 1000.000000000000000 ) ;
#14 = VERTEX_POINT ( 'NONE', #1525 ) ;
#15 = LINE ( 'NONE', #696, #828 ) ;
#16 = EDGE_CURVE ( 'NONE', #743, #184, #1174, .T. ) ;
#17 = CARTESIAN_POINT ( 'NONE',  ( -25.00000000000000000, 33.89100396670975357, 20.86677251825205914 ) ) ;
#18 = CARTESIAN_POINT ( 'NONE',  ( 25.00000000000000000, 3.591211504919462616, 20.86677251825205914 ) ) ;
#19 = AXIS2_PLACEMENT_3D ( 'NONE', #1349, #93, #1629 ) ;
#20 = VERTEX_POINT ( 'NONE', #585 ) ;
#21 = CARTESIAN_POINT ( 'NONE',  ( 6.495190528383290030, 22.25000000000000000, 21.86677251825205914 ) ) ;
#22 = EDGE_CURVE ( 'NONE', #843, #1673, #1, .T. ) ;
#23 = ORIENTED_EDGE ( 'NONE', *, *, #1401, .F. ) ;
#24 = ORIENTED_EDGE ( 'NONE', *, *, #825, .T. ) ;
#25 = DIRECTION ( 'NONE',  ( 0.000000000000000000, 0.000000000000000000, -1.000000000000000000 ) ) ;
#26 = DIRECTION ( 'NONE',  ( -0.000000000000000000, -0.000000000000000000, -1.000000000000000000 ) ) ;
#27 = DIRECTION ( 'NONE',  ( -1.000000000000000000, 0.000000000000000000, 0.000000000000000000 ) ) ;
#28 = EDGE_CURVE ( 'NONE', #625, #214, #1148, .T. ) ;
#29 = CIRCLE ( 'NONE', #403, 1.049999999999998046 ) ;
#30 = DIRECTION ( 'NONE',  ( -1.000000000000000000, 0.000000000000000000, 0.000000000000000000 ) ) ;
#31 = CARTESIAN_POINT ( 'NONE',  ( -2.707571122453044367E-15, 26.00000000000000355, 20.86677251825205914 ) ) ;
#32 = ORIENTED_EDGE ( 'NONE', *, *, #1340, .T. ) ;
#33 = VERTEX_POINT ( 'NONE', #700 ) ;
#34 = VERTEX_POINT ( 'NONE', #556 ) ;
#35 = CARTESIAN_POINT ( 'NONE',  ( -17.50000000000000000, -1.000000000000000000, -4.000000000000000000 ) ) ;
#36 = AXIS2_PLACEMENT_3D ( 'NONE', #174, #898, #200 ) ;
#37 = CARTESIAN_POINT ( 'NONE',  ( -25.00000000000000000, -1.000000000000000000, 10.87011754601014601 ) ) ;
#38 = DIRECTION ( 'NONE',  ( -1.000000000000000000, 0.000000000000000000, 0.000000000000000000 ) ) ;
#39 = DIRECTION ( 'NONE',  ( -0.000000000000000000, -0.000000000000000000, -1.000000000000000000 ) ) ;
#40 = EDGE_CURVE ( 'NONE', #993, #476, #418, .T. ) ;
#41 = ORIENTED_EDGE ( 'NONE', *, *, #1371, .T. ) ;
#42 = AXIS2_PLACEMENT_3D ( 'NONE', #949, #774, #387 ) ;
#43 = ORIENTED_EDGE ( 'NONE', *, *, #1133, .F. ) ;
#44 = ADVANCED_FACE ( 'NONE', ( #448 ), #690, .F. ) ;
#45 = DIRECTION ( 'NONE',  ( 0.000000000000000000, 0.9396926207859104263, -0.3420201433256631063 ) ) ;
#46 = CARTESIAN_POINT ( 'NONE',  ( 25.00000000000000000, 3.686287386450715076E-15, 10.87011754601014601 ) ) ;
#47 = DIRECTION ( 'NONE',  ( -1.000000000000000000, 0.000000000000000000, 0.000000000000000000 ) ) ;
#48 = DIRECTION ( 'NONE',  ( -1.000000000000000000, 0.000000000000000000, 0.000000000000000000 ) ) ;
#49 = EDGE_CURVE ( 'NONE', #494, #1674, #1115, .T. ) ;
#50 = CIRCLE ( 'NONE', #1706, 1.049999999999998268 ) ;
#51 = EDGE_LOOP ( 'NONE', ( #101, #1200, #735, #1239 ) ) ;
#52 = CIRCLE ( 'NONE', #394, 1.550000000000000933 ) ;
#53 = VERTEX_POINT ( 'NONE', #1796 ) ;
#54 = CARTESIAN_POINT ( 'NONE',  ( 17.50000000000000000, 0.000000000000000000, -2.399999999999998135 ) ) ;
#55 = DIRECTION ( 'NONE',  ( 0.000000000000000000, 0.000000000000000000, 1.000000000000000000 ) ) ;
#56 = DIRECTION ( 'NONE',  ( -1.000000000000000000, 0.000000000000000000, 0.000000000000000000 ) ) ;
#57 = DIRECTION ( 'NONE',  ( 0.000000000000000000, 0.000000000000000000, 1.000000000000000000 ) ) ;
#58 = ORIENTED_EDGE ( 'NONE', *, *, #444, .F. ) ;
#59 = ORIENTED_EDGE ( 'NONE', *, *, #444, .T. ) ;
#60 = DIRECTION ( 'NONE',  ( -1.000000000000000000, 0.000000000000000000, 0.000000000000000000 ) ) ;
#61 = DIRECTION ( 'NONE',  ( 0.000000000000000000, 1.000000000000000000, 0.000000000000000000 ) ) ;
#62 = DIRECTION ( 'NONE',  ( -0.000000000000000000, -0.000000000000000000, -1.000000000000000000 ) ) ;
#63 = EDGE_CURVE ( 'NONE', #1587, #999, #441, .T. ) ;
#64 = LINE ( 'NONE', #1156, #747 ) ;
#65 = AXIS2_PLACEMENT_3D ( 'NONE', #327, #1178, #481 ) ;
#66 = ADVANCED_FACE ( 'NONE', ( #9 ), #979, .F. ) ;
#67 = ORIENTED_EDGE ( 'NONE', *, *, #869, .F. ) ;
#68 = ORIENTED_EDGE ( 'NONE', *, *, #185, .F. ) ;
#69 = CARTESIAN_POINT ( 'NONE',  ( -23.00000000000000000, -1.000000000000000000, -11.00000000000000000 ) ) ;
#70 = CARTESIAN_POINT ( 'NONE',  ( -25.00000000000000000, -1.000000000000000000, -9.000000000000000000 ) ) ;
#71 = EDGE_CURVE ( 'NONE', #1569, #1593, #1544, .T. ) ;
#72 = CARTESIAN_POINT ( 'NONE',  ( -11.49999999999999822, 30.00000000000000000, 21.86677251825205914 ) ) ;
#73 = DIRECTION ( 'NONE',  ( -1.000000000000000000, -0.000000000000000000, -0.000000000000000000 ) ) ;
#74 = CARTESIAN_POINT ( 'NONE',  ( -11.49999999999999822, 7.000000000000003553, 20.86677251825205914 ) ) ;
#75 = EDGE_CURVE ( 'NONE', #179, #993, #267, .T. ) ;
#76 = ORIENTED_EDGE ( 'NONE', *, *, #1742, .F. ) ;
#77 = ADVANCED_FACE ( 'NONE', ( #622 ), #1171, .F. ) ;
#78 = CIRCLE ( 'NONE', #1501, 0.7365999999999970349 ) ;
#79 = ORIENTED_EDGE ( 'NONE', *, *, #1401, .T. ) ;
#80 = VECTOR ( 'NONE', #446, 1000.000000000000000 ) ;
#81 = VECTOR ( 'NONE', #1303, 1000.000000000000000 ) ;
#82 = FACE_OUTER_BOUND ( 'NONE', #1357, .T. ) ;
#83 = DATE_TIME_ROLE ( 'creation_date' ) ;
#84 = DIRECTION ( 'NONE',  ( -0.000000000000000000, -0.000000000000000000, -1.000000000000000000 ) ) ;
#85 = DIRECTION ( 'NONE',  ( 0.000000000000000000, 0.000000000000000000, -1.000000000000000000 ) ) ;
#86 = DIRECTION ( 'NONE',  ( -1.000000000000000000, 0.000000000000000000, 0.000000000000000000 ) ) ;
#87 = ORIENTED_EDGE ( 'NONE', *, *, #911, .F. ) ;
#88 = ADVANCED_FACE ( 'NONE', ( #1028 ), #1042, .T. ) ;
#89 = EDGE_LOOP ( 'NONE', ( #1680, #1743, #578, #1385 ) ) ;
#90 = LINE ( 'NONE', #378, #370 ) ;
#91 = COORDINATED_UNIVERSAL_TIME_OFFSET ( 8, 0, .AHEAD. ) ;
#92 = CARTESIAN_POINT ( 'NONE',  ( 17.50000000000000000, -1.000000000000000000, -5.600000000000001421 ) ) ;
#93 = DIRECTION ( 'NONE',  ( -0.000000000000000000, -0.000000000000000000, -1.000000000000000000 ) ) ;
#94 = EDGE_LOOP ( 'NONE', ( #1045, #1517, #931, #170 ) ) ;
#95 = EDGE_CURVE ( 'NONE', #1080, #726, #1410, .T. ) ;
#96 = VERTEX_POINT ( 'NONE', #882 ) ;
#97 = VERTEX_POINT ( 'NONE', #594 ) ;
#98 = FACE_BOUND ( 'NONE', #298, .T. ) ;
#99 = CARTESIAN_POINT ( 'NONE',  ( 0.000000000000000000, 0.000000000000000000, 0.000000000000000000 ) ) ;
#100 = CARTESIAN_POINT ( 'NONE',  ( 25.00000000000000000, -0.9999999999999963363, 10.87011754601014601 ) ) ;
#101 = ORIENTED_EDGE ( 'NONE', *, *, #1781, .F. ) ;
#102 = EDGE_CURVE ( 'NONE', #1631, #908, #1380, .T. ) ;
#103 = ORIENTED_EDGE ( 'NONE', *, *, #1556, .F. ) ;
#104 = AXIS2_PLACEMENT_3D ( 'NONE', #400, #555, #145 ) ;
#105 = AXIS2_PLACEMENT_3D ( 'NONE', #959, #407, #968 ) ;
#106 = DIRECTION ( 'NONE',  ( 0.000000000000000000, 0.000000000000000000, 1.000000000000000000 ) ) ;
#107 = COORDINATED_UNIVERSAL_TIME_OFFSET ( 8, 0, .AHEAD. ) ;
#108 = CIRCLE ( 'NONE', #1708, 1.550000000000000933 ) ;
#109 = FACE_BOUND ( 'NONE', #811, .T. ) ;
#110 = DIRECTION ( 'NONE',  ( -1.000000000000000000, -7.345289713370191617E-17, 0.000000000000000000 ) ) ;
#111 = VERTEX_POINT ( 'NONE', #764 ) ;
#112 = ADVANCED_FACE ( 'NONE', ( #1155 ), #1591, .F. ) ;
#113 = EDGE_LOOP ( 'NONE', ( #672, #653, #878, #277 ) ) ;
#114 = DIRECTION ( 'NONE',  ( -1.000000000000000000, 0.000000000000000000, 0.000000000000000000 ) ) ;
#115 = FACE_OUTER_BOUND ( 'NONE', #1750, .T. ) ;
#116 = VECTOR ( 'NONE', #161, 1000.000000000000000 ) ;
#117 = DIRECTION ( 'NONE',  ( 1.000000000000000000, 0.000000000000000000, 0.000000000000000000 ) ) ;
#118 = PLANE ( 'NONE',  #1093 ) ;
#119 = VERTEX_POINT ( 'NONE', #1452 ) ;
#120 = EDGE_CURVE ( 'NONE', #1699, #1701, #890, .T. ) ;
#121 = ORIENTED_EDGE ( 'NONE', *, *, #819, .T. ) ;
#122 = CARTESIAN_POINT ( 'NONE',  ( 5.445190528383291095, 14.75000000000000355, 21.86677251825205914 ) ) ;
#123 = DIRECTION ( 'NONE',  ( -1.000000000000000000, -0.000000000000000000, -0.000000000000000000 ) ) ;
#124 = CARTESIAN_POINT ( 'NONE',  ( 24.99999999999999645, 4.106984377564726785, 20.86677251825206625 ) ) ;
#125 = DIRECTION ( 'NONE',  ( -1.000000000000000000, 0.000000000000000000, 0.000000000000000000 ) ) ;
#126 = EDGE_CURVE ( 'NONE', #1005, #939, #619, .T. ) ;
#127 = CARTESIAN_POINT ( 'NONE',  ( 17.50000000000000000, 0.000000000000000000, -4.000000000000000000 ) ) ;
#128 = DIRECTION ( 'NONE',  ( -0.000000000000000000, -0.000000000000000000, -1.000000000000000000 ) ) ;
#129 = ORIENTED_EDGE ( 'NONE', *, *, #337, .F. ) ;
#130 = DIRECTION ( 'NONE',  ( 0.000000000000000000, 1.000000000000000000, 0.000000000000000000 ) ) ;
#131 = CARTESIAN_POINT ( 'NONE',  ( -25.00000000000000000, 0.000000000000000000, -9.000000000000000000 ) ) ;
#132 = PRODUCT_RELATED_PRODUCT_CATEGORY ( 'detail', '', ( #222 ) ) ;
#133 = AXIS2_PLACEMENT_3D ( 'NONE', #74, #183, #757 ) ;
#134 = AXIS2_PLACEMENT_3D ( 'NONE', #1390, #1688, #969 ) ;
#135 = DIRECTION ( 'NONE',  ( -0.000000000000000000, -0.000000000000000000, -1.000000000000000000 ) ) ;
#136 = FACE_OUTER_BOUND ( 'NONE', #1555, .T. ) ;
#137 = VECTOR ( 'NONE', #180, 1000.000000000000000 ) ;
#138 = DIRECTION ( 'NONE',  ( 0.000000000000000000, 0.000000000000000000, -1.000000000000000000 ) ) ;
#139 = CARTESIAN_POINT ( 'NONE',  ( -25.00000000000000000, 0.7365999999999991443, 10.87011754601014601 ) ) ;
#140 = ORIENTED_EDGE ( 'NONE', *, *, #472, .F. ) ;
#141 = VERTEX_POINT ( 'NONE', #1329 ) ;
#142 = DIRECTION ( 'NONE',  ( -0.000000000000000000, -0.000000000000000000, -1.000000000000000000 ) ) ;
#143 = AXIS2_PLACEMENT_3D ( 'NONE', #491, #832, #822 ) ;
#144 = DIRECTION ( 'NONE',  ( -0.000000000000000000, -0.000000000000000000, -1.000000000000000000 ) ) ;
#145 = DIRECTION ( 'NONE',  ( -1.000000000000000000, 0.000000000000000000, 0.000000000000000000 ) ) ;
#146 = DIRECTION ( 'NONE',  ( -0.000000000000000000, -0.000000000000000000, -1.000000000000000000 ) ) ;
#147 = CARTESIAN_POINT ( 'NONE',  ( 11.50000000000000711, 7.000000000000003553, 21.86677251825205914 ) ) ;
#148 = EDGE_LOOP ( 'NONE', ( #1131, #1054 ) ) ;
#149 = EDGE_CURVE ( 'NONE', #119, #1757, #631, .T. ) ;
#150 = ORIENTED_EDGE ( 'NONE', *, *, #715, .F. ) ;
#151 = CARTESIAN_POINT ( 'NONE',  ( 11.50000000000000711, 30.00000000000000000, 30.86677251825205914 ) ) ;
#152 = AXIS2_PLACEMENT_3D ( 'NONE', #605, #473, #458 ) ;
#153 = CYLINDRICAL_SURFACE ( 'NONE', #1764, 1.550000000000000933 ) ;
#154 = CARTESIAN_POINT ( 'NONE',  ( 13.05000000000000782, 7.000000000000003553, 21.86677251825205914 ) ) ;
#155 = VERTEX_POINT ( 'NONE', #319 ) ;
#156 = DIRECTION ( 'NONE',  ( -1.000000000000000000, 0.000000000000000000, 0.000000000000000000 ) ) ;
#157 = AXIS2_PLACEMENT_3D ( 'NONE', #1117, #1137, #166 ) ;
#158 = ORIENTED_EDGE ( 'NONE', *, *, #990, .F. ) ;
#159 = VERTEX_POINT ( 'NONE', #1704 ) ;
#160 = CARTESIAN_POINT ( 'NONE',  ( 23.00000000000000000, 0.000000000000000000, -11.00000000000000000 ) ) ;
#161 = DIRECTION ( 'NONE',  ( 0.000000000000000000, 0.000000000000000000, 1.000000000000000000 ) ) ;
#162 = DIRECTION ( 'NONE',  ( -1.000000000000000000, 0.000000000000000000, 0.000000000000000000 ) ) ;
#163 = VECTOR ( 'NONE', #906, 1000.000000000000114 ) ;
#164 = CIRCLE ( 'NONE', #515, 6.049999999999999822 ) ;
#165 = ORIENTED_EDGE ( 'NONE', *, *, #1612, .T. ) ;
#166 = DIRECTION ( 'NONE',  ( 0.000000000000000000, -0.9396926207859102043, 0.3420201433256635504 ) ) ;
#167 = AXIS2_PLACEMENT_3D ( 'NONE', #172, #61, #889 ) ;
#168 = VECTOR ( 'NONE', #627, 1000.000000000000000 ) ;
#169 = ORIENTED_EDGE ( 'NONE', *, *, #1241, .T. ) ;
#170 = ORIENTED_EDGE ( 'NONE', *, *, #1015, .F. ) ;
#171 = CYLINDRICAL_SURFACE ( 'NONE', #484, 1.550000000000000933 ) ;
#172 = CARTESIAN_POINT ( 'NONE',  ( 0.000000000000000000, -1.000000000000000000, 7.500000000000000000 ) ) ;
#173 = ADVANCED_FACE ( 'NONE', ( #1189 ), #1738, .F. ) ;
#174 = CARTESIAN_POINT ( 'NONE',  ( -11.49999999999999822, 7.000000000000003553, 30.86677251825205914 ) ) ;
#175 = CARTESIAN_POINT ( 'NONE',  ( -25.00000000000000000, 0.04442241552909866747, 11.12204958358382889 ) ) ;
#176 = ORIENTED_EDGE ( 'NONE', *, *, #348, .F. ) ;
#177 = VECTOR ( 'NONE', #135, 1000.000000000000000 ) ;
#178 = EDGE_CURVE ( 'NONE', #1423, #1193, #760, .T. ) ;
#179 = VERTEX_POINT ( 'NONE', #1562 ) ;
#180 = DIRECTION ( 'NONE',  ( 0.000000000000000000, 0.000000000000000000, 1.000000000000000000 ) ) ;
#181 = DIRECTION ( 'NONE',  ( 0.000000000000000000, 0.000000000000000000, -1.000000000000000000 ) ) ;
#182 = DIRECTION ( 'NONE',  ( -0.000000000000000000, -0.000000000000000000, -1.000000000000000000 ) ) ;
#183 = DIRECTION ( 'NONE',  ( 0.000000000000000000, 0.000000000000000000, -1.000000000000000000 ) ) ;
#184 = VERTEX_POINT ( 'NONE', #189 ) ;
#185 = EDGE_CURVE ( 'NONE', #621, #753, #1295, .T. ) ;
#186 = ORIENTED_EDGE ( 'NONE', *, *, #463, .T. ) ;
#187 = CARTESIAN_POINT ( 'NONE',  ( -23.00000000000000000, 33.89100396670975357, 21.86677251825205914 ) ) ;
#188 = CARTESIAN_POINT ( 'NONE',  ( -5.445190528383292872, 14.75000000000000178, 21.86677251825205914 ) ) ;
#189 = CARTESIAN_POINT ( 'NONE',  ( 1.049999999999995604, 26.00000000000000355, 20.86677251825205914 ) ) ;
#190 = CARTESIAN_POINT ( 'NONE',  ( -17.50000000000000000, 0.000000000000000000, -4.000000000000000000 ) ) ;
#191 = CIRCLE ( 'NONE', #456, 1.049999999999998046 ) ;
#192 = AXIS2_PLACEMENT_3D ( 'NONE', #1523, #301, #427 ) ;
#193 = ORIENTED_EDGE ( 'NONE', *, *, #1548, .T. ) ;
#194 = VECTOR ( 'NONE', #574, 1000.000000000000114 ) ;
#195 = ORIENTED_EDGE ( 'NONE', *, *, #1617, .F. ) ;
#196 = ADVANCED_FACE ( 'NONE', ( #875 ), #1427, .F. ) ;
#197 = DIRECTION ( 'NONE',  ( 0.000000000000000000, 1.000000000000000000, 0.000000000000000000 ) ) ;
#198 = DIRECTION ( 'NONE',  ( -0.000000000000000000, -0.000000000000000000, -1.000000000000000000 ) ) ;
#199 = ADVANCED_FACE ( 'NONE', ( #1320 ), #333, .F. ) ;
#200 = DIRECTION ( 'NONE',  ( -1.000000000000000000, 0.000000000000000000, 0.000000000000000000 ) ) ;
#201 = DIRECTION ( 'NONE',  ( 0.000000000000000000, 0.000000000000000000, 1.000000000000000000 ) ) ;
#202 = ORIENTED_EDGE ( 'NONE', *, *, #1753, .T. ) ;
#203 = AXIS2_PLACEMENT_3D ( 'NONE', #1647, #1530, #704 ) ;
#204 = ORIENTED_EDGE ( 'NONE', *, *, #626, .F. ) ;
#205 = DIRECTION ( 'NONE',  ( 0.000000000000000000, 1.000000000000000000, 0.000000000000000000 ) ) ;
#206 = CARTESIAN_POINT ( 'NONE',  ( 23.00000000000000000, -1.000000000000000000, -9.000000000000000000 ) ) ;
#207 = AXIS2_PLACEMENT_3D ( 'NONE', #1104, #1697, #1419 ) ;
#208 = CARTESIAN_POINT ( 'NONE',  ( 17.50000000000000000, -1.000000000000000000, -5.600000000000002309 ) ) ;
#209 = ADVANCED_FACE ( 'NONE', ( #756 ), #503, .F. ) ;
#210 = DIRECTION ( 'NONE',  ( 0.000000000000000000, 0.000000000000000000, 1.000000000000000000 ) ) ;
#211 = FACE_OUTER_BOUND ( 'NONE', #303, .T. ) ;
#212 = AXIS2_PLACEMENT_3D ( 'NONE', #151, #142, #1232 ) ;
#213 = VERTEX_POINT ( 'NONE', #492 ) ;
#214 = VERTEX_POINT ( 'NONE', #916 ) ;
#215 = APPLICATION_CONTEXT ( 'configuration controlled 3d designs of mechanical parts and assemblies' ) ;
#216 = ADVANCED_FACE ( 'NONE', ( #669, #661, #109, #1051, #1235, #1224, #363, #654, #1059, #1608, #1480, #1748 ), #1618, .F. ) ;
#217 = DIRECTION ( 'NONE',  ( -1.000000000000000000, -0.000000000000000000, -0.000000000000000000 ) ) ;
#218 = PERSON_AND_ORGANIZATION ( #1516, #780 ) ;
#219 = LINE ( 'NONE', #1461, #818 ) ;
#220 = DIRECTION ( 'NONE',  ( 0.000000000000000000, 1.000000000000000000, 0.000000000000000000 ) ) ;
#221 = CARTESIAN_POINT ( 'NONE',  ( 11.50000000000000711, 7.000000000000003553, 20.86677251825205914 ) ) ;
#222 = PRODUCT ( '编码器底座2_1221', '编码器底座2_1221', '', ( #372 ) ) ;
#223 = ORIENTED_EDGE ( 'NONE', *, *, #1612, .F. ) ;
#224 = AXIS2_PLACEMENT_3D ( 'NONE', #1784, #1481, #1776 ) ;
#225 = CC_DESIGN_APPROVAL ( #268, ( #872 ) ) ;
#226 = VERTEX_POINT ( 'NONE', #1470 ) ;
#227 = CIRCLE ( 'NONE', #634, 1.600000000000001643 ) ;
#228 = CARTESIAN_POINT ( 'NONE',  ( -13.04999999999999716, 7.000000000000003553, 20.86677251825205914 ) ) ;
#229 = DIRECTION ( 'NONE',  ( -1.000000000000000000, 0.000000000000000000, 0.000000000000000000 ) ) ;
#230 = CARTESIAN_POINT ( 'NONE',  ( 25.00000000000000000, 35.89100396670976068, 21.86677251825205914 ) ) ;
#231 = CARTESIAN_POINT ( 'NONE',  ( 25.00000000000000000, 0.000000000000000000, 10.87011754601014601 ) ) ;
#232 = EDGE_CURVE ( 'NONE', #939, #226, #648, .T. ) ;
#233 = CIRCLE ( 'NONE', #1288, 0.7365999999999991443 ) ;
#234 = ORIENTED_EDGE ( 'NONE', *, *, #1444, .T. ) ;
#235 = ORIENTED_EDGE ( 'NONE', *, *, #1046, .T. ) ;
#236 = DIRECTION ( 'NONE',  ( -1.000000000000000000, 6.938893903907228378E-17, 0.000000000000000000 ) ) ;
#237 = ADVANCED_FACE ( 'NONE', ( #1207 ), #511, .F. ) ;
#238 = ORIENTED_EDGE ( 'NONE', *, *, #589, .F. ) ;
#239 = FACE_OUTER_BOUND ( 'NONE', #521, .T. ) ;
#240 = DIRECTION ( 'NONE',  ( 0.000000000000000000, 0.3420201433256631063, 0.9396926207859104263 ) ) ;
#241 = ORIENTED_EDGE ( 'NONE', *, *, #1298, .T. ) ;
#242 = EDGE_LOOP ( 'NONE', ( #67, #204, #651, #241 ) ) ;
#243 = CARTESIAN_POINT ( 'NONE',  ( 0.000000000000000000, -1.000000000000000000, 0.000000000000000000 ) ) ;
#244 = DIRECTION ( 'NONE',  ( 0.000000000000000000, -0.000000000000000000, 1.000000000000000000 ) ) ;
#245 = LINE ( 'NONE', #1091, #1790 ) ;
#246 = EDGE_LOOP ( 'NONE', ( #961, #103 ) ) ;
#247 = ORIENTED_EDGE ( 'NONE', *, *, #1344, .T. ) ;
#248 = CIRCLE ( 'NONE', #1013, 1.550000000000000933 ) ;
#249 = VECTOR ( 'NONE', #488, 1000.000000000000000 ) ;
#250 = CARTESIAN_POINT ( 'NONE',  ( 17.50000000000000000, -1.000000000000000000, -4.000000000000000000 ) ) ;
#251 = DIRECTION ( 'NONE',  ( 1.000000000000000000, 0.000000000000000000, 0.000000000000000000 ) ) ;
#252 = EDGE_CURVE ( 'NONE', #999, #1674, #1502, .T. ) ;
#253 = DIRECTION ( 'NONE',  ( 0.000000000000000000, 0.000000000000000000, 1.000000000000000000 ) ) ;
#254 = DIRECTION ( 'NONE',  ( 0.000000000000000000, 0.000000000000000000, -1.000000000000000000 ) ) ;
#255 = EDGE_LOOP ( 'NONE', ( #1668, #1431 ) ) ;
#256 = VERTEX_POINT ( 'NONE', #1775 ) ;
#257 = ADVANCED_FACE ( 'NONE', ( #1641 ), #1767, .F. ) ;
#258 = CARTESIAN_POINT ( 'NONE',  ( 0.000000000000000000, 0.000000000000000000, 7.500000000000000000 ) ) ;
#259 = CYLINDRICAL_SURFACE ( 'NONE', #295, 1.600000000000001643 ) ;
#260 = EDGE_CURVE ( 'NONE', #1579, #1631, #865, .T. ) ;
#261 = VECTOR ( 'NONE', #1215, 1000.000000000000000 ) ;
#262 = FACE_OUTER_BOUND ( 'NONE', #1006, .T. ) ;
#263 = FACE_BOUND ( 'NONE', #1718, .T. ) ;
#264 = EDGE_CURVE ( 'NONE', #20, #213, #294, .T. ) ;
#265 = VERTEX_POINT ( 'NONE', #1338 ) ;
#266 = EDGE_LOOP ( 'NONE', ( #517, #558, #938, #485 ) ) ;
#267 = CIRCLE ( 'NONE', #943, 1.049999999999998046 ) ;
#268 = APPROVAL ( #1195, '未指定' ) ;
#269 = LINE ( 'NONE', #1242, #1520 ) ;
#270 = DIRECTION ( 'NONE',  ( -1.000000000000000000, -0.000000000000000000, -0.000000000000000000 ) ) ;
#271 = CARTESIAN_POINT ( 'NONE',  ( -11.49999999999999822, 30.00000000000000000, 20.86677251825205914 ) ) ;
#272 = CARTESIAN_POINT ( 'NONE',  ( 4.788417562850799158E-17, 11.00000000000000355, 21.86677251825205914 ) ) ;
#273 = ADVANCED_FACE ( 'NONE', ( #815 ), #1372, .F. ) ;
#274 = CARTESIAN_POINT ( 'NONE',  ( 6.495190528383290030, 22.25000000000000000, 30.86677251825205914 ) ) ;
#275 = CARTESIAN_POINT ( 'NONE',  ( 25.00000000000000000, 4.106984377564728561, 20.13017251825205989 ) ) ;
#276 = ORIENTED_EDGE ( 'NONE', *, *, #1063, .T. ) ;
#277 = ORIENTED_EDGE ( 'NONE', *, *, #1599, .F. ) ;
#278 = LINE ( 'NONE', #995, #1138 ) ;
#279 = CIRCLE ( 'NONE', #1158, 1.550000000000002709 ) ;
#280 = VECTOR ( 'NONE', #205, 1000.000000000000000 ) ;
#281 = CC_DESIGN_APPROVAL ( #708, ( #1038 ) ) ;
#282 = FACE_OUTER_BOUND ( 'NONE', #682, .T. ) ;
#283 = CYLINDRICAL_SURFACE ( 'NONE', #134, 1.049999999999998046 ) ;
#284 = AXIS2_PLACEMENT_3D ( 'NONE', #399, #1134, #988 ) ;
#285 = ORIENTED_EDGE ( 'NONE', *, *, #549, .F. ) ;
#286 = CARTESIAN_POINT ( 'NONE',  ( -11.49999999999999822, 7.000000000000003553, 30.86677251825205914 ) ) ;
#287 = ORIENTED_EDGE ( 'NONE', *, *, #1229, .F. ) ;
#288 = ORIENTED_EDGE ( 'NONE', *, *, #720, .F. ) ;
#289 = LINE ( 'NONE', #1782, #1002 ) ;
#290 = AXIS2_PLACEMENT_3D ( 'NONE', #1479, #1646, #1088 ) ;
#291 = LINE ( 'NONE', #1695, #1071 ) ;
#292 = FACE_BOUND ( 'NONE', #255, .T. ) ;
#293 = EDGE_CURVE ( 'NONE', #1579, #119, #349, .T. ) ;
#294 = CIRCLE ( 'NONE', #1027, 1.600000000000000755 ) ;
#295 = AXIS2_PLACEMENT_3D ( 'NONE', #250, #1675, #1802 ) ;
#296 = CARTESIAN_POINT ( 'NONE',  ( 13.05000000000000782, 7.000000000000003553, 30.86677251825205914 ) ) ;
#297 = DIRECTION ( 'NONE',  ( -1.000000000000000000, 0.000000000000000000, 0.000000000000000000 ) ) ;
#298 = EDGE_LOOP ( 'NONE', ( #1716, #530 ) ) ;
#299 = VERTEX_POINT ( 'NONE', #786 ) ;
#300 = CARTESIAN_POINT ( 'NONE',  ( 25.00000000000000000, 2.651518884133551968, 21.20879266157772136 ) ) ;
#301 = DIRECTION ( 'NONE',  ( -0.000000000000000000, -0.000000000000000000, -1.000000000000000000 ) ) ;
#302 = FACE_BOUND ( 'NONE', #975, .T. ) ;
#303 = EDGE_LOOP ( 'NONE', ( #43, #401, #1269, #1180 ) ) ;
#304 = DIRECTION ( 'NONE',  ( -1.000000000000000000, 0.000000000000000000, 0.000000000000000000 ) ) ;
#305 = ADVANCED_FACE ( 'NONE', ( #1363, #641, #1488, #239 ), #380, .T. ) ;
#306 = ORIENTED_EDGE ( 'NONE', *, *, #1368, .F. ) ;
#307 = ORIENTED_EDGE ( 'NONE', *, *, #398, .F. ) ;
#308 = DIRECTION ( 'NONE',  ( 0.000000000000000000, 1.000000000000000000, 0.000000000000000000 ) ) ;
#309 = CARTESIAN_POINT ( 'NONE',  ( -25.00000000000000000, -1.000000000000000000, -11.00000000000000000 ) ) ;
#310 = VECTOR ( 'NONE', #547, 1000.000000000000114 ) ;
#311 = AXIS2_PLACEMENT_3D ( 'NONE', #1032, #45, #1176 ) ;
#312 = CARTESIAN_POINT ( 'NONE',  ( 23.00000000000000000, 33.89100396670975357, 20.86677251825205914 ) ) ;
#313 = DIRECTION ( 'NONE',  ( 0.000000000000000000, 0.000000000000000000, 1.000000000000000000 ) ) ;
#314 = VERTEX_POINT ( 'NONE', #804 ) ;
#315 = ORIENTED_EDGE ( 'NONE', *, *, #684, .T. ) ;
#316 = PLANE ( 'NONE',  #1128 ) ;
#317 = DIRECTION ( 'NONE',  ( 0.000000000000000000, 0.000000000000000000, -1.000000000000000000 ) ) ;
#318 = ADVANCED_FACE ( 'NONE', ( #1262 ), #7, .F. ) ;
#319 = CARTESIAN_POINT ( 'NONE',  ( 1.049999999999995604, 26.00000000000000355, 21.86677251825205914 ) ) ;
#320 = CARTESIAN_POINT ( 'NONE',  ( 0.000000000000000000, -1.000000000000000000, 9.099999999999999645 ) ) ;
#321 = EDGE_CURVE ( 'NONE', #1005, #420, #718, .T. ) ;
#322 = VERTEX_POINT ( 'NONE', #17 ) ;
#323 = EDGE_LOOP ( 'NONE', ( #608, #1430, #994, #1405 ) ) ;
#324 = CARTESIAN_POINT ( 'NONE',  ( 11.50000000000000711, 7.000000000000003553, 30.86677251825205914 ) ) ;
#325 = AXIS2_PLACEMENT_3D ( 'NONE', #127, #680, #972 ) ;
#326 =( NAMED_UNIT ( * ) SI_UNIT ( $, .STERADIAN. ) SOLID_ANGLE_UNIT ( ) );
#327 = CARTESIAN_POINT ( 'NONE',  ( 6.495190528383287365, 14.75000000000000355, 30.86677251825205914 ) ) ;
#328 = FACE_OUTER_BOUND ( 'NONE', #635, .T. ) ;
#329 = EDGE_LOOP ( 'NONE', ( #315, #1151 ) ) ;
#330 = VERTEX_POINT ( 'NONE', #1783 ) ;
#331 = DIRECTION ( 'NONE',  ( -0.000000000000000000, -0.3420201433256631063, -0.9396926207859104263 ) ) ;
#332 =( LENGTH_UNIT ( ) NAMED_UNIT ( * ) SI_UNIT ( .MILLI., .METRE. ) );
#333 = CYLINDRICAL_SURFACE ( 'NONE', #36, 1.549999999999999378 ) ;
#334 = CARTESIAN_POINT ( 'NONE',  ( -25.00000000000000000, 35.89100396670976068, 20.86677251825205914 ) ) ;
#335 = AXIS2_PLACEMENT_3D ( 'NONE', #286, #1125, #304 ) ;
#336 = AXIS2_PLACEMENT_3D ( 'NONE', #544, #853, #677 ) ;
#337 = EDGE_CURVE ( 'NONE', #53, #476, #1199, .T. ) ;
#338 = EDGE_LOOP ( 'NONE', ( #1540, #1421 ) ) ;
#339 = VECTOR ( 'NONE', #1272, 1000.000000000000000 ) ;
#340 = VERTEX_POINT ( 'NONE', #1090 ) ;
#341 = ADVANCED_FACE ( 'NONE', ( #262 ), #1416, .F. ) ;
#342 = DIRECTION ( 'NONE',  ( 0.000000000000000000, 0.000000000000000000, 1.000000000000000000 ) ) ;
#343 = DIRECTION ( 'NONE',  ( 0.000000000000000000, 1.000000000000000000, 0.000000000000000000 ) ) ;
#344 = CIRCLE ( 'NONE', #1076, 1.049999999999998268 ) ;
#345 = DIRECTION ( 'NONE',  ( 1.000000000000000000, 0.000000000000000000, -0.000000000000000000 ) ) ;
#346 = CARTESIAN_POINT ( 'NONE',  ( -2.707571122453044367E-15, 26.00000000000000355, 21.86677251825205914 ) ) ;
#347 = EDGE_LOOP ( 'NONE', ( #453, #1445, #1012, #1286 ) ) ;
#348 = EDGE_CURVE ( 'NONE', #767, #1579, #997, .T. ) ;
#349 = CIRCLE ( 'NONE', #496, 1.736599999999997923 ) ;
#350 = ORIENTED_EDGE ( 'NONE', *, *, #178, .F. ) ;
#351 = CYLINDRICAL_SURFACE ( 'NONE', #1651, 1.049999999999997158 ) ;
#352 = APPLICATION_PROTOCOL_DEFINITION ( 'international standard', 'config_control_design', 1994, #1798 ) ;
#353 = AXIS2_PLACEMENT_3D ( 'NONE', #944, #526, #927 ) ;
#354 = DIRECTION ( 'NONE',  ( 0.000000000000000000, 0.000000000000000000, -1.000000000000000000 ) ) ;
#355 = CARTESIAN_POINT ( 'NONE',  ( 24.99999999999999645, 4.106984377564728561, 20.13017251825205989 ) ) ;
#356 = CARTESIAN_POINT ( 'NONE',  ( 6.049999999999998934, 18.50000000000000355, 30.86677251825205914 ) ) ;
#357 = ORIENTED_EDGE ( 'NONE', *, *, #1003, .F. ) ;
#358 = VERTEX_POINT ( 'NONE', #1649 ) ;
#359 = EDGE_CURVE ( 'NONE', #1799, #1332, #842, .T. ) ;
#360 = DIRECTION ( 'NONE',  ( 0.000000000000000000, 1.000000000000000000, 0.000000000000000000 ) ) ;
#361 = COORDINATED_UNIVERSAL_TIME_OFFSET ( 8, 0, .AHEAD. ) ;
#362 = CARTESIAN_POINT ( 'NONE',  ( -5.445190528383292872, 14.75000000000000178, 20.86677251825205914 ) ) ;
#363 = FACE_BOUND ( 'NONE', #693, .T. ) ;
#364 = CARTESIAN_POINT ( 'NONE',  ( 0.000000000000000000, -4.475024474061825686, 1.628775706171241122 ) ) ;
#365 = ADVANCED_FACE ( 'NONE', ( #1245 ), #564, .F. ) ;
#366 = EDGE_LOOP ( 'NONE', ( #1693, #369 ) ) ;
#367 = VECTOR ( 'NONE', #1285, 1000.000000000000000 ) ;
#368 = APPROVAL_PERSON_ORGANIZATION ( #1205, #477, #1370 ) ;
#369 = ORIENTED_EDGE ( 'NONE', *, *, #924, .T. ) ;
#370 = VECTOR ( 'NONE', #1773, 1000.000000000000114 ) ;
#371 = CYLINDRICAL_SURFACE ( 'NONE', #1567, 1.049999999999998046 ) ;
#372 = MECHANICAL_CONTEXT ( 'NONE', #1798, 'mechanical' ) ;
#373 = DIRECTION ( 'NONE',  ( 0.000000000000000000, 0.000000000000000000, -1.000000000000000000 ) ) ;
#374 = CYLINDRICAL_SURFACE ( 'NONE', #19, 6.049999999999999822 ) ;
#375 = ORIENTED_EDGE ( 'NONE', *, *, #911, .T. ) ;
#376 = CIRCLE ( 'NONE', #1787, 1.549999999999999378 ) ;
#377 = VERTEX_POINT ( 'NONE', #573 ) ;
#378 = CARTESIAN_POINT ( 'NONE',  ( 24.99999999999999645, 3.414806793093830617, 20.38210455582574454 ) ) ;
#379 = DIRECTION ( 'NONE',  ( 0.000000000000000000, 0.000000000000000000, 1.000000000000000000 ) ) ;
#380 = PLANE ( 'NONE',  #907 ) ;
#381 = DIRECTION ( 'NONE',  ( 0.000000000000000000, 0.000000000000000000, -1.000000000000000000 ) ) ;
#382 = EDGE_LOOP ( 'NONE', ( #709, #195 ) ) ;
#383 = EDGE_LOOP ( 'NONE', ( #1547, #831, #1322, #1732 ) ) ;
#384 = ADVANCED_FACE ( 'NONE', ( #1399 ), #153, .F. ) ;
#385 = EDGE_CURVE ( 'NONE', #939, #1005, #778, .T. ) ;
#386 = DIRECTION ( 'NONE',  ( 0.000000000000000000, -0.000000000000000000, 1.000000000000000000 ) ) ;
#387 = DIRECTION ( 'NONE',  ( -1.000000000000000000, 0.000000000000000000, 0.000000000000000000 ) ) ;
#388 = DIRECTION ( 'NONE',  ( 0.000000000000000000, 0.000000000000000000, -1.000000000000000000 ) ) ;
#389 = ORIENTED_EDGE ( 'NONE', *, *, #348, .T. ) ;
#390 = ADVANCED_FACE ( 'NONE', ( #282 ), #1687, .T. ) ;
#391 = ORIENTED_EDGE ( 'NONE', *, *, #1298, .F. ) ;
#392 = EDGE_CURVE ( 'NONE', #1491, #1569, #425, .T. ) ;
#393 = AXIS2_PLACEMENT_3D ( 'NONE', #190, #876, #201 ) ;
#394 = AXIS2_PLACEMENT_3D ( 'NONE', #271, #1669, #834 ) ;
#395 = DIRECTION ( 'NONE',  ( -0.000000000000000000, -1.000000000000000000, -0.000000000000000000 ) ) ;
#396 = CARTESIAN_POINT ( 'NONE',  ( -8.706009237320110307E-16, 18.50000000000000355, 20.86677251825205914 ) ) ;
#397 = VECTOR ( 'NONE', #480, 1000.000000000000000 ) ;
#398 = EDGE_CURVE ( 'NONE', #358, #141, #52, .T. ) ;
#399 = CARTESIAN_POINT ( 'NONE',  ( 6.495190528383287365, 14.75000000000000355, 21.86677251825205914 ) ) ;
#400 = CARTESIAN_POINT ( 'NONE',  ( 0.000000000000000000, 0.000000000000000000, 20.86677251825205914 ) ) ;
#401 = ORIENTED_EDGE ( 'NONE', *, *, #359, .F. ) ;
#402 = ORIENTED_EDGE ( 'NONE', *, *, #1636, .T. ) ;
#403 = AXIS2_PLACEMENT_3D ( 'NONE', #1196, #925, #541 ) ;
#404 = PLANE ( 'NONE',  #1715 ) ;
#405 = LINE ( 'NONE', #1511, #697 ) ;
#406 = ORIENTED_EDGE ( 'NONE', *, *, #260, .F. ) ;
#407 = DIRECTION ( 'NONE',  ( 0.000000000000000000, 0.000000000000000000, -1.000000000000000000 ) ) ;
#408 = CARTESIAN_POINT ( 'NONE',  ( -23.00000000000000000, 33.89100396670975357, 20.86677251825205914 ) ) ;
#409 = EDGE_LOOP ( 'NONE', ( #1438, #1472, #1482, #1777 ) ) ;
#410 = FACE_OUTER_BOUND ( 'NONE', #266, .T. ) ;
#411 = EDGE_LOOP ( 'NONE', ( #1786, #1741, #1553, #1603 ) ) ;
#412 = CLOSED_SHELL ( 'NONE', ( #237, #1210, #384, #196, #209, #644, #257, #1238, #1296, #707, #1362, #781, #1660, #1391, #77, #490, #1521, #587, #910, #616, #305, #967, #1692, #1740, #1236, #365, #1074, #318, #1251, #1164, #1111, #66, #1149, #341, #1360, #273, #216, #1561, #173, #888, #112, #1315, #1418, #668, #44, #741, #1644, #423, #199, #510, #559, #1100, #88, #390 ) ) ;
#413 = FACE_OUTER_BOUND ( 'NONE', #445, .T. ) ;
#414 = CARTESIAN_POINT ( 'NONE',  ( 11.50000000000000711, 30.00000000000000000, 21.86677251825205914 ) ) ;
#415 = EDGE_CURVE ( 'NONE', #1314, #1490, #1041, .T. ) ;
#416 = FACE_OUTER_BOUND ( 'NONE', #1497, .T. ) ;
#417 = DIRECTION ( 'NONE',  ( 0.000000000000000000, 0.000000000000000000, -1.000000000000000000 ) ) ;
#418 = LINE ( 'NONE', #566, #1466 ) ;
#419 = DIRECTION ( 'NONE',  ( 0.000000000000000000, 1.000000000000000000, -4.710082747697011017E-15 ) ) ;
#420 = VERTEX_POINT ( 'NONE', #977 ) ;
#421 = ORIENTED_EDGE ( 'NONE', *, *, #1589, .F. ) ;
#422 = DIRECTION ( 'NONE',  ( -0.000000000000000000, -0.000000000000000000, -1.000000000000000000 ) ) ;
#423 = ADVANCED_FACE ( 'NONE', ( #416 ), #1532, .F. ) ;
#424 = AXIS2_PLACEMENT_3D ( 'NONE', #662, #917, #86 ) ;
#425 = CIRCLE ( 'NONE', #192, 1.550000000000000933 ) ;
#426 = LOCAL_TIME ( 23, 51, 9.000000000000000000, #525 ) ;
#427 = DIRECTION ( 'NONE',  ( -1.000000000000000000, 0.000000000000000000, 0.000000000000000000 ) ) ;
#428 = CARTESIAN_POINT ( 'NONE',  ( -1.049999999999998268, 11.00000000000000355, 30.86677251825205914 ) ) ;
#429 = DIRECTION ( 'NONE',  ( -0.000000000000000000, 0.000000000000000000, 1.000000000000000000 ) ) ;
#430 = DIRECTION ( 'NONE',  ( -0.000000000000000000, -0.000000000000000000, -1.000000000000000000 ) ) ;
#431 = ORIENTED_EDGE ( 'NONE', *, *, #1744, .T. ) ;
#432 = EDGE_LOOP ( 'NONE', ( #23, #1467 ) ) ;
#433 = DIRECTION ( 'NONE',  ( 1.000000000000000000, 0.000000000000000000, 0.000000000000000000 ) ) ;
#434 = CARTESIAN_POINT ( 'NONE',  ( 25.00000000000000000, 0.7366000000000028081, 10.87011754601014601 ) ) ;
#435 = PLANE ( 'NONE',  #104 ) ;
#436 = AXIS2_PLACEMENT_3D ( 'NONE', #1628, #1634, #85 ) ;
#437 = VECTOR ( 'NONE', #851, 1000.000000000000000 ) ;
#438 = ORIENTED_EDGE ( 'NONE', *, *, #1742, .T. ) ;
#439 = CYLINDRICAL_SURFACE ( 'NONE', #335, 1.549999999999999378 ) ;
#440 = ORIENTED_EDGE ( 'NONE', *, *, #126, .F. ) ;
#441 = CIRCLE ( 'NONE', #671, 1.600000000000001643 ) ;
#442 = EDGE_LOOP ( 'NONE', ( #598, #32, #1691, #375 ) ) ;
#443 = DIRECTION ( 'NONE',  ( -0.000000000000000000, -0.000000000000000000, -1.000000000000000000 ) ) ;
#444 = EDGE_CURVE ( 'NONE', #1611, #743, #1122, .T. ) ;
#445 = EDGE_LOOP ( 'NONE', ( #849, #1173, #695, #901 ) ) ;
#446 = DIRECTION ( 'NONE',  ( 0.000000000000000000, 0.000000000000000000, -1.000000000000000000 ) ) ;
#447 = DIRECTION ( 'NONE',  ( 7.345289713370191617E-17, -1.000000000000000000, 0.000000000000000000 ) ) ;
#448 = FACE_OUTER_BOUND ( 'NONE', #1323, .T. ) ;
#449 = CARTESIAN_POINT ( 'NONE',  ( -25.00000000000000000, 3.591211504919462616, 21.86677251825205914 ) ) ;
#450 = ORIENTED_EDGE ( 'NONE', *, *, #864, .F. ) ;
#451 = ORIENTED_EDGE ( 'NONE', *, *, #321, .F. ) ;
#452 = EDGE_CURVE ( 'NONE', #820, #1314, #291, .T. ) ;
#453 = ORIENTED_EDGE ( 'NONE', *, *, #1121, .F. ) ;
#454 = CARTESIAN_POINT ( 'NONE',  ( -25.00000000000000000, 4.336808689942017736E-16, 11.00000000000000000 ) ) ;
#455 = DIRECTION ( 'NONE',  ( 0.000000000000000000, 0.000000000000000000, 1.000000000000000000 ) ) ;
#456 = AXIS2_PLACEMENT_3D ( 'NONE', #1339, #1635, #1364 ) ;
#457 = VECTOR ( 'NONE', #933, 1000.000000000000000 ) ;
#458 = DIRECTION ( 'NONE',  ( 0.000000000000000000, -0.000000000000000000, -1.000000000000000000 ) ) ;
#459 = LINE ( 'NONE', #606, #163 ) ;
#460 = CC_DESIGN_PERSON_AND_ORGANIZATION_ASSIGNMENT ( #1223, #1640, ( #1477 ) ) ;
#461 = ORIENTED_EDGE ( 'NONE', *, *, #1684, .T. ) ;
#462 = ORIENTED_EDGE ( 'NONE', *, *, #1617, .T. ) ;
#463 = EDGE_CURVE ( 'NONE', #20, #299, #1316, .T. ) ;
#464 = CARTESIAN_POINT ( 'NONE',  ( 23.00000000000000000, -1.000000000000000000, -9.000000000000000000 ) ) ;
#465 = DIRECTION ( 'NONE',  ( -0.000000000000000000, -0.000000000000000000, -1.000000000000000000 ) ) ;
#466 = CYLINDRICAL_SURFACE ( 'NONE', #540, 1.550000000000002709 ) ;
#467 = ORIENTED_EDGE ( 'NONE', *, *, #776, .F. ) ;
#468 = VERTEX_POINT ( 'NONE', #1725 ) ;
#469 = CARTESIAN_POINT ( 'NONE',  ( -25.00000000000000000, 4.106984377564730337, 20.86677251825206625 ) ) ;
#470 = VECTOR ( 'NONE', #1284, 1000.000000000000000 ) ;
#471 = LINE ( 'NONE', #746, #1505 ) ;
#472 = EDGE_CURVE ( 'NONE', #1778, #340, #1709, .T. ) ;
#473 = DIRECTION ( 'NONE',  ( 0.000000000000000000, -1.000000000000000000, 0.000000000000000000 ) ) ;
#474 = CYLINDRICAL_SURFACE ( 'NONE', #571, 1.049999999999998268 ) ;
#475 = ORIENTED_EDGE ( 'NONE', *, *, #766, .F. ) ;
#476 = VERTEX_POINT ( 'NONE', #478 ) ;
#477 = APPROVAL ( #1756, '未指定' ) ;
#478 = CARTESIAN_POINT ( 'NONE',  ( 7.545190528383288076, 22.25000000000000000, 20.86677251825205914 ) ) ;
#479 = EDGE_CURVE ( 'NONE', #1473, #807, #1069, .T. ) ;
#480 = DIRECTION ( 'NONE',  ( -0.000000000000000000, -0.000000000000000000, -1.000000000000000000 ) ) ;
#481 = DIRECTION ( 'NONE',  ( -1.000000000000000000, 0.000000000000000000, 0.000000000000000000 ) ) ;
#482 = CARTESIAN_POINT ( 'NONE',  ( 11.50000000000000711, 30.00000000000000000, 20.86677251825205914 ) ) ;
#483 = CIRCLE ( 'NONE', #224, 1.549999999999999378 ) ;
#484 = AXIS2_PLACEMENT_3D ( 'NONE', #324, #26, #609 ) ;
#485 = ORIENTED_EDGE ( 'NONE', *, *, #415, .T. ) ;
#486 = CIRCLE ( 'NONE', #929, 1.049999999999997158 ) ;
#487 = EDGE_LOOP ( 'NONE', ( #1546, #1079, #1367, #58 ) ) ;
#488 = DIRECTION ( 'NONE',  ( -0.000000000000000000, -0.000000000000000000, 1.000000000000000000 ) ) ;
#489 = PERSON_AND_ORGANIZATION_ROLE ( 'creator' ) ;
#490 = ADVANCED_FACE ( 'NONE', ( #737 ), #316, .F. ) ;
#491 = CARTESIAN_POINT ( 'NONE',  ( 25.00000000000000000, 0.7366000000000028081, 10.87011754601014601 ) ) ;
#492 = CARTESIAN_POINT ( 'NONE',  ( 0.000000000000000000, -1.000000000000000000, 9.099999999999999645 ) ) ;
#493 = DIRECTION ( 'NONE',  ( -1.000000000000000000, 0.000000000000000000, 0.000000000000000000 ) ) ;
#494 = VERTEX_POINT ( 'NONE', #54 ) ;
#495 = EDGE_CURVE ( 'NONE', #214, #625, #164, .T. ) ;
#496 = AXIS2_PLACEMENT_3D ( 'NONE', #355, #117, #373 ) ;
#497 = ORIENTED_EDGE ( 'NONE', *, *, #724, .F. ) ;
#498 = FACE_OUTER_BOUND ( 'NONE', #1700, .T. ) ;
#499 = PERSON_AND_ORGANIZATION ( #1516, #780 ) ;
#500 = EDGE_CURVE ( 'NONE', #1490, #850, #1571, .T. ) ;
#501 = AXIS2_PLACEMENT_3D ( 'NONE', #749, #731, #47 ) ;
#502 = DIRECTION ( 'NONE',  ( -1.000000000000000000, 0.000000000000000000, 0.000000000000000000 ) ) ;
#503 = CYLINDRICAL_SURFACE ( 'NONE', #1751, 1.049999999999998268 ) ;
#504 = CARTESIAN_POINT ( 'NONE',  ( 6.495190528383287365, 14.75000000000000355, 20.86677251825205914 ) ) ;
#505 = VECTOR ( 'NONE', #1549, 1000.000000000000114 ) ;
#506 = EDGE_LOOP ( 'NONE', ( #900, #1754 ) ) ;
#507 = ORIENTED_EDGE ( 'NONE', *, *, #790, .T. ) ;
#508 = CARTESIAN_POINT ( 'NONE',  ( -23.00000000000000000, 0.000000000000000000, -11.00000000000000000 ) ) ;
#509 = CALENDAR_DATE ( 2022, 21, 12 ) ;
#510 = ADVANCED_FACE ( 'NONE', ( #1282 ), #171, .F. ) ;
#511 = CYLINDRICAL_SURFACE ( 'NONE', #1760, 1.550000000000000933 ) ;
#512 = CARTESIAN_POINT ( 'NONE',  ( -17.50000000000000000, 0.000000000000000000, -5.600000000000002309 ) ) ;
#513 = ORIENTED_EDGE ( 'NONE', *, *, #149, .F. ) ;
#514 = VECTOR ( 'NONE', #1237, 1000.000000000000000 ) ;
#515 = AXIS2_PLACEMENT_3D ( 'NONE', #1702, #873, #879 ) ;
#516 = CIRCLE ( 'NONE', #1596, 1.600000000000001643 ) ;
#517 = ORIENTED_EDGE ( 'NONE', *, *, #500, .T. ) ;
#518 = DIRECTION ( 'NONE',  ( 0.000000000000000000, 0.000000000000000000, 1.000000000000000000 ) ) ;
#519 = CARTESIAN_POINT ( 'NONE',  ( 0.000000000000000000, -1.000000000000000000, 7.500000000000000000 ) ) ;
#520 = DIRECTION ( 'NONE',  ( 0.000000000000000000, 0.000000000000000000, -1.000000000000000000 ) ) ;
#521 = EDGE_LOOP ( 'NONE', ( #1150, #546, #1522, #1265, #538, #645 ) ) ;
#522 = EDGE_CURVE ( 'NONE', #1152, #820, #1719, .T. ) ;
#523 = ORIENTED_EDGE ( 'NONE', *, *, #852, .T. ) ;
#524 = CARTESIAN_POINT ( 'NONE',  ( -2.707571122453044367E-15, 26.00000000000000355, 30.86677251825205914 ) ) ;
#525 = COORDINATED_UNIVERSAL_TIME_OFFSET ( 8, 0, .AHEAD. ) ;
#526 = DIRECTION ( 'NONE',  ( -0.000000000000000000, 0.000000000000000000, -1.000000000000000000 ) ) ;
#527 = DIRECTION ( 'NONE',  ( -1.000000000000000000, 0.000000000000000000, 0.000000000000000000 ) ) ;
#528 = AXIS2_PLACEMENT_3D ( 'NONE', #1293, #182, #56 ) ;
#529 = ORIENTED_EDGE ( 'NONE', *, *, #479, .T. ) ;
#530 = ORIENTED_EDGE ( 'NONE', *, *, #472, .T. ) ;
#531 = EDGE_CURVE ( 'NONE', #1451, #1586, #894, .T. ) ;
#532 = CYLINDRICAL_SURFACE ( 'NONE', #921, 2.000000000000000000 ) ;
#533 = CARTESIAN_POINT ( 'NONE',  ( 25.00000000000000000, -1.000000000000000000, -11.00000000000000000 ) ) ;
#534 = DIRECTION ( 'NONE',  ( 0.000000000000000000, 0.000000000000000000, -1.000000000000000000 ) ) ;
#535 = DIRECTION ( 'NONE',  ( 0.000000000000000000, 0.000000000000000000, -1.000000000000000000 ) ) ;
#536 = ORIENTED_EDGE ( 'NONE', *, *, #71, .T. ) ;
#537 = EDGE_CURVE ( 'NONE', #159, #14, #592, .T. ) ;
#538 = ORIENTED_EDGE ( 'NONE', *, *, #658, .T. ) ;
#539 = AXIS2_PLACEMENT_3D ( 'NONE', #691, #1412, #313 ) ;
#540 = AXIS2_PLACEMENT_3D ( 'NONE', #1321, #1463, #1190 ) ;
#541 = DIRECTION ( 'NONE',  ( -1.000000000000000000, 0.000000000000000000, 0.000000000000000000 ) ) ;
#542 = DIRECTION ( 'NONE',  ( -0.000000000000000000, -0.000000000000000000, -1.000000000000000000 ) ) ;
#543 = VECTOR ( 'NONE', #1572, 1000.000000000000000 ) ;
#544 = CARTESIAN_POINT ( 'NONE',  ( 4.788417562850799158E-17, 11.00000000000000355, 21.86677251825205914 ) ) ;
#545 = DIRECTION ( 'NONE',  ( -1.000000000000000000, 0.000000000000000000, 0.000000000000000000 ) ) ;
#546 = ORIENTED_EDGE ( 'NONE', *, *, #597, .T. ) ;
#547 = DIRECTION ( 'NONE',  ( 0.000000000000000000, -0.9396926207859097602, 0.3420201433256647161 ) ) ;
#548 = ORIENTED_EDGE ( 'NONE', *, *, #1020, .T. ) ;
#549 = EDGE_CURVE ( 'NONE', #1701, #1447, #896, .T. ) ;
#550 = CIRCLE ( 'NONE', #1140, 1.550000000000000933 ) ;
#551 = CARTESIAN_POINT ( 'NONE',  ( 5.445190528383291984, 22.25000000000000000, 30.86677251825205914 ) ) ;
#552 = CARTESIAN_POINT ( 'NONE',  ( 25.00000000000000000, -0.9999999999999963363, 10.87011754601014601 ) ) ;
#553 = ORIENTED_EDGE ( 'NONE', *, *, #577, .F. ) ;
#554 = CARTESIAN_POINT ( 'NONE',  ( -11.49999999999999822, 30.00000000000000000, 30.86677251825205914 ) ) ;
#555 = DIRECTION ( 'NONE',  ( -0.000000000000000000, 0.000000000000000000, -1.000000000000000000 ) ) ;
#556 = CARTESIAN_POINT ( 'NONE',  ( -9.949999999999997513, 30.00000000000000000, 21.86677251825205914 ) ) ;
#557 = CARTESIAN_POINT ( 'NONE',  ( -25.00000000000000000, 3.414806793093830617, 20.38210455582574454 ) ) ;
#558 = ORIENTED_EDGE ( 'NONE', *, *, #1206, .T. ) ;
#559 = ADVANCED_FACE ( 'NONE', ( #1018 ), #745, .T. ) ;
#560 = VECTOR ( 'NONE', #1411, 1000.000000000000000 ) ;
#561 = VECTOR ( 'NONE', #667, 1000.000000000000000 ) ;
#562 = ORIENTED_EDGE ( 'NONE', *, *, #790, .F. ) ;
#563 = DIRECTION ( 'NONE',  ( -0.000000000000000000, -0.000000000000000000, -1.000000000000000000 ) ) ;
#564 = CYLINDRICAL_SURFACE ( 'NONE', #930, 1.600000000000001643 ) ;
#565 = CYLINDRICAL_SURFACE ( 'NONE', #1160, 1.600000000000001643 ) ;
#566 = CARTESIAN_POINT ( 'NONE',  ( 7.545190528383288076, 22.25000000000000000, 30.86677251825205914 ) ) ;
#567 = DIRECTION ( 'NONE',  ( -1.000000000000000000, -7.345289713370191617E-17, 0.000000000000000000 ) ) ;
#568 = ORIENTED_EDGE ( 'NONE', *, *, #720, .T. ) ;
#569 = EDGE_LOOP ( 'NONE', ( #789, #1092 ) ) ;
#570 = CARTESIAN_POINT ( 'NONE',  ( 23.00000000000000000, 35.89100396670976068, 21.86677251825205914 ) ) ;
#571 = AXIS2_PLACEMENT_3D ( 'NONE', #1609, #1453, #1583 ) ;
#572 = VECTOR ( 'NONE', #1542, 1000.000000000000000 ) ;
#573 = CARTESIAN_POINT ( 'NONE',  ( -7.545190528383280970, 22.25000000000000000, 20.86677251825205914 ) ) ;
#574 = DIRECTION ( 'NONE',  ( -0.000000000000000000, 0.3420201433256631063, 0.9396926207859104263 ) ) ;
#575 = ORIENTED_EDGE ( 'NONE', *, *, #1711, .F. ) ;
#576 = DIRECTION ( 'NONE',  ( 0.000000000000000000, 0.000000000000000000, 1.000000000000000000 ) ) ;
#577 = EDGE_CURVE ( 'NONE', #807, #322, #729, .T. ) ;
#578 = ORIENTED_EDGE ( 'NONE', *, *, #1556, .T. ) ;
#579 = CC_DESIGN_PERSON_AND_ORGANIZATION_ASSIGNMENT ( #218, #489, ( #1038 ) ) ;
#580 = ORIENTED_EDGE ( 'NONE', *, *, #1227, .F. ) ;
#581 = CARTESIAN_POINT ( 'NONE',  ( 17.50000000000000000, 0.000000000000000000, -4.000000000000000000 ) ) ;
#582 = PLANE ( 'NONE',  #311 ) ;
#583 = FACE_OUTER_BOUND ( 'NONE', #702, .T. ) ;
#584 = EDGE_CURVE ( 'NONE', #1729, #1451, #1094, .T. ) ;
#585 = CARTESIAN_POINT ( 'NONE',  ( 1.959434878635765723E-16, -1.000000000000000000, 5.899999999999998579 ) ) ;
#586 = CYLINDRICAL_SURFACE ( 'NONE', #1615, 1.736599999999997923 ) ;
#587 = ADVANCED_FACE ( 'NONE', ( #1144 ), #582, .T. ) ;
#588 = ORIENTED_EDGE ( 'NONE', *, *, #479, .F. ) ;
#589 = EDGE_CURVE ( 'NONE', #340, #1343, #1162, .T. ) ;
#590 = EDGE_LOOP ( 'NONE', ( #1318, #1273, #599, #438 ) ) ;
#591 = AXIS2_PLACEMENT_3D ( 'NONE', #533, #433, #713 ) ;
#592 = LINE ( 'NONE', #469, #137 ) ;
#593 = FACE_OUTER_BOUND ( 'NONE', #590, .T. ) ;
#594 = CARTESIAN_POINT ( 'NONE',  ( -13.04999999999999716, 7.000000000000003553, 21.86677251825205914 ) ) ;
#595 = CARTESIAN_POINT ( 'NONE',  ( 0.000000000000000000, -1.000000000000000000, 7.500000000000000000 ) ) ;
#596 = ORIENTED_EDGE ( 'NONE', *, *, #28, .F. ) ;
#597 = EDGE_CURVE ( 'NONE', #1658, #932, #716, .T. ) ;
#598 = ORIENTED_EDGE ( 'NONE', *, *, #149, .T. ) ;
#599 = ORIENTED_EDGE ( 'NONE', *, *, #1368, .T. ) ;
#600 = CARTESIAN_POINT ( 'NONE',  ( -6.495190528383290030, 14.75000000000000178, 21.86677251825205914 ) ) ;
#601 = CARTESIAN_POINT ( 'NONE',  ( -25.00000000000000000, 2.475114172307927074, 20.72412469915140676 ) ) ;
#602 = VECTOR ( 'NONE', #110, 1000.000000000000000 ) ;
#603 =( GEOMETRIC_REPRESENTATION_CONTEXT ( 3 ) GLOBAL_UNCERTAINTY_ASSIGNED_CONTEXT ( ( #1386 ) ) GLOBAL_UNIT_ASSIGNED_CONTEXT ( ( #332, #1696, #326 ) ) REPRESENTATION_CONTEXT ( 'NONE', 'WORKASPACE' ) );
#604 = CIRCLE ( 'NONE', #1627, 2.000000000000000000 ) ;
#605 = CARTESIAN_POINT ( 'NONE',  ( -25.00000000000000000, 35.89100396670976068, 21.86677251825205914 ) ) ;
#606 = CARTESIAN_POINT ( 'NONE',  ( -25.00000000000000000, -0.9396926207859102043, 11.34202014332566222 ) ) ;
#607 = EDGE_LOOP ( 'NONE', ( #1654, #792 ) ) ;
#608 = ORIENTED_EDGE ( 'NONE', *, *, #1371, .F. ) ;
#609 = DIRECTION ( 'NONE',  ( -1.000000000000000000, 0.000000000000000000, 0.000000000000000000 ) ) ;
#610 = CARTESIAN_POINT ( 'NONE',  ( 25.00000000000000000, 35.89100396670976068, 20.86677251825205914 ) ) ;
#611 = ORIENTED_EDGE ( 'NONE', *, *, #1229, .T. ) ;
#612 = CIRCLE ( 'NONE', #1772, 1.600000000000000755 ) ;
#613 = DIRECTION ( 'NONE',  ( -1.000000000000000000, 0.000000000000000000, 0.000000000000000000 ) ) ;
#614 = CARTESIAN_POINT ( 'NONE',  ( 4.788417562850799158E-17, 11.00000000000000355, 30.86677251825205914 ) ) ;
#615 = ORIENTED_EDGE ( 'NONE', *, *, #1558, .T. ) ;
#616 = ADVANCED_FACE ( 'NONE', ( #783, #98, #793, #498 ), #647, .F. ) ;
#617 = ORIENTED_EDGE ( 'NONE', *, *, #1454, .T. ) ;
#618 = CARTESIAN_POINT ( 'NONE',  ( -25.00000000000000000, 33.89100396670975357, 21.86677251825205914 ) ) ;
#619 = CIRCLE ( 'NONE', #528, 1.049999999999996270 ) ;
#620 = CARTESIAN_POINT ( 'NONE',  ( 17.50000000000000000, -1.000000000000000000, -4.000000000000000000 ) ) ;
#621 = VERTEX_POINT ( 'NONE', #802 ) ;
#622 = FACE_OUTER_BOUND ( 'NONE', #1665, .T. ) ;
#623 = DIRECTION ( 'NONE',  ( 0.000000000000000000, 0.000000000000000000, -1.000000000000000000 ) ) ;
#624 = ORIENTED_EDGE ( 'NONE', *, *, #951, .T. ) ;
#625 = VERTEX_POINT ( 'NONE', #1049 ) ;
#626 = EDGE_CURVE ( 'NONE', #340, #1778, #227, .T. ) ;
#627 = DIRECTION ( 'NONE',  ( 0.000000000000000000, 1.000000000000000000, 0.000000000000000000 ) ) ;
#628 = PERSON_AND_ORGANIZATION_ROLE ( 'design_owner' ) ;
#629 = ORIENTED_EDGE ( 'NONE', *, *, #337, .T. ) ;
#630 = CARTESIAN_POINT ( 'NONE',  ( 7.545190528383288076, 22.25000000000000000, 21.86677251825205914 ) ) ;
#631 = LINE ( 'NONE', #1021, #6 ) ;
#632 = FACE_OUTER_BOUND ( 'NONE', #867, .T. ) ;
#633 = AXIS2_PLACEMENT_3D ( 'NONE', #595, #1305, #57 ) ;
#634 = AXIS2_PLACEMENT_3D ( 'NONE', #912, #360, #518 ) ;
#635 = EDGE_LOOP ( 'NONE', ( #1397, #121, #406, #176 ) ) ;
#636 = LOCAL_TIME ( 23, 51, 9.000000000000000000, #107 ) ;
#637 = ORIENTED_EDGE ( 'NONE', *, *, #385, .T. ) ;
#638 = CARTESIAN_POINT ( 'NONE',  ( 23.00000000000000000, -1.000000000000000000, -11.00000000000000000 ) ) ;
#639 = PERSON_AND_ORGANIZATION ( #1516, #780 ) ;
#640 = DIRECTION ( 'NONE',  ( -1.000000000000000000, 0.000000000000000000, 0.000000000000000000 ) ) ;
#641 = FACE_BOUND ( 'NONE', #1157, .T. ) ;
#642 = DIRECTION ( 'NONE',  ( 0.000000000000000000, 0.000000000000000000, -1.000000000000000000 ) ) ;
#643 = ORIENTED_EDGE ( 'NONE', *, *, #1581, .T. ) ;
#644 = ADVANCED_FACE ( 'NONE', ( #1056 ), #371, .F. ) ;
#645 = ORIENTED_EDGE ( 'NONE', *, *, #500, .F. ) ;
#646 = EDGE_CURVE ( 'NONE', #1579, #14, #1183, .T. ) ;
#647 = PLANE ( 'NONE',  #1733 ) ;
#648 = LINE ( 'NONE', #1077, #1203 ) ;
#649 = CARTESIAN_POINT ( 'NONE',  ( -7.545190528383287187, 14.75000000000000178, 21.86677251825205914 ) ) ;
#650 = ORIENTED_EDGE ( 'NONE', *, *, #293, .T. ) ;
#651 = ORIENTED_EDGE ( 'NONE', *, *, #589, .T. ) ;
#652 = CARTESIAN_POINT ( 'NONE',  ( -9.949999999999999289, 7.000000000000003553, 21.86677251825205914 ) ) ;
#653 = ORIENTED_EDGE ( 'NONE', *, *, #1121, .T. ) ;
#654 = FACE_BOUND ( 'NONE', #1259, .T. ) ;
#655 = DIRECTION ( 'NONE',  ( -0.000000000000000000, -0.000000000000000000, -1.000000000000000000 ) ) ;
#656 = ORIENTED_EDGE ( 'NONE', *, *, #1278, .T. ) ;
#657 = EDGE_LOOP ( 'NONE', ( #1209, #440, #1240, #1221 ) ) ;
#658 = EDGE_CURVE ( 'NONE', #829, #850, #1194, .T. ) ;
#659 = CARTESIAN_POINT ( 'NONE',  ( 6.495190528383287365, 14.75000000000000355, 30.86677251825205914 ) ) ;
#660 = DATE_AND_TIME ( #1353, #1538 ) ;
#661 = FACE_BOUND ( 'NONE', #148, .T. ) ;
#662 = CARTESIAN_POINT ( 'NONE',  ( -8.706009237320110307E-16, 18.50000000000000355, 20.86677251825205914 ) ) ;
#663 = ORIENTED_EDGE ( 'NONE', *, *, #1803, .T. ) ;
#664 = ORIENTED_EDGE ( 'NONE', *, *, #1500, .F. ) ;
#665 = AXIS2_PLACEMENT_3D ( 'NONE', #1792, #534, #1407 ) ;
#666 = LINE ( 'NONE', #551, #1226 ) ;
#667 = DIRECTION ( 'NONE',  ( 0.000000000000000000, 1.000000000000000000, 0.000000000000000000 ) ) ;
#668 = ADVANCED_FACE ( 'NONE', ( #1605 ), #351, .F. ) ;
#669 = FACE_BOUND ( 'NONE', #1707, .T. ) ;
#670 = CARTESIAN_POINT ( 'NONE',  ( -6.495190528383290030, 14.75000000000000178, 20.86677251825205914 ) ) ;
#671 = AXIS2_PLACEMENT_3D ( 'NONE', #836, #1392, #138 ) ;
#672 = ORIENTED_EDGE ( 'NONE', *, *, #1181, .F. ) ;
#673 = ORIENTED_EDGE ( 'NONE', *, *, #1548, .F. ) ;
#674 = CARTESIAN_POINT ( 'NONE',  ( -11.49999999999999822, 7.000000000000003553, 21.86677251825205914 ) ) ;
#675 = LINE ( 'NONE', #976, #437 ) ;
#676 = ORIENTED_EDGE ( 'NONE', *, *, #102, .T. ) ;
#677 = DIRECTION ( 'NONE',  ( -1.000000000000000000, 0.000000000000000000, 0.000000000000000000 ) ) ;
#678 = DIRECTION ( 'NONE',  ( -1.000000000000000000, 0.000000000000000000, 0.000000000000000000 ) ) ;
#679 = EDGE_CURVE ( 'NONE', #330, #1473, #1352, .T. ) ;
#680 = DIRECTION ( 'NONE',  ( 0.000000000000000000, 1.000000000000000000, -0.000000000000000000 ) ) ;
#681 = CYLINDRICAL_SURFACE ( 'NONE', #1648, 6.049999999999999822 ) ;
#682 = EDGE_LOOP ( 'NONE', ( #588, #1689, #974, #553 ) ) ;
#683 = AXIS2_PLACEMENT_3D ( 'NONE', #272, #854, #545 ) ;
#684 = EDGE_CURVE ( 'NONE', #213, #20, #685, .T. ) ;
#685 = CIRCLE ( 'NONE', #871, 1.600000000000000755 ) ;
#686 = CARTESIAN_POINT ( 'NONE',  ( -25.00000000000000000, 0.7365999999999991443, 10.87011754601014601 ) ) ;
#687 = CARTESIAN_POINT ( 'NONE',  ( -25.00000000000000000, 4.106984377564728561, 20.13017251825205989 ) ) ;
#688 = DIRECTION ( 'NONE',  ( 0.000000000000000000, 1.000000000000000000, 0.000000000000000000 ) ) ;
#689 = CARTESIAN_POINT ( 'NONE',  ( 24.99999999999999645, 4.106984377564726785, 21.86677251825205914 ) ) ;
#690 = CYLINDRICAL_SURFACE ( 'NONE', #1492, 1.049999999999998046 ) ;
#691 = CARTESIAN_POINT ( 'NONE',  ( -17.50000000000000000, -1.000000000000000000, -4.000000000000000000 ) ) ;
#692 = VERTEX_POINT ( 'NONE', #652 ) ;
#693 = EDGE_LOOP ( 'NONE', ( #402, #779 ) ) ;
#694 = VECTOR ( 'NONE', #130, 1000.000000000000000 ) ;
#695 = ORIENTED_EDGE ( 'NONE', *, *, #120, .T. ) ;
#696 = CARTESIAN_POINT ( 'NONE',  ( -25.00000000000000000, 3.591211504919462616, 20.86677251825205914 ) ) ;
#697 = VECTOR ( 'NONE', #1541, 1000.000000000000000 ) ;
#698 = DIRECTION ( 'NONE',  ( -1.000000000000000000, 0.000000000000000000, 0.000000000000000000 ) ) ;
#699 = FACE_BOUND ( 'NONE', #1072, .T. ) ;
#700 = CARTESIAN_POINT ( 'NONE',  ( 0.000000000000000000, 0.000000000000000000, 9.099999999999999645 ) ) ;
#701 = FACE_OUTER_BOUND ( 'NONE', #986, .T. ) ;
#702 = EDGE_LOOP ( 'NONE', ( #450, #1047, #1024, #1413 ) ) ;
#703 = VERTEX_POINT ( 'NONE', #638 ) ;
#704 = DIRECTION ( 'NONE',  ( -1.000000000000000000, 0.000000000000000000, 0.000000000000000000 ) ) ;
#705 = DIRECTION ( 'NONE',  ( 7.345289713370191617E-17, -1.000000000000000000, 0.000000000000000000 ) ) ;
#706 = CARTESIAN_POINT ( 'NONE',  ( 6.495190528383287365, 14.75000000000000355, 20.86677251825205914 ) ) ;
#707 = ADVANCED_FACE ( 'NONE', ( #1333 ), #1468, .F. ) ;
#708 = APPROVAL ( #794, '未指定' ) ;
#709 = ORIENTED_EDGE ( 'NONE', *, *, #1509, .F. ) ;
#710 = DIRECTION ( 'NONE',  ( -1.000000000000000000, 0.000000000000000000, 0.000000000000000000 ) ) ;
#711 = ORIENTED_EDGE ( 'NONE', *, *, #1581, .F. ) ;
#712 = VERTEX_POINT ( 'NONE', #228 ) ;
#713 = DIRECTION ( 'NONE',  ( 0.000000000000000000, 0.000000000000000000, -1.000000000000000000 ) ) ;
#714 = CIRCLE ( 'NONE', #1307, 1.049999999999996270 ) ;
#715 = EDGE_CURVE ( 'NONE', #908, #1473, #1765, .T. ) ;
#716 = CIRCLE ( 'NONE', #809, 2.000000000000000000 ) ;
#717 = VECTOR ( 'NONE', #1441, 1000.000000000000000 ) ;
#718 = LINE ( 'NONE', #1804, #177 ) ;
#719 = CARTESIAN_POINT ( 'NONE',  ( -6.495190528383290030, 14.75000000000000178, 21.86677251825205914 ) ) ;
#720 = EDGE_CURVE ( 'NONE', #468, #119, #90, .T. ) ;
#721 = ORIENTED_EDGE ( 'NONE', *, *, #1344, .F. ) ;
#722 = CARTESIAN_POINT ( 'NONE',  ( 25.00000000000000000, -0.8952702052568120017, 11.46406972690949111 ) ) ;
#723 = CIRCLE ( 'NONE', #768, 1.049999999999998268 ) ;
#724 = EDGE_CURVE ( 'NONE', #725, #829, #604, .T. ) ;
#725 = VERTEX_POINT ( 'NONE', #508 ) ;
#726 = VERTEX_POINT ( 'NONE', #1623 ) ;
#727 = ORIENTED_EDGE ( 'NONE', *, *, #1744, .F. ) ;
#728 = EDGE_LOOP ( 'NONE', ( #1404, #1036, #431, #1220 ) ) ;
#729 = LINE ( 'NONE', #618, #80 ) ;
#730 = CARTESIAN_POINT ( 'NONE',  ( -6.050000000000000711, 18.50000000000000355, 30.86677251825205914 ) ) ;
#731 = DIRECTION ( 'NONE',  ( -0.000000000000000000, -0.000000000000000000, -1.000000000000000000 ) ) ;
#732 = CARTESIAN_POINT ( 'NONE',  ( -25.00000000000000000, 0.000000000000000000, 10.87011754601014601 ) ) ;
#733 = ORIENTED_EDGE ( 'NONE', *, *, #185, .T. ) ;
#734 = AXIS2_PLACEMENT_3D ( 'NONE', #1582, #210, #1713 ) ;
#735 = ORIENTED_EDGE ( 'NONE', *, *, #915, .T. ) ;
#736 = AXIS2_PLACEMENT_3D ( 'NONE', #581, #1694, #25 ) ;
#737 = FACE_OUTER_BOUND ( 'NONE', #1565, .T. ) ;
#738 = DIRECTION ( 'NONE',  ( -0.000000000000000000, -1.000000000000000000, -0.000000000000000000 ) ) ;
#739 = DIRECTION ( 'NONE',  ( -0.000000000000000000, -0.000000000000000000, -1.000000000000000000 ) ) ;
#740 = CYLINDRICAL_SURFACE ( 'NONE', #633, 1.600000000000000755 ) ;
#741 = ADVANCED_FACE ( 'NONE', ( #82 ), #1486, .F. ) ;
#742 = ORIENTED_EDGE ( 'NONE', *, *, #776, .T. ) ;
#743 = VERTEX_POINT ( 'NONE', #761 ) ;
#744 = DESIGN_CONTEXT ( 'detailed design', #215, 'design' ) ;
#745 = CYLINDRICAL_SURFACE ( 'NONE', #1535, 2.000000000000000000 ) ;
#746 = CARTESIAN_POINT ( 'NONE',  ( 1.049999999999995604, 26.00000000000000355, 30.86677251825205914 ) ) ;
#747 = VECTOR ( 'NONE', #39, 1000.000000000000000 ) ;
#748 = AXIS2_PLACEMENT_3D ( 'NONE', #600, #754, #60 ) ;
#749 = CARTESIAN_POINT ( 'NONE',  ( -6.495190528383282924, 22.25000000000000000, 30.86677251825205914 ) ) ;
#750 = CARTESIAN_POINT ( 'NONE',  ( 25.00000000000000000, 35.89100396670976068, 21.86677251825205914 ) ) ;
#751 = EDGE_CURVE ( 'NONE', #1498, #725, #1325, .T. ) ;
#752 = ORIENTED_EDGE ( 'NONE', *, *, #1340, .F. ) ;
#753 = VERTEX_POINT ( 'NONE', #1735 ) ;
#754 = DIRECTION ( 'NONE',  ( -0.000000000000000000, -0.000000000000000000, -1.000000000000000000 ) ) ;
#755 = LINE ( 'NONE', #610, #81 ) ;
#756 = FACE_OUTER_BOUND ( 'NONE', #487, .T. ) ;
#757 = DIRECTION ( 'NONE',  ( -1.000000000000000000, 0.000000000000000000, 0.000000000000000000 ) ) ;
#758 = ORIENTED_EDGE ( 'NONE', *, *, #1003, .T. ) ;
#759 = ORIENTED_EDGE ( 'NONE', *, *, #971, .F. ) ;
#760 = CIRCLE ( 'NONE', #1001, 1.550000000000002709 ) ;
#761 = CARTESIAN_POINT ( 'NONE',  ( -1.050000000000000711, 26.00000000000000355, 20.86677251825205914 ) ) ;
#762 = DIRECTION ( 'NONE',  ( 0.000000000000000000, 0.000000000000000000, -1.000000000000000000 ) ) ;
#763 = LINE ( 'NONE', #914, #1106 ) ;
#764 = CARTESIAN_POINT ( 'NONE',  ( -6.050000000000000711, 18.50000000000000355, 20.86677251825205914 ) ) ;
#765 = DIRECTION ( 'NONE',  ( 0.000000000000000000, 1.000000000000000000, 0.000000000000000000 ) ) ;
#766 = EDGE_CURVE ( 'NONE', #1383, #111, #985, .T. ) ;
#767 = VERTEX_POINT ( 'NONE', #813 ) ;
#768 = AXIS2_PLACEMENT_3D ( 'NONE', #1000, #866, #1545 ) ;
#769 = EDGE_LOOP ( 'NONE', ( #1248, #733, #909, #664, #877, #1529 ) ) ;
#770 = DIRECTION ( 'NONE',  ( -0.000000000000000000, -0.000000000000000000, -1.000000000000000000 ) ) ;
#771 = APPROVAL_DATE_TIME ( #660, #268 ) ;
#772 = DIRECTION ( 'NONE',  ( 0.000000000000000000, 0.000000000000000000, 1.000000000000000000 ) ) ;
#773 = VECTOR ( 'NONE', #765, 1000.000000000000000 ) ;
#774 = DIRECTION ( 'NONE',  ( -0.000000000000000000, -0.000000000000000000, -1.000000000000000000 ) ) ;
#775 = LINE ( 'NONE', #1749, #1276 ) ;
#776 = EDGE_CURVE ( 'NONE', #1423, #314, #278, .T. ) ;
#777 = LOCAL_TIME ( 23, 51, 9.000000000000000000, #1774 ) ;
#778 = CIRCLE ( 'NONE', #284, 1.049999999999996270 ) ;
#779 = ORIENTED_EDGE ( 'NONE', *, *, #584, .T. ) ;
#780 = ORGANIZATION ( '未指定', '未指定', '' ) ;
#781 = ADVANCED_FACE ( 'NONE', ( #1388 ), #259, .F. ) ;
#782 = ORIENTED_EDGE ( 'NONE', *, *, #1550, .F. ) ;
#783 = FACE_BOUND ( 'NONE', #329, .T. ) ;
#784 = CARTESIAN_POINT ( 'NONE',  ( 0.000000000000000000, 0.000000000000000000, 0.000000000000000000 ) ) ;
#785 = DIRECTION ( 'NONE',  ( -0.000000000000000000, -0.000000000000000000, -1.000000000000000000 ) ) ;
#786 = CARTESIAN_POINT ( 'NONE',  ( 1.959434878635765723E-16, 0.000000000000000000, 5.899999999999998579 ) ) ;
#787 = DIRECTION ( 'NONE',  ( -1.000000000000000000, 0.000000000000000000, 0.000000000000000000 ) ) ;
#788 = AXIS2_PLACEMENT_3D ( 'NONE', #1469, #1328, #114 ) ;
#789 = ORIENTED_EDGE ( 'NONE', *, *, #63, .T. ) ;
#790 = EDGE_CURVE ( 'NONE', #1611, #155, #1633, .T. ) ;
#791 = VECTOR ( 'NONE', #542, 1000.000000000000000 ) ;
#792 = ORIENTED_EDGE ( 'NONE', *, *, #915, .F. ) ;
#793 = FACE_BOUND ( 'NONE', #569, .T. ) ;
#794 = APPROVAL_STATUS ( 'not_yet_approved' ) ;
#795 = AXIS2_PLACEMENT_3D ( 'NONE', #1721, #62, #1462 ) ;
#796 = ORIENTED_EDGE ( 'NONE', *, *, #398, .T. ) ;
#797 = DIRECTION ( 'NONE',  ( -1.000000000000000000, 0.000000000000000000, 0.000000000000000000 ) ) ;
#798 = LINE ( 'NONE', #356, #839 ) ;
#799 = ORIENTED_EDGE ( 'NONE', *, *, #800, .F. ) ;
#800 = EDGE_CURVE ( 'NONE', #1490, #1658, #823, .T. ) ;
#801 = ORIENTED_EDGE ( 'NONE', *, *, #1531, .F. ) ;
#802 = CARTESIAN_POINT ( 'NONE',  ( 23.00000000000000000, 35.89100396670976068, 20.86677251825205914 ) ) ;
#803 = ORIENTED_EDGE ( 'NONE', *, *, #1717, .F. ) ;
#804 = CARTESIAN_POINT ( 'NONE',  ( 9.950000000000004619, 30.00000000000000000, 20.86677251825205914 ) ) ;
#805 = LINE ( 'NONE', #1225, #1763 ) ;
#806 = CC_DESIGN_DATE_AND_TIME_ASSIGNMENT ( #1184, #83, ( #1038 ) ) ;
#807 = VERTEX_POINT ( 'NONE', #966 ) ;
#808 = EDGE_CURVE ( 'NONE', #1193, #1423, #1319, .T. ) ;
#809 = AXIS2_PLACEMENT_3D ( 'NONE', #1040, #1597, #342 ) ;
#810 = CIRCLE ( 'NONE', #1795, 1.049999999999998046 ) ;
#811 = EDGE_LOOP ( 'NONE', ( #624, #165 ) ) ;
#812 = AXIS2_PLACEMENT_3D ( 'NONE', #524, #1081, #1639 ) ;
#813 = CARTESIAN_POINT ( 'NONE',  ( 24.99999999999999645, 4.106984377564728561, 20.86677251825205914 ) ) ;
#814 = PERSON_AND_ORGANIZATION ( #1516, #780 ) ;
#815 = FACE_OUTER_BOUND ( 'NONE', #847, .T. ) ;
#816 = CARTESIAN_POINT ( 'NONE',  ( -23.00000000000000000, 35.89100396670976068, 21.86677251825205914 ) ) ;
#817 = ORIENTED_EDGE ( 'NONE', *, *, #1133, .T. ) ;
#818 = VECTOR ( 'NONE', #395, 1000.000000000000000 ) ;
#819 = EDGE_CURVE ( 'NONE', #753, #1631, #675, .T. ) ;
#820 = VERTEX_POINT ( 'NONE', #957 ) ;
#821 = VECTOR ( 'NONE', #1110, 1000.000000000000000 ) ;
#822 = DIRECTION ( 'NONE',  ( 0.000000000000000000, 1.000000000000000000, 0.000000000000000000 ) ) ;
#823 = LINE ( 'NONE', #1120, #821 ) ;
#824 = ADVANCED_BREP_SHAPE_REPRESENTATION ( '编码器底座2_1221', ( #962, #1309 ), #603 ) ;
#825 = EDGE_CURVE ( 'NONE', #1152, #159, #1053, .T. ) ;
#826 = CARTESIAN_POINT ( 'NONE',  ( 25.00000000000000000, 4.106984377564728561, 20.13017251825205989 ) ) ;
#827 = CARTESIAN_POINT ( 'NONE',  ( -7.545190528383287187, 14.75000000000000178, 20.86677251825205914 ) ) ;
#828 = VECTOR ( 'NONE', #1261, 1000.000000000000000 ) ;
#829 = VERTEX_POINT ( 'NONE', #131 ) ;
#830 = EDGE_CURVE ( 'NONE', #1080, #377, #1789, .T. ) ;
#831 = ORIENTED_EDGE ( 'NONE', *, *, #1046, .F. ) ;
#832 = DIRECTION ( 'NONE',  ( 1.000000000000000000, 7.345289713370191617E-17, -0.000000000000000000 ) ) ;
#833 = CARTESIAN_POINT ( 'NONE',  ( -13.04999999999999893, 30.00000000000000000, 21.86677251825205914 ) ) ;
#834 = DIRECTION ( 'NONE',  ( -1.000000000000000000, 0.000000000000000000, 0.000000000000000000 ) ) ;
#835 = CARTESIAN_POINT ( 'NONE',  ( 25.00000000000000000, 0.000000000000000000, -9.000000000000000000 ) ) ;
#836 = CARTESIAN_POINT ( 'NONE',  ( 17.50000000000000000, -1.000000000000000000, -4.000000000000000000 ) ) ;
#837 = CARTESIAN_POINT ( 'NONE',  ( 13.05000000000000959, 30.00000000000000000, 21.86677251825205914 ) ) ;
#838 = EDGE_LOOP ( 'NONE', ( #963, #918, #462, #451 ) ) ;
#839 = VECTOR ( 'NONE', #655, 1000.000000000000000 ) ;
#840 = EDGE_CURVE ( 'NONE', #34, #141, #405, .T. ) ;
#841 = CIRCLE ( 'NONE', #1766, 1.600000000000000755 ) ;
#842 = CIRCLE ( 'NONE', #336, 1.049999999999998268 ) ;
#843 = VERTEX_POINT ( 'NONE', #552 ) ;
#844 = CARTESIAN_POINT ( 'NONE',  ( -17.50000000000000000, -1.000000000000000000, -5.600000000000001421 ) ) ;
#845 = CARTESIAN_POINT ( 'NONE',  ( -11.49999999999999822, 30.00000000000000000, 30.86677251825205914 ) ) ;
#846 = FACE_BOUND ( 'NONE', #952, .T. ) ;
#847 = EDGE_LOOP ( 'NONE', ( #287, #855, #1101, #1602 ) ) ;
#848 = CYLINDRICAL_SURFACE ( 'NONE', #539, 1.600000000000001643 ) ;
#849 = ORIENTED_EDGE ( 'NONE', *, *, #658, .F. ) ;
#850 = VERTEX_POINT ( 'NONE', #1369 ) ;
#851 = DIRECTION ( 'NONE',  ( -0.000000000000000000, -0.000000000000000000, 1.000000000000000000 ) ) ;
#852 = EDGE_CURVE ( 'NONE', #868, #358, #1379, .T. ) ;
#853 = DIRECTION ( 'NONE',  ( -0.000000000000000000, -0.000000000000000000, -1.000000000000000000 ) ) ;
#854 = DIRECTION ( 'NONE',  ( -0.000000000000000000, -0.000000000000000000, -1.000000000000000000 ) ) ;
#855 = ORIENTED_EDGE ( 'NONE', *, *, #577, .T. ) ;
#856 = LINE ( 'NONE', #449, #367 ) ;
#857 = AXIS2_PLACEMENT_3D ( 'NONE', #1536, #991, #429 ) ;
#858 = CIRCLE ( 'NONE', #1234, 1.049999999999998046 ) ;
#859 = ORIENTED_EDGE ( 'NONE', *, *, #63, .F. ) ;
#860 = ORIENTED_EDGE ( 'NONE', *, *, #1048, .T. ) ;
#861 = DIRECTION ( 'NONE',  ( -1.000000000000000000, 0.000000000000000000, 0.000000000000000000 ) ) ;
#862 = DIRECTION ( 'NONE',  ( 1.000000000000000000, 7.345289713370191617E-17, -0.000000000000000000 ) ) ;
#863 = FACE_BOUND ( 'NONE', #432, .T. ) ;
#864 = EDGE_CURVE ( 'NONE', #726, #265, #289, .T. ) ;
#865 = LINE ( 'NONE', #230, #261 ) ;
#866 = DIRECTION ( 'NONE',  ( 0.000000000000000000, 0.000000000000000000, -1.000000000000000000 ) ) ;
#867 = EDGE_LOOP ( 'NONE', ( #4, #1376, #860, #467 ) ) ;
#868 = VERTEX_POINT ( 'NONE', #833 ) ;
#869 = EDGE_CURVE ( 'NONE', #1778, #1508, #1089, .T. ) ;
#870 = CIRCLE ( 'NONE', #1422, 1.550000000000000933 ) ;
#871 = AXIS2_PLACEMENT_3D ( 'NONE', #1632, #1222, #106 ) ;
#872 = PRODUCT_DEFINITION_FORMATION_WITH_SPECIFIED_SOURCE ( '任何', '', #222, .NOT_KNOWN. ) ;
#873 = DIRECTION ( 'NONE',  ( -0.000000000000000000, -0.000000000000000000, -1.000000000000000000 ) ) ;
#874 = CARTESIAN_POINT ( 'NONE',  ( 17.50000000000000000, 0.000000000000000000, -5.600000000000002309 ) ) ;
#875 = FACE_OUTER_BOUND ( 'NONE', #89, .T. ) ;
#876 = DIRECTION ( 'NONE',  ( 0.000000000000000000, 1.000000000000000000, 0.000000000000000000 ) ) ;
#877 = ORIENTED_EDGE ( 'NONE', *, *, #902, .F. ) ;
#878 = ORIENTED_EDGE ( 'NONE', *, *, #1324, .T. ) ;
#879 = DIRECTION ( 'NONE',  ( -1.000000000000000000, 0.000000000000000000, 0.000000000000000000 ) ) ;
#880 = DIRECTION ( 'NONE',  ( -1.000000000000000000, 0.000000000000000000, 0.000000000000000000 ) ) ;
#881 = EDGE_CURVE ( 'NONE', #1757, #14, #1585, .T. ) ;
#882 = CARTESIAN_POINT ( 'NONE',  ( -9.949999999999999289, 7.000000000000003553, 20.86677251825205914 ) ) ;
#883 = DIRECTION ( 'NONE',  ( -1.000000000000000000, 0.000000000000000000, 0.000000000000000000 ) ) ;
#884 = EDGE_LOOP ( 'NONE', ( #150, #234, #1723, #1182 ) ) ;
#885 = AXIS2_PLACEMENT_3D ( 'NONE', #1671, #1257, #30 ) ;
#886 = ORIENTED_EDGE ( 'NONE', *, *, #825, .F. ) ;
#887 = DIRECTION ( 'NONE',  ( -0.000000000000000000, 1.000000000000000000, 0.000000000000000000 ) ) ;
#888 = ADVANCED_FACE ( 'NONE', ( #115 ), #1254, .F. ) ;
#889 = DIRECTION ( 'NONE',  ( 0.000000000000000000, 0.000000000000000000, 1.000000000000000000 ) ) ;
#890 = LINE ( 'NONE', #1727, #970 ) ;
#891 = DIRECTION ( 'NONE',  ( 0.000000000000000000, -0.9396926207859105373, 0.3420201433256628842 ) ) ;
#892 = ORIENTED_EDGE ( 'NONE', *, *, #584, .F. ) ;
#893 = ORIENTED_EDGE ( 'NONE', *, *, #252, .F. ) ;
#894 = LINE ( 'NONE', #1450, #1017 ) ;
#895 = CIRCLE ( 'NONE', #1730, 1.049999999999997158 ) ;
#896 = CIRCLE ( 'NONE', #1277, 1.736599999999999255 ) ;
#897 = VECTOR ( 'NONE', #978, 1000.000000000000000 ) ;
#898 = DIRECTION ( 'NONE',  ( -0.000000000000000000, -0.000000000000000000, -1.000000000000000000 ) ) ;
#899 = PLANE ( 'NONE',  #1566 ) ;
#900 = ORIENTED_EDGE ( 'NONE', *, *, #75, .T. ) ;
#901 = ORIENTED_EDGE ( 'NONE', *, *, #1268, .F. ) ;
#902 = EDGE_CURVE ( 'NONE', #322, #159, #15, .T. ) ;
#903 = DIRECTION ( 'NONE',  ( 0.000000000000000000, 0.000000000000000000, 1.000000000000000000 ) ) ;
#904 = CC_DESIGN_PERSON_AND_ORGANIZATION_ASSIGNMENT ( #499, #628, ( #222 ) ) ;
#905 = CARTESIAN_POINT ( 'NONE',  ( 23.00000000000000000, 33.89100396670975357, 21.86677251825205914 ) ) ;
#906 = DIRECTION ( 'NONE',  ( -0.000000000000000000, -0.3420201433256631063, -0.9396926207859104263 ) ) ;
#907 = AXIS2_PLACEMENT_3D ( 'NONE', #99, #1495, #244 ) ;
#908 = VERTEX_POINT ( 'NONE', #570 ) ;
#909 = ORIENTED_EDGE ( 'NONE', *, *, #1731, .F. ) ;
#910 = ADVANCED_FACE ( 'NONE', ( #1132 ), #1686, .T. ) ;
#911 = EDGE_CURVE ( 'NONE', #1211, #119, #1281, .T. ) ;
#912 = CARTESIAN_POINT ( 'NONE',  ( -17.50000000000000000, -1.000000000000000000, -4.000000000000000000 ) ) ;
#913 = DATE_AND_TIME ( #1736, #777 ) ;
#914 = CARTESIAN_POINT ( 'NONE',  ( 25.00000000000000000, 3.414806793093830617, 20.38210455582574454 ) ) ;
#915 = EDGE_CURVE ( 'NONE', #1674, #494, #1409, .T. ) ;
#916 = CARTESIAN_POINT ( 'NONE',  ( 6.049999999999998934, 18.50000000000000355, 21.86677251825205914 ) ) ;
#917 = DIRECTION ( 'NONE',  ( 0.000000000000000000, 0.000000000000000000, -1.000000000000000000 ) ) ;
#918 = ORIENTED_EDGE ( 'NONE', *, *, #232, .T. ) ;
#919 = ORIENTED_EDGE ( 'NONE', *, *, #1206, .F. ) ;
#920 = PRODUCT_DEFINITION_SHAPE ( 'NONE', 'NONE',  #1038 ) ;
#921 = AXIS2_PLACEMENT_3D ( 'NONE', #1387, #1378, #1253 ) ;
#922 = CARTESIAN_POINT ( 'NONE',  ( 2.849792886092612270E-16, 4.106984377564728561, 21.86677251825205914 ) ) ;
#923 = DATE_AND_TIME ( #1213, #1218 ) ;
#924 = EDGE_CURVE ( 'NONE', #726, #1080, #858, .T. ) ;
#925 = DIRECTION ( 'NONE',  ( 0.000000000000000000, 0.000000000000000000, -1.000000000000000000 ) ) ;
#926 = CIRCLE ( 'NONE', #393, 1.600000000000001643 ) ;
#927 = DIRECTION ( 'NONE',  ( -1.000000000000000000, 0.000000000000000000, 0.000000000000000000 ) ) ;
#928 = CARTESIAN_POINT ( 'NONE',  ( 24.99999999999999645, 4.106984377564728561, 20.13017251825205989 ) ) ;
#929 = AXIS2_PLACEMENT_3D ( 'NONE', #719, #1382, #27 ) ;
#930 = AXIS2_PLACEMENT_3D ( 'NONE', #1551, #1102, #1271 ) ;
#931 = ORIENTED_EDGE ( 'NONE', *, *, #1771, .T. ) ;
#932 = VERTEX_POINT ( 'NONE', #160 ) ;
#933 = DIRECTION ( 'NONE',  ( 0.000000000000000000, 0.000000000000000000, 1.000000000000000000 ) ) ;
#934 = PERSON_AND_ORGANIZATION_ROLE ( 'creator' ) ;
#935 = CARTESIAN_POINT ( 'NONE',  ( -2.707571122453044367E-15, 26.00000000000000355, 30.86677251825205914 ) ) ;
#936 = CARTESIAN_POINT ( 'NONE',  ( 9.950000000000004619, 30.00000000000000000, 21.86677251825205914 ) ) ;
#937 = VECTOR ( 'NONE', #1231, 1000.000000000000000 ) ;
#938 = ORIENTED_EDGE ( 'NONE', *, *, #452, .T. ) ;
#939 = VERTEX_POINT ( 'NONE', #1415 ) ;
#940 = DIRECTION ( 'NONE',  ( 0.000000000000000000, 1.000000000000000000, 0.000000000000000000 ) ) ;
#941 = PERSON_AND_ORGANIZATION ( #1516, #780 ) ;
#942 = EDGE_CURVE ( 'NONE', #1193, #256, #269, .T. ) ;
#943 = AXIS2_PLACEMENT_3D ( 'NONE', #1600, #1165, #1311 ) ;
#944 = CARTESIAN_POINT ( 'NONE',  ( 0.000000000000000000, 0.000000000000000000, 21.86677251825205914 ) ) ;
#945 = DIRECTION ( 'NONE',  ( 1.000000000000000000, -6.938893903907228378E-17, 0.000000000000000000 ) ) ;
#946 = ORIENTED_EDGE ( 'NONE', *, *, #869, .T. ) ;
#947 = ORIENTED_EDGE ( 'NONE', *, *, #1437, .T. ) ;
#948 = CARTESIAN_POINT ( 'NONE',  ( -6.495190528383290030, 14.75000000000000178, 30.86677251825205914 ) ) ;
#949 = CARTESIAN_POINT ( 'NONE',  ( -6.495190528383290030, 14.75000000000000178, 30.86677251825205914 ) ) ;
#950 = CARTESIAN_POINT ( 'NONE',  ( 25.00000000000000000, -1.000000000000000000, -9.000000000000000000 ) ) ;
#951 = EDGE_CURVE ( 'NONE', #868, #34, #550, .T. ) ;
#952 = EDGE_LOOP ( 'NONE', ( #307, #1096 ) ) ;
#953 = CIRCLE ( 'NONE', #133, 1.549999999999999378 ) ;
#954 = CIRCLE ( 'NONE', #1652, 2.000000000000000000 ) ;
#955 = ORIENTED_EDGE ( 'NONE', *, *, #1558, .F. ) ;
#956 = CARTESIAN_POINT ( 'NONE',  ( -7.545190528383280970, 22.25000000000000000, 21.86677251825205914 ) ) ;
#957 = CARTESIAN_POINT ( 'NONE',  ( -25.00000000000000000, 0.04442241552909823032, 11.12204958358382889 ) ) ;
#958 = AXIS2_PLACEMENT_3D ( 'NONE', #1554, #1690, #1147 ) ;
#959 = CARTESIAN_POINT ( 'NONE',  ( -23.00000000000000000, 33.89100396670975357, 21.86677251825205914 ) ) ;
#960 = FACE_OUTER_BOUND ( 'NONE', #769, .T. ) ;
#961 = ORIENTED_EDGE ( 'NONE', *, *, #1037, .F. ) ;
#962 = MANIFOLD_SOLID_BREP ( '圆角1', #412 ) ;
#963 = ORIENTED_EDGE ( 'NONE', *, *, #385, .F. ) ;
#964 = AXIS2_PLACEMENT_3D ( 'NONE', #987, #270, #1270 ) ;
#965 = DIRECTION ( 'NONE',  ( -1.000000000000000000, -7.345289713370191617E-17, 0.000000000000000000 ) ) ;
#966 = CARTESIAN_POINT ( 'NONE',  ( -25.00000000000000000, 33.89100396670975357, 21.86677251825205914 ) ) ;
#967 = ADVANCED_FACE ( 'NONE', ( #413 ), #1616, .T. ) ;
#968 = DIRECTION ( 'NONE',  ( -1.000000000000000000, 0.000000000000000000, 0.000000000000000000 ) ) ;
#969 = DIRECTION ( 'NONE',  ( -1.000000000000000000, 0.000000000000000000, 0.000000000000000000 ) ) ;
#970 = VECTOR ( 'NONE', #1442, 1000.000000000000000 ) ;
#971 = EDGE_CURVE ( 'NONE', #829, #1699, #219, .T. ) ;
#972 = DIRECTION ( 'NONE',  ( 0.000000000000000000, 0.000000000000000000, -1.000000000000000000 ) ) ;
#973 = CARTESIAN_POINT ( 'NONE',  ( -25.00000000000000000, 4.106984377564728561, 20.13017251825205989 ) ) ;
#974 = ORIENTED_EDGE ( 'NONE', *, *, #1606, .F. ) ;
#975 = EDGE_LOOP ( 'NONE', ( #129, #1573 ) ) ;
#976 = CARTESIAN_POINT ( 'NONE',  ( 25.00000000000000000, 33.89100396670975357, 21.86677251825205914 ) ) ;
#977 = CARTESIAN_POINT ( 'NONE',  ( 5.445190528383291095, 14.75000000000000355, 20.86677251825205914 ) ) ;
#978 = DIRECTION ( 'NONE',  ( -0.000000000000000000, -0.000000000000000000, -1.000000000000000000 ) ) ;
#979 = PLANE ( 'NONE',  #857 ) ;
#980 = DIRECTION ( 'NONE',  ( 0.000000000000000000, 0.000000000000000000, -1.000000000000000000 ) ) ;
#981 = EDGE_LOOP ( 'NONE', ( #1762, #759, #497, #1119 ) ) ;
#982 = AXIS2_PLACEMENT_3D ( 'NONE', #221, #1216, #1078 ) ;
#983 = AXIS2_PLACEMENT_3D ( 'NONE', #187, #903, #1007 ) ;
#984 = CIRCLE ( 'NONE', #1336, 1.600000000000001643 ) ;
#985 = CIRCLE ( 'NONE', #1219, 6.049999999999999822 ) ;
#986 = EDGE_LOOP ( 'NONE', ( #1594, #158, #1769, #285 ) ) ;
#987 = CARTESIAN_POINT ( 'NONE',  ( -25.00000000000000000, 4.106984377564728561, 20.13017251825205989 ) ) ;
#988 = DIRECTION ( 'NONE',  ( -1.000000000000000000, 0.000000000000000000, 0.000000000000000000 ) ) ;
#989 = DIRECTION ( 'NONE',  ( 0.000000000000000000, 0.000000000000000000, 1.000000000000000000 ) ) ;
#990 = EDGE_CURVE ( 'NONE', #1211, #843, #1374, .T. ) ;
#991 = DIRECTION ( 'NONE',  ( -1.000000000000000000, 0.000000000000000000, -0.000000000000000000 ) ) ;
#992 = DIRECTION ( 'NONE',  ( -1.000000000000000000, 0.000000000000000000, -0.000000000000000000 ) ) ;
#993 = VERTEX_POINT ( 'NONE', #630 ) ;
#994 = ORIENTED_EDGE ( 'NONE', *, *, #531, .T. ) ;
#995 = CARTESIAN_POINT ( 'NONE',  ( 9.950000000000004619, 30.00000000000000000, 30.86677251825205914 ) ) ;
#996 = AXIS2_PLACEMENT_3D ( 'NONE', #414, #422, #1406 ) ;
#997 = LINE ( 'NONE', #124, #116 ) ;
#998 = CARTESIAN_POINT ( 'NONE',  ( 17.50000000000000000, -1.000000000000000000, -2.399999999999998135 ) ) ;
#999 = VERTEX_POINT ( 'NONE', #208 ) ;
#1000 = CARTESIAN_POINT ( 'NONE',  ( 4.788417562850799158E-17, 11.00000000000000355, 20.86677251825205914 ) ) ;
#1001 = AXIS2_PLACEMENT_3D ( 'NONE', #1435, #739, #1009 ) ;
#1002 = VECTOR ( 'NONE', #1667, 1000.000000000000000 ) ;
#1003 = EDGE_CURVE ( 'NONE', #299, #33, #612, .T. ) ;
#1004 = EDGE_LOOP ( 'NONE', ( #1031, #886, #169, #1275 ) ) ;
#1005 = VERTEX_POINT ( 'NONE', #122 ) ;
#1006 = EDGE_LOOP ( 'NONE', ( #235, #24, #1663, #1414 ) ) ;
#1007 = DIRECTION ( 'NONE',  ( -1.000000000000000000, 0.000000000000000000, 0.000000000000000000 ) ) ;
#1008 = DIRECTION ( 'NONE',  ( 0.000000000000000000, 0.000000000000000000, 1.000000000000000000 ) ) ;
#1009 = DIRECTION ( 'NONE',  ( -1.000000000000000000, 0.000000000000000000, 0.000000000000000000 ) ) ;
#1010 = CARTESIAN_POINT ( 'NONE',  ( -9.949999999999999289, 7.000000000000003553, 30.86677251825205914 ) ) ;
#1011 = AXIS2_PLACEMENT_3D ( 'NONE', #973, #992, #1664 ) ;
#1012 = ORIENTED_EDGE ( 'NONE', *, *, #1599, .T. ) ;
#1013 = AXIS2_PLACEMENT_3D ( 'NONE', #1759, #381, #527 ) ;
#1014 = VERTEX_POINT ( 'NONE', #362 ) ;
#1015 = EDGE_CURVE ( 'NONE', #179, #53, #666, .T. ) ;
#1016 = APPROVAL_PERSON_ORGANIZATION ( #639, #268, #1082 ) ;
#1017 = VECTOR ( 'NONE', #1153, 1000.000000000000000 ) ;
#1018 = FACE_OUTER_BOUND ( 'NONE', #411, .T. ) ;
#1019 = DIRECTION ( 'NONE',  ( 0.000000000000000000, 1.000000000000000000, -0.000000000000000000 ) ) ;
#1020 = EDGE_CURVE ( 'NONE', #1637, #1630, #1485, .T. ) ;
#1021 = CARTESIAN_POINT ( 'NONE',  ( 25.00000000000000000, 2.475114172307920413, 20.72412469915141031 ) ) ;
#1022 = LINE ( 'NONE', #175, #1361 ) ;
#1023 = EDGE_LOOP ( 'NONE', ( #76, #357 ) ) ;
#1024 = ORIENTED_EDGE ( 'NONE', *, *, #830, .T. ) ;
#1025 = DIRECTION ( 'NONE',  ( -1.000000000000000000, -7.345289713370191617E-17, 0.000000000000000000 ) ) ;
#1026 = CARTESIAN_POINT ( 'NONE',  ( 9.950000000000006395, 7.000000000000003553, 30.86677251825205914 ) ) ;
#1027 = AXIS2_PLACEMENT_3D ( 'NONE', #519, #1067, #253 ) ;
#1028 = FACE_OUTER_BOUND ( 'NONE', #1299, .T. ) ;
#1029 = FACE_OUTER_BOUND ( 'NONE', #1643, .T. ) ;
#1030 = ORIENTED_EDGE ( 'NONE', *, *, #881, .F. ) ;
#1031 = ORIENTED_EDGE ( 'NONE', *, *, #537, .F. ) ;
#1032 = CARTESIAN_POINT ( 'NONE',  ( 0.000000000000000000, -3.535331853275915037, 1.286755562845578016 ) ) ;
#1033 = DIRECTION ( 'NONE',  ( -0.000000000000000000, -1.000000000000000000, -0.000000000000000000 ) ) ;
#1034 = DIRECTION ( 'NONE',  ( -0.000000000000000000, 0.000000000000000000, -1.000000000000000000 ) ) ;
#1035 = CARTESIAN_POINT ( 'NONE',  ( 9.950000000000006395, 7.000000000000003553, 20.86677251825205914 ) ) ;
#1036 = ORIENTED_EDGE ( 'NONE', *, *, #1655, .T. ) ;
#1037 = EDGE_CURVE ( 'NONE', #377, #265, #29, .T. ) ;
#1038 = PRODUCT_DEFINITION ( '未知', '', #872, #744 ) ;
#1039 = ORIENTED_EDGE ( 'NONE', *, *, #1143, .F. ) ;
#1040 = CARTESIAN_POINT ( 'NONE',  ( 23.00000000000000000, 0.000000000000000000, -9.000000000000000000 ) ) ;
#1041 = CIRCLE ( 'NONE', #1217, 0.7365999999999991443 ) ;
#1042 = CYLINDRICAL_SURFACE ( 'NONE', #1779, 2.000000000000001776 ) ;
#1043 = DIRECTION ( 'NONE',  ( -0.000000000000000000, -0.000000000000000000, -1.000000000000000000 ) ) ;
#1044 = EDGE_CURVE ( 'NONE', #1211, #1447, #1666, .T. ) ;
#1045 = ORIENTED_EDGE ( 'NONE', *, *, #1201, .F. ) ;
#1046 = EDGE_CURVE ( 'NONE', #468, #1152, #763, .T. ) ;
#1047 = ORIENTED_EDGE ( 'NONE', *, *, #95, .F. ) ;
#1048 = EDGE_CURVE ( 'NONE', #256, #314, #1578, .T. ) ;
#1049 = CARTESIAN_POINT ( 'NONE',  ( -6.050000000000000711, 18.50000000000000355, 21.86677251825205914 ) ) ;
#1050 = DIRECTION ( 'NONE',  ( -0.000000000000000000, -0.000000000000000000, -1.000000000000000000 ) ) ;
#1051 = FACE_BOUND ( 'NONE', #366, .T. ) ;
#1052 = CARTESIAN_POINT ( 'NONE',  ( 6.049999999999998934, 18.50000000000000355, 20.86677251825205914 ) ) ;
#1053 = CIRCLE ( 'NONE', #964, 0.7365999999999970349 ) ;
#1054 = ORIENTED_EDGE ( 'NONE', *, *, #1181, .T. ) ;
#1055 = EDGE_LOOP ( 'NONE', ( #892, #41, #617, #1507 ) ) ;
#1056 = FACE_OUTER_BOUND ( 'NONE', #94, .T. ) ;
#1057 = APPLICATION_PROTOCOL_DEFINITION ( 'international standard', 'config_control_design', 1994, #215 ) ;
#1058 = DIRECTION ( 'NONE',  ( -1.000000000000000000, 0.000000000000000000, 0.000000000000000000 ) ) ;
#1059 = FACE_BOUND ( 'NONE', #1622, .T. ) ;
#1060 = CARTESIAN_POINT ( 'NONE',  ( -6.495190528383290030, 14.75000000000000178, 20.86677251825205914 ) ) ;
#1061 = ORIENTED_EDGE ( 'NONE', *, *, #646, .T. ) ;
#1062 = ORIENTED_EDGE ( 'NONE', *, *, #951, .F. ) ;
#1063 = EDGE_CURVE ( 'NONE', #1587, #494, #1337, .T. ) ;
#1064 = CARTESIAN_POINT ( 'NONE',  ( -25.00000000000000000, 0.000000000000000000, -11.00000000000000000 ) ) ;
#1065 = DATE_AND_TIME ( #509, #426 ) ;
#1066 = CIRCLE ( 'NONE', #982, 1.550000000000000933 ) ;
#1067 = DIRECTION ( 'NONE',  ( 0.000000000000000000, 1.000000000000000000, 0.000000000000000000 ) ) ;
#1068 = FACE_OUTER_BOUND ( 'NONE', #442, .T. ) ;
#1069 = CIRCLE ( 'NONE', #983, 2.000000000000001776 ) ;
#1070 = APPROVAL_PERSON_ORGANIZATION ( #941, #708, #1494 ) ;
#1071 = VECTOR ( 'NONE', #1310, 1000.000000000000000 ) ;
#1072 = EDGE_LOOP ( 'NONE', ( #1039, #1126 ) ) ;
#1073 = ORIENTED_EDGE ( 'NONE', *, *, #1444, .F. ) ;
#1074 = ADVANCED_FACE ( 'NONE', ( #1656 ), #404, .T. ) ;
#1075 = DIRECTION ( 'NONE',  ( -1.000000000000000000, 0.000000000000000000, 0.000000000000000000 ) ) ;
#1076 = AXIS2_PLACEMENT_3D ( 'NONE', #31, #980, #297 ) ;
#1077 = CARTESIAN_POINT ( 'NONE',  ( 7.545190528383283635, 14.75000000000000355, 30.86677251825205914 ) ) ;
#1078 = DIRECTION ( 'NONE',  ( -1.000000000000000000, 0.000000000000000000, 0.000000000000000000 ) ) ;
#1079 = ORIENTED_EDGE ( 'NONE', *, *, #1711, .T. ) ;
#1080 = VERTEX_POINT ( 'NONE', #956 ) ;
#1081 = DIRECTION ( 'NONE',  ( -0.000000000000000000, -0.000000000000000000, -1.000000000000000000 ) ) ;
#1082 = APPROVAL_ROLE ( '' ) ;
#1083 = CARTESIAN_POINT ( 'NONE',  ( 11.50000000000000711, 7.000000000000003553, 30.86677251825205914 ) ) ;
#1084 = FACE_OUTER_BOUND ( 'NONE', #1683, .T. ) ;
#1085 = ORIENTED_EDGE ( 'NONE', *, *, #1527, .F. ) ;
#1086 = ORIENTED_EDGE ( 'NONE', *, *, #715, .T. ) ;
#1087 = EDGE_CURVE ( 'NONE', #932, #725, #1737, .T. ) ;
#1088 = DIRECTION ( 'NONE',  ( 0.000000000000000000, 0.000000000000000000, 1.000000000000000000 ) ) ;
#1089 = LINE ( 'NONE', #844, #561 ) ;
#1090 = CARTESIAN_POINT ( 'NONE',  ( -17.50000000000000000, -1.000000000000000000, -2.399999999999998579 ) ) ;
#1091 = CARTESIAN_POINT ( 'NONE',  ( 25.00000000000000000, 0.04442241552909866747, 11.12204958358382889 ) ) ;
#1092 = ORIENTED_EDGE ( 'NONE', *, *, #1781, .T. ) ;
#1093 = AXIS2_PLACEMENT_3D ( 'NONE', #364, #1496, #240 ) ;
#1094 = CIRCLE ( 'NONE', #748, 1.049999999999997158 ) ;
#1095 = CIRCLE ( 'NONE', #1734, 2.000000000000001776 ) ;
#1096 = ORIENTED_EDGE ( 'NONE', *, *, #1426, .F. ) ;
#1097 = EDGE_CURVE ( 'NONE', #97, #692, #376, .T. ) ;
#1098 = CARTESIAN_POINT ( 'NONE',  ( 17.50000000000000000, -1.000000000000000000, -2.399999999999998579 ) ) ;
#1099 = CARTESIAN_POINT ( 'NONE',  ( -7.545190528383280970, 22.25000000000000000, 30.86677251825205914 ) ) ;
#1100 = ADVANCED_FACE ( 'NONE', ( #1780 ), #532, .T. ) ;
#1101 = ORIENTED_EDGE ( 'NONE', *, *, #902, .T. ) ;
#1102 = DIRECTION ( 'NONE',  ( 0.000000000000000000, 1.000000000000000000, 0.000000000000000000 ) ) ;
#1103 = CARTESIAN_POINT ( 'NONE',  ( -1.050000000000000711, 26.00000000000000355, 21.86677251825205914 ) ) ;
#1104 = CARTESIAN_POINT ( 'NONE',  ( -2.707571122453044367E-15, 26.00000000000000355, 20.86677251825205914 ) ) ;
#1105 = FACE_OUTER_BOUND ( 'NONE', #1139, .T. ) ;
#1106 = VECTOR ( 'NONE', #1347, 1000.000000000000000 ) ;
#1107 = ORIENTED_EDGE ( 'NONE', *, *, #1550, .T. ) ;
#1108 = ORIENTED_EDGE ( 'NONE', *, *, #1682, .T. ) ;
#1109 = PLANE ( 'NONE',  #1011 ) ;
#1110 = DIRECTION ( 'NONE',  ( -0.000000000000000000, -0.000000000000000000, -1.000000000000000000 ) ) ;
#1111 = ADVANCED_FACE ( 'NONE', ( #1801 ), #1109, .T. ) ;
#1112 = VECTOR ( 'NONE', #563, 1000.000000000000000 ) ;
#1113 = DIRECTION ( 'NONE',  ( -1.000000000000000000, 0.000000000000000000, 0.000000000000000000 ) ) ;
#1114 = CARTESIAN_POINT ( 'NONE',  ( -1.049999999999998268, 11.00000000000000355, 20.86677251825205914 ) ) ;
#1115 = CIRCLE ( 'NONE', #325, 1.600000000000001643 ) ;
#1116 = ORIENTED_EDGE ( 'NONE', *, *, #1268, .T. ) ;
#1117 = CARTESIAN_POINT ( 'NONE',  ( 25.00000000000000000, 0.7366000000000028081, 10.87011754601014601 ) ) ;
#1118 = ORIENTED_EDGE ( 'NONE', *, *, #415, .F. ) ;
#1119 = ORIENTED_EDGE ( 'NONE', *, *, #751, .F. ) ;
#1120 = CARTESIAN_POINT ( 'NONE',  ( 25.00000000000000000, 0.000000000000000000, -11.00000000000000000 ) ) ;
#1121 = EDGE_CURVE ( 'NONE', #692, #96, #1698, .T. ) ;
#1122 = LINE ( 'NONE', #1676, #572 ) ;
#1123 = CARTESIAN_POINT ( 'NONE',  ( -17.50000000000000000, -1.000000000000000000, -4.000000000000000000 ) ) ;
#1124 = DIRECTION ( 'NONE',  ( -1.000000000000000000, 0.000000000000000000, 0.000000000000000000 ) ) ;
#1125 = DIRECTION ( 'NONE',  ( -0.000000000000000000, -0.000000000000000000, -1.000000000000000000 ) ) ;
#1126 = ORIENTED_EDGE ( 'NONE', *, *, #1020, .F. ) ;
#1127 = AXIS2_PLACEMENT_3D ( 'NONE', #10, #1428, #891 ) ;
#1128 = AXIS2_PLACEMENT_3D ( 'NONE', #1457, #1424, #1559 ) ;
#1129 = CIRCLE ( 'NONE', #1279, 1.049999999999996270 ) ;
#1130 = CC_DESIGN_PERSON_AND_ORGANIZATION_ASSIGNMENT ( #814, #934, ( #872 ) ) ;
#1131 = ORIENTED_EDGE ( 'NONE', *, *, #1097, .T. ) ;
#1132 = FACE_OUTER_BOUND ( 'NONE', #1459, .T. ) ;
#1133 = EDGE_CURVE ( 'NONE', #1332, #1637, #1681, .T. ) ;
#1134 = DIRECTION ( 'NONE',  ( -0.000000000000000000, -0.000000000000000000, -1.000000000000000000 ) ) ;
#1135 = CARTESIAN_POINT ( 'NONE',  ( -13.04999999999999716, 7.000000000000003553, 30.86677251825205914 ) ) ;
#1136 = EDGE_LOOP ( 'NONE', ( #223, #1167, #1300, #1577 ) ) ;
#1137 = DIRECTION ( 'NONE',  ( 1.000000000000000000, 7.345289713370191617E-17, -0.000000000000000000 ) ) ;
#1138 = VECTOR ( 'NONE', #1243, 1000.000000000000000 ) ;
#1139 = EDGE_LOOP ( 'NONE', ( #513, #1297, #1061, #1030 ) ) ;
#1140 = AXIS2_PLACEMENT_3D ( 'NONE', #72, #84, #640 ) ;
#1141 = ORIENTED_EDGE ( 'NONE', *, *, #264, .F. ) ;
#1142 = CARTESIAN_POINT ( 'NONE',  ( -6.495190528383282924, 22.25000000000000000, 21.86677251825205914 ) ) ;
#1143 = EDGE_CURVE ( 'NONE', #1630, #1637, #723, .T. ) ;
#1144 = FACE_OUTER_BOUND ( 'NONE', #383, .T. ) ;
#1145 = FACE_OUTER_BOUND ( 'NONE', #728, .T. ) ;
#1146 = DIRECTION ( 'NONE',  ( -0.000000000000000000, -0.000000000000000000, -1.000000000000000000 ) ) ;
#1147 = DIRECTION ( 'NONE',  ( -1.000000000000000000, 0.000000000000000000, 0.000000000000000000 ) ) ;
#1148 = CIRCLE ( 'NONE', #885, 6.049999999999999822 ) ;
#1149 = ADVANCED_FACE ( 'NONE', ( #1105 ), #586, .T. ) ;
#1150 = ORIENTED_EDGE ( 'NONE', *, *, #800, .T. ) ;
#1151 = ORIENTED_EDGE ( 'NONE', *, *, #264, .T. ) ;
#1152 = VERTEX_POINT ( 'NONE', #557 ) ;
#1153 = DIRECTION ( 'NONE',  ( -0.000000000000000000, -0.000000000000000000, -1.000000000000000000 ) ) ;
#1154 = DIRECTION ( 'NONE',  ( 0.000000000000000000, 1.000000000000000000, 0.000000000000000000 ) ) ;
#1155 = FACE_OUTER_BOUND ( 'NONE', #657, .T. ) ;
#1156 = CARTESIAN_POINT ( 'NONE',  ( -5.445190528383292872, 14.75000000000000178, 30.86677251825205914 ) ) ;
#1157 = EDGE_LOOP ( 'NONE', ( #391, #1761 ) ) ;
#1158 = AXIS2_PLACEMENT_3D ( 'NONE', #482, #1714, #1471 ) ;
#1159 = ORIENTED_EDGE ( 'NONE', *, *, #819, .F. ) ;
#1160 = AXIS2_PLACEMENT_3D ( 'NONE', #1123, #1677, #989 ) ;
#1161 = AXIS2_PLACEMENT_3D ( 'NONE', #659, #1212, #1075 ) ;
#1162 = LINE ( 'NONE', #1712, #1595 ) ;
#1163 = CARTESIAN_POINT ( 'NONE',  ( 6.495190528383290030, 22.25000000000000000, 20.86677251825205914 ) ) ;
#1164 = ADVANCED_FACE ( 'NONE', ( #410 ), #1420, .F. ) ;
#1165 = DIRECTION ( 'NONE',  ( -0.000000000000000000, -0.000000000000000000, -1.000000000000000000 ) ) ;
#1166 = DIRECTION ( 'NONE',  ( 0.000000000000000000, 0.000000000000000000, 1.000000000000000000 ) ) ;
#1167 = ORIENTED_EDGE ( 'NONE', *, *, #840, .T. ) ;
#1168 = ORIENTED_EDGE ( 'NONE', *, *, #22, .F. ) ;
#1169 = CARTESIAN_POINT ( 'NONE',  ( -25.00000000000000000, 0.7365999999999991443, 10.87011754601014601 ) ) ;
#1170 = LINE ( 'NONE', #730, #717 ) ;
#1171 = PLANE ( 'NONE',  #1584 ) ;
#1172 = CARTESIAN_POINT ( 'NONE',  ( 1.049999999999998268, 11.00000000000000355, 21.86677251825205914 ) ) ;
#1173 = ORIENTED_EDGE ( 'NONE', *, *, #971, .T. ) ;
#1174 = CIRCLE ( 'NONE', #207, 1.049999999999998268 ) ;
#1175 = EDGE_LOOP ( 'NONE', ( #1118, #193, #1484, #1610 ) ) ;
#1176 = DIRECTION ( 'NONE',  ( 0.000000000000000000, 0.3420201433256631063, 0.9396926207859104263 ) ) ;
#1177 = LINE ( 'NONE', #46, #1568 ) ;
#1178 = DIRECTION ( 'NONE',  ( -0.000000000000000000, -0.000000000000000000, -1.000000000000000000 ) ) ;
#1179 = DIRECTION ( 'NONE',  ( -1.000000000000000000, -0.000000000000000000, -0.000000000000000000 ) ) ;
#1180 = ORIENTED_EDGE ( 'NONE', *, *, #1143, .T. ) ;
#1181 = EDGE_CURVE ( 'NONE', #692, #97, #1301, .T. ) ;
#1182 = ORIENTED_EDGE ( 'NONE', *, *, #679, .T. ) ;
#1183 = LINE ( 'NONE', #922, #1335 ) ;
#1184 = DATE_AND_TIME ( #1346, #636 ) ;
#1185 = AXIS2_PLACEMENT_3D ( 'NONE', #147, #128, #710 ) ;
#1186 = AXIS2_PLACEMENT_3D ( 'NONE', #826, #1255, #1381 ) ;
#1187 = AXIS2_PLACEMENT_3D ( 'NONE', #1598, #738, #55 ) ;
#1188 = DIRECTION ( 'NONE',  ( 7.345289713370191617E-17, -1.000000000000000000, 0.000000000000000000 ) ) ;
#1189 = FACE_OUTER_BOUND ( 'NONE', #884, .T. ) ;
#1190 = DIRECTION ( 'NONE',  ( -1.000000000000000000, 0.000000000000000000, 0.000000000000000000 ) ) ;
#1191 = EDGE_CURVE ( 'NONE', #184, #743, #344, .T. ) ;
#1192 = ORIENTED_EDGE ( 'NONE', *, *, #1531, .T. ) ;
#1193 = VERTEX_POINT ( 'NONE', #837 ) ;
#1194 = LINE ( 'NONE', #1064, #457 ) ;
#1195 = APPROVAL_STATUS ( 'not_yet_approved' ) ;
#1196 = CARTESIAN_POINT ( 'NONE',  ( -6.495190528383282924, 22.25000000000000000, 20.86677251825205914 ) ) ;
#1197 = DIRECTION ( 'NONE',  ( -1.000000000000000000, 0.000000000000000000, 0.000000000000000000 ) ) ;
#1198 = CARTESIAN_POINT ( 'NONE',  ( -23.00000000000000000, -1.000000000000000000, -11.00000000000000000 ) ) ;
#1199 = CIRCLE ( 'NONE', #665, 1.049999999999998046 ) ;
#1200 = ORIENTED_EDGE ( 'NONE', *, *, #252, .T. ) ;
#1201 = EDGE_CURVE ( 'NONE', #993, #179, #1576, .T. ) ;
#1202 = EDGE_LOOP ( 'NONE', ( #955, #475 ) ) ;
#1203 = VECTOR ( 'NONE', #1348, 1000.000000000000000 ) ;
#1204 = DIRECTION ( 'NONE',  ( -1.000000000000000000, 0.000000000000000000, 0.000000000000000000 ) ) ;
#1205 = PERSON_AND_ORGANIZATION ( #1516, #780 ) ;
#1206 = EDGE_CURVE ( 'NONE', #850, #820, #233, .T. ) ;
#1207 = FACE_OUTER_BOUND ( 'NONE', #1770, .T. ) ;
#1208 = CARTESIAN_POINT ( 'NONE',  ( 9.950000000000006395, 7.000000000000003553, 21.86677251825205914 ) ) ;
#1209 = ORIENTED_EDGE ( 'NONE', *, *, #232, .F. ) ;
#1210 = ADVANCED_FACE ( 'NONE', ( #1537 ), #439, .F. ) ;
#1211 = VERTEX_POINT ( 'NONE', #722 ) ;
#1212 = DIRECTION ( 'NONE',  ( -0.000000000000000000, -0.000000000000000000, -1.000000000000000000 ) ) ;
#1213 = CALENDAR_DATE ( 2022, 21, 12 ) ;
#1214 = CIRCLE ( 'NONE', #424, 6.049999999999999822 ) ;
#1215 = DIRECTION ( 'NONE',  ( -0.000000000000000000, 1.000000000000000000, -0.000000000000000000 ) ) ;
#1216 = DIRECTION ( 'NONE',  ( 0.000000000000000000, 0.000000000000000000, -1.000000000000000000 ) ) ;
#1217 = AXIS2_PLACEMENT_3D ( 'NONE', #1389, #862, #688 ) ;
#1218 = LOCAL_TIME ( 23, 51, 9.000000000000000000, #361 ) ;
#1219 = AXIS2_PLACEMENT_3D ( 'NONE', #396, #1657, #5 ) ;
#1220 = ORIENTED_EDGE ( 'NONE', *, *, #751, .T. ) ;
#1221 = ORIENTED_EDGE ( 'NONE', *, *, #1509, .T. ) ;
#1222 = DIRECTION ( 'NONE',  ( 0.000000000000000000, 1.000000000000000000, 0.000000000000000000 ) ) ;
#1223 = PERSON_AND_ORGANIZATION ( #1516, #780 ) ;
#1224 = FACE_BOUND ( 'NONE', #506, .T. ) ;
#1225 = CARTESIAN_POINT ( 'NONE',  ( -25.00000000000000000, 4.106984377564730337, 20.86677251825206625 ) ) ;
#1226 = VECTOR ( 'NONE', #1050, 1000.000000000000000 ) ;
#1227 = EDGE_CURVE ( 'NONE', #1569, #1491, #1474, .T. ) ;
#1228 = ORIENTED_EDGE ( 'NONE', *, *, #840, .F. ) ;
#1229 = EDGE_CURVE ( 'NONE', #807, #14, #856, .T. ) ;
#1230 = ORIENTED_EDGE ( 'NONE', *, *, #495, .T. ) ;
#1231 = DIRECTION ( 'NONE',  ( -1.000000000000000000, -0.000000000000000000, -0.000000000000000000 ) ) ;
#1232 = DIRECTION ( 'NONE',  ( -1.000000000000000000, 0.000000000000000000, 0.000000000000000000 ) ) ;
#1233 = AXIS2_PLACEMENT_3D ( 'NONE', #312, #465, #613 ) ;
#1234 = AXIS2_PLACEMENT_3D ( 'NONE', #1142, #443, #861 ) ;
#1235 = FACE_BOUND ( 'NONE', #1439, .T. ) ;
#1236 = ADVANCED_FACE ( 'NONE', ( #1563 ), #848, .F. ) ;
#1237 = DIRECTION ( 'NONE',  ( -0.000000000000000000, 1.000000000000000000, 0.000000000000000000 ) ) ;
#1238 = ADVANCED_FACE ( 'NONE', ( #1274 ), #681, .F. ) ;
#1239 = ORIENTED_EDGE ( 'NONE', *, *, #1063, .F. ) ;
#1240 = ORIENTED_EDGE ( 'NONE', *, *, #321, .T. ) ;
#1241 = EDGE_CURVE ( 'NONE', #1152, #1757, #1797, .T. ) ;
#1242 = CARTESIAN_POINT ( 'NONE',  ( 13.05000000000000959, 30.00000000000000000, 30.86677251825205914 ) ) ;
#1243 = DIRECTION ( 'NONE',  ( -0.000000000000000000, -0.000000000000000000, -1.000000000000000000 ) ) ;
#1244 = CC_DESIGN_PERSON_AND_ORGANIZATION_ASSIGNMENT ( #1334, #1746, ( #872 ) ) ;
#1245 = FACE_OUTER_BOUND ( 'NONE', #1685, .T. ) ;
#1246 = FACE_BOUND ( 'NONE', #246, .T. ) ;
#1247 = VECTOR ( 'NONE', #1443, 1000.000000000000000 ) ;
#1248 = ORIENTED_EDGE ( 'NONE', *, *, #1287, .F. ) ;
#1249 = CARTESIAN_POINT ( 'NONE',  ( -8.706009237320110307E-16, 18.50000000000000355, 30.86677251825205914 ) ) ;
#1250 = CIRCLE ( 'NONE', #683, 1.049999999999998268 ) ;
#1251 = ADVANCED_FACE ( 'NONE', ( #701 ), #1266, .T. ) ;
#1252 = EDGE_LOOP ( 'NONE', ( #1638, #782 ) ) ;
#1253 = DIRECTION ( 'NONE',  ( 0.000000000000000000, 0.000000000000000000, 1.000000000000000000 ) ) ;
#1254 = CYLINDRICAL_SURFACE ( 'NONE', #212, 1.550000000000002709 ) ;
#1255 = DIRECTION ( 'NONE',  ( 1.000000000000000000, 0.000000000000000000, 0.000000000000000000 ) ) ;
#1256 = LINE ( 'NONE', #1524, #339 ) ;
#1257 = DIRECTION ( 'NONE',  ( -0.000000000000000000, -0.000000000000000000, -1.000000000000000000 ) ) ;
#1258 = DIRECTION ( 'NONE',  ( -0.000000000000000000, -0.000000000000000000, -1.000000000000000000 ) ) ;
#1259 = EDGE_LOOP ( 'NONE', ( #1366, #1230 ) ) ;
#1260 = ORIENTED_EDGE ( 'NONE', *, *, #942, .F. ) ;
#1261 = DIRECTION ( 'NONE',  ( -0.000000000000000000, -1.000000000000000000, -0.000000000000000000 ) ) ;
#1262 = FACE_OUTER_BOUND ( 'NONE', #1175, .T. ) ;
#1263 = CARTESIAN_POINT ( 'NONE',  ( 13.05000000000000782, 7.000000000000003553, 20.86677251825205914 ) ) ;
#1264 = AXIS2_PLACEMENT_3D ( 'NONE', #687, #123, #1398 ) ;
#1265 = ORIENTED_EDGE ( 'NONE', *, *, #724, .T. ) ;
#1266 = CYLINDRICAL_SURFACE ( 'NONE', #1127, 1.736599999999999255 ) ;
#1267 = VERTEX_POINT ( 'NONE', #1035 ) ;
#1268 = EDGE_CURVE ( 'NONE', #850, #1701, #1575, .T. ) ;
#1269 = ORIENTED_EDGE ( 'NONE', *, *, #1589, .T. ) ;
#1270 = DIRECTION ( 'NONE',  ( 0.000000000000000000, 0.000000000000000000, -1.000000000000000000 ) ) ;
#1271 = DIRECTION ( 'NONE',  ( 0.000000000000000000, 0.000000000000000000, 1.000000000000000000 ) ) ;
#1272 = DIRECTION ( 'NONE',  ( -0.000000000000000000, -1.000000000000000000, -0.000000000000000000 ) ) ;
#1273 = ORIENTED_EDGE ( 'NONE', *, *, #684, .F. ) ;
#1274 = FACE_OUTER_BOUND ( 'NONE', #1539, .T. ) ;
#1275 = ORIENTED_EDGE ( 'NONE', *, *, #881, .T. ) ;
#1276 = VECTOR ( 'NONE', #254, 1000.000000000000000 ) ;
#1277 = AXIS2_PLACEMENT_3D ( 'NONE', #1169, #1025, #197 ) ;
#1278 = EDGE_CURVE ( 'NONE', #155, #1611, #50, .T. ) ;
#1279 = AXIS2_PLACEMENT_3D ( 'NONE', #706, #417, #162 ) ;
#1280 = ORIENTED_EDGE ( 'NONE', *, *, #1800, .T. ) ;
#1281 = LINE ( 'NONE', #300, #505 ) ;
#1282 = FACE_OUTER_BOUND ( 'NONE', #409, .T. ) ;
#1283 = FACE_BOUND ( 'NONE', #382, .T. ) ;
#1284 = DIRECTION ( 'NONE',  ( -0.000000000000000000, -0.000000000000000000, -1.000000000000000000 ) ) ;
#1285 = DIRECTION ( 'NONE',  ( -0.000000000000000000, -1.000000000000000000, -0.000000000000000000 ) ) ;
#1286 = ORIENTED_EDGE ( 'NONE', *, *, #1483, .T. ) ;
#1287 = EDGE_CURVE ( 'NONE', #621, #330, #1330, .T. ) ;
#1288 = AXIS2_PLACEMENT_3D ( 'NONE', #139, #567, #419 ) ;
#1289 = EDGE_LOOP ( 'NONE', ( #1306, #637 ) ) ;
#1290 = EDGE_LOOP ( 'NONE', ( #721, #919, #1116, #1331 ) ) ;
#1291 = DIRECTION ( 'NONE',  ( -1.000000000000000000, -7.345289713370191617E-17, 0.000000000000000000 ) ) ;
#1292 = DIRECTION ( 'NONE',  ( 0.000000000000000000, 0.000000000000000000, 1.000000000000000000 ) ) ;
#1293 = CARTESIAN_POINT ( 'NONE',  ( 6.495190528383287365, 14.75000000000000355, 21.86677251825205914 ) ) ;
#1294 = DIRECTION ( 'NONE',  ( 0.000000000000000000, -0.9396926207859104263, 0.3420201433256629397 ) ) ;
#1295 = CIRCLE ( 'NONE', #1233, 2.000000000000001776 ) ;
#1296 = ADVANCED_FACE ( 'NONE', ( #1029 ), #474, .F. ) ;
#1297 = ORIENTED_EDGE ( 'NONE', *, *, #293, .F. ) ;
#1298 = EDGE_CURVE ( 'NONE', #1343, #1508, #926, .T. ) ;
#1299 = EDGE_LOOP ( 'NONE', ( #1515, #1159, #68, #1073 ) ) ;
#1300 = ORIENTED_EDGE ( 'NONE', *, *, #1426, .T. ) ;
#1301 = CIRCLE ( 'NONE', #958, 1.549999999999999378 ) ;
#1302 = DIRECTION ( 'NONE',  ( 0.000000000000000000, 0.000000000000000000, 1.000000000000000000 ) ) ;
#1303 = DIRECTION ( 'NONE',  ( -0.000000000000000000, 1.000000000000000000, -0.000000000000000000 ) ) ;
#1304 = CARTESIAN_POINT ( 'NONE',  ( -25.00000000000000000, -0.9396926207859102043, 11.34202014332566222 ) ) ;
#1305 = DIRECTION ( 'NONE',  ( 0.000000000000000000, 1.000000000000000000, 0.000000000000000000 ) ) ;
#1306 = ORIENTED_EDGE ( 'NONE', *, *, #126, .T. ) ;
#1307 = AXIS2_PLACEMENT_3D ( 'NONE', #504, #520, #1619 ) ;
#1308 = EDGE_LOOP ( 'NONE', ( #1085, #1621 ) ) ;
#1309 = AXIS2_PLACEMENT_3D ( 'NONE', #784, #379, #251 ) ;
#1310 = DIRECTION ( 'NONE',  ( 1.000000000000000000, 0.000000000000000000, 0.000000000000000000 ) ) ;
#1311 = DIRECTION ( 'NONE',  ( -1.000000000000000000, 0.000000000000000000, 0.000000000000000000 ) ) ;
#1312 = CARTESIAN_POINT ( 'NONE',  ( 11.50000000000000711, 7.000000000000003553, 20.86677251825205914 ) ) ;
#1313 = EDGE_LOOP ( 'NONE', ( #1528, #389, #650, #288 ) ) ;
#1314 = VERTEX_POINT ( 'NONE', #1728 ) ;
#1315 = ADVANCED_FACE ( 'NONE', ( #211 ), #1592, .F. ) ;
#1316 = LINE ( 'NONE', #1580, #280 ) ;
#1317 = CARTESIAN_POINT ( 'NONE',  ( -17.50000000000000000, 0.000000000000000000, -4.000000000000000000 ) ) ;
#1318 = ORIENTED_EDGE ( 'NONE', *, *, #463, .F. ) ;
#1319 = CIRCLE ( 'NONE', #996, 1.550000000000002709 ) ;
#1320 = FACE_OUTER_BOUND ( 'NONE', #347, .T. ) ;
#1321 = CARTESIAN_POINT ( 'NONE',  ( 11.50000000000000711, 30.00000000000000000, 30.86677251825205914 ) ) ;
#1322 = ORIENTED_EDGE ( 'NONE', *, *, #1570, .F. ) ;
#1323 = EDGE_LOOP ( 'NONE', ( #1645, #1724, #1465, #629 ) ) ;
#1324 = EDGE_CURVE ( 'NONE', #96, #712, #953, .T. ) ;
#1325 = LINE ( 'NONE', #69, #168 ) ;
#1326 = CARTESIAN_POINT ( 'NONE',  ( -25.00000000000000000, -1.000000000000000000, -11.00000000000000000 ) ) ;
#1327 = ORIENTED_EDGE ( 'NONE', *, *, #49, .T. ) ;
#1328 = DIRECTION ( 'NONE',  ( 0.000000000000000000, 0.000000000000000000, -1.000000000000000000 ) ) ;
#1329 = CARTESIAN_POINT ( 'NONE',  ( -9.949999999999997513, 30.00000000000000000, 20.86677251825205914 ) ) ;
#1330 = LINE ( 'NONE', #334, #1446 ) ;
#1331 = ORIENTED_EDGE ( 'NONE', *, *, #549, .T. ) ;
#1332 = VERTEX_POINT ( 'NONE', #1172 ) ;
#1333 = FACE_OUTER_BOUND ( 'NONE', #838, .T. ) ;
#1334 = PERSON_AND_ORGANIZATION ( #1516, #780 ) ;
#1335 = VECTOR ( 'NONE', #236, 1000.000000000000000 ) ;
#1336 = AXIS2_PLACEMENT_3D ( 'NONE', #620, #1019, #181 ) ;
#1337 = LINE ( 'NONE', #1098, #694 ) ;
#1338 = CARTESIAN_POINT ( 'NONE',  ( -5.445190528383284878, 22.25000000000000000, 20.86677251825205914 ) ) ;
#1339 = CARTESIAN_POINT ( 'NONE',  ( -6.495190528383282924, 22.25000000000000000, 20.86677251825205914 ) ) ;
#1340 = EDGE_CURVE ( 'NONE', #1757, #1447, #459, .T. ) ;
#1341 = AXIS2_PLACEMENT_3D ( 'NONE', #21, #1393, #156 ) ;
#1342 = EDGE_LOOP ( 'NONE', ( #1752, #676, #1086, #529, #611, #1456 ) ) ;
#1343 = VERTEX_POINT ( 'NONE', #1739 ) ;
#1344 = EDGE_CURVE ( 'NONE', #820, #1447, #1022, .T. ) ;
#1345 = CARTESIAN_POINT ( 'NONE',  ( -25.00000000000000000, 35.89100396670976068, 21.86677251825205914 ) ) ;
#1346 = CALENDAR_DATE ( 2022, 21, 12 ) ;
#1347 = DIRECTION ( 'NONE',  ( -1.000000000000000000, -0.000000000000000000, -0.000000000000000000 ) ) ;
#1348 = DIRECTION ( 'NONE',  ( -0.000000000000000000, -0.000000000000000000, -1.000000000000000000 ) ) ;
#1349 = CARTESIAN_POINT ( 'NONE',  ( -8.706009237320110307E-16, 18.50000000000000355, 30.86677251825205914 ) ) ;
#1350 = ORIENTED_EDGE ( 'NONE', *, *, #1570, .T. ) ;
#1351 = ORIENTED_EDGE ( 'NONE', *, *, #120, .F. ) ;
#1352 = LINE ( 'NONE', #1358, #249 ) ;
#1353 = CALENDAR_DATE ( 2022, 21, 12 ) ;
#1354 = DIRECTION ( 'NONE',  ( -0.000000000000000000, -0.000000000000000000, -1.000000000000000000 ) ) ;
#1355 = DIRECTION ( 'NONE',  ( 0.000000000000000000, -0.9396926207859104263, 0.3420201433256629397 ) ) ;
#1356 = ORIENTED_EDGE ( 'NONE', *, *, #1241, .F. ) ;
#1357 = EDGE_LOOP ( 'NONE', ( #575, #562, #59, #1512 ) ) ;
#1358 = CARTESIAN_POINT ( 'NONE',  ( -23.00000000000000000, 35.89100396670976068, 21.86677251825205914 ) ) ;
#1359 = APPROVAL_DATE_TIME ( #913, #708 ) ;
#1360 = ADVANCED_FACE ( 'NONE', ( #328 ), #899, .F. ) ;
#1361 = VECTOR ( 'NONE', #1294, 1000.000000000000227 ) ;
#1362 = ADVANCED_FACE ( 'NONE', ( #632 ), #466, .F. ) ;
#1363 = FACE_BOUND ( 'NONE', #607, .T. ) ;
#1364 = DIRECTION ( 'NONE',  ( -1.000000000000000000, 0.000000000000000000, 0.000000000000000000 ) ) ;
#1365 = CC_DESIGN_SECURITY_CLASSIFICATION ( #1477, ( #872 ) ) ;
#1366 = ORIENTED_EDGE ( 'NONE', *, *, #28, .T. ) ;
#1367 = ORIENTED_EDGE ( 'NONE', *, *, #1191, .T. ) ;
#1368 = EDGE_CURVE ( 'NONE', #213, #33, #1722, .T. ) ;
#1369 = CARTESIAN_POINT ( 'NONE',  ( -25.00000000000000000, 0.000000000000000000, 10.87011754601014601 ) ) ;
#1370 = APPROVAL_ROLE ( '' ) ;
#1371 = EDGE_CURVE ( 'NONE', #1729, #1014, #64, .T. ) ;
#1372 = PLANE ( 'NONE',  #436 ) ;
#1373 = DIRECTION ( 'NONE',  ( 1.000000000000000000, 0.000000000000000000, 0.000000000000000000 ) ) ;
#1374 = CIRCLE ( 'NONE', #143, 1.736599999999999033 ) ;
#1375 = EDGE_CURVE ( 'NONE', #1267, #1593, #870, .T. ) ;
#1376 = ORIENTED_EDGE ( 'NONE', *, *, #942, .T. ) ;
#1377 = ORIENTED_EDGE ( 'NONE', *, *, #495, .F. ) ;
#1378 = DIRECTION ( 'NONE',  ( 0.000000000000000000, 1.000000000000000000, 0.000000000000000000 ) ) ;
#1379 = LINE ( 'NONE', #1519, #1112 ) ;
#1380 = CIRCLE ( 'NONE', #734, 2.000000000000001776 ) ;
#1381 = DIRECTION ( 'NONE',  ( 0.000000000000000000, 0.000000000000000000, 1.000000000000000000 ) ) ;
#1382 = DIRECTION ( 'NONE',  ( -0.000000000000000000, -0.000000000000000000, -1.000000000000000000 ) ) ;
#1383 = VERTEX_POINT ( 'NONE', #1052 ) ;
#1384 = DIRECTION ( 'NONE',  ( 1.000000000000000000, 0.000000000000000000, 0.000000000000000000 ) ) ;
#1385 = ORIENTED_EDGE ( 'NONE', *, *, #830, .F. ) ;
#1386 = UNCERTAINTY_MEASURE_WITH_UNIT (LENGTH_MEASURE( 1.000000000000000082E-05 ), #332, 'distance_accuracy_value', 'NONE');
#1387 = CARTESIAN_POINT ( 'NONE',  ( -23.00000000000000000, -1.000000000000000000, -9.000000000000000000 ) ) ;
#1388 = FACE_OUTER_BOUND ( 'NONE', #51, .T. ) ;
#1389 = CARTESIAN_POINT ( 'NONE',  ( 25.00000000000000000, 0.7366000000000028081, 10.87011754601014601 ) ) ;
#1390 = CARTESIAN_POINT ( 'NONE',  ( -6.495190528383282924, 22.25000000000000000, 30.86677251825205914 ) ) ;
#1391 = ADVANCED_FACE ( 'NONE', ( #1436 ), #740, .F. ) ;
#1392 = DIRECTION ( 'NONE',  ( 0.000000000000000000, 1.000000000000000000, -0.000000000000000000 ) ) ;
#1393 = DIRECTION ( 'NONE',  ( -0.000000000000000000, -0.000000000000000000, -1.000000000000000000 ) ) ;
#1394 = CIRCLE ( 'NONE', #1187, 2.000000000000000000 ) ;
#1395 = VECTOR ( 'NONE', #2, 1000.000000000000000 ) ;
#1396 = EDGE_LOOP ( 'NONE', ( #1141, #186, #758, #306 ) ) ;
#1397 = ORIENTED_EDGE ( 'NONE', *, *, #1731, .T. ) ;
#1398 = DIRECTION ( 'NONE',  ( 0.000000000000000000, 9.989194264521530753E-16, -1.000000000000000000 ) ) ;
#1399 = FACE_OUTER_BOUND ( 'NONE', #1136, .T. ) ;
#1400 = FACE_BOUND ( 'NONE', #1308, .T. ) ;
#1401 = EDGE_CURVE ( 'NONE', #314, #256, #279, .T. ) ;
#1402 = CARTESIAN_POINT ( 'NONE',  ( 25.00000000000000000, -1.000000000000000000, -11.00000000000000000 ) ) ;
#1403 = DIRECTION ( 'NONE',  ( -1.000000000000000000, 0.000000000000000000, 0.000000000000000000 ) ) ;
#1404 = ORIENTED_EDGE ( 'NONE', *, *, #1087, .F. ) ;
#1405 = ORIENTED_EDGE ( 'NONE', *, *, #1527, .T. ) ;
#1406 = DIRECTION ( 'NONE',  ( -1.000000000000000000, 0.000000000000000000, 0.000000000000000000 ) ) ;
#1407 = DIRECTION ( 'NONE',  ( -1.000000000000000000, 0.000000000000000000, 0.000000000000000000 ) ) ;
#1408 = CARTESIAN_POINT ( 'NONE',  ( -11.49999999999999822, 30.00000000000000000, 21.86677251825205914 ) ) ;
#1409 = CIRCLE ( 'NONE', #736, 1.600000000000001643 ) ;
#1410 = CIRCLE ( 'NONE', #795, 1.049999999999998046 ) ;
#1411 = DIRECTION ( 'NONE',  ( -0.000000000000000000, -0.000000000000000000, -1.000000000000000000 ) ) ;
#1412 = DIRECTION ( 'NONE',  ( 0.000000000000000000, 1.000000000000000000, 0.000000000000000000 ) ) ;
#1413 = ORIENTED_EDGE ( 'NONE', *, *, #1037, .T. ) ;
#1414 = ORIENTED_EDGE ( 'NONE', *, *, #1464, .T. ) ;
#1415 = CARTESIAN_POINT ( 'NONE',  ( 7.545190528383283635, 14.75000000000000355, 21.86677251825205914 ) ) ;
#1416 = CYLINDRICAL_SURFACE ( 'NONE', #1186, 0.7365999999999970349 ) ;
#1417 = DIRECTION ( 'NONE',  ( -0.000000000000000000, -0.000000000000000000, -1.000000000000000000 ) ) ;
#1418 = ADVANCED_FACE ( 'NONE', ( #1084 ), #374, .F. ) ;
#1419 = DIRECTION ( 'NONE',  ( -1.000000000000000000, 0.000000000000000000, 0.000000000000000000 ) ) ;
#1420 = CYLINDRICAL_SURFACE ( 'NONE', #157, 0.7365999999999994774 ) ;
#1421 = ORIENTED_EDGE ( 'NONE', *, *, #808, .T. ) ;
#1422 = AXIS2_PLACEMENT_3D ( 'NONE', #1312, #623, #1705 ) ;
#1423 = VERTEX_POINT ( 'NONE', #936 ) ;
#1424 = DIRECTION ( 'NONE',  ( -1.000000000000000000, -0.000000000000000000, 0.000000000000000000 ) ) ;
#1425 = DIRECTION ( 'NONE',  ( -1.000000000000000000, 0.000000000000000000, -0.000000000000000000 ) ) ;
#1426 = EDGE_CURVE ( 'NONE', #141, #358, #248, .T. ) ;
#1427 = CYLINDRICAL_SURFACE ( 'NONE', #501, 1.049999999999998046 ) ;
#1428 = DIRECTION ( 'NONE',  ( 1.000000000000000000, 7.345289713370191617E-17, -0.000000000000000000 ) ) ;
#1429 = EDGE_CURVE ( 'NONE', #843, #1701, #1503, .T. ) ;
#1430 = ORIENTED_EDGE ( 'NONE', *, *, #1636, .F. ) ;
#1431 = ORIENTED_EDGE ( 'NONE', *, *, #1191, .F. ) ;
#1432 = ORIENTED_EDGE ( 'NONE', *, *, #359, .T. ) ;
#1433 = CARTESIAN_POINT ( 'NONE',  ( 25.00000000000000000, 3.686287386450715076E-15, 10.87011754601014601 ) ) ;
#1434 = LINE ( 'NONE', #1026, #397 ) ;
#1435 = CARTESIAN_POINT ( 'NONE',  ( 11.50000000000000711, 30.00000000000000000, 21.86677251825205914 ) ) ;
#1436 = FACE_OUTER_BOUND ( 'NONE', #1396, .T. ) ;
#1437 = EDGE_CURVE ( 'NONE', #1673, #1658, #1642, .T. ) ;
#1438 = ORIENTED_EDGE ( 'NONE', *, *, #71, .F. ) ;
#1439 = EDGE_LOOP ( 'NONE', ( #507, #656 ) ) ;
#1440 = DIRECTION ( 'NONE',  ( 0.000000000000000000, 0.000000000000000000, 1.000000000000000000 ) ) ;
#1441 = DIRECTION ( 'NONE',  ( -0.000000000000000000, -0.000000000000000000, -1.000000000000000000 ) ) ;
#1442 = DIRECTION ( 'NONE',  ( 0.000000000000000000, 0.000000000000000000, 1.000000000000000000 ) ) ;
#1443 = DIRECTION ( 'NONE',  ( 0.000000000000000000, -1.000000000000000000, 0.000000000000000000 ) ) ;
#1444 = EDGE_CURVE ( 'NONE', #908, #621, #775, .T. ) ;
#1445 = ORIENTED_EDGE ( 'NONE', *, *, #1097, .F. ) ;
#1446 = VECTOR ( 'NONE', #1179, 1000.000000000000000 ) ;
#1447 = VERTEX_POINT ( 'NONE', #1768 ) ;
#1448 = AXIS2_PLACEMENT_3D ( 'NONE', #845, #144, #698 ) ;
#1449 = CC_DESIGN_APPROVAL ( #477, ( #1477 ) ) ;
#1450 = CARTESIAN_POINT ( 'NONE',  ( -7.545190528383287187, 14.75000000000000178, 30.86677251825205914 ) ) ;
#1451 = VERTEX_POINT ( 'NONE', #649 ) ;
#1452 = CARTESIAN_POINT ( 'NONE',  ( 24.99999999999999645, 2.475114172307920413, 20.72412469915141031 ) ) ;
#1453 = DIRECTION ( 'NONE',  ( -0.000000000000000000, -0.000000000000000000, -1.000000000000000000 ) ) ;
#1454 = EDGE_CURVE ( 'NONE', #1014, #1586, #895, .T. ) ;
#1455 = ORIENTED_EDGE ( 'NONE', *, *, #522, .T. ) ;
#1456 = ORIENTED_EDGE ( 'NONE', *, *, #646, .F. ) ;
#1457 = CARTESIAN_POINT ( 'NONE',  ( 25.00000000000000000, 2.651518884133551968, 21.20879266157772136 ) ) ;
#1458 = LINE ( 'NONE', #1326, #543 ) ;
#1459 = EDGE_LOOP ( 'NONE', ( #12, #947, #799, #663 ) ) ;
#1460 = AXIS2_PLACEMENT_3D ( 'NONE', #434, #1513, #705 ) ;
#1461 = CARTESIAN_POINT ( 'NONE',  ( -25.00000000000000000, -1.000000000000000000, -9.000000000000000000 ) ) ;
#1462 = DIRECTION ( 'NONE',  ( -1.000000000000000000, 0.000000000000000000, 0.000000000000000000 ) ) ;
#1463 = DIRECTION ( 'NONE',  ( -0.000000000000000000, -0.000000000000000000, -1.000000000000000000 ) ) ;
#1464 = EDGE_CURVE ( 'NONE', #767, #468, #78, .T. ) ;
#1465 = ORIENTED_EDGE ( 'NONE', *, *, #1015, .T. ) ;
#1466 = VECTOR ( 'NONE', #1146, 1000.000000000000000 ) ;
#1467 = ORIENTED_EDGE ( 'NONE', *, *, #1048, .F. ) ;
#1468 = CYLINDRICAL_SURFACE ( 'NONE', #1161, 1.049999999999996270 ) ;
#1469 = CARTESIAN_POINT ( 'NONE',  ( 11.50000000000000711, 30.00000000000000000, 20.86677251825205914 ) ) ;
#1470 = CARTESIAN_POINT ( 'NONE',  ( 7.545190528383283635, 14.75000000000000355, 20.86677251825205914 ) ) ;
#1471 = DIRECTION ( 'NONE',  ( -1.000000000000000000, 0.000000000000000000, 0.000000000000000000 ) ) ;
#1472 = ORIENTED_EDGE ( 'NONE', *, *, #392, .F. ) ;
#1473 = VERTEX_POINT ( 'NONE', #816 ) ;
#1474 = CIRCLE ( 'NONE', #1185, 1.550000000000000933 ) ;
#1475 = DIRECTION ( 'NONE',  ( -1.000000000000000000, 0.000000000000000000, 0.000000000000000000 ) ) ;
#1476 = DATE_TIME_ROLE ( 'classification_date' ) ;
#1477 = SECURITY_CLASSIFICATION ( '', '', #1614 ) ;
#1478 = VECTOR ( 'NONE', #217, 1000.000000000000000 ) ;
#1479 = CARTESIAN_POINT ( 'NONE',  ( -25.00000000000000000, -1.000000000000000000, -11.00000000000000000 ) ) ;
#1480 = FACE_BOUND ( 'NONE', #338, .T. ) ;
#1481 = DIRECTION ( 'NONE',  ( 0.000000000000000000, 0.000000000000000000, -1.000000000000000000 ) ) ;
#1482 = ORIENTED_EDGE ( 'NONE', *, *, #1717, .T. ) ;
#1483 = EDGE_CURVE ( 'NONE', #712, #96, #483, .T. ) ;
#1484 = ORIENTED_EDGE ( 'NONE', *, *, #990, .T. ) ;
#1485 = CIRCLE ( 'NONE', #1604, 1.049999999999998268 ) ;
#1486 = CYLINDRICAL_SURFACE ( 'NONE', #812, 1.049999999999998268 ) ;
#1487 = SHAPE_DEFINITION_REPRESENTATION ( #920, #824 ) ;
#1488 = FACE_BOUND ( 'NONE', #1023, .T. ) ;
#1489 = DIRECTION ( 'NONE',  ( -1.000000000000000000, 0.000000000000000000, 0.000000000000000000 ) ) ;
#1490 = VERTEX_POINT ( 'NONE', #231 ) ;
#1491 = VERTEX_POINT ( 'NONE', #1208 ) ;
#1492 = AXIS2_PLACEMENT_3D ( 'NONE', #274, #146, #1124 ) ;
#1493 = DIRECTION ( 'NONE',  ( -0.000000000000000000, -0.000000000000000000, -1.000000000000000000 ) ) ;
#1494 = APPROVAL_ROLE ( '' ) ;
#1495 = DIRECTION ( 'NONE',  ( 0.000000000000000000, 1.000000000000000000, 0.000000000000000000 ) ) ;
#1496 = DIRECTION ( 'NONE',  ( 0.000000000000000000, 0.9396926207859104263, -0.3420201433256631063 ) ) ;
#1497 = EDGE_LOOP ( 'NONE', ( #1228, #1062, #523, #796 ) ) ;
#1498 = VERTEX_POINT ( 'NONE', #1198 ) ;
#1499 = DIRECTION ( 'NONE',  ( 0.000000000000000000, 0.000000000000000000, 1.000000000000000000 ) ) ;
#1500 = EDGE_CURVE ( 'NONE', #159, #767, #805, .T. ) ;
#1501 = AXIS2_PLACEMENT_3D ( 'NONE', #928, #1373, #642 ) ;
#1502 = LINE ( 'NONE', #92, #13 ) ;
#1503 = LINE ( 'NONE', #100, #602 ) ;
#1504 = AXIS2_PLACEMENT_3D ( 'NONE', #35, #308, #1440 ) ;
#1505 = VECTOR ( 'NONE', #198, 1000.000000000000000 ) ;
#1506 = CC_DESIGN_DATE_AND_TIME_ASSIGNMENT ( #923, #1476, ( #1477 ) ) ;
#1507 = ORIENTED_EDGE ( 'NONE', *, *, #531, .F. ) ;
#1508 = VERTEX_POINT ( 'NONE', #512 ) ;
#1509 = EDGE_CURVE ( 'NONE', #420, #226, #714, .T. ) ;
#1510 = CARTESIAN_POINT ( 'NONE',  ( 0.000000000000000000, -0.8952702052568125568, 11.46406972690949111 ) ) ;
#1511 = CARTESIAN_POINT ( 'NONE',  ( -9.949999999999997513, 30.00000000000000000, 30.86677251825205914 ) ) ;
#1512 = ORIENTED_EDGE ( 'NONE', *, *, #16, .T. ) ;
#1513 = DIRECTION ( 'NONE',  ( -1.000000000000000000, -7.345289713370191617E-17, 0.000000000000000000 ) ) ;
#1514 = LINE ( 'NONE', #18, #194 ) ;
#1515 = ORIENTED_EDGE ( 'NONE', *, *, #102, .F. ) ;
#1516 = PERSON ( '未指定', '未指定', '未指定', ('未指定'), ('未指定'), ('未指定') ) ;
#1517 = ORIENTED_EDGE ( 'NONE', *, *, #40, .T. ) ;
#1518 = DIRECTION ( 'NONE',  ( -0.000000000000000000, -0.000000000000000000, -1.000000000000000000 ) ) ;
#1519 = CARTESIAN_POINT ( 'NONE',  ( -13.04999999999999893, 30.00000000000000000, 30.86677251825205914 ) ) ;
#1520 = VECTOR ( 'NONE', #785, 1000.000000000000000 ) ;
#1521 = ADVANCED_FACE ( 'NONE', ( #1068 ), #118, .F. ) ;
#1522 = ORIENTED_EDGE ( 'NONE', *, *, #1087, .T. ) ;
#1523 = CARTESIAN_POINT ( 'NONE',  ( 11.50000000000000711, 7.000000000000003553, 21.86677251825205914 ) ) ;
#1524 = CARTESIAN_POINT ( 'NONE',  ( 23.00000000000000000, -1.000000000000000000, -11.00000000000000000 ) ) ;
#1525 = CARTESIAN_POINT ( 'NONE',  ( -25.00000000000000000, 4.106984377564728561, 21.86677251825205914 ) ) ;
#1526 = CARTESIAN_POINT ( 'NONE',  ( 1.049999999999998268, 11.00000000000000355, 30.86677251825205914 ) ) ;
#1527 = EDGE_CURVE ( 'NONE', #1586, #1014, #1534, .T. ) ;
#1528 = ORIENTED_EDGE ( 'NONE', *, *, #1464, .F. ) ;
#1529 = ORIENTED_EDGE ( 'NONE', *, *, #1606, .T. ) ;
#1530 = DIRECTION ( 'NONE',  ( -0.000000000000000000, -0.000000000000000000, -1.000000000000000000 ) ) ;
#1531 = EDGE_CURVE ( 'NONE', #214, #1383, #798, .T. ) ;
#1532 = CYLINDRICAL_SURFACE ( 'NONE', #1448, 1.550000000000000933 ) ;
#1533 = CARTESIAN_POINT ( 'NONE',  ( 25.00000000000000000, 33.89100396670975357, 21.86677251825205914 ) ) ;
#1534 = CIRCLE ( 'NONE', #1564, 1.049999999999997158 ) ;
#1535 = AXIS2_PLACEMENT_3D ( 'NONE', #464, #887, #1302 ) ;
#1536 = CARTESIAN_POINT ( 'NONE',  ( 24.99999999999999645, 4.106984377564728561, 20.13017251825205989 ) ) ;
#1537 = FACE_OUTER_BOUND ( 'NONE', #113, .T. ) ;
#1538 = LOCAL_TIME ( 23, 51, 9.000000000000000000, #91 ) ;
#1539 = EDGE_LOOP ( 'NONE', ( #1377, #1192, #11, #1785 ) ) ;
#1540 = ORIENTED_EDGE ( 'NONE', *, *, #178, .T. ) ;
#1541 = DIRECTION ( 'NONE',  ( -0.000000000000000000, -0.000000000000000000, -1.000000000000000000 ) ) ;
#1542 = DIRECTION ( 'NONE',  ( -0.000000000000000000, -0.000000000000000000, -1.000000000000000000 ) ) ;
#1543 = CARTESIAN_POINT ( 'NONE',  ( 25.00000000000000000, -1.000000000000000000, -9.000000000000000000 ) ) ;
#1544 = LINE ( 'NONE', #296, #560 ) ;
#1545 = DIRECTION ( 'NONE',  ( -1.000000000000000000, 0.000000000000000000, 0.000000000000000000 ) ) ;
#1546 = ORIENTED_EDGE ( 'NONE', *, *, #1278, .F. ) ;
#1547 = ORIENTED_EDGE ( 'NONE', *, *, #522, .F. ) ;
#1548 = EDGE_CURVE ( 'NONE', #1314, #1211, #245, .T. ) ;
#1549 = DIRECTION ( 'NONE',  ( -0.000000000000000000, 0.3420201433256631063, 0.9396926207859104263 ) ) ;
#1550 = EDGE_CURVE ( 'NONE', #1593, #1267, #1066, .T. ) ;
#1551 = CARTESIAN_POINT ( 'NONE',  ( 17.50000000000000000, -1.000000000000000000, -4.000000000000000000 ) ) ;
#1552 = DIRECTION ( 'NONE',  ( -0.000000000000000000, -0.000000000000000000, -1.000000000000000000 ) ) ;
#1553 = ORIENTED_EDGE ( 'NONE', *, *, #597, .F. ) ;
#1554 = CARTESIAN_POINT ( 'NONE',  ( -11.49999999999999822, 7.000000000000003553, 21.86677251825205914 ) ) ;
#1555 = EDGE_LOOP ( 'NONE', ( #140, #946, #1108, #238 ) ) ;
#1556 = EDGE_CURVE ( 'NONE', #265, #377, #191, .T. ) ;
#1557 = ORIENTED_EDGE ( 'NONE', *, *, #1429, .T. ) ;
#1558 = EDGE_CURVE ( 'NONE', #111, #1383, #1214, .T. ) ;
#1559 = DIRECTION ( 'NONE',  ( 0.000000000000000000, 0.000000000000000000, 1.000000000000000000 ) ) ;
#1560 = CYLINDRICAL_SURFACE ( 'NONE', #167, 1.600000000000000755 ) ;
#1561 = ADVANCED_FACE ( 'NONE', ( #1805, #263, #846, #1246, #292, #302, #1400, #1793, #699, #1283, #863, #960 ), #435, .T. ) ;
#1562 = CARTESIAN_POINT ( 'NONE',  ( 5.445190528383291984, 22.25000000000000000, 21.86677251825205914 ) ) ;
#1563 = FACE_OUTER_BOUND ( 'NONE', #242, .T. ) ;
#1564 = AXIS2_PLACEMENT_3D ( 'NONE', #670, #535, #787 ) ;
#1565 = EDGE_LOOP ( 'NONE', ( #568, #87, #673, #1350 ) ) ;
#1566 = AXIS2_PLACEMENT_3D ( 'NONE', #750, #48, #1166 ) ;
#1567 = AXIS2_PLACEMENT_3D ( 'NONE', #1745, #770, #1204 ) ;
#1568 = VECTOR ( 'NONE', #447, 1000.000000000000000 ) ;
#1569 = VERTEX_POINT ( 'NONE', #154 ) ;
#1570 = EDGE_CURVE ( 'NONE', #1314, #468, #1514, .T. ) ;
#1571 = LINE ( 'NONE', #1433, #1794 ) ;
#1572 = DIRECTION ( 'NONE',  ( -1.000000000000000000, -0.000000000000000000, -0.000000000000000000 ) ) ;
#1573 = ORIENTED_EDGE ( 'NONE', *, *, #1771, .F. ) ;
#1574 = DIRECTION ( 'NONE',  ( 0.000000000000000000, 0.000000000000000000, -1.000000000000000000 ) ) ;
#1575 = LINE ( 'NONE', #732, #1247 ) ;
#1576 = CIRCLE ( 'NONE', #1341, 1.049999999999998046 ) ;
#1577 = ORIENTED_EDGE ( 'NONE', *, *, #852, .F. ) ;
#1578 = CIRCLE ( 'NONE', #788, 1.550000000000002709 ) ;
#1579 = VERTEX_POINT ( 'NONE', #689 ) ;
#1580 = CARTESIAN_POINT ( 'NONE',  ( 1.959434878635765230E-16, -1.000000000000000000, 5.899999999999999467 ) ) ;
#1581 = EDGE_CURVE ( 'NONE', #1332, #1799, #1250, .T. ) ;
#1582 = CARTESIAN_POINT ( 'NONE',  ( 23.00000000000000000, 33.89100396670975357, 21.86677251825205914 ) ) ;
#1583 = DIRECTION ( 'NONE',  ( -1.000000000000000000, 0.000000000000000000, 0.000000000000000000 ) ) ;
#1584 = AXIS2_PLACEMENT_3D ( 'NONE', #1304, #345, #1034 ) ;
#1585 = CIRCLE ( 'NONE', #1264, 1.736599999999997923 ) ;
#1586 = VERTEX_POINT ( 'NONE', #827 ) ;
#1587 = VERTEX_POINT ( 'NONE', #998 ) ;
#1588 = DIRECTION ( 'NONE',  ( 0.000000000000000000, 1.000000000000000000, 0.000000000000000000 ) ) ;
#1589 = EDGE_CURVE ( 'NONE', #1799, #1630, #8, .T. ) ;
#1590 = CARTESIAN_POINT ( 'NONE',  ( -1.049999999999998268, 11.00000000000000355, 21.86677251825205914 ) ) ;
#1591 = CYLINDRICAL_SURFACE ( 'NONE', #65, 1.049999999999996270 ) ;
#1592 = CYLINDRICAL_SURFACE ( 'NONE', #1678, 1.049999999999998268 ) ;
#1593 = VERTEX_POINT ( 'NONE', #1263 ) ;
#1594 = ORIENTED_EDGE ( 'NONE', *, *, #1429, .F. ) ;
#1595 = VECTOR ( 'NONE', #1588, 1000.000000000000000 ) ;
#1596 = AXIS2_PLACEMENT_3D ( 'NONE', #1317, #343, #1292 ) ;
#1597 = DIRECTION ( 'NONE',  ( 0.000000000000000000, 1.000000000000000000, 0.000000000000000000 ) ) ;
#1598 = CARTESIAN_POINT ( 'NONE',  ( -23.00000000000000000, -1.000000000000000000, -9.000000000000000000 ) ) ;
#1599 = EDGE_CURVE ( 'NONE', #97, #712, #1670, .T. ) ;
#1600 = CARTESIAN_POINT ( 'NONE',  ( 6.495190528383290030, 22.25000000000000000, 21.86677251825205914 ) ) ;
#1601 = DIRECTION ( 'NONE',  ( -0.000000000000000000, -0.000000000000000000, -1.000000000000000000 ) ) ;
#1602 = ORIENTED_EDGE ( 'NONE', *, *, #537, .T. ) ;
#1603 = ORIENTED_EDGE ( 'NONE', *, *, #1437, .F. ) ;
#1604 = AXIS2_PLACEMENT_3D ( 'NONE', #1788, #354, #1058 ) ;
#1605 = FACE_OUTER_BOUND ( 'NONE', #323, .T. ) ;
#1606 = EDGE_CURVE ( 'NONE', #322, #330, #1095, .T. ) ;
#1607 = DIRECTION ( 'NONE',  ( 0.000000000000000000, 1.000000000000000000, 0.000000000000000000 ) ) ;
#1608 = FACE_BOUND ( 'NONE', #1289, .T. ) ;
#1609 = CARTESIAN_POINT ( 'NONE',  ( 4.788417562850799158E-17, 11.00000000000000355, 30.86677251825205914 ) ) ;
#1610 = ORIENTED_EDGE ( 'NONE', *, *, #1803, .F. ) ;
#1611 = VERTEX_POINT ( 'NONE', #1103 ) ;
#1612 = EDGE_CURVE ( 'NONE', #34, #868, #108, .T. ) ;
#1613 = CARTESIAN_POINT ( 'NONE',  ( -23.00000000000000000, 0.000000000000000000, -9.000000000000000000 ) ) ;
#1614 = SECURITY_CLASSIFICATION_LEVEL ( 'unclassified' ) ;
#1615 = AXIS2_PLACEMENT_3D ( 'NONE', #275, #1384, #576 ) ;
#1616 = PLANE ( 'NONE',  #290 ) ;
#1617 = EDGE_CURVE ( 'NONE', #226, #420, #1129, .T. ) ;
#1618 = PLANE ( 'NONE',  #353 ) ;
#1619 = DIRECTION ( 'NONE',  ( -1.000000000000000000, 0.000000000000000000, 0.000000000000000000 ) ) ;
#1620 = ORIENTED_EDGE ( 'NONE', *, *, #1227, .T. ) ;
#1621 = ORIENTED_EDGE ( 'NONE', *, *, #1454, .F. ) ;
#1622 = EDGE_LOOP ( 'NONE', ( #1432, #643 ) ) ;
#1623 = CARTESIAN_POINT ( 'NONE',  ( -5.445190528383284878, 22.25000000000000000, 21.86677251825205914 ) ) ;
#1624 = APPROVAL_DATE_TIME ( #1065, #477 ) ;
#1625 = AXIS2_PLACEMENT_3D ( 'NONE', #309, #762, #1425 ) ;
#1626 = VECTOR ( 'NONE', #430, 1000.000000000000000 ) ;
#1627 = AXIS2_PLACEMENT_3D ( 'NONE', #1613, #1755, #1499 ) ;
#1628 = CARTESIAN_POINT ( 'NONE',  ( -25.00000000000000000, 3.591211504919462616, 21.86677251825205914 ) ) ;
#1629 = DIRECTION ( 'NONE',  ( -1.000000000000000000, 0.000000000000000000, 0.000000000000000000 ) ) ;
#1630 = VERTEX_POINT ( 'NONE', #1114 ) ;
#1631 = VERTEX_POINT ( 'NONE', #1533 ) ;
#1632 = CARTESIAN_POINT ( 'NONE',  ( 0.000000000000000000, -1.000000000000000000, 7.500000000000000000 ) ) ;
#1633 = CIRCLE ( 'NONE', #203, 1.049999999999998268 ) ;
#1634 = DIRECTION ( 'NONE',  ( 1.000000000000000000, 0.000000000000000000, 0.000000000000000000 ) ) ;
#1635 = DIRECTION ( 'NONE',  ( 0.000000000000000000, 0.000000000000000000, -1.000000000000000000 ) ) ;
#1636 = EDGE_CURVE ( 'NONE', #1451, #1729, #486, .T. ) ;
#1637 = VERTEX_POINT ( 'NONE', #1661 ) ;
#1638 = ORIENTED_EDGE ( 'NONE', *, *, #1375, .F. ) ;
#1639 = DIRECTION ( 'NONE',  ( -1.000000000000000000, 0.000000000000000000, 0.000000000000000000 ) ) ;
#1640 = PERSON_AND_ORGANIZATION_ROLE ( 'classification_officer' ) ;
#1641 = FACE_OUTER_BOUND ( 'NONE', #1055, .T. ) ;
#1642 = LINE ( 'NONE', #950, #514 ) ;
#1643 = EDGE_LOOP ( 'NONE', ( #711, #817, #548, #421 ) ) ;
#1644 = ADVANCED_FACE ( 'NONE', ( #583 ), #283, .F. ) ;
#1645 = ORIENTED_EDGE ( 'NONE', *, *, #40, .F. ) ;
#1646 = DIRECTION ( 'NONE',  ( -1.000000000000000000, 0.000000000000000000, 0.000000000000000000 ) ) ;
#1647 = CARTESIAN_POINT ( 'NONE',  ( -2.707571122453044367E-15, 26.00000000000000355, 21.86677251825205914 ) ) ;
#1648 = AXIS2_PLACEMENT_3D ( 'NONE', #1249, #1258, #1403 ) ;
#1649 = CARTESIAN_POINT ( 'NONE',  ( -13.04999999999999893, 30.00000000000000000, 20.86677251825205914 ) ) ;
#1650 = DIRECTION ( 'NONE',  ( -0.000000000000000000, -0.000000000000000000, -1.000000000000000000 ) ) ;
#1651 = AXIS2_PLACEMENT_3D ( 'NONE', #948, #1493, #1475 ) ;
#1652 = AXIS2_PLACEMENT_3D ( 'NONE', #206, #1033, #1008 ) ;
#1653 = ORIENTED_EDGE ( 'NONE', *, *, #1483, .F. ) ;
#1654 = ORIENTED_EDGE ( 'NONE', *, *, #49, .F. ) ;
#1655 = EDGE_CURVE ( 'NONE', #932, #703, #1256, .T. ) ;
#1656 = FACE_OUTER_BOUND ( 'NONE', #1290, .T. ) ;
#1657 = DIRECTION ( 'NONE',  ( 0.000000000000000000, 0.000000000000000000, -1.000000000000000000 ) ) ;
#1658 = VERTEX_POINT ( 'NONE', #835 ) ;
#1659 = DIRECTION ( 'NONE',  ( -0.000000000000000000, -0.000000000000000000, -1.000000000000000000 ) ) ;
#1660 = ADVANCED_FACE ( 'NONE', ( #136 ), #565, .F. ) ;
#1661 = CARTESIAN_POINT ( 'NONE',  ( 1.049999999999998268, 11.00000000000000355, 20.86677251825205914 ) ) ;
#1662 = VECTOR ( 'NONE', #229, 1000.000000000000000 ) ;
#1663 = ORIENTED_EDGE ( 'NONE', *, *, #1500, .T. ) ;
#1664 = DIRECTION ( 'NONE',  ( -0.000000000000000000, 0.000000000000000000, 1.000000000000000000 ) ) ;
#1665 = EDGE_LOOP ( 'NONE', ( #1356, #1455, #247, #752 ) ) ;
#1666 = LINE ( 'NONE', #1510, #1662 ) ;
#1667 = DIRECTION ( 'NONE',  ( -0.000000000000000000, -0.000000000000000000, -1.000000000000000000 ) ) ;
#1668 = ORIENTED_EDGE ( 'NONE', *, *, #16, .F. ) ;
#1669 = DIRECTION ( 'NONE',  ( 0.000000000000000000, 0.000000000000000000, -1.000000000000000000 ) ) ;
#1670 = LINE ( 'NONE', #1135, #897 ) ;
#1671 = CARTESIAN_POINT ( 'NONE',  ( -8.706009237320110307E-16, 18.50000000000000355, 21.86677251825205914 ) ) ;
#1672 = CARTESIAN_POINT ( 'NONE',  ( -25.00000000000000000, 3.414806793093830617, 20.38210455582574454 ) ) ;
#1673 = VERTEX_POINT ( 'NONE', #1543 ) ;
#1674 = VERTEX_POINT ( 'NONE', #874 ) ;
#1675 = DIRECTION ( 'NONE',  ( 0.000000000000000000, 1.000000000000000000, 0.000000000000000000 ) ) ;
#1676 = CARTESIAN_POINT ( 'NONE',  ( -1.050000000000000711, 26.00000000000000355, 30.86677251825205914 ) ) ;
#1677 = DIRECTION ( 'NONE',  ( 0.000000000000000000, 1.000000000000000000, 0.000000000000000000 ) ) ;
#1678 = AXIS2_PLACEMENT_3D ( 'NONE', #614, #1601, #883 ) ;
#1679 = VECTOR ( 'NONE', #331, 1000.000000000000114 ) ;
#1680 = ORIENTED_EDGE ( 'NONE', *, *, #924, .F. ) ;
#1681 = LINE ( 'NONE', #1526, #1626 ) ;
#1682 = EDGE_CURVE ( 'NONE', #1508, #1343, #516, .T. ) ;
#1683 = EDGE_LOOP ( 'NONE', ( #801, #596, #202, #615 ) ) ;
#1684 = EDGE_CURVE ( 'NONE', #703, #1673, #954, .T. ) ;
#1685 = EDGE_LOOP ( 'NONE', ( #893, #859, #276, #1327 ) ) ;
#1686 = PLANE ( 'NONE',  #591 ) ;
#1687 = CYLINDRICAL_SURFACE ( 'NONE', #105, 2.000000000000001776 ) ;
#1688 = DIRECTION ( 'NONE',  ( -0.000000000000000000, -0.000000000000000000, -1.000000000000000000 ) ) ;
#1689 = ORIENTED_EDGE ( 'NONE', *, *, #679, .F. ) ;
#1690 = DIRECTION ( 'NONE',  ( -0.000000000000000000, -0.000000000000000000, -1.000000000000000000 ) ) ;
#1691 = ORIENTED_EDGE ( 'NONE', *, *, #1044, .F. ) ;
#1692 = ADVANCED_FACE ( 'NONE', ( #1145 ), #1726, .T. ) ;
#1693 = ORIENTED_EDGE ( 'NONE', *, *, #95, .T. ) ;
#1694 = DIRECTION ( 'NONE',  ( 0.000000000000000000, 1.000000000000000000, -0.000000000000000000 ) ) ;
#1695 = CARTESIAN_POINT ( 'NONE',  ( -25.00000000000000000, 0.04442241552909866747, 11.12204958358382889 ) ) ;
#1696 =( NAMED_UNIT ( * ) PLANE_ANGLE_UNIT ( ) SI_UNIT ( $, .RADIAN. ) );
#1697 = DIRECTION ( 'NONE',  ( 0.000000000000000000, 0.000000000000000000, -1.000000000000000000 ) ) ;
#1698 = LINE ( 'NONE', #1010, #1395 ) ;
#1699 = VERTEX_POINT ( 'NONE', #70 ) ;
#1700 = EDGE_LOOP ( 'NONE', ( #727, #461, #1168, #1557, #1351, #1280 ) ) ;
#1701 = VERTEX_POINT ( 'NONE', #37 ) ;
#1702 = CARTESIAN_POINT ( 'NONE',  ( -8.706009237320110307E-16, 18.50000000000000355, 21.86677251825205914 ) ) ;
#1703 = CARTESIAN_POINT ( 'NONE',  ( -17.50000000000000000, -1.000000000000000000, -5.600000000000002309 ) ) ;
#1704 = CARTESIAN_POINT ( 'NONE',  ( -25.00000000000000000, 4.106984377564728561, 20.86677251825205914 ) ) ;
#1705 = DIRECTION ( 'NONE',  ( -1.000000000000000000, 0.000000000000000000, 0.000000000000000000 ) ) ;
#1706 = AXIS2_PLACEMENT_3D ( 'NONE', #346, #1043, #493 ) ;
#1707 = EDGE_LOOP ( 'NONE', ( #3, #1620 ) ) ;
#1708 = AXIS2_PLACEMENT_3D ( 'NONE', #1408, #1650, #678 ) ;
#1709 = CIRCLE ( 'NONE', #1504, 1.600000000000001643 ) ;
#1710 = ORIENTED_EDGE ( 'NONE', *, *, #1324, .F. ) ;
#1711 = EDGE_CURVE ( 'NONE', #155, #184, #471, .T. ) ;
#1712 = CARTESIAN_POINT ( 'NONE',  ( -17.50000000000000000, -1.000000000000000000, -2.399999999999998579 ) ) ;
#1713 = DIRECTION ( 'NONE',  ( -1.000000000000000000, 0.000000000000000000, 0.000000000000000000 ) ) ;
#1714 = DIRECTION ( 'NONE',  ( 0.000000000000000000, 0.000000000000000000, -1.000000000000000000 ) ) ;
#1715 = AXIS2_PLACEMENT_3D ( 'NONE', #686, #965, #1188 ) ;
#1716 = ORIENTED_EDGE ( 'NONE', *, *, #626, .T. ) ;
#1717 = EDGE_CURVE ( 'NONE', #1491, #1267, #1434, .T. ) ;
#1718 = EDGE_LOOP ( 'NONE', ( #1653, #1710 ) ) ;
#1719 = LINE ( 'NONE', #454, #1679 ) ;
#1720 = CARTESIAN_POINT ( 'NONE',  ( 0.000000000000000000, 0.000000000000000000, 7.500000000000000000 ) ) ;
#1721 = CARTESIAN_POINT ( 'NONE',  ( -6.495190528383282924, 22.25000000000000000, 21.86677251825205914 ) ) ;
#1722 = LINE ( 'NONE', #320, #773 ) ;
#1723 = ORIENTED_EDGE ( 'NONE', *, *, #1287, .T. ) ;
#1724 = ORIENTED_EDGE ( 'NONE', *, *, #75, .F. ) ;
#1725 = CARTESIAN_POINT ( 'NONE',  ( 25.00000000000000000, 3.414806793093837278, 20.38210455582574454 ) ) ;
#1726 = PLANE ( 'NONE',  #1625 ) ;
#1727 = CARTESIAN_POINT ( 'NONE',  ( -25.00000000000000000, -1.000000000000000000, -11.00000000000000000 ) ) ;
#1728 = CARTESIAN_POINT ( 'NONE',  ( 25.00000000000000000, 0.04442241552910192182, 11.12204958358382889 ) ) ;
#1729 = VERTEX_POINT ( 'NONE', #188 ) ;
#1730 = AXIS2_PLACEMENT_3D ( 'NONE', #1060, #388, #1489 ) ;
#1731 = EDGE_CURVE ( 'NONE', #767, #753, #755, .T. ) ;
#1732 = ORIENTED_EDGE ( 'NONE', *, *, #452, .F. ) ;
#1733 = AXIS2_PLACEMENT_3D ( 'NONE', #243, #940, #386 ) ;
#1734 = AXIS2_PLACEMENT_3D ( 'NONE', #408, #1417, #125 ) ;
#1735 = CARTESIAN_POINT ( 'NONE',  ( 25.00000000000000000, 33.89100396670975357, 20.86677251825205914 ) ) ;
#1736 = CALENDAR_DATE ( 2022, 21, 12 ) ;
#1737 = LINE ( 'NONE', #1747, #937 ) ;
#1738 = PLANE ( 'NONE',  #152 ) ;
#1739 = CARTESIAN_POINT ( 'NONE',  ( -17.50000000000000000, 0.000000000000000000, -2.399999999999998579 ) ) ;
#1740 = ADVANCED_FACE ( 'NONE', ( #593 ), #1560, .F. ) ;
#1741 = ORIENTED_EDGE ( 'NONE', *, *, #1655, .F. ) ;
#1742 = EDGE_CURVE ( 'NONE', #33, #299, #841, .T. ) ;
#1743 = ORIENTED_EDGE ( 'NONE', *, *, #864, .T. ) ;
#1744 = EDGE_CURVE ( 'NONE', #703, #1498, #1458, .T. ) ;
#1745 = CARTESIAN_POINT ( 'NONE',  ( 6.495190528383290030, 22.25000000000000000, 30.86677251825205914 ) ) ;
#1746 = PERSON_AND_ORGANIZATION_ROLE ( 'design_supplier' ) ;
#1747 = CARTESIAN_POINT ( 'NONE',  ( -25.00000000000000000, 0.000000000000000000, -11.00000000000000000 ) ) ;
#1748 = FACE_OUTER_BOUND ( 'NONE', #1342, .T. ) ;
#1749 = CARTESIAN_POINT ( 'NONE',  ( 23.00000000000000000, 35.89100396670976068, 21.86677251825205914 ) ) ;
#1750 = EDGE_LOOP ( 'NONE', ( #1260, #350, #742, #79 ) ) ;
#1751 = AXIS2_PLACEMENT_3D ( 'NONE', #935, #1354, #1197 ) ;
#1752 = ORIENTED_EDGE ( 'NONE', *, *, #260, .T. ) ;
#1753 = EDGE_CURVE ( 'NONE', #625, #111, #1170, .T. ) ;
#1754 = ORIENTED_EDGE ( 'NONE', *, *, #1201, .T. ) ;
#1755 = DIRECTION ( 'NONE',  ( 0.000000000000000000, 1.000000000000000000, 0.000000000000000000 ) ) ;
#1756 = APPROVAL_STATUS ( 'not_yet_approved' ) ;
#1757 = VERTEX_POINT ( 'NONE', #601 ) ;
#1758 = DIRECTION ( 'NONE',  ( -0.000000000000000000, -0.000000000000000000, -1.000000000000000000 ) ) ;
#1759 = CARTESIAN_POINT ( 'NONE',  ( -11.49999999999999822, 30.00000000000000000, 20.86677251825205914 ) ) ;
#1760 = AXIS2_PLACEMENT_3D ( 'NONE', #1083, #1758, #797 ) ;
#1761 = ORIENTED_EDGE ( 'NONE', *, *, #1682, .F. ) ;
#1762 = ORIENTED_EDGE ( 'NONE', *, *, #1800, .F. ) ;
#1763 = VECTOR ( 'NONE', #945, 1000.000000000000000 ) ;
#1764 = AXIS2_PLACEMENT_3D ( 'NONE', #554, #1659, #1113 ) ;
#1765 = LINE ( 'NONE', #1345, #1478 ) ;
#1766 = AXIS2_PLACEMENT_3D ( 'NONE', #1720, #1154, #455 ) ;
#1767 = CYLINDRICAL_SURFACE ( 'NONE', #42, 1.049999999999997158 ) ;
#1768 = CARTESIAN_POINT ( 'NONE',  ( -25.00000000000000000, -0.8952702052568116686, 11.46406972690949289 ) ) ;
#1769 = ORIENTED_EDGE ( 'NONE', *, *, #1044, .T. ) ;
#1770 = EDGE_LOOP ( 'NONE', ( #580, #536, #1107, #803 ) ) ;
#1771 = EDGE_CURVE ( 'NONE', #476, #53, #810, .T. ) ;
#1772 = AXIS2_PLACEMENT_3D ( 'NONE', #258, #1607, #772 ) ;
#1773 = DIRECTION ( 'NONE',  ( 0.000000000000000000, -0.9396926207859097602, 0.3420201433256647161 ) ) ;
#1774 = COORDINATED_UNIVERSAL_TIME_OFFSET ( 8, 0, .AHEAD. ) ;
#1775 = CARTESIAN_POINT ( 'NONE',  ( 13.05000000000000959, 30.00000000000000000, 20.86677251825205914 ) ) ;
#1776 = DIRECTION ( 'NONE',  ( -1.000000000000000000, 0.000000000000000000, 0.000000000000000000 ) ) ;
#1777 = ORIENTED_EDGE ( 'NONE', *, *, #1375, .T. ) ;
#1778 = VERTEX_POINT ( 'NONE', #1703 ) ;
#1779 = AXIS2_PLACEMENT_3D ( 'NONE', #905, #1574, #38 ) ;
#1780 = FACE_OUTER_BOUND ( 'NONE', #981, .T. ) ;
#1781 = EDGE_CURVE ( 'NONE', #999, #1587, #984, .T. ) ;
#1782 = CARTESIAN_POINT ( 'NONE',  ( -5.445190528383284878, 22.25000000000000000, 30.86677251825205914 ) ) ;
#1783 = CARTESIAN_POINT ( 'NONE',  ( -23.00000000000000000, 35.89100396670976068, 20.86677251825205914 ) ) ;
#1784 = CARTESIAN_POINT ( 'NONE',  ( -11.49999999999999822, 7.000000000000003553, 20.86677251825205914 ) ) ;
#1785 = ORIENTED_EDGE ( 'NONE', *, *, #1753, .F. ) ;
#1786 = ORIENTED_EDGE ( 'NONE', *, *, #1684, .F. ) ;
#1787 = AXIS2_PLACEMENT_3D ( 'NONE', #674, #1518, #502 ) ;
#1788 = CARTESIAN_POINT ( 'NONE',  ( 4.788417562850799158E-17, 11.00000000000000355, 20.86677251825205914 ) ) ;
#1789 = LINE ( 'NONE', #1099, #791 ) ;
#1790 = VECTOR ( 'NONE', #1355, 1000.000000000000227 ) ;
#1791 = VECTOR ( 'NONE', #1552, 1000.000000000000000 ) ;
#1792 = CARTESIAN_POINT ( 'NONE',  ( 6.495190528383290030, 22.25000000000000000, 20.86677251825205914 ) ) ;
#1793 = FACE_BOUND ( 'NONE', #1202, .T. ) ;
#1794 = VECTOR ( 'NONE', #1291, 1000.000000000000000 ) ;
#1795 = AXIS2_PLACEMENT_3D ( 'NONE', #1163, #317, #880 ) ;
#1796 = CARTESIAN_POINT ( 'NONE',  ( 5.445190528383291984, 22.25000000000000000, 20.86677251825205914 ) ) ;
#1797 = LINE ( 'NONE', #1672, #310 ) ;
#1798 = APPLICATION_CONTEXT ( 'configuration controlled 3d designs of mechanical parts and assemblies' ) ;
#1799 = VERTEX_POINT ( 'NONE', #1590 ) ;
#1800 = EDGE_CURVE ( 'NONE', #1699, #1498, #1394, .T. ) ;
#1801 = FACE_OUTER_BOUND ( 'NONE', #1004, .T. ) ;
#1802 = DIRECTION ( 'NONE',  ( 0.000000000000000000, 0.000000000000000000, 1.000000000000000000 ) ) ;
#1803 = EDGE_CURVE ( 'NONE', #1490, #843, #1177, .T. ) ;
#1804 = CARTESIAN_POINT ( 'NONE',  ( 5.445190528383291095, 14.75000000000000355, 30.86677251825205914 ) ) ;
#1805 = FACE_BOUND ( 'NONE', #1252, .T. ) ;
ENDSEC;
END-ISO-10303-21;
