ISO-10303-21;
HEADER;
FILE_DESCRIPTION (( 'STEP AP203' ),
    '1' );
FILE_NAME ('编码器底座1_1220.STEP',
    '2022-12-21T06:49:04',
    ( '' ),
    ( '' ),
    'SwSTEP 2.0',
    'SolidWorks 2020',
    '' );
FILE_SCHEMA (( 'CONFIG_CONTROL_DESIGN' ));
ENDSEC;

DATA;
#1 = CARTESIAN_POINT ( 'NONE',  ( 25.00000000000000000, 36.00000000000000711, -21.50000000000012434 ) ) ;
#2 = ORIENTED_EDGE ( 'NONE', *, *, #993, .T. ) ;
#3 = CIRCLE ( 'NONE', #1222, 1.600000000000002531 ) ;
#4 = DIRECTION ( 'NONE',  ( -0.000000000000000000, 0.000000000000000000, 1.000000000000000000 ) ) ;
#5 = ORIENTED_EDGE ( 'NONE', *, *, #656, .F. ) ;
#6 = EDGE_CURVE ( 'NONE', #453, #1234, #817, .T. ) ;
#7 = PLANE ( 'NONE',  #672 ) ;
#8 = VERTEX_POINT ( 'NONE', #949 ) ;
#9 = LINE ( 'NONE', #877, #45 ) ;
#10 = CIRCLE ( 'NONE', #859, 2.000000000000001776 ) ;
#11 = EDGE_LOOP ( 'NONE', ( #758, #1281 ) ) ;
#12 = ORIENTED_EDGE ( 'NONE', *, *, #28, .T. ) ;
#13 = EDGE_CURVE ( 'NONE', #982, #453, #608, .T. ) ;
#14 = CARTESIAN_POINT ( 'NONE',  ( 25.00000000000000000, -1.000000000000000000, -22.50000000000000000 ) ) ;
#15 = ORIENTED_EDGE ( 'NONE', *, *, #563, .F. ) ;
#16 = FACE_OUTER_BOUND ( 'NONE', #664, .T. ) ;
#17 = CARTESIAN_POINT ( 'NONE',  ( 23.00000000000000000, 36.00000000000000711, -21.50000000000012434 ) ) ;
#18 = VECTOR ( 'NONE', #805, 1000.000000000000000 ) ;
#19 = ORIENTED_EDGE ( 'NONE', *, *, #516, .T. ) ;
#20 = EDGE_LOOP ( 'NONE', ( #996, #942, #967, #838 ) ) ;
#21 = CARTESIAN_POINT ( 'NONE',  ( -17.50000000000000000, 0.000000000000000000, 5.499999999999998224 ) ) ;
#22 = VERTEX_POINT ( 'NONE', #1163 ) ;
#23 = CARTESIAN_POINT ( 'NONE',  ( -23.00000000000000000, 33.99999999999999289, -22.50000000000011724 ) ) ;
#24 = ORIENTED_EDGE ( 'NONE', *, *, #1029, .T. ) ;
#25 = ORIENTED_EDGE ( 'NONE', *, *, #1079, .F. ) ;
#26 = AXIS2_PLACEMENT_3D ( 'NONE', #235, #343, #778 ) ;
#27 = DIRECTION ( 'NONE',  ( -0.000000000000000000, -0.000000000000000000, 1.000000000000000000 ) ) ;
#28 = EDGE_CURVE ( 'NONE', #1320, #213, #1248, .T. ) ;
#29 =( NAMED_UNIT ( * ) PLANE_ANGLE_UNIT ( ) SI_UNIT ( $, .RADIAN. ) );
#30 = DIRECTION ( 'NONE',  ( -0.000000000000000000, 0.000000000000000000, 1.000000000000000000 ) ) ;
#31 = VERTEX_POINT ( 'NONE', #810 ) ;
#32 = EDGE_LOOP ( 'NONE', ( #1145, #816 ) ) ;
#33 = FACE_BOUND ( 'NONE', #620, .T. ) ;
#34 = DIRECTION ( 'NONE',  ( 1.000000000000000000, -0.000000000000000000, -0.000000000000000000 ) ) ;
#35 = ADVANCED_FACE ( 'NONE', ( #154 ), #412, .F. ) ;
#36 = DIRECTION ( 'NONE',  ( -0.000000000000000000, -0.000000000000000000, 1.000000000000000000 ) ) ;
#37 = EDGE_LOOP ( 'NONE', ( #1355, #860, #1221, #5 ) ) ;
#38 = EDGE_LOOP ( 'NONE', ( #782, #1161 ) ) ;
#39 = PERSON_AND_ORGANIZATION_ROLE ( 'classification_officer' ) ;
#40 = DIRECTION ( 'NONE',  ( 0.000000000000000000, -1.000000000000000000, 3.469446951953611033E-15 ) ) ;
#41 = DIRECTION ( 'NONE',  ( -0.000000000000000000, -0.000000000000000000, 1.000000000000000000 ) ) ;
#42 = DIRECTION ( 'NONE',  ( 1.000000000000000000, 0.000000000000000000, 0.000000000000000000 ) ) ;
#43 = ORIENTED_EDGE ( 'NONE', *, *, #1162, .F. ) ;
#44 = ADVANCED_FACE ( 'NONE', ( #1177 ), #186, .F. ) ;
#45 = VECTOR ( 'NONE', #454, 1000.000000000000000 ) ;
#46 = ORIENTED_EDGE ( 'NONE', *, *, #749, .T. ) ;
#47 = APPROVAL_ROLE ( '' ) ;
#48 = DIRECTION ( 'NONE',  ( -0.000000000000000000, -1.000000000000000000, 0.000000000000000000 ) ) ;
#49 = CARTESIAN_POINT ( 'NONE',  ( 9.950000000000001066, 30.73659999999998504, -31.50000000000000000 ) ) ;
#50 = VECTOR ( 'NONE', #654, 1000.000000000000000 ) ;
#51 = AXIS2_PLACEMENT_3D ( 'NONE', #271, #718, #157 ) ;
#52 = AXIS2_PLACEMENT_3D ( 'NONE', #329, #527, #957 ) ;
#53 = CARTESIAN_POINT ( 'NONE',  ( -17.49999999999999645, 0.000000000000000000, 22.50000000000000000 ) ) ;
#54 = ORIENTED_EDGE ( 'NONE', *, *, #790, .F. ) ;
#55 = AXIS2_PLACEMENT_3D ( 'NONE', #747, #86, #842 ) ;
#56 = VECTOR ( 'NONE', #517, 1000.000000000000000 ) ;
#57 = EDGE_CURVE ( 'NONE', #1056, #8, #376, .T. ) ;
#58 = ORIENTED_EDGE ( 'NONE', *, *, #229, .T. ) ;
#59 = CARTESIAN_POINT ( 'NONE',  ( -25.00000000000000000, 0.7365999999999919279, -20.76340000000000074 ) ) ;
#60 = APPLICATION_PROTOCOL_DEFINITION ( 'international standard', 'config_control_design', 1994, #687 ) ;
#61 = DIRECTION ( 'NONE',  ( 0.000000000000000000, 0.000000000000000000, -1.000000000000000000 ) ) ;
#62 = DIRECTION ( 'NONE',  ( 1.000000000000000000, -0.000000000000000000, -0.000000000000000000 ) ) ;
#63 = CARTESIAN_POINT ( 'NONE',  ( 17.49999999999999645, -1.000000000000000000, 22.50000000000000000 ) ) ;
#64 = ORIENTED_EDGE ( 'NONE', *, *, #1387, .F. ) ;
#65 = VERTEX_POINT ( 'NONE', #926 ) ;
#66 = CARTESIAN_POINT ( 'NONE',  ( -17.50000000000000000, 0.000000000000000000, 5.499999999999998224 ) ) ;
#67 = COORDINATED_UNIVERSAL_TIME_OFFSET ( 8, 0, .AHEAD. ) ;
#68 = FACE_OUTER_BOUND ( 'NONE', #128, .T. ) ;
#69 = CARTESIAN_POINT ( 'NONE',  ( -17.50000000000000000, -1.000000000000000000, 5.499999999999998224 ) ) ;
#70 = AXIS2_PLACEMENT_3D ( 'NONE', #532, #851, #417 ) ;
#71 = DIRECTION ( 'NONE',  ( -2.040851148208008245E-16, 0.000000000000000000, 1.000000000000000000 ) ) ;
#72 = VERTEX_POINT ( 'NONE', #388 ) ;
#73 = DIRECTION ( 'NONE',  ( 1.000000000000000000, 0.000000000000000000, 0.000000000000000000 ) ) ;
#74 = PERSON_AND_ORGANIZATION ( #1139, #333 ) ;
#75 = AXIS2_PLACEMENT_3D ( 'NONE', #621, #826, #1257 ) ;
#76 = FACE_OUTER_BOUND ( 'NONE', #490, .T. ) ;
#77 = CARTESIAN_POINT ( 'NONE',  ( 25.00000000000000000, -8.565197162635485029E-15, -20.76340000000000074 ) ) ;
#78 = VECTOR ( 'NONE', #73, 1000.000000000000000 ) ;
#79 = EDGE_CURVE ( 'NONE', #692, #839, #1265, .T. ) ;
#80 = CARTESIAN_POINT ( 'NONE',  ( -9.950000000000002842, 7.736599999999989485, -21.50000000000000000 ) ) ;
#81 = VECTOR ( 'NONE', #62, 1000.000000000000000 ) ;
#82 = ORIENTED_EDGE ( 'NONE', *, *, #106, .T. ) ;
#83 = CYLINDRICAL_SURFACE ( 'NONE', #690, 2.000000000000001776 ) ;
#84 = VECTOR ( 'NONE', #299, 1000.000000000000000 ) ;
#85 = DIRECTION ( 'NONE',  ( -2.040851148208008245E-16, 0.000000000000000000, -1.000000000000000000 ) ) ;
#86 = DIRECTION ( 'NONE',  ( -0.000000000000000000, -0.000000000000000000, 1.000000000000000000 ) ) ;
#87 = EDGE_CURVE ( 'NONE', #1418, #834, #260, .T. ) ;
#88 = CARTESIAN_POINT ( 'NONE',  ( -17.49999999999999645, -1.000000000000000000, 16.10000000000000142 ) ) ;
#89 = CARTESIAN_POINT ( 'NONE',  ( 23.00000000000000000, -1.000000000000000000, 20.49999999999999645 ) ) ;
#90 = VECTOR ( 'NONE', #461, 1000.000000000000000 ) ;
#91 = CYLINDRICAL_SURFACE ( 'NONE', #541, 1.600000000000002531 ) ;
#92 = FACE_OUTER_BOUND ( 'NONE', #558, .T. ) ;
#93 = DIRECTION ( 'NONE',  ( 1.000000000000000000, 0.000000000000000000, 0.000000000000000000 ) ) ;
#94 = ORIENTED_EDGE ( 'NONE', *, *, #1319, .F. ) ;
#95 = DIRECTION ( 'NONE',  ( 1.000000000000000000, 0.000000000000000000, -0.000000000000000000 ) ) ;
#96 = EDGE_CURVE ( 'NONE', #1093, #888, #447, .T. ) ;
#97 = FACE_BOUND ( 'NONE', #38, .T. ) ;
#98 = DIRECTION ( 'NONE',  ( 0.000000000000000000, 3.469446951953613794E-15, 1.000000000000000000 ) ) ;
#99 = CARTESIAN_POINT ( 'NONE',  ( -25.00000000000000000, -1.000000000000000000, -22.50000000000000000 ) ) ;
#100 = VECTOR ( 'NONE', #666, 1000.000000000000000 ) ;
#101 = ORIENTED_EDGE ( 'NONE', *, *, #6, .F. ) ;
#102 = DIRECTION ( 'NONE',  ( 0.000000000000000000, 0.000000000000000000, 1.000000000000000000 ) ) ;
#103 = CARTESIAN_POINT ( 'NONE',  ( 17.50000000000000000, -1.000000000000000000, -9.900000000000003908 ) ) ;
#104 = EDGE_LOOP ( 'NONE', ( #471, #783, #886, #605 ) ) ;
#105 = ADVANCED_FACE ( 'NONE', ( #634 ), #641, .F. ) ;
#106 = EDGE_CURVE ( 'NONE', #728, #980, #326, .T. ) ;
#107 = CARTESIAN_POINT ( 'NONE',  ( -13.05000000000000071, 7.736599999999989485, -31.50000000000000000 ) ) ;
#108 = APPROVAL_PERSON_ORGANIZATION ( #1032, #855, #47 ) ;
#109 = EDGE_LOOP ( 'NONE', ( #54, #901, #1280, #730 ) ) ;
#110 = DIRECTION ( 'NONE',  ( 0.000000000000000000, 0.000000000000000000, 1.000000000000000000 ) ) ;
#111 = VERTEX_POINT ( 'NONE', #1192 ) ;
#112 = CC_DESIGN_PERSON_AND_ORGANIZATION_ASSIGNMENT ( #1058, #716, ( #705 ) ) ;
#113 = LINE ( 'NONE', #256, #668 ) ;
#114 = ORIENTED_EDGE ( 'NONE', *, *, #1111, .T. ) ;
#115 = DIRECTION ( 'NONE',  ( 0.000000000000000000, 0.000000000000000000, 1.000000000000000000 ) ) ;
#116 = ORIENTED_EDGE ( 'NONE', *, *, #291, .F. ) ;
#117 = AXIS2_PLACEMENT_3D ( 'NONE', #99, #830, #1403 ) ;
#118 = CARTESIAN_POINT ( 'NONE',  ( 4.099999999999999645, 19.23659999999999570, -21.50000000000000000 ) ) ;
#119 = ADVANCED_FACE ( 'NONE', ( #1428 ), #1185, .F. ) ;
#120 = EDGE_LOOP ( 'NONE', ( #293, #19, #987, #684 ) ) ;
#121 = VERTEX_POINT ( 'NONE', #193 ) ;
#122 = DIRECTION ( 'NONE',  ( 1.000000000000000000, -0.000000000000000000, -0.000000000000000000 ) ) ;
#123 = EDGE_LOOP ( 'NONE', ( #723, #339, #1102, #405 ) ) ;
#124 = LINE ( 'NONE', #1259, #18 ) ;
#125 = DIRECTION ( 'NONE',  ( 0.000000000000000000, 1.000000000000000000, 0.000000000000000000 ) ) ;
#126 = CIRCLE ( 'NONE', #931, 2.899999999999999911 ) ;
#127 = ORIENTED_EDGE ( 'NONE', *, *, #572, .T. ) ;
#128 = EDGE_LOOP ( 'NONE', ( #342, #46, #766, #771 ) ) ;
#129 = CARTESIAN_POINT ( 'NONE',  ( 1.959434878635765230E-16, -1.001000000000008550, -1.600000000000000089 ) ) ;
#130 = ORIENTED_EDGE ( 'NONE', *, *, #1254, .F. ) ;
#131 = DIRECTION ( 'NONE',  ( -0.000000000000000000, 1.000000000000000000, -0.000000000000000000 ) ) ;
#132 = EDGE_LOOP ( 'NONE', ( #667, #395, #328, #153 ) ) ;
#133 = EDGE_LOOP ( 'NONE', ( #909, #884, #437, #1018 ) ) ;
#134 = CARTESIAN_POINT ( 'NONE',  ( -17.50000000000000000, 0.000000000000000000, -13.10000000000000497 ) ) ;
#135 = CARTESIAN_POINT ( 'NONE',  ( -25.00000000000000000, -8.565197162635485029E-15, -20.76340000000000074 ) ) ;
#136 = CIRCLE ( 'NONE', #945, 1.549999999999999378 ) ;
#137 = CIRCLE ( 'NONE', #559, 1.600000000000000089 ) ;
#138 = CYLINDRICAL_SURFACE ( 'NONE', #1071, 4.099999999999999645 ) ;
#139 = VERTEX_POINT ( 'NONE', #759 ) ;
#140 = AXIS2_PLACEMENT_3D ( 'NONE', #1256, #302, #737 ) ;
#141 = EDGE_LOOP ( 'NONE', ( #351, #331 ) ) ;
#142 = ADVANCED_FACE ( 'NONE', ( #1081 ), #83, .T. ) ;
#143 = EDGE_CURVE ( 'NONE', #915, #665, #939, .T. ) ;
#144 = LINE ( 'NONE', #1345, #1331 ) ;
#145 = CARTESIAN_POINT ( 'NONE',  ( 25.00000000000000000, -8.155403775779943998E-14, -22.50000000000000000 ) ) ;
#146 =( LENGTH_UNIT ( ) NAMED_UNIT ( * ) SI_UNIT ( .MILLI., .METRE. ) );
#147 = FACE_OUTER_BOUND ( 'NONE', #104, .T. ) ;
#148 = ORIENTED_EDGE ( 'NONE', *, *, #986, .T. ) ;
#149 = CARTESIAN_POINT ( 'NONE',  ( -17.49999999999999645, -1.000000000000000000, 21.89999999999999858 ) ) ;
#150 = FACE_OUTER_BOUND ( 'NONE', #1128, .T. ) ;
#151 = VECTOR ( 'NONE', #591, 1000.000000000000000 ) ;
#152 = DIRECTION ( 'NONE',  ( 0.000000000000000000, 1.000000000000000000, -0.000000000000000000 ) ) ;
#153 = ORIENTED_EDGE ( 'NONE', *, *, #554, .F. ) ;
#154 = FACE_OUTER_BOUND ( 'NONE', #109, .T. ) ;
#155 = CALENDAR_DATE ( 2022, 21, 12 ) ;
#156 = DIRECTION ( 'NONE',  ( 0.000000000000000000, -3.532562060772751952E-15, -1.000000000000000000 ) ) ;
#157 = DIRECTION ( 'NONE',  ( 0.000000000000000000, 0.000000000000000000, -1.000000000000000000 ) ) ;
#158 = DIRECTION ( 'NONE',  ( 1.000000000000000000, 0.000000000000000000, -0.000000000000000000 ) ) ;
#159 = ADVANCED_FACE ( 'NONE', ( #753 ), #1412, .T. ) ;
#160 = ORIENTED_EDGE ( 'NONE', *, *, #685, .T. ) ;
#161 = VECTOR ( 'NONE', #1432, 1000.000000000000000 ) ;
#162 = ORIENTED_EDGE ( 'NONE', *, *, #589, .T. ) ;
#163 = ORIENTED_EDGE ( 'NONE', *, *, #1142, .F. ) ;
#164 = VECTOR ( 'NONE', #573, 1000.000000000000000 ) ;
#165 = DIRECTION ( 'NONE',  ( 0.000000000000000000, -1.000000000000000000, 0.000000000000000000 ) ) ;
#166 = DIRECTION ( 'NONE',  ( 1.000000000000000000, 0.000000000000000000, -2.040851148208008245E-16 ) ) ;
#167 = VECTOR ( 'NONE', #174, 1000.000000000000000 ) ;
#168 = CIRCLE ( 'NONE', #52, 4.099999999999999645 ) ;
#169 = EDGE_CURVE ( 'NONE', #241, #1121, #537, .T. ) ;
#170 = PLANE ( 'NONE',  #500 ) ;
#171 = ORIENTED_EDGE ( 'NONE', *, *, #906, .F. ) ;
#172 = CARTESIAN_POINT ( 'NONE',  ( 17.49999999999999645, 0.000000000000000000, 22.50000000000000000 ) ) ;
#173 = PERSON_AND_ORGANIZATION ( #1139, #333 ) ;
#174 = DIRECTION ( 'NONE',  ( -0.000000000000000000, 6.982962677686266711E-15, -1.000000000000000000 ) ) ;
#175 = CARTESIAN_POINT ( 'NONE',  ( -17.50000000000000000, -1.000000000000000000, -11.50000000000000355 ) ) ;
#176 = PLANE ( 'NONE',  #603 ) ;
#177 = VERTEX_POINT ( 'NONE', #1199 ) ;
#178 = ORIENTED_EDGE ( 'NONE', *, *, #624, .F. ) ;
#179 = EDGE_LOOP ( 'NONE', ( #404, #1333, #824, #791 ) ) ;
#180 = APPROVAL_DATE_TIME ( #927, #1133 ) ;
#181 = CARTESIAN_POINT ( 'NONE',  ( 25.00000000000000000, -1.000000000000000000, 20.49999999999998224 ) ) ;
#182 = CC_DESIGN_PERSON_AND_ORGANIZATION_ASSIGNMENT ( #74, #39, ( #1168 ) ) ;
#183 = DIRECTION ( 'NONE',  ( -0.000000000000000000, -1.000000000000000000, 3.469446951953613794E-15 ) ) ;
#184 = DIRECTION ( 'NONE',  ( 1.000000000000000000, 0.000000000000000000, 0.000000000000000000 ) ) ;
#185 = ORIENTED_EDGE ( 'NONE', *, *, #1247, .T. ) ;
#186 = CYLINDRICAL_SURFACE ( 'NONE', #696, 1.600000000000000089 ) ;
#187 = CIRCLE ( 'NONE', #1101, 4.099999999999999645 ) ;
#188 = CARTESIAN_POINT ( 'NONE',  ( -23.00000000000000000, -1.000000000000000000, 20.49999999999999645 ) ) ;
#189 = FACE_BOUND ( 'NONE', #802, .T. ) ;
#190 = EDGE_CURVE ( 'NONE', #1121, #22, #1285, .T. ) ;
#191 = AXIS2_PLACEMENT_3D ( 'NONE', #1273, #414, #1173 ) ;
#192 = DIRECTION ( 'NONE',  ( 0.000000000000000000, 3.469446951953613794E-15, 1.000000000000000000 ) ) ;
#193 = CARTESIAN_POINT ( 'NONE',  ( -25.00000000000000000, -8.565197162635485029E-15, -20.76340000000000074 ) ) ;
#194 = CIRCLE ( 'NONE', #880, 1.549999999999999378 ) ;
#195 = CYLINDRICAL_SURFACE ( 'NONE', #357, 1.549999999999999378 ) ;
#196 = FACE_BOUND ( 'NONE', #562, .T. ) ;
#197 = FACE_OUTER_BOUND ( 'NONE', #120, .T. ) ;
#198 = EDGE_CURVE ( 'NONE', #1127, #1085, #544, .T. ) ;
#199 = EDGE_LOOP ( 'NONE', ( #366, #803, #1080, #890 ) ) ;
#200 = CARTESIAN_POINT ( 'NONE',  ( -17.50000000000000000, -1.000000000000000000, 5.499999999999998224 ) ) ;
#201 = VECTOR ( 'NONE', #794, 1000.000000000000000 ) ;
#202 = FACE_OUTER_BOUND ( 'NONE', #1379, .T. ) ;
#203 = DIRECTION ( 'NONE',  ( 0.000000000000000000, -1.000000000000000000, 3.469446951953613794E-15 ) ) ;
#204 = CARTESIAN_POINT ( 'NONE',  ( -23.00000000000000000, 36.00000000000000000, -22.50000000000012434 ) ) ;
#205 = EDGE_CURVE ( 'NONE', #177, #475, #168, .T. ) ;
#206 = EDGE_CURVE ( 'NONE', #698, #1308, #856, .T. ) ;
#207 = ORIENTED_EDGE ( 'NONE', *, *, #432, .T. ) ;
#208 = DIRECTION ( 'NONE',  ( 0.000000000000000000, 1.000000000000000000, 0.000000000000000000 ) ) ;
#209 = CARTESIAN_POINT ( 'NONE',  ( -13.05000000000000071, 7.736599999999989485, -22.50000000000002842 ) ) ;
#210 = AXIS2_PLACEMENT_3D ( 'NONE', #827, #1033, #1375 ) ;
#211 = DIRECTION ( 'NONE',  ( 0.000000000000000000, 1.000000000000000000, -0.000000000000000000 ) ) ;
#212 = AXIS2_PLACEMENT_3D ( 'NONE', #971, #1310, #424 ) ;
#213 = VERTEX_POINT ( 'NONE', #743 ) ;
#214 = LINE ( 'NONE', #557, #428 ) ;
#215 = ORIENTED_EDGE ( 'NONE', *, *, #682, .T. ) ;
#216 = DIRECTION ( 'NONE',  ( 1.000000000000000000, 0.000000000000000000, 0.000000000000000000 ) ) ;
#217 = VERTEX_POINT ( 'NONE', #1274 ) ;
#218 = CARTESIAN_POINT ( 'NONE',  ( -11.50000000000000178, 7.736599999999989485, -31.50000000000000000 ) ) ;
#219 = ORIENTED_EDGE ( 'NONE', *, *, #1425, .T. ) ;
#220 = ADVANCED_FACE ( 'NONE', ( #1047 ), #280, .F. ) ;
#221 = FACE_OUTER_BOUND ( 'NONE', #179, .T. ) ;
#222 = ORIENTED_EDGE ( 'NONE', *, *, #295, .F. ) ;
#223 = ORIENTED_EDGE ( 'NONE', *, *, #279, .T. ) ;
#224 = DIRECTION ( 'NONE',  ( 0.000000000000000000, -1.000000000000000000, 0.000000000000000000 ) ) ;
#225 = ORIENTED_EDGE ( 'NONE', *, *, #1302, .T. ) ;
#226 = ADVANCED_FACE ( 'NONE', ( #150 ), #297, .F. ) ;
#227 = AXIS2_PLACEMENT_3D ( 'NONE', #1220, #569, #555 ) ;
#228 = LINE ( 'NONE', #658, #849 ) ;
#229 = EDGE_CURVE ( 'NONE', #450, #900, #602, .T. ) ;
#230 = VECTOR ( 'NONE', #868, 1000.000000000000000 ) ;
#231 = EDGE_LOOP ( 'NONE', ( #706, #358 ) ) ;
#232 = PRODUCT ( '编码器底座1_1220', '编码器底座1_1220', '', ( #269 ) ) ;
#233 = VERTEX_POINT ( 'NONE', #373 ) ;
#234 = AXIS2_PLACEMENT_3D ( 'NONE', #551, #533, #115 ) ;
#235 = CARTESIAN_POINT ( 'NONE',  ( -17.50000000000000000, 0.000000000000000000, -11.50000000000000355 ) ) ;
#236 = ORIENTED_EDGE ( 'NONE', *, *, #1142, .T. ) ;
#237 = AXIS2_PLACEMENT_3D ( 'NONE', #1405, #1293, #308 ) ;
#238 = DIRECTION ( 'NONE',  ( 0.000000000000000000, 3.469446951953613794E-15, 1.000000000000000000 ) ) ;
#239 = LINE ( 'NONE', #870, #1034 ) ;
#240 = AXIS2_PLACEMENT_3D ( 'NONE', #974, #1061, #203 ) ;
#241 = VERTEX_POINT ( 'NONE', #588 ) ;
#242 = CC_DESIGN_PERSON_AND_ORGANIZATION_ASSIGNMENT ( #1043, #483, ( #232 ) ) ;
#243 = APPLICATION_CONTEXT ( 'configuration controlled 3d designs of mechanical parts and assemblies' ) ;
#244 = ORIENTED_EDGE ( 'NONE', *, *, #765, .F. ) ;
#245 = EDGE_CURVE ( 'NONE', #241, #881, #451, .T. ) ;
#246 = FACE_BOUND ( 'NONE', #536, .T. ) ;
#247 = PLANE ( 'NONE',  #819 ) ;
#248 = CARTESIAN_POINT ( 'NONE',  ( 25.00000000000000000, 0.7365999999999919279, -20.76340000000000074 ) ) ;
#249 = EDGE_CURVE ( 'NONE', #8, #1328, #1020, .T. ) ;
#250 = CARTESIAN_POINT ( 'NONE',  ( -13.05000000000000071, 7.736599999999989485, -21.50000000000000000 ) ) ;
#251 = ORIENTED_EDGE ( 'NONE', *, *, #487, .T. ) ;
#252 = ORIENTED_EDGE ( 'NONE', *, *, #198, .T. ) ;
#253 = AXIS2_PLACEMENT_3D ( 'NONE', #324, #962, #1314 ) ;
#254 = ADVANCED_FACE ( 'NONE', ( #1054 ), #595, .T. ) ;
#255 = CARTESIAN_POINT ( 'NONE',  ( 9.950000000000002842, 7.736599999999989485, -31.50000000000000000 ) ) ;
#256 = CARTESIAN_POINT ( 'NONE',  ( -17.50000000000000000, -1.000000000000000000, 5.499999999999998224 ) ) ;
#257 = CIRCLE ( 'NONE', #486, 1.600000000000000089 ) ;
#258 = DIRECTION ( 'NONE',  ( 0.000000000000000000, -3.496217992582529255E-15, -1.000000000000000000 ) ) ;
#259 = ORIENTED_EDGE ( 'NONE', *, *, #249, .T. ) ;
#260 = CIRCLE ( 'NONE', #1065, 1.600000000000002531 ) ;
#261 = ORIENTED_EDGE ( 'NONE', *, *, #1312, .T. ) ;
#262 = LINE ( 'NONE', #255, #201 ) ;
#263 = EDGE_CURVE ( 'NONE', #121, #443, #399, .T. ) ;
#264 = DIRECTION ( 'NONE',  ( 0.000000000000000000, 3.469446951953613794E-15, 1.000000000000000000 ) ) ;
#265 = CARTESIAN_POINT ( 'NONE',  ( 25.00000000000000000, 36.00000000000000000, -22.50000000000012434 ) ) ;
#266 = VECTOR ( 'NONE', #955, 1000.000000000000000 ) ;
#267 = ORIENTED_EDGE ( 'NONE', *, *, #301, .T. ) ;
#268 = EDGE_LOOP ( 'NONE', ( #796, #236, #207, #571 ) ) ;
#269 = MECHANICAL_CONTEXT ( 'NONE', #243, 'mechanical' ) ;
#270 = DIRECTION ( 'NONE',  ( -0.000000000000000000, 1.000000000000000000, -0.000000000000000000 ) ) ;
#271 = CARTESIAN_POINT ( 'NONE',  ( -25.00000000000000000, 36.00000000000000000, -22.50000000000012434 ) ) ;
#272 = EDGE_CURVE ( 'NONE', #980, #728, #700, .T. ) ;
#273 = AXIS2_PLACEMENT_3D ( 'NONE', #811, #27, #891 ) ;
#274 = DIRECTION ( 'NONE',  ( 0.000000000000000000, 0.000000000000000000, 1.000000000000000000 ) ) ;
#275 = ORIENTED_EDGE ( 'NONE', *, *, #465, .F. ) ;
#276 = ORIENTED_EDGE ( 'NONE', *, *, #1111, .F. ) ;
#277 = DIRECTION ( 'NONE',  ( 0.000000000000000000, 0.000000000000000000, -1.000000000000000000 ) ) ;
#278 = CARTESIAN_POINT ( 'NONE',  ( -23.00000000000000000, -1.000000000000000000, 22.50000000000000000 ) ) ;
#279 = EDGE_CURVE ( 'NONE', #1205, #1198, #813, .T. ) ;
#280 = CYLINDRICAL_SURFACE ( 'NONE', #951, 1.550000000000000933 ) ;
#281 = CARTESIAN_POINT ( 'NONE',  ( 11.50000000000000178, 30.73659999999998504, -21.50000000000000000 ) ) ;
#282 = EDGE_CURVE ( 'NONE', #693, #1234, #1385, .T. ) ;
#283 = VERTEX_POINT ( 'NONE', #617 ) ;
#284 = ORIENTED_EDGE ( 'NONE', *, *, #79, .T. ) ;
#285 = ORIENTED_EDGE ( 'NONE', *, *, #914, .T. ) ;
#286 = DATE_TIME_ROLE ( 'creation_date' ) ;
#287 = DIRECTION ( 'NONE',  ( -0.000000000000000000, -0.000000000000000000, -1.000000000000000000 ) ) ;
#288 = DIRECTION ( 'NONE',  ( -2.040851148208008245E-16, 0.000000000000000000, -1.000000000000000000 ) ) ;
#289 = PLANE ( 'NONE',  #995 ) ;
#290 = ORIENTED_EDGE ( 'NONE', *, *, #378, .T. ) ;
#291 = EDGE_CURVE ( 'NONE', #1093, #65, #919, .T. ) ;
#292 = ORIENTED_EDGE ( 'NONE', *, *, #346, .F. ) ;
#293 = ORIENTED_EDGE ( 'NONE', *, *, #882, .F. ) ;
#294 = COORDINATED_UNIVERSAL_TIME_OFFSET ( 8, 0, .AHEAD. ) ;
#295 = EDGE_CURVE ( 'NONE', #1240, #1127, #923, .T. ) ;
#296 = DIRECTION ( 'NONE',  ( 1.000000000000000000, 0.000000000000000000, -2.040851148208008245E-16 ) ) ;
#297 = CYLINDRICAL_SURFACE ( 'NONE', #1251, 1.549999999999999378 ) ;
#298 = LOCAL_TIME ( 14, 49, 4.000000000000000000, #1363 ) ;
#299 = DIRECTION ( 'NONE',  ( 0.000000000000000000, 3.491481338843133355E-15, 1.000000000000000000 ) ) ;
#300 = EDGE_CURVE ( 'NONE', #283, #1205, #674, .T. ) ;
#301 = EDGE_CURVE ( 'NONE', #233, #1002, #1260, .T. ) ;
#302 = DIRECTION ( 'NONE',  ( -0.000000000000000000, 1.000000000000000000, -0.000000000000000000 ) ) ;
#303 = SECURITY_CLASSIFICATION_LEVEL ( 'unclassified' ) ;
#304 = DIRECTION ( 'NONE',  ( -0.000000000000000000, 0.000000000000000000, 1.000000000000000000 ) ) ;
#305 = ADVANCED_BREP_SHAPE_REPRESENTATION ( '编码器底座1_1220', ( #1010, #75 ), #1393 ) ;
#306 = DIRECTION ( 'NONE',  ( 2.392722035830078873E-15, 0.000000000000000000, -1.000000000000000000 ) ) ;
#307 = DIRECTION ( 'NONE',  ( -0.000000000000000000, 0.000000000000000000, 1.000000000000000000 ) ) ;
#308 = DIRECTION ( 'NONE',  ( 0.000000000000000000, -1.000000000000000000, 4.476705744456278510E-15 ) ) ;
#309 = VECTOR ( 'NONE', #762, 1000.000000000000000 ) ;
#310 = DIRECTION ( 'NONE',  ( 0.000000000000000000, 0.000000000000000000, 1.000000000000000000 ) ) ;
#311 = CARTESIAN_POINT ( 'NONE',  ( 9.950000000000002842, 7.736599999999989485, -21.50000000000000000 ) ) ;
#312 = CC_DESIGN_DATE_AND_TIME_ASSIGNMENT ( #840, #286, ( #400 ) ) ;
#313 = AXIS2_PLACEMENT_3D ( 'NONE', #452, #642, #338 ) ;
#314 = CARTESIAN_POINT ( 'NONE',  ( -25.00000000000000000, -1.000000000000000000, 22.50000000000000000 ) ) ;
#315 = AXIS2_PLACEMENT_3D ( 'NONE', #515, #944, #836 ) ;
#316 = VERTEX_POINT ( 'NONE', #382 ) ;
#317 = CARTESIAN_POINT ( 'NONE',  ( -17.49999999999999645, -1.000000000000000000, 19.00000000000000000 ) ) ;
#318 = VECTOR ( 'NONE', #529, 1000.000000000000000 ) ;
#319 = AXIS2_PLACEMENT_3D ( 'NONE', #1048, #508, #1378 ) ;
#320 = CARTESIAN_POINT ( 'NONE',  ( 17.50000000000000000, -1.001000000000008550, -11.50000000000000711 ) ) ;
#321 = CARTESIAN_POINT ( 'NONE',  ( 17.50000000000000000, -1.000000000000000000, 5.499999999999998224 ) ) ;
#322 = DIRECTION ( 'NONE',  ( -0.000000000000000000, -0.000000000000000000, 1.000000000000000000 ) ) ;
#323 = VERTEX_POINT ( 'NONE', #1141 ) ;
#324 = CARTESIAN_POINT ( 'NONE',  ( 17.50000000000000355, -1.001000000000008550, 18.99999999999999645 ) ) ;
#325 = DIRECTION ( 'NONE',  ( 0.000000000000000000, 0.000000000000000000, -1.000000000000000000 ) ) ;
#326 = CIRCLE ( 'NONE', #761, 1.600000000000002531 ) ;
#327 = CARTESIAN_POINT ( 'NONE',  ( 25.00000000000000000, 0.000000000000000000, -22.50000000000000000 ) ) ;
#328 = ORIENTED_EDGE ( 'NONE', *, *, #1295, .T. ) ;
#329 = CARTESIAN_POINT ( 'NONE',  ( 0.000000000000000000, 19.23659999999999570, -22.50000000000006395 ) ) ;
#330 = CARTESIAN_POINT ( 'NONE',  ( 0.000000000000000000, 19.23659999999999570, -21.50000000000000000 ) ) ;
#331 = ORIENTED_EDGE ( 'NONE', *, *, #206, .T. ) ;
#332 = VECTOR ( 'NONE', #287, 1000.000000000000000 ) ;
#333 = ORGANIZATION ( '未指定', '未指定', '' ) ;
#334 = CARTESIAN_POINT ( 'NONE',  ( -25.00000000000000000, 0.000000000000000000, -22.50000000000000000 ) ) ;
#335 = EDGE_LOOP ( 'NONE', ( #652, #585, #1218, #736 ) ) ;
#336 = VECTOR ( 'NONE', #610, 1000.000000000000000 ) ;
#337 = ADVANCED_FACE ( 'NONE', ( #1025 ), #1366, .F. ) ;
#338 = DIRECTION ( 'NONE',  ( 0.000000000000000000, -1.000000000000000000, 4.476705744456278510E-15 ) ) ;
#339 = ORIENTED_EDGE ( 'NONE', *, *, #821, .T. ) ;
#340 = DIRECTION ( 'NONE',  ( -0.000000000000000000, -0.000000000000000000, -1.000000000000000000 ) ) ;
#341 = ORIENTED_EDGE ( 'NONE', *, *, #272, .T. ) ;
#342 = ORIENTED_EDGE ( 'NONE', *, *, #263, .T. ) ;
#343 = DIRECTION ( 'NONE',  ( 0.000000000000000000, 1.000000000000000000, 0.000000000000000000 ) ) ;
#344 = ORIENTED_EDGE ( 'NONE', *, *, #1397, .F. ) ;
#345 = CIRCLE ( 'NONE', #960, 1.550000000000000933 ) ;
#346 = EDGE_CURVE ( 'NONE', #1056, #900, #497, .T. ) ;
#347 = CARTESIAN_POINT ( 'NONE',  ( 17.49999999999999645, -1.000000000000000000, 22.50000000000000000 ) ) ;
#348 = EDGE_LOOP ( 'NONE', ( #94, #178, #411, #552 ) ) ;
#349 = EDGE_LOOP ( 'NONE', ( #1398, #24, #1215, #511 ) ) ;
#350 = DIRECTION ( 'NONE',  ( 1.000000000000000000, 0.000000000000000000, 0.000000000000000000 ) ) ;
#351 = ORIENTED_EDGE ( 'NONE', *, *, #624, .T. ) ;
#352 = CARTESIAN_POINT ( 'NONE',  ( 13.05000000000000249, 30.73659999999998504, -31.50000000000000000 ) ) ;
#353 = EDGE_CURVE ( 'NONE', #1154, #693, #564, .T. ) ;
#354 = AXIS2_PLACEMENT_3D ( 'NONE', #1307, #625, #1064 ) ;
#355 = CARTESIAN_POINT ( 'NONE',  ( 17.49999999999999645, 0.000000000000000000, 16.09999999999999787 ) ) ;
#356 = ADVANCED_FACE ( 'NONE', ( #636 ), #740, .F. ) ;
#357 = AXIS2_PLACEMENT_3D ( 'NONE', #218, #1075, #1092 ) ;
#358 = ORIENTED_EDGE ( 'NONE', *, *, #467, .T. ) ;
#359 = ORIENTED_EDGE ( 'NONE', *, *, #1143, .T. ) ;
#360 = CARTESIAN_POINT ( 'NONE',  ( 0.000000000000000000, -1.000000000000000000, 0.000000000000000000 ) ) ;
#361 = DIRECTION ( 'NONE',  ( -2.040851148208008245E-16, 0.000000000000000000, 1.000000000000000000 ) ) ;
#362 = EDGE_CURVE ( 'NONE', #31, #1270, #858, .T. ) ;
#363 = CARTESIAN_POINT ( 'NONE',  ( -9.950000000000001066, 30.73659999999998504, -21.50000000000000000 ) ) ;
#364 = ORIENTED_EDGE ( 'NONE', *, *, #749, .F. ) ;
#365 = LOCAL_TIME ( 14, 49, 4.000000000000000000, #67 ) ;
#366 = ORIENTED_EDGE ( 'NONE', *, *, #653, .T. ) ;
#367 = CARTESIAN_POINT ( 'NONE',  ( -25.00000000000000000, -1.000000000000000000, 20.49999999999999645 ) ) ;
#368 = CARTESIAN_POINT ( 'NONE',  ( 17.50000000000000000, -1.000000000000000000, 5.499999999999998224 ) ) ;
#369 = DIRECTION ( 'NONE',  ( -1.000000000000000000, 0.000000000000000000, 0.000000000000000000 ) ) ;
#370 = VERTEX_POINT ( 'NONE', #321 ) ;
#371 = ORIENTED_EDGE ( 'NONE', *, *, #1425, .F. ) ;
#372 = CARTESIAN_POINT ( 'NONE',  ( 17.50000000000000000, -1.000000000000000000, 5.499999999999998224 ) ) ;
#373 = CARTESIAN_POINT ( 'NONE',  ( -9.950000000000001066, 30.73659999999998504, -22.50000000000010303 ) ) ;
#374 = CIRCLE ( 'NONE', #1157, 0.7366000000000004766 ) ;
#375 = CARTESIAN_POINT ( 'NONE',  ( 9.950000000000002842, 7.736599999999989485, -22.50000000000002842 ) ) ;
#376 = CIRCLE ( 'NONE', #1204, 1.736600000000001254 ) ;
#377 = VERTEX_POINT ( 'NONE', #959 ) ;
#378 = EDGE_CURVE ( 'NONE', #233, #1332, #433, .T. ) ;
#379 = DIRECTION ( 'NONE',  ( -2.040851148208008245E-16, 0.000000000000000000, 1.000000000000000000 ) ) ;
#380 = CIRCLE ( 'NONE', #1039, 2.000000000000001776 ) ;
#381 = FACE_OUTER_BOUND ( 'NONE', #1212, .T. ) ;
#382 = CARTESIAN_POINT ( 'NONE',  ( -25.00000000000000000, 0.7365999999999892633, -21.50000000000000000 ) ) ;
#383 = DIRECTION ( 'NONE',  ( -0.000000000000000000, -0.000000000000000000, 1.000000000000000000 ) ) ;
#384 = CIRCLE ( 'NONE', #873, 1.549999999999999378 ) ;
#385 = ORIENTED_EDGE ( 'NONE', *, *, #712, .F. ) ;
#386 = ADVANCED_FACE ( 'NONE', ( #92 ), #1188, .F. ) ;
#387 = CC_DESIGN_SECURITY_CLASSIFICATION ( #1168, ( #705 ) ) ;
#388 = CARTESIAN_POINT ( 'NONE',  ( 13.05000000000000071, 7.736599999999989485, -22.50000000000002842 ) ) ;
#389 = APPROVAL_DATE_TIME ( #593, #662 ) ;
#390 = CARTESIAN_POINT ( 'NONE',  ( -17.50000000000000000, -1.000000000000000000, 5.499999999999998224 ) ) ;
#391 = DIRECTION ( 'NONE',  ( 1.000000000000000000, -0.000000000000000000, -0.000000000000000000 ) ) ;
#392 = ADVANCED_FACE ( 'NONE', ( #189, #1194, #1291, #964, #196, #540 ), #733, .F. ) ;
#393 = CARTESIAN_POINT ( 'NONE',  ( 0.000000000000000000, 19.23659999999999570, -31.50000000000000000 ) ) ;
#394 = ORIENTED_EDGE ( 'NONE', *, *, #300, .F. ) ;
#395 = ORIENTED_EDGE ( 'NONE', *, *, #291, .T. ) ;
#396 = DIRECTION ( 'NONE',  ( 0.000000000000000000, 0.000000000000000000, 1.000000000000000000 ) ) ;
#397 = APPROVAL_STATUS ( 'not_yet_approved' ) ;
#398 = DIRECTION ( 'NONE',  ( -0.000000000000000000, 0.000000000000000000, -1.000000000000000000 ) ) ;
#399 = LINE ( 'NONE', #911, #81 ) ;
#400 = PRODUCT_DEFINITION ( '未知', '', #705, #863 ) ;
#401 = CARTESIAN_POINT ( 'NONE',  ( 23.00000000000000000, 36.00000000000000000, -22.50000000000012434 ) ) ;
#402 = CIRCLE ( 'NONE', #1201, 2.899999999999999911 ) ;
#403 = VERTEX_POINT ( 'NONE', #311 ) ;
#404 = ORIENTED_EDGE ( 'NONE', *, *, #553, .F. ) ;
#405 = ORIENTED_EDGE ( 'NONE', *, *, #1422, .T. ) ;
#406 = PERSON_AND_ORGANIZATION ( #1139, #333 ) ;
#407 = DIRECTION ( 'NONE',  ( 1.000000000000000000, 0.000000000000000000, 0.000000000000000000 ) ) ;
#408 = DIRECTION ( 'NONE',  ( -0.000000000000000000, 1.000000000000000000, -0.000000000000000000 ) ) ;
#409 = PLANE ( 'NONE',  #626 ) ;
#410 = EDGE_CURVE ( 'NONE', #1278, #316, #419, .T. ) ;
#411 = ORIENTED_EDGE ( 'NONE', *, *, #1336, .T. ) ;
#412 = CYLINDRICAL_SURFACE ( 'NONE', #140, 1.600000000000000089 ) ;
#413 = SHAPE_DEFINITION_REPRESENTATION ( #1105, #305 ) ;
#414 = DIRECTION ( 'NONE',  ( -1.000000000000000000, 0.000000000000000000, -2.040851148208008245E-16 ) ) ;
#415 = CARTESIAN_POINT ( 'NONE',  ( 17.50000000000000000, 0.000000000000000000, -11.50000000000000711 ) ) ;
#416 = CARTESIAN_POINT ( 'NONE',  ( 25.00000000000000000, -3.491481338843133355E-15, -22.50000000000000000 ) ) ;
#417 = DIRECTION ( 'NONE',  ( 0.000000000000000000, 0.000000000000000000, -1.000000000000000000 ) ) ;
#418 = CARTESIAN_POINT ( 'NONE',  ( -25.00000000000000000, 0.7365999999999919279, -20.76340000000000074 ) ) ;
#419 = LINE ( 'NONE', #1076, #929 ) ;
#420 = DIRECTION ( 'NONE',  ( 0.000000000000000000, 0.000000000000000000, 1.000000000000000000 ) ) ;
#421 = VERTEX_POINT ( 'NONE', #1424 ) ;
#422 = CARTESIAN_POINT ( 'NONE',  ( 17.50000000000000000, -1.001000000000008550, -11.50000000000000711 ) ) ;
#423 = AXIS2_PLACEMENT_3D ( 'NONE', #961, #946, #1410 ) ;
#424 = DIRECTION ( 'NONE',  ( 0.000000000000000000, -1.000000000000000000, 4.476705744456278510E-15 ) ) ;
#425 = EDGE_CURVE ( 'NONE', #377, #1093, #643, .T. ) ;
#426 = CARTESIAN_POINT ( 'NONE',  ( 25.00000000000000000, -2.203438688951697860E-17, -21.50000000000000000 ) ) ;
#427 = AXIS2_PLACEMENT_3D ( 'NONE', #14, #1217, #784 ) ;
#428 = VECTOR ( 'NONE', #745, 1000.000000000000000 ) ;
#429 = DIRECTION ( 'NONE',  ( 1.000000000000000000, 0.000000000000000000, -0.000000000000000000 ) ) ;
#430 = ORIENTED_EDGE ( 'NONE', *, *, #719, .T. ) ;
#431 = CARTESIAN_POINT ( 'NONE',  ( -17.50000000000000000, -1.000000000000000000, -11.50000000000000355 ) ) ;
#432 = EDGE_CURVE ( 'NONE', #31, #1278, #630, .T. ) ;
#433 = CIRCLE ( 'NONE', #1305, 1.549999999999999378 ) ;
#434 = CYLINDRICAL_SURFACE ( 'NONE', #1228, 1.600000000000002531 ) ;
#435 = DIRECTION ( 'NONE',  ( 0.000000000000000000, 3.469446951953613794E-15, 1.000000000000000000 ) ) ;
#436 = CYLINDRICAL_SURFACE ( 'NONE', #1415, 2.000000000000001776 ) ;
#437 = ORIENTED_EDGE ( 'NONE', *, *, #79, .F. ) ;
#438 = DIRECTION ( 'NONE',  ( 0.000000000000000000, 0.000000000000000000, -1.000000000000000000 ) ) ;
#439 = LINE ( 'NONE', #1413, #1419 ) ;
#440 = ORIENTED_EDGE ( 'NONE', *, *, #1013, .F. ) ;
#441 = LINE ( 'NONE', #334, #966 ) ;
#442 = CC_DESIGN_PERSON_AND_ORGANIZATION_ASSIGNMENT ( #724, #1400, ( #705 ) ) ;
#443 = VERTEX_POINT ( 'NONE', #77 ) ;
#444 = CARTESIAN_POINT ( 'NONE',  ( -17.50000000000000000, -1.001000000000008550, -11.50000000000000355 ) ) ;
#445 = EDGE_LOOP ( 'NONE', ( #785, #464, #1191, #1028 ) ) ;
#446 = VECTOR ( 'NONE', #549, 1000.000000000000000 ) ;
#447 = CIRCLE ( 'NONE', #1386, 2.899999999999999911 ) ;
#448 = CARTESIAN_POINT ( 'NONE',  ( 25.00000000000000000, 0.7365999999999892633, -21.50000000000000000 ) ) ;
#449 = EDGE_CURVE ( 'NONE', #1127, #1171, #522, .T. ) ;
#450 = VERTEX_POINT ( 'NONE', #1409 ) ;
#451 = CIRCLE ( 'NONE', #1136, 1.600000000000000089 ) ;
#452 = CARTESIAN_POINT ( 'NONE',  ( -11.50000000000000178, 7.736599999999989485, -22.50000000000002842 ) ) ;
#453 = VERTEX_POINT ( 'NONE', #847 ) ;
#454 = DIRECTION ( 'NONE',  ( 0.000000000000000000, 1.000000000000000000, 0.000000000000000000 ) ) ;
#455 = VERTEX_POINT ( 'NONE', #953 ) ;
#456 = EDGE_LOOP ( 'NONE', ( #714, #1246, #185, #678 ) ) ;
#457 = CARTESIAN_POINT ( 'NONE',  ( -25.00000000000000000, 33.99999999999999289, -22.50000000000011724 ) ) ;
#458 = ORIENTED_EDGE ( 'NONE', *, *, #449, .F. ) ;
#459 = EDGE_CURVE ( 'NONE', #1341, #1155, #581, .T. ) ;
#460 = VECTOR ( 'NONE', #688, 1000.000000000000000 ) ;
#461 = DIRECTION ( 'NONE',  ( 1.000000000000000000, 0.000000000000000000, 0.000000000000000000 ) ) ;
#462 = CARTESIAN_POINT ( 'NONE',  ( -13.05000000000000249, 30.73659999999998504, -22.50000000000010303 ) ) ;
#463 = ORIENTED_EDGE ( 'NONE', *, *, #682, .F. ) ;
#464 = ORIENTED_EDGE ( 'NONE', *, *, #572, .F. ) ;
#465 = EDGE_CURVE ( 'NONE', #377, #809, #402, .T. ) ;
#466 = DIRECTION ( 'NONE',  ( -0.000000000000000000, 1.000000000000000000, -0.000000000000000000 ) ) ;
#467 = EDGE_CURVE ( 'NONE', #1205, #283, #764, .T. ) ;
#468 = CARTESIAN_POINT ( 'NONE',  ( 1.959434878635765230E-16, -1.000000000000000000, -1.600000000000000089 ) ) ;
#469 = DIRECTION ( 'NONE',  ( -1.000000000000000000, 0.000000000000000000, 0.000000000000000000 ) ) ;
#470 = ORIENTED_EDGE ( 'NONE', *, *, #96, .F. ) ;
#471 = ORIENTED_EDGE ( 'NONE', *, *, #1027, .F. ) ;
#472 = LINE ( 'NONE', #1236, #1380 ) ;
#473 = CARTESIAN_POINT ( 'NONE',  ( -17.50000000000000000, -1.000000000000000000, -13.10000000000000497 ) ) ;
#474 = ORIENTED_EDGE ( 'NONE', *, *, #914, .F. ) ;
#475 = VERTEX_POINT ( 'NONE', #1156 ) ;
#476 = FACE_BOUND ( 'NONE', #1411, .T. ) ;
#477 = DIRECTION ( 'NONE',  ( 1.000000000000000000, 0.000000000000000000, 0.000000000000000000 ) ) ;
#478 = DIRECTION ( 'NONE',  ( 0.000000000000000000, 0.000000000000000000, 1.000000000000000000 ) ) ;
#479 = CYLINDRICAL_SURFACE ( 'NONE', #1255, 1.550000000000000933 ) ;
#480 = EDGE_CURVE ( 'NONE', #665, #1155, #601, .T. ) ;
#481 = ORIENTED_EDGE ( 'NONE', *, *, #765, .T. ) ;
#482 = DIRECTION ( 'NONE',  ( -1.000000000000000000, 0.000000000000000000, 0.000000000000000000 ) ) ;
#483 = PERSON_AND_ORGANIZATION_ROLE ( 'design_owner' ) ;
#484 = CARTESIAN_POINT ( 'NONE',  ( -17.50000000000000000, -1.001000000000008550, -13.10000000000000497 ) ) ;
#485 = DIRECTION ( 'NONE',  ( 1.000000000000000000, 0.000000000000000000, 0.000000000000000000 ) ) ;
#486 = AXIS2_PLACEMENT_3D ( 'NONE', #1001, #125, #1098 ) ;
#487 = EDGE_CURVE ( 'NONE', #111, #403, #136, .T. ) ;
#488 = DIRECTION ( 'NONE',  ( -0.000000000000000000, 0.000000000000000000, 1.000000000000000000 ) ) ;
#489 = ORIENTED_EDGE ( 'NONE', *, *, #506, .T. ) ;
#490 = EDGE_LOOP ( 'NONE', ( #721, #1362, #385, #162 ) ) ;
#491 = DIRECTION ( 'NONE',  ( 0.000000000000000000, 0.000000000000000000, 1.000000000000000000 ) ) ;
#492 = CALENDAR_DATE ( 2022, 21, 12 ) ;
#493 = EDGE_CURVE ( 'NONE', #543, #1328, #1266, .T. ) ;
#494 = CIRCLE ( 'NONE', #313, 1.549999999999999378 ) ;
#495 = PLANE ( 'NONE',  #991 ) ;
#496 = VECTOR ( 'NONE', #1377, 1000.000000000000000 ) ;
#497 = LINE ( 'NONE', #930, #1108 ) ;
#498 = VECTOR ( 'NONE', #1070, 1000.000000000000000 ) ;
#499 = CYLINDRICAL_SURFACE ( 'NONE', #319, 2.000000000000001776 ) ;
#500 = AXIS2_PLACEMENT_3D ( 'NONE', #63, #274, #158 ) ;
#501 = ORIENTED_EDGE ( 'NONE', *, *, #701, .T. ) ;
#502 = ORIENTED_EDGE ( 'NONE', *, *, #295, .T. ) ;
#503 = ORIENTED_EDGE ( 'NONE', *, *, #986, .F. ) ;
#504 = CALENDAR_DATE ( 2022, 21, 12 ) ;
#505 = DIRECTION ( 'NONE',  ( 1.000000000000000000, 0.000000000000000000, 0.000000000000000000 ) ) ;
#506 = EDGE_CURVE ( 'NONE', #1085, #450, #829, .T. ) ;
#507 = DIRECTION ( 'NONE',  ( 0.000000000000000000, 0.000000000000000000, -1.000000000000000000 ) ) ;
#508 = DIRECTION ( 'NONE',  ( 0.000000000000000000, 3.491481338843133355E-15, 1.000000000000000000 ) ) ;
#509 = VERTEX_POINT ( 'NONE', #738 ) ;
#510 = AXIS2_PLACEMENT_3D ( 'NONE', #422, #1300, #861 ) ;
#511 = ORIENTED_EDGE ( 'NONE', *, *, #1422, .F. ) ;
#512 = ORIENTED_EDGE ( 'NONE', *, *, #844, .F. ) ;
#513 = ADVANCED_FACE ( 'NONE', ( #76 ), #732, .T. ) ;
#514 = LINE ( 'NONE', #943, #1107 ) ;
#515 = CARTESIAN_POINT ( 'NONE',  ( -23.00000000000000000, 33.99999999999999289, -22.50000000000011724 ) ) ;
#516 = EDGE_CURVE ( 'NONE', #213, #546, #1045, .T. ) ;
#517 = DIRECTION ( 'NONE',  ( -0.000000000000000000, 1.000000000000000000, -0.000000000000000000 ) ) ;
#518 = CIRCLE ( 'NONE', #354, 1.550000000000000933 ) ;
#519 = ORIENTED_EDGE ( 'NONE', *, *, #1397, .T. ) ;
#520 = COORDINATED_UNIVERSAL_TIME_OFFSET ( 8, 0, .AHEAD. ) ;
#521 = CARTESIAN_POINT ( 'NONE',  ( -23.00000000000000000, -1.000000000000000000, 22.50000000000000000 ) ) ;
#522 = LINE ( 'NONE', #854, #498 ) ;
#523 = VECTOR ( 'NONE', #34, 1000.000000000000000 ) ;
#524 = CARTESIAN_POINT ( 'NONE',  ( -13.05000000000000249, 30.73659999999998504, -31.50000000000000000 ) ) ;
#525 = ADVANCED_FACE ( 'NONE', ( #818 ), #958, .F. ) ;
#526 = ORIENTED_EDGE ( 'NONE', *, *, #1196, .T. ) ;
#527 = DIRECTION ( 'NONE',  ( 0.000000000000000000, 3.469446951953613794E-15, 1.000000000000000000 ) ) ;
#528 = CARTESIAN_POINT ( 'NONE',  ( 25.00000000000000000, 0.7366000000000039183, -22.49999999999999645 ) ) ;
#529 = DIRECTION ( 'NONE',  ( 0.000000000000000000, -1.000000000000000000, 0.000000000000000000 ) ) ;
#530 = CARTESIAN_POINT ( 'NONE',  ( 11.50000000000000178, 7.736599999999989485, -21.50000000000000000 ) ) ;
#531 = ADVANCED_FACE ( 'NONE', ( #1165 ), #1283, .T. ) ;
#532 = CARTESIAN_POINT ( 'NONE',  ( 17.50000000000000000, -1.000000000000000000, -11.50000000000000711 ) ) ;
#533 = DIRECTION ( 'NONE',  ( -0.000000000000000000, 1.000000000000000000, -0.000000000000000000 ) ) ;
#534 = DIRECTION ( 'NONE',  ( 0.000000000000000000, -1.000000000000000000, 4.476705744456278510E-15 ) ) ;
#535 = CARTESIAN_POINT ( 'NONE',  ( 25.00000000000000000, 33.99999999999999289, -22.50000000000011724 ) ) ;
#536 = EDGE_LOOP ( 'NONE', ( #127, #580 ) ) ;
#537 = LINE ( 'NONE', #970, #1421 ) ;
#538 = VECTOR ( 'NONE', #1125, 1000.000000000000000 ) ;
#539 = FACE_OUTER_BOUND ( 'NONE', #1322, .T. ) ;
#540 = FACE_OUTER_BOUND ( 'NONE', #773, .T. ) ;
#541 = AXIS2_PLACEMENT_3D ( 'NONE', #444, #852, #110 ) ;
#542 = CARTESIAN_POINT ( 'NONE',  ( -23.00000000000000000, -1.000000000000000000, 20.49999999999999645 ) ) ;
#543 = VERTEX_POINT ( 'NONE', #181 ) ;
#544 = LINE ( 'NONE', #977, #657 ) ;
#545 = LINE ( 'NONE', #1429, #230 ) ;
#546 = VERTEX_POINT ( 'NONE', #278 ) ;
#547 = ADVANCED_FACE ( 'NONE', ( #841 ), #495, .F. ) ;
#548 = APPROVAL_PERSON_ORGANIZATION ( #173, #662, #1289 ) ;
#549 = DIRECTION ( 'NONE',  ( 0.000000000000000000, 0.000000000000000000, 1.000000000000000000 ) ) ;
#550 = ORIENTED_EDGE ( 'NONE', *, *, #106, .F. ) ;
#551 = CARTESIAN_POINT ( 'NONE',  ( -17.50000000000000000, -1.001000000000008550, -11.50000000000000355 ) ) ;
#552 = ORIENTED_EDGE ( 'NONE', *, *, #937, .T. ) ;
#553 = EDGE_CURVE ( 'NONE', #546, #323, #380, .T. ) ;
#554 = EDGE_CURVE ( 'NONE', #377, #982, #622, .T. ) ;
#555 = DIRECTION ( 'NONE',  ( 0.000000000000000000, 0.000000000000000000, 1.000000000000000000 ) ) ;
#556 = ORIENTED_EDGE ( 'NONE', *, *, #465, .T. ) ;
#557 = CARTESIAN_POINT ( 'NONE',  ( -25.00000000000000000, -8.155403775779943998E-14, -22.50000000000000000 ) ) ;
#558 = EDGE_LOOP ( 'NONE', ( #556, #933, #470, #1030 ) ) ;
#559 = AXIS2_PLACEMENT_3D ( 'NONE', #1229, #1311, #975 ) ;
#560 = CARTESIAN_POINT ( 'NONE',  ( 17.50000000000000000, 0.000000000000000000, -13.10000000000000853 ) ) ;
#561 = AXIS2_PLACEMENT_3D ( 'NONE', #390, #296, #85 ) ;
#562 = EDGE_LOOP ( 'NONE', ( #290, #752 ) ) ;
#563 = EDGE_CURVE ( 'NONE', #1278, #900, #1069, .T. ) ;
#564 = CIRCLE ( 'NONE', #748, 2.899999999999999911 ) ;
#565 = EDGE_LOOP ( 'NONE', ( #1097, #597, #599, #798 ) ) ;
#566 = FACE_BOUND ( 'NONE', #11, .T. ) ;
#567 = ORIENTED_EDGE ( 'NONE', *, *, #410, .F. ) ;
#568 = DIRECTION ( 'NONE',  ( 1.000000000000000000, 0.000000000000000000, 0.000000000000000000 ) ) ;
#569 = DIRECTION ( 'NONE',  ( 1.000000000000000000, -0.000000000000000000, -0.000000000000000000 ) ) ;
#570 = ORIENTED_EDGE ( 'NONE', *, *, #467, .F. ) ;
#571 = ORIENTED_EDGE ( 'NONE', *, *, #563, .T. ) ;
#572 = EDGE_CURVE ( 'NONE', #665, #915, #1367, .T. ) ;
#573 = DIRECTION ( 'NONE',  ( -2.040851148208008245E-16, -0.000000000000000000, -1.000000000000000000 ) ) ;
#574 = EDGE_LOOP ( 'NONE', ( #1373, #1239 ) ) ;
#575 = VECTOR ( 'NONE', #131, 1000.000000000000000 ) ;
#576 = ADVANCED_FACE ( 'NONE', ( #68 ), #1149, .F. ) ;
#577 = CARTESIAN_POINT ( 'NONE',  ( 17.49999999999999645, -1.000000000000000000, 22.50000000000000000 ) ) ;
#578 = LINE ( 'NONE', #904, #988 ) ;
#579 = ORIENTED_EDGE ( 'NONE', *, *, #1029, .F. ) ;
#580 = ORIENTED_EDGE ( 'NONE', *, *, #143, .T. ) ;
#581 = CIRCLE ( 'NONE', #1129, 1.600000000000002531 ) ;
#582 = CYLINDRICAL_SURFACE ( 'NONE', #710, 4.099999999999999645 ) ;
#583 = DIRECTION ( 'NONE',  ( -0.000000000000000000, 0.000000000000000000, -1.000000000000000000 ) ) ;
#584 = FACE_OUTER_BOUND ( 'NONE', #199, .T. ) ;
#585 = ORIENTED_EDGE ( 'NONE', *, *, #812, .T. ) ;
#586 = EDGE_LOOP ( 'NONE', ( #1004, #876 ) ) ;
#587 = DIRECTION ( 'NONE',  ( -0.000000000000000000, 3.491481338843133355E-15, 1.000000000000000000 ) ) ;
#588 = CARTESIAN_POINT ( 'NONE',  ( 0.000000000000000000, -1.000000000000000000, 1.600000000000000089 ) ) ;
#589 = EDGE_CURVE ( 'NONE', #421, #888, #514, .T. ) ;
#590 = DIRECTION ( 'NONE',  ( -2.040851148208008245E-16, 0.000000000000000000, 1.000000000000000000 ) ) ;
#591 = DIRECTION ( 'NONE',  ( 0.000000000000000000, -1.000000000000000000, 0.000000000000000000 ) ) ;
#592 = ORIENTED_EDGE ( 'NONE', *, *, #432, .F. ) ;
#593 = DATE_AND_TIME ( #950, #1287 ) ;
#594 = CARTESIAN_POINT ( 'NONE',  ( 25.00000000000000000, 0.7365999999999857106, -22.50000000000000355 ) ) ;
#595 = PLANE ( 'NONE',  #1323 ) ;
#596 = CARTESIAN_POINT ( 'NONE',  ( 23.00000000000000000, -1.000000000000000000, 22.50000000000000000 ) ) ;
#597 = ORIENTED_EDGE ( 'NONE', *, *, #954, .T. ) ;
#598 = ORIENTED_EDGE ( 'NONE', *, *, #353, .F. ) ;
#599 = ORIENTED_EDGE ( 'NONE', *, *, #1387, .T. ) ;
#600 = APPROVAL_ROLE ( '' ) ;
#601 = LINE ( 'NONE', #935, #1012 ) ;
#602 = LINE ( 'NONE', #145, #336 ) ;
#603 = AXIS2_PLACEMENT_3D ( 'NONE', #618, #1055, #71 ) ;
#604 = LINE ( 'NONE', #1353, #1146 ) ;
#605 = ORIENTED_EDGE ( 'NONE', *, *, #301, .F. ) ;
#606 = CIRCLE ( 'NONE', #1417, 0.7366000000000004766 ) ;
#607 = ORIENTED_EDGE ( 'NONE', *, *, #1344, .F. ) ;
#608 = LINE ( 'NONE', #66, #78 ) ;
#609 = DIRECTION ( 'NONE',  ( 0.000000000000000000, 0.000000000000000000, 1.000000000000000000 ) ) ;
#610 = DIRECTION ( 'NONE',  ( 0.000000000000000000, -1.000000000000000000, 3.469446951953613794E-15 ) ) ;
#611 = CARTESIAN_POINT ( 'NONE',  ( 25.00000000000000000, 0.000000000000000000, 20.49999999999998224 ) ) ;
#612 = ORIENTED_EDGE ( 'NONE', *, *, #1268, .T. ) ;
#613 = ADVANCED_FACE ( 'NONE', ( #772, #989, #97, #202 ), #7, .F. ) ;
#614 = ORIENTED_EDGE ( 'NONE', *, *, #190, .F. ) ;
#615 = APPROVAL_STATUS ( 'not_yet_approved' ) ;
#616 = CARTESIAN_POINT ( 'NONE',  ( 17.50000000000000000, -1.000000000000000000, -11.50000000000000711 ) ) ;
#617 = CARTESIAN_POINT ( 'NONE',  ( 13.05000000000000249, 30.73659999999998504, -22.50000000000010303 ) ) ;
#618 = CARTESIAN_POINT ( 'NONE',  ( 17.50000000000000000, -1.000000000000000000, 5.499999999999998224 ) ) ;
#619 = ORIENTED_EDGE ( 'NONE', *, *, #1364, .T. ) ;
#620 = EDGE_LOOP ( 'NONE', ( #1299, #64 ) ) ;
#621 = CARTESIAN_POINT ( 'NONE',  ( 0.000000000000000000, 0.000000000000000000, 0.000000000000000000 ) ) ;
#622 = LINE ( 'NONE', #725, #1184 ) ;
#623 = DIRECTION ( 'NONE',  ( 0.000000000000000000, -1.000000000000000000, 3.469446951953611033E-15 ) ) ;
#624 = EDGE_CURVE ( 'NONE', #1308, #698, #494, .T. ) ;
#625 = DIRECTION ( 'NONE',  ( -0.000000000000000000, 0.000000000000000000, 1.000000000000000000 ) ) ;
#626 = AXIS2_PLACEMENT_3D ( 'NONE', #416, #837, #843 ) ;
#627 = ORIENTED_EDGE ( 'NONE', *, *, #1295, .F. ) ;
#628 = DIRECTION ( 'NONE',  ( 0.000000000000000000, 0.000000000000000000, 1.000000000000000000 ) ) ;
#629 = DIRECTION ( 'NONE',  ( -2.040851148208008245E-16, -0.000000000000000000, -1.000000000000000000 ) ) ;
#630 = LINE ( 'NONE', #426, #1112 ) ;
#631 = ADVANCED_FACE ( 'NONE', ( #1423 ), #1206, .F. ) ;
#632 = CARTESIAN_POINT ( 'NONE',  ( 23.00000000000000000, 36.00000000000000000, -22.50000000000012434 ) ) ;
#633 = VECTOR ( 'NONE', #1072, 1000.000000000000000 ) ;
#634 = FACE_OUTER_BOUND ( 'NONE', #1430, .T. ) ;
#635 = FACE_OUTER_BOUND ( 'NONE', #335, .T. ) ;
#636 = FACE_OUTER_BOUND ( 'NONE', #1326, .T. ) ;
#637 = EDGE_CURVE ( 'NONE', #1056, #1240, #214, .T. ) ;
#638 = CARTESIAN_POINT ( 'NONE',  ( 11.50000000000000178, 7.736599999999989485, -22.50000000000002842 ) ) ;
#639 = VECTOR ( 'NONE', #361, 1000.000000000000000 ) ;
#640 = ORIENTED_EDGE ( 'NONE', *, *, #882, .T. ) ;
#641 = CYLINDRICAL_SURFACE ( 'NONE', #253, 2.899999999999999911 ) ;
#642 = DIRECTION ( 'NONE',  ( 0.000000000000000000, 3.469446951953613794E-15, 1.000000000000000000 ) ) ;
#643 = LINE ( 'NONE', #1414, #318 ) ;
#644 = FACE_OUTER_BOUND ( 'NONE', #123, .T. ) ;
#645 = ORIENTED_EDGE ( 'NONE', *, *, #1143, .F. ) ;
#646 = CARTESIAN_POINT ( 'NONE',  ( 0.000000000000000000, 0.000000000000000000, 0.000000000000000000 ) ) ;
#647 = ADVANCED_FACE ( 'NONE', ( #635 ), #434, .F. ) ;
#648 = CARTESIAN_POINT ( 'NONE',  ( -17.49999999999999645, -1.000000000000000000, 22.50000000000000000 ) ) ;
#649 = CIRCLE ( 'NONE', #1086, 4.099999999999999645 ) ;
#650 = CARTESIAN_POINT ( 'NONE',  ( 25.00000000000000000, -1.000000000000000000, -20.76340000000000074 ) ) ;
#651 = AXIS2_PLACEMENT_3D ( 'NONE', #200, #628, #95 ) ;
#652 = ORIENTED_EDGE ( 'NONE', *, *, #143, .F. ) ;
#653 = EDGE_CURVE ( 'NONE', #1171, #1270, #1294, .T. ) ;
#654 = DIRECTION ( 'NONE',  ( 1.000000000000000000, -0.000000000000000000, -0.000000000000000000 ) ) ;
#655 = ORIENTED_EDGE ( 'NONE', *, *, #844, .T. ) ;
#656 = EDGE_CURVE ( 'NONE', #139, #692, #439, .T. ) ;
#657 = VECTOR ( 'NONE', #867, 1000.000000000000000 ) ;
#658 = CARTESIAN_POINT ( 'NONE',  ( -17.49999999999999645, -1.001000000000008550, 21.89999999999999858 ) ) ;
#659 = ORIENTED_EDGE ( 'NONE', *, *, #506, .F. ) ;
#660 = CARTESIAN_POINT ( 'NONE',  ( -25.00000000000000000, 36.00000000000000711, -21.50000000000012434 ) ) ;
#661 = EDGE_LOOP ( 'NONE', ( #15, #364, #619, #1360 ) ) ;
#662 = APPROVAL ( #615, '未指定' ) ;
#663 = DIRECTION ( 'NONE',  ( -0.000000000000000000, 1.000000000000000000, -0.000000000000000000 ) ) ;
#664 = EDGE_LOOP ( 'NONE', ( #592, #994, #769, #908, #463, #567 ) ) ;
#665 = VERTEX_POINT ( 'NONE', #103 ) ;
#666 = DIRECTION ( 'NONE',  ( 0.000000000000000000, 1.000000000000000000, 0.000000000000000000 ) ) ;
#667 = ORIENTED_EDGE ( 'NONE', *, *, #425, .T. ) ;
#668 = VECTOR ( 'NONE', #1015, 1000.000000000000000 ) ;
#669 = CARTESIAN_POINT ( 'NONE',  ( 23.00000000000000000, 0.000000000000000000, 22.50000000000000000 ) ) ;
#670 = CARTESIAN_POINT ( 'NONE',  ( 0.000000000000000000, 19.23659999999999570, -22.50000000000006395 ) ) ;
#671 = ADVANCED_FACE ( 'NONE', ( #1211 ), #195, .F. ) ;
#672 = AXIS2_PLACEMENT_3D ( 'NONE', #875, #1096, #1321 ) ;
#673 = ORIENTED_EDGE ( 'NONE', *, *, #656, .T. ) ;
#674 = CIRCLE ( 'NONE', #1186, 1.549999999999999378 ) ;
#675 = ADVANCED_FACE ( 'NONE', ( #539 ), #91, .F. ) ;
#676 = VERTEX_POINT ( 'NONE', #1082 ) ;
#677 = LINE ( 'NONE', #21, #164 ) ;
#678 = ORIENTED_EDGE ( 'NONE', *, *, #169, .F. ) ;
#679 = AXIS2_PLACEMENT_3D ( 'NONE', #1244, #1261, #697 ) ;
#680 = LINE ( 'NONE', #367, #460 ) ;
#681 = LINE ( 'NONE', #1338, #446 ) ;
#682 = EDGE_CURVE ( 'NONE', #316, #217, #754, .T. ) ;
#683 = ORIENTED_EDGE ( 'NONE', *, *, #800, .F. ) ;
#684 = ORIENTED_EDGE ( 'NONE', *, *, #712, .T. ) ;
#685 = EDGE_CURVE ( 'NONE', #72, #1050, #1225, .T. ) ;
#686 = DIRECTION ( 'NONE',  ( 0.000000000000000000, -0.000000000000000000, -1.000000000000000000 ) ) ;
#687 = APPLICATION_CONTEXT ( 'configuration controlled 3d designs of mechanical parts and assemblies' ) ;
#688 = DIRECTION ( 'NONE',  ( 0.000000000000000000, 1.000000000000000000, -0.000000000000000000 ) ) ;
#689 = CARTESIAN_POINT ( 'NONE',  ( -25.00000000000000000, 0.7365999999999919279, -20.76340000000000074 ) ) ;
#690 = AXIS2_PLACEMENT_3D ( 'NONE', #89, #208, #1309 ) ;
#691 = LINE ( 'NONE', #795, #151 ) ;
#692 = VERTEX_POINT ( 'NONE', #979 ) ;
#693 = VERTEX_POINT ( 'NONE', #1193 ) ;
#694 = LINE ( 'NONE', #577, #90 ) ;
#695 = DIRECTION ( 'NONE',  ( 1.000000000000000000, 0.000000000000000000, 0.000000000000000000 ) ) ;
#696 = AXIS2_PLACEMENT_3D ( 'NONE', #1023, #1031, #396 ) ;
#697 = DIRECTION ( 'NONE',  ( 0.000000000000000000, -1.000000000000000000, 4.476705744456278510E-15 ) ) ;
#698 = VERTEX_POINT ( 'NONE', #209 ) ;
#699 = EDGE_LOOP ( 'NONE', ( #1389, #627, #519, #430 ) ) ;
#700 = CIRCLE ( 'NONE', #878, 1.600000000000002531 ) ;
#701 = EDGE_CURVE ( 'NONE', #543, #509, #1159, .T. ) ;
#702 = FACE_OUTER_BOUND ( 'NONE', #941, .T. ) ;
#703 = CARTESIAN_POINT ( 'NONE',  ( -9.950000000000001066, 30.73659999999998504, -31.50000000000000000 ) ) ;
#704 = DIRECTION ( 'NONE',  ( 0.000000000000000000, -3.491481338843133355E-15, -1.000000000000000000 ) ) ;
#705 = PRODUCT_DEFINITION_FORMATION_WITH_SPECIFIED_SOURCE ( '任何', '', #232, .NOT_KNOWN. ) ;
#706 = ORIENTED_EDGE ( 'NONE', *, *, #300, .T. ) ;
#707 = EDGE_LOOP ( 'NONE', ( #160, #359 ) ) ;
#708 = PERSON_AND_ORGANIZATION_ROLE ( 'creator' ) ;
#709 = DIRECTION ( 'NONE',  ( -0.000000000000000000, -0.000000000000000000, 1.000000000000000000 ) ) ;
#710 = AXIS2_PLACEMENT_3D ( 'NONE', #1000, #1124, #568 ) ;
#711 = CARTESIAN_POINT ( 'NONE',  ( 11.50000000000000178, 7.736599999999989485, -31.50000000000000000 ) ) ;
#712 = EDGE_CURVE ( 'NONE', #421, #1040, #760, .T. ) ;
#713 = DIRECTION ( 'NONE',  ( -0.000000000000000000, -0.000000000000000000, 1.000000000000000000 ) ) ;
#714 = ORIENTED_EDGE ( 'NONE', *, *, #1279, .F. ) ;
#715 = DIRECTION ( 'NONE',  ( 1.000000000000000000, 0.000000000000000000, 0.000000000000000000 ) ) ;
#716 = PERSON_AND_ORGANIZATION_ROLE ( 'creator' ) ;
#717 = DIRECTION ( 'NONE',  ( 0.000000000000000000, 3.469446951953613794E-15, 1.000000000000000000 ) ) ;
#718 = DIRECTION ( 'NONE',  ( 1.000000000000000000, 0.000000000000000000, 0.000000000000000000 ) ) ;
#719 = EDGE_CURVE ( 'NONE', #370, #453, #545, .T. ) ;
#720 = CARTESIAN_POINT ( 'NONE',  ( -25.00000000000000000, 0.7365999999999970349, -21.50000000000000000 ) ) ;
#721 = ORIENTED_EDGE ( 'NONE', *, *, #1329, .T. ) ;
#722 = VECTOR ( 'NONE', #1088, 1000.000000000000000 ) ;
#723 = ORIENTED_EDGE ( 'NONE', *, *, #1344, .T. ) ;
#724 = PERSON_AND_ORGANIZATION ( #1139, #333 ) ;
#725 = CARTESIAN_POINT ( 'NONE',  ( -17.50000000000000000, 0.000000000000000000, 5.499999999999998224 ) ) ;
#726 = DIRECTION ( 'NONE',  ( -0.000000000000000000, 1.000000000000000000, -0.000000000000000000 ) ) ;
#727 = LINE ( 'NONE', #401, #266 ) ;
#728 = VERTEX_POINT ( 'NONE', #1315 ) ;
#729 = ORIENTED_EDGE ( 'NONE', *, *, #279, .F. ) ;
#730 = ORIENTED_EDGE ( 'NONE', *, *, #190, .T. ) ;
#731 = DATE_AND_TIME ( #504, #365 ) ;
#732 = PLANE ( 'NONE',  #561 ) ;
#733 = PLANE ( 'NONE',  #240 ) ;
#734 = DIRECTION ( 'NONE',  ( 0.000000000000000000, -1.000000000000000000, 4.476705744456278510E-15 ) ) ;
#735 = EDGE_CURVE ( 'NONE', #1316, #455, #649, .T. ) ;
#736 = ORIENTED_EDGE ( 'NONE', *, *, #480, .F. ) ;
#737 = DIRECTION ( 'NONE',  ( 0.000000000000000000, 0.000000000000000000, 1.000000000000000000 ) ) ;
#738 = CARTESIAN_POINT ( 'NONE',  ( 23.00000000000000000, -1.000000000000000000, 22.50000000000000000 ) ) ;
#739 = EDGE_CURVE ( 'NONE', #834, #1418, #1036, .T. ) ;
#740 = CYLINDRICAL_SURFACE ( 'NONE', #55, 1.549999999999999378 ) ;
#741 = DIRECTION ( 'NONE',  ( 0.000000000000000000, -1.000000000000000000, 3.469446951953611033E-15 ) ) ;
#742 = VECTOR ( 'NONE', #340, 1000.000000000000000 ) ;
#743 = CARTESIAN_POINT ( 'NONE',  ( -23.00000000000000000, 0.000000000000000000, 22.50000000000000000 ) ) ;
#744 = ADVANCED_FACE ( 'NONE', ( #1327 ), #1334, .T. ) ;
#745 = DIRECTION ( 'NONE',  ( 0.000000000000000000, 1.000000000000000000, -3.469446951953613794E-15 ) ) ;
#746 = AXIS2_PLACEMENT_3D ( 'NONE', #616, #1408, #1052 ) ;
#747 = CARTESIAN_POINT ( 'NONE',  ( 11.50000000000000178, 7.736599999999989485, -31.50000000000000000 ) ) ;
#748 = AXIS2_PLACEMENT_3D ( 'NONE', #820, #1267, #306 ) ;
#749 = EDGE_CURVE ( 'NONE', #443, #1278, #606, .T. ) ;
#750 = CARTESIAN_POINT ( 'NONE',  ( 17.49999999999999645, -1.000000000000000000, 21.89999999999999503 ) ) ;
#751 = AXIS2_PLACEMENT_3D ( 'NONE', #281, #30, #42 ) ;
#752 = ORIENTED_EDGE ( 'NONE', *, *, #1027, .T. ) ;
#753 = FACE_OUTER_BOUND ( 'NONE', #699, .T. ) ;
#754 = LINE ( 'NONE', #660, #832 ) ;
#755 = CARTESIAN_POINT ( 'NONE',  ( -11.50000000000000178, 30.73659999999998504, -22.50000000000010303 ) ) ;
#756 = CARTESIAN_POINT ( 'NONE',  ( 9.950000000000001066, 30.73659999999998504, -21.50000000000000000 ) ) ;
#757 = ADVANCED_FACE ( 'NONE', ( #566, #1005, #246, #1235 ), #1103, .T. ) ;
#758 = ORIENTED_EDGE ( 'NONE', *, *, #245, .T. ) ;
#759 = CARTESIAN_POINT ( 'NONE',  ( 17.50000000000000355, 0.000000000000000000, 21.89999999999999503 ) ) ;
#760 = LINE ( 'NONE', #648, #722 ) ;
#761 = AXIS2_PLACEMENT_3D ( 'NONE', #431, #1074, #1067 ) ;
#762 = DIRECTION ( 'NONE',  ( -0.000000000000000000, -0.000000000000000000, 1.000000000000000000 ) ) ;
#763 = EDGE_CURVE ( 'NONE', #1381, #692, #883, .T. ) ;
#764 = CIRCLE ( 'NONE', #1390, 1.549999999999999378 ) ;
#765 = EDGE_CURVE ( 'NONE', #217, #1240, #997, .T. ) ;
#766 = ORIENTED_EDGE ( 'NONE', *, *, #410, .T. ) ;
#767 = AXIS2_PLACEMENT_3D ( 'NONE', #1399, #1042, #1382 ) ;
#768 = DIRECTION ( 'NONE',  ( -0.000000000000000000, 0.000000000000000000, 1.000000000000000000 ) ) ;
#769 = ORIENTED_EDGE ( 'NONE', *, *, #653, .F. ) ;
#770 = DIRECTION ( 'NONE',  ( 0.000000000000000000, 0.000000000000000000, 1.000000000000000000 ) ) ;
#771 = ORIENTED_EDGE ( 'NONE', *, *, #1407, .T. ) ;
#772 = FACE_BOUND ( 'NONE', #1066, .T. ) ;
#773 = EDGE_LOOP ( 'NONE', ( #252, #489, #58, #292, #1433, #502 ) ) ;
#774 = CARTESIAN_POINT ( 'NONE',  ( 23.00000000000000000, 0.000000000000000000, 20.49999999999999645 ) ) ;
#775 = ORIENTED_EDGE ( 'NONE', *, *, #719, .F. ) ;
#776 = AXIS2_PLACEMENT_3D ( 'NONE', #912, #369, #258 ) ;
#777 = ORIENTED_EDGE ( 'NONE', *, *, #1404, .F. ) ;
#778 = DIRECTION ( 'NONE',  ( 0.000000000000000000, 0.000000000000000000, 1.000000000000000000 ) ) ;
#779 = ORIENTED_EDGE ( 'NONE', *, *, #57, .F. ) ;
#780 = EDGE_CURVE ( 'NONE', #1040, #809, #677, .T. ) ;
#781 = CARTESIAN_POINT ( 'NONE',  ( -25.00000000000000000, 33.99999999999999289, -22.50000000000011724 ) ) ;
#782 = ORIENTED_EDGE ( 'NONE', *, *, #1231, .F. ) ;
#783 = ORIENTED_EDGE ( 'NONE', *, *, #1099, .T. ) ;
#784 = DIRECTION ( 'NONE',  ( 0.000000000000000000, 0.000000000000000000, -1.000000000000000000 ) ) ;
#785 = ORIENTED_EDGE ( 'NONE', *, *, #812, .F. ) ;
#786 = CIRCLE ( 'NONE', #1182, 2.000000000000001776 ) ;
#787 = DIRECTION ( 'NONE',  ( 1.000000000000000000, 0.000000000000000000, 0.000000000000000000 ) ) ;
#788 = VECTOR ( 'NONE', #1123, 1000.000000000000000 ) ;
#789 = CARTESIAN_POINT ( 'NONE',  ( -13.05000000000000249, 30.73659999999998504, -21.50000000000000000 ) ) ;
#790 = EDGE_CURVE ( 'NONE', #881, #22, #1115, .T. ) ;
#791 = ORIENTED_EDGE ( 'NONE', *, *, #821, .F. ) ;
#792 = ORIENTED_EDGE ( 'NONE', *, *, #968, .T. ) ;
#793 = CYLINDRICAL_SURFACE ( 'NONE', #1263, 2.000000000000001776 ) ;
#794 = DIRECTION ( 'NONE',  ( -0.000000000000000000, -0.000000000000000000, 1.000000000000000000 ) ) ;
#795 = CARTESIAN_POINT ( 'NONE',  ( 17.49999999999999645, -1.001000000000008550, 21.89999999999999503 ) ) ;
#796 = ORIENTED_EDGE ( 'NONE', *, *, #229, .F. ) ;
#797 = ADVANCED_FACE ( 'NONE', ( #895 ), #793, .T. ) ;
#798 = ORIENTED_EDGE ( 'NONE', *, *, #968, .F. ) ;
#799 = LINE ( 'NONE', #484, #887 ) ;
#800 = EDGE_CURVE ( 'NONE', #1051, #543, #144, .T. ) ;
#801 = CARTESIAN_POINT ( 'NONE',  ( -11.50000000000000178, 30.73659999999998504, -21.50000000000000000 ) ) ;
#802 = EDGE_LOOP ( 'NONE', ( #612, #1391 ) ) ;
#803 = ORIENTED_EDGE ( 'NONE', *, *, #1162, .T. ) ;
#804 = ADVANCED_FACE ( 'NONE', ( #33, #1019, #910, #1242, #476, #16 ), #247, .T. ) ;
#805 = DIRECTION ( 'NONE',  ( 1.000000000000000000, 0.000000000000000000, 0.000000000000000000 ) ) ;
#806 = CIRCLE ( 'NONE', #1297, 4.099999999999999645 ) ;
#807 = DIRECTION ( 'NONE',  ( -2.040851148208008245E-16, -0.000000000000000000, -1.000000000000000000 ) ) ;
#808 = FACE_OUTER_BOUND ( 'NONE', #1253, .T. ) ;
#809 = VERTEX_POINT ( 'NONE', #1140 ) ;
#810 = CARTESIAN_POINT ( 'NONE',  ( 25.00000000000000000, 34.00000000000000000, -21.50000000000011724 ) ) ;
#811 = CARTESIAN_POINT ( 'NONE',  ( -11.50000000000000178, 30.73659999999998504, -31.50000000000000000 ) ) ;
#812 = EDGE_CURVE ( 'NONE', #915, #1341, #1249, .T. ) ;
#813 = LINE ( 'NONE', #49, #1068 ) ;
#814 = AXIS2_PLACEMENT_3D ( 'NONE', #265, #1016, #704 ) ;
#815 = DIRECTION ( 'NONE',  ( -0.000000000000000000, -0.000000000000000000, 1.000000000000000000 ) ) ;
#816 = ORIENTED_EDGE ( 'NONE', *, *, #739, .F. ) ;
#817 = LINE ( 'NONE', #1057, #947 ) ;
#818 = FACE_OUTER_BOUND ( 'NONE', #1153, .T. ) ;
#819 = AXIS2_PLACEMENT_3D ( 'NONE', #1356, #238, #1008 ) ;
#820 = CARTESIAN_POINT ( 'NONE',  ( 17.50000000000000355, -1.000000000000000000, 18.99999999999999645 ) ) ;
#821 = EDGE_CURVE ( 'NONE', #323, #1320, #680, .T. ) ;
#822 = DIRECTION ( 'NONE',  ( 1.000000000000000000, 0.000000000000000000, 0.000000000000000000 ) ) ;
#823 = ORIENTED_EDGE ( 'NONE', *, *, #1268, .F. ) ;
#824 = ORIENTED_EDGE ( 'NONE', *, *, #28, .F. ) ;
#825 = DIRECTION ( 'NONE',  ( 0.000000000000000000, 1.000000000000000000, 0.000000000000000000 ) ) ;
#826 = DIRECTION ( 'NONE',  ( 0.000000000000000000, 0.000000000000000000, 1.000000000000000000 ) ) ;
#827 = CARTESIAN_POINT ( 'NONE',  ( 23.00000000000000000, 33.99999999999999289, -22.50000000000011724 ) ) ;
#828 = CARTESIAN_POINT ( 'NONE',  ( -17.50000000000000000, -1.000000000000000000, 5.499999999999998224 ) ) ;
#829 = CIRCLE ( 'NONE', #210, 2.000000000000001776 ) ;
#830 = DIRECTION ( 'NONE',  ( -1.000000000000000000, 0.000000000000000000, 0.000000000000000000 ) ) ;
#831 = ORIENTED_EDGE ( 'NONE', *, *, #1122, .F. ) ;
#832 = VECTOR ( 'NONE', #983, 1000.000000000000000 ) ;
#833 = ORIENTED_EDGE ( 'NONE', *, *, #282, .T. ) ;
#834 = VERTEX_POINT ( 'NONE', #134 ) ;
#835 = CARTESIAN_POINT ( 'NONE',  ( 25.00000000000000000, -1.000000000000000000, -22.50000000000000000 ) ) ;
#836 = DIRECTION ( 'NONE',  ( 0.000000000000000000, -1.000000000000000000, 3.469446951953611033E-15 ) ) ;
#837 = DIRECTION ( 'NONE',  ( -1.000000000000000000, 0.000000000000000000, -0.000000000000000000 ) ) ;
#838 = ORIENTED_EDGE ( 'NONE', *, *, #1364, .F. ) ;
#839 = VERTEX_POINT ( 'NONE', #669 ) ;
#840 = DATE_AND_TIME ( #155, #1117 ) ;
#841 = FACE_OUTER_BOUND ( 'NONE', #349, .T. ) ;
#842 = DIRECTION ( 'NONE',  ( 1.000000000000000000, 0.000000000000000000, 0.000000000000000000 ) ) ;
#843 = DIRECTION ( 'NONE',  ( -0.000000000000000000, 0.000000000000000000, 1.000000000000000000 ) ) ;
#844 = EDGE_CURVE ( 'NONE', #1050, #403, #262, .T. ) ;
#845 = DIRECTION ( 'NONE',  ( -0.000000000000000000, 1.000000000000000000, -0.000000000000000000 ) ) ;
#846 = DIRECTION ( 'NONE',  ( -1.000000000000000000, 0.000000000000000000, 0.000000000000000000 ) ) ;
#847 = CARTESIAN_POINT ( 'NONE',  ( 17.50000000000000000, 0.000000000000000000, 5.499999999999998224 ) ) ;
#848 = LINE ( 'NONE', #1276, #56 ) ;
#849 = VECTOR ( 'NONE', #1089, 1000.000000000000000 ) ;
#850 = EDGE_LOOP ( 'NONE', ( #1049, #285, #1041, #276 ) ) ;
#851 = DIRECTION ( 'NONE',  ( -0.000000000000000000, 1.000000000000000000, -0.000000000000000000 ) ) ;
#852 = DIRECTION ( 'NONE',  ( -0.000000000000000000, 1.000000000000000000, -0.000000000000000000 ) ) ;
#853 = VECTOR ( 'NONE', #48, 1000.000000000000000 ) ;
#854 = CARTESIAN_POINT ( 'NONE',  ( -23.00000000000000000, 36.00000000000000000, -22.50000000000012434 ) ) ;
#855 = APPROVAL ( #1172, '未指定' ) ;
#856 = CIRCLE ( 'NONE', #237, 1.549999999999999378 ) ;
#857 = CARTESIAN_POINT ( 'NONE',  ( -11.50000000000000178, 7.736599999999989485, -31.50000000000000000 ) ) ;
#858 = CIRCLE ( 'NONE', #1046, 2.000000000000001776 ) ;
#859 = AXIS2_PLACEMENT_3D ( 'NONE', #1298, #938, #741 ) ;
#860 = ORIENTED_EDGE ( 'NONE', *, *, #864, .T. ) ;
#861 = DIRECTION ( 'NONE',  ( 0.000000000000000000, 0.000000000000000000, 1.000000000000000000 ) ) ;
#862 = DIRECTION ( 'NONE',  ( 0.000000000000000000, -1.000000000000000000, 0.000000000000000000 ) ) ;
#863 = DESIGN_CONTEXT ( 'detailed design', #687, 'design' ) ;
#864 = EDGE_CURVE ( 'NONE', #1154, #1381, #1132, .T. ) ;
#865 = DIRECTION ( 'NONE',  ( 0.000000000000000000, 0.000000000000000000, -1.000000000000000000 ) ) ;
#866 = ORIENTED_EDGE ( 'NONE', *, *, #1312, .F. ) ;
#867 = DIRECTION ( 'NONE',  ( 1.000000000000000000, 0.000000000000000000, -0.000000000000000000 ) ) ;
#868 = DIRECTION ( 'NONE',  ( 0.000000000000000000, 1.000000000000000000, 0.000000000000000000 ) ) ;
#869 = ORIENTED_EDGE ( 'NONE', *, *, #353, .T. ) ;
#870 = CARTESIAN_POINT ( 'NONE',  ( -9.950000000000002842, 7.736599999999989485, -31.50000000000000000 ) ) ;
#871 = EDGE_LOOP ( 'NONE', ( #215, #481, #1335, #579 ) ) ;
#872 = PRODUCT_RELATED_PRODUCT_CATEGORY ( 'detail', '', ( #232 ) ) ;
#873 = AXIS2_PLACEMENT_3D ( 'NONE', #530, #307, #93 ) ;
#874 = VECTOR ( 'NONE', #715, 1000.000000000000000 ) ;
#875 = CARTESIAN_POINT ( 'NONE',  ( 0.000000000000000000, 0.000000000000000000, 0.000000000000000000 ) ) ;
#876 = ORIENTED_EDGE ( 'NONE', *, *, #1170, .F. ) ;
#877 = CARTESIAN_POINT ( 'NONE',  ( -17.50000000000000000, -1.000000000000000000, 5.499999999999998224 ) ) ;
#878 = AXIS2_PLACEMENT_3D ( 'NONE', #175, #1357, #507 ) ;
#879 = ORIENTED_EDGE ( 'NONE', *, *, #1196, .F. ) ;
#880 = AXIS2_PLACEMENT_3D ( 'NONE', #638, #192, #734 ) ;
#881 = VERTEX_POINT ( 'NONE', #468 ) ;
#882 = EDGE_CURVE ( 'NONE', #213, #1040, #124, .T. ) ;
#883 = LINE ( 'NONE', #1342, #100 ) ;
#884 = ORIENTED_EDGE ( 'NONE', *, *, #1013, .T. ) ;
#885 = CARTESIAN_POINT ( 'NONE',  ( 25.00000000000000000, -8.565197162635485029E-15, -20.76340000000000074 ) ) ;
#886 = ORIENTED_EDGE ( 'NONE', *, *, #1181, .T. ) ;
#887 = VECTOR ( 'NONE', #917, 1000.000000000000000 ) ;
#888 = VERTEX_POINT ( 'NONE', #149 ) ;
#889 = DIRECTION ( 'NONE',  ( 0.000000000000000000, 0.000000000000000000, 1.000000000000000000 ) ) ;
#890 = ORIENTED_EDGE ( 'NONE', *, *, #449, .T. ) ;
#891 = DIRECTION ( 'NONE',  ( 1.000000000000000000, 0.000000000000000000, 0.000000000000000000 ) ) ;
#892 = CARTESIAN_POINT ( 'NONE',  ( -11.50000000000000178, 7.736599999999989485, -21.50000000000000000 ) ) ;
#893 = ORIENTED_EDGE ( 'NONE', *, *, #206, .F. ) ;
#894 = ORIENTED_EDGE ( 'NONE', *, *, #1073, .F. ) ;
#895 = FACE_OUTER_BOUND ( 'NONE', #925, .T. ) ;
#896 = CYLINDRICAL_SURFACE ( 'NONE', #273, 1.550000000000000933 ) ;
#897 = VECTOR ( 'NONE', #466, 1000.000000000000000 ) ;
#898 = ADVANCED_FACE ( 'NONE', ( #702 ), #582, .F. ) ;
#899 = LINE ( 'NONE', #135, #538 ) ;
#900 = VERTEX_POINT ( 'NONE', #594 ) ;
#901 = ORIENTED_EDGE ( 'NONE', *, *, #245, .F. ) ;
#902 = DIRECTION ( 'NONE',  ( -0.000000000000000000, -0.000000000000000000, 1.000000000000000000 ) ) ;
#903 = EDGE_CURVE ( 'NONE', #1381, #509, #694, .T. ) ;
#904 = CARTESIAN_POINT ( 'NONE',  ( -25.00000000000000000, -1.000000000000000000, 22.50000000000000000 ) ) ;
#905 = CC_DESIGN_APPROVAL ( #855, ( #400 ) ) ;
#906 = EDGE_CURVE ( 'NONE', #283, #676, #1227, .T. ) ;
#907 = DIRECTION ( 'NONE',  ( 1.000000000000000000, 0.000000000000000000, 0.000000000000000000 ) ) ;
#908 = ORIENTED_EDGE ( 'NONE', *, *, #1122, .T. ) ;
#909 = ORIENTED_EDGE ( 'NONE', *, *, #903, .T. ) ;
#910 = FACE_BOUND ( 'NONE', #586, .T. ) ;
#911 = CARTESIAN_POINT ( 'NONE',  ( -25.00000000000000000, -8.565197162635485029E-15, -20.76340000000000074 ) ) ;
#912 = CARTESIAN_POINT ( 'NONE',  ( -25.00000000000000000, 0.7365999999999919279, -20.76340000000000074 ) ) ;
#913 = ORIENTED_EDGE ( 'NONE', *, *, #1079, .T. ) ;
#914 = EDGE_CURVE ( 'NONE', #980, #834, #799, .T. ) ;
#915 = VERTEX_POINT ( 'NONE', #1365 ) ;
#916 = DATE_AND_TIME ( #1178, #298 ) ;
#917 = DIRECTION ( 'NONE',  ( -0.000000000000000000, 1.000000000000000000, -0.000000000000000000 ) ) ;
#918 = AXIS2_PLACEMENT_3D ( 'NONE', #892, #4, #1214 ) ;
#919 = LINE ( 'NONE', #69, #1368 ) ;
#920 = DIRECTION ( 'NONE',  ( -0.000000000000000000, 6.982962677686266711E-15, -1.000000000000000000 ) ) ;
#921 = AXIS2_PLACEMENT_3D ( 'NONE', #418, #846, #156 ) ;
#922 = ORIENTED_EDGE ( 'NONE', *, *, #87, .T. ) ;
#923 = CIRCLE ( 'NONE', #315, 2.000000000000001776 ) ;
#924 = ADVANCED_FACE ( 'NONE', ( #381 ), #896, .F. ) ;
#925 = EDGE_LOOP ( 'NONE', ( #222, #244, #831, #458 ) ) ;
#926 = CARTESIAN_POINT ( 'NONE',  ( -17.50000000000000000, -1.000000000000000000, 5.499999999999998224 ) ) ;
#927 = DATE_AND_TIME ( #492, #999 ) ;
#928 = CARTESIAN_POINT ( 'NONE',  ( -17.49999999999999645, 0.000000000000000000, 19.00000000000000000 ) ) ;
#929 = VECTOR ( 'NONE', #1174, 1000.000000000000000 ) ;
#930 = CARTESIAN_POINT ( 'NONE',  ( 25.00000000000000000, 0.7366000000000039183, -22.50000000000000355 ) ) ;
#931 = AXIS2_PLACEMENT_3D ( 'NONE', #1144, #152, #1026 ) ;
#932 = CARTESIAN_POINT ( 'NONE',  ( 4.099999999999999645, 19.23659999999999570, -31.50000000000000000 ) ) ;
#933 = ORIENTED_EDGE ( 'NONE', *, *, #1329, .F. ) ;
#934 = CARTESIAN_POINT ( 'NONE',  ( -17.50000000000000000, 0.000000000000000000, -11.50000000000000355 ) ) ;
#935 = CARTESIAN_POINT ( 'NONE',  ( 17.50000000000000000, -1.001000000000008550, -9.900000000000003908 ) ) ;
#936 = CARTESIAN_POINT ( 'NONE',  ( 17.49999999999999645, -1.001000000000008550, 16.09999999999999787 ) ) ;
#937 = EDGE_CURVE ( 'NONE', #1147, #984, #1077, .T. ) ;
#938 = DIRECTION ( 'NONE',  ( 0.000000000000000000, 3.469446951953613794E-15, 1.000000000000000000 ) ) ;
#939 = CIRCLE ( 'NONE', #70, 1.600000000000002531 ) ;
#940 = ORIENTED_EDGE ( 'NONE', *, *, #903, .F. ) ;
#941 = EDGE_LOOP ( 'NONE', ( #948, #823, #792, #1114 ) ) ;
#942 = ORIENTED_EDGE ( 'NONE', *, *, #800, .T. ) ;
#943 = CARTESIAN_POINT ( 'NONE',  ( -17.50000000000000000, -1.000000000000000000, 5.499999999999998224 ) ) ;
#944 = DIRECTION ( 'NONE',  ( -0.000000000000000000, -3.469446951953613794E-15, -1.000000000000000000 ) ) ;
#945 = AXIS2_PLACEMENT_3D ( 'NONE', #1290, #304, #407 ) ;
#946 = DIRECTION ( 'NONE',  ( -0.000000000000000000, 0.000000000000000000, 1.000000000000000000 ) ) ;
#947 = VECTOR ( 'NONE', #379, 1000.000000000000000 ) ;
#948 = ORIENTED_EDGE ( 'NONE', *, *, #954, .F. ) ;
#949 = CARTESIAN_POINT ( 'NONE',  ( -25.00000000000000000, -1.000000000000008660, -20.76340000000000074 ) ) ;
#950 = CALENDAR_DATE ( 2022, 21, 12 ) ;
#951 = AXIS2_PLACEMENT_3D ( 'NONE', #1134, #1395, #477 ) ;
#952 = CARTESIAN_POINT ( 'NONE',  ( 11.50000000000000178, 30.73659999999998504, -31.50000000000000000 ) ) ;
#953 = CARTESIAN_POINT ( 'NONE',  ( -4.099999999999999645, 19.23659999999999570, -21.50000000000000000 ) ) ;
#954 = EDGE_CURVE ( 'NONE', #177, #455, #472, .T. ) ;
#955 = DIRECTION ( 'NONE',  ( -0.000000000000000000, -3.491481338843133355E-15, -1.000000000000000000 ) ) ;
#956 = ADVANCED_FACE ( 'NONE', ( #1351 ), #1038, .T. ) ;
#957 = DIRECTION ( 'NONE',  ( 0.000000000000000000, -1.000000000000000000, 3.384826294588892334E-15 ) ) ;
#958 = CYLINDRICAL_SURFACE ( 'NONE', #973, 1.550000000000000933 ) ;
#959 = CARTESIAN_POINT ( 'NONE',  ( -17.49999999999999645, 0.000000000000000000, 16.10000000000000142 ) ) ;
#960 = AXIS2_PLACEMENT_3D ( 'NONE', #801, #488, #907 ) ;
#961 = CARTESIAN_POINT ( 'NONE',  ( -11.50000000000000178, 30.73659999999998504, -21.50000000000000000 ) ) ;
#962 = DIRECTION ( 'NONE',  ( -0.000000000000000000, 1.000000000000000000, -0.000000000000000000 ) ) ;
#963 = DIRECTION ( 'NONE',  ( -0.000000000000000000, 1.000000000000000000, -0.000000000000000000 ) ) ;
#964 = FACE_BOUND ( 'NONE', #231, .T. ) ;
#965 = CYLINDRICAL_SURFACE ( 'NONE', #1130, 1.549999999999999378 ) ;
#966 = VECTOR ( 'NONE', #770, 1000.000000000000000 ) ;
#967 = ORIENTED_EDGE ( 'NONE', *, *, #493, .T. ) ;
#968 = EDGE_CURVE ( 'NONE', #475, #1316, #1151, .T. ) ;
#969 = AXIS2_PLACEMENT_3D ( 'NONE', #1303, #862, #325 ) ;
#970 = CARTESIAN_POINT ( 'NONE',  ( 0.000000000000000000, -1.001000000000008550, 1.600000000000000089 ) ) ;
#971 = CARTESIAN_POINT ( 'NONE',  ( 11.50000000000000178, 7.736599999999989485, -22.50000000000002842 ) ) ;
#972 = EDGE_CURVE ( 'NONE', #139, #1154, #691, .T. ) ;
#973 = AXIS2_PLACEMENT_3D ( 'NONE', #952, #709, #505 ) ;
#974 = CARTESIAN_POINT ( 'NONE',  ( 0.000000000000000000, -8.155403775779943998E-14, -22.50000000000000000 ) ) ;
#975 = DIRECTION ( 'NONE',  ( 0.000000000000000000, 0.000000000000000000, -1.000000000000000000 ) ) ;
#976 = EDGE_LOOP ( 'NONE', ( #1209, #501, #940, #1427, #869, #371, #344, #116, #1325, #1245, #777, #1116, #607, #259 ) ) ;
#977 = CARTESIAN_POINT ( 'NONE',  ( 0.000000000000000000, 36.00000000000000000, -22.50000000000012434 ) ) ;
#978 = CC_DESIGN_APPROVAL ( #1133, ( #705 ) ) ;
#979 = CARTESIAN_POINT ( 'NONE',  ( 17.49999999999999645, 0.000000000000000000, 22.50000000000000000 ) ) ;
#980 = VERTEX_POINT ( 'NONE', #473 ) ;
#981 = LINE ( 'NONE', #107, #309 ) ;
#982 = VERTEX_POINT ( 'NONE', #1160 ) ;
#983 = DIRECTION ( 'NONE',  ( -0.000000000000000000, 1.000000000000000000, -3.469446951953613794E-15 ) ) ;
#984 = VERTEX_POINT ( 'NONE', #250 ) ;
#985 = DIRECTION ( 'NONE',  ( 0.000000000000000000, 3.469446951953613794E-15, 1.000000000000000000 ) ) ;
#986 = EDGE_CURVE ( 'NONE', #1002, #1264, #345, .T. ) ;
#987 = ORIENTED_EDGE ( 'NONE', *, *, #1404, .T. ) ;
#988 = VECTOR ( 'NONE', #695, 1000.000000000000000 ) ;
#989 = FACE_BOUND ( 'NONE', #32, .T. ) ;
#990 = ORIENTED_EDGE ( 'NONE', *, *, #1099, .F. ) ;
#991 = AXIS2_PLACEMENT_3D ( 'NONE', #1179, #1384, #398 ) ;
#992 = DIRECTION ( 'NONE',  ( 0.000000000000000000, 0.000000000000000000, 1.000000000000000000 ) ) ;
#993 = EDGE_CURVE ( 'NONE', #72, #111, #604, .T. ) ;
#994 = ORIENTED_EDGE ( 'NONE', *, *, #362, .T. ) ;
#995 = AXIS2_PLACEMENT_3D ( 'NONE', #314, #420, #429 ) ;
#996 = ORIENTED_EDGE ( 'NONE', *, *, #1302, .F. ) ;
#997 = LINE ( 'NONE', #457, #788 ) ;
#998 = ORIENTED_EDGE ( 'NONE', *, *, #993, .F. ) ;
#999 = LOCAL_TIME ( 14, 49, 4.000000000000000000, #1282 ) ;
#1000 = CARTESIAN_POINT ( 'NONE',  ( 0.000000000000000000, 19.23659999999999570, -31.50000000000000000 ) ) ;
#1001 = CARTESIAN_POINT ( 'NONE',  ( 0.000000000000000000, 0.000000000000000000, 0.000000000000000000 ) ) ;
#1002 = VERTEX_POINT ( 'NONE', #363 ) ;
#1003 = VECTOR ( 'NONE', #1024, 1000.000000000000000 ) ;
#1004 = ORIENTED_EDGE ( 'NONE', *, *, #487, .F. ) ;
#1005 = FACE_BOUND ( 'NONE', #1348, .T. ) ;
#1006 = ORIENTED_EDGE ( 'NONE', *, *, #282, .F. ) ;
#1007 = CC_DESIGN_DATE_AND_TIME_ASSIGNMENT ( #916, #1374, ( #1168 ) ) ;
#1008 = DIRECTION ( 'NONE',  ( 0.000000000000000000, -1.000000000000000000, 3.469446951953613794E-15 ) ) ;
#1009 = EDGE_LOOP ( 'NONE', ( #570, #223, #526, #171 ) ) ;
#1010 = MANIFOLD_SOLID_BREP ( '圆角2', #1131 ) ;
#1011 = ORIENTED_EDGE ( 'NONE', *, *, #701, .F. ) ;
#1012 = VECTOR ( 'NONE', #270, 1000.000000000000000 ) ;
#1013 = EDGE_CURVE ( 'NONE', #509, #839, #1137, .T. ) ;
#1014 = CARTESIAN_POINT ( 'NONE',  ( -11.50000000000000178, 7.736599999999989485, -21.50000000000000000 ) ) ;
#1015 = DIRECTION ( 'NONE',  ( 1.000000000000000000, 0.000000000000000000, 0.000000000000000000 ) ) ;
#1016 = DIRECTION ( 'NONE',  ( 0.000000000000000000, -1.000000000000000000, 3.491481338843133355E-15 ) ) ;
#1017 = ORIENTED_EDGE ( 'NONE', *, *, #906, .T. ) ;
#1018 = ORIENTED_EDGE ( 'NONE', *, *, #763, .F. ) ;
#1019 = FACE_BOUND ( 'NONE', #574, .T. ) ;
#1020 = LINE ( 'NONE', #1284, #523 ) ;
#1021 = LINE ( 'NONE', #720, #1113 ) ;
#1022 = ORIENTED_EDGE ( 'NONE', *, *, #13, .T. ) ;
#1023 = CARTESIAN_POINT ( 'NONE',  ( 0.000000000000000000, -1.001000000000008550, 0.000000000000000000 ) ) ;
#1024 = DIRECTION ( 'NONE',  ( -0.000000000000000000, -0.000000000000000000, 1.000000000000000000 ) ) ;
#1025 = FACE_OUTER_BOUND ( 'NONE', #871, .T. ) ;
#1026 = DIRECTION ( 'NONE',  ( 0.000000000000000000, 0.000000000000000000, -1.000000000000000000 ) ) ;
#1027 = EDGE_CURVE ( 'NONE', #1332, #233, #1306, .T. ) ;
#1028 = ORIENTED_EDGE ( 'NONE', *, *, #1231, .T. ) ;
#1029 = EDGE_CURVE ( 'NONE', #316, #1056, #1021, .T. ) ;
#1030 = ORIENTED_EDGE ( 'NONE', *, *, #425, .F. ) ;
#1031 = DIRECTION ( 'NONE',  ( -0.000000000000000000, 1.000000000000000000, -0.000000000000000000 ) ) ;
#1032 = PERSON_AND_ORGANIZATION ( #1139, #333 ) ;
#1033 = DIRECTION ( 'NONE',  ( -0.000000000000000000, -3.469446951953613794E-15, -1.000000000000000000 ) ) ;
#1034 = VECTOR ( 'NONE', #1109, 1000.000000000000000 ) ;
#1035 = DIRECTION ( 'NONE',  ( 0.000000000000000000, 0.000000000000000000, -1.000000000000000000 ) ) ;
#1036 = CIRCLE ( 'NONE', #26, 1.600000000000002531 ) ;
#1037 = ADVANCED_FACE ( 'NONE', ( #1369 ), #170, .T. ) ;
#1038 = CYLINDRICAL_SURFACE ( 'NONE', #776, 1.736600000000001254 ) ;
#1039 = AXIS2_PLACEMENT_3D ( 'NONE', #188, #165, #61 ) ;
#1040 = VERTEX_POINT ( 'NONE', #53 ) ;
#1041 = ORIENTED_EDGE ( 'NONE', *, *, #739, .T. ) ;
#1042 = DIRECTION ( 'NONE',  ( -0.000000000000000000, 1.000000000000000000, -0.000000000000000000 ) ) ;
#1043 = PERSON_AND_ORGANIZATION ( #1139, #333 ) ;
#1044 = ADVANCED_FACE ( 'NONE', ( #147 ), #479, .F. ) ;
#1045 = LINE ( 'NONE', #521, #853 ) ;
#1046 = AXIS2_PLACEMENT_3D ( 'NONE', #1402, #98, #623 ) ;
#1047 = FACE_OUTER_BOUND ( 'NONE', #1009, .T. ) ;
#1048 = CARTESIAN_POINT ( 'NONE',  ( 23.00000000000000000, 33.99999999999999289, -22.50000000000011724 ) ) ;
#1049 = ORIENTED_EDGE ( 'NONE', *, *, #272, .F. ) ;
#1050 = VERTEX_POINT ( 'NONE', #375 ) ;
#1051 = VERTEX_POINT ( 'NONE', #611 ) ;
#1052 = DIRECTION ( 'NONE',  ( 0.000000000000000000, 0.000000000000000000, -1.000000000000000000 ) ) ;
#1053 = ADVANCED_FACE ( 'NONE', ( #808 ), #499, .T. ) ;
#1054 = FACE_OUTER_BOUND ( 'NONE', #132, .T. ) ;
#1055 = DIRECTION ( 'NONE',  ( -1.000000000000000000, 0.000000000000000000, -2.040851148208008245E-16 ) ) ;
#1056 = VERTEX_POINT ( 'NONE', #1252 ) ;
#1057 = CARTESIAN_POINT ( 'NONE',  ( 17.50000000000000000, 0.000000000000000000, 5.499999999999998224 ) ) ;
#1058 = PERSON_AND_ORGANIZATION ( #1139, #333 ) ;
#1059 = ADVANCED_FACE ( 'NONE', ( #1126 ), #138, .F. ) ;
#1060 = CARTESIAN_POINT ( 'NONE',  ( 11.50000000000000178, 30.73659999999998504, -22.50000000000010303 ) ) ;
#1061 = DIRECTION ( 'NONE',  ( 0.000000000000000000, 3.469446951953613794E-15, 1.000000000000000000 ) ) ;
#1062 = ADVANCED_FACE ( 'NONE', ( #584 ), #1269, .F. ) ;
#1063 = CIRCLE ( 'NONE', #918, 1.549999999999999378 ) ;
#1064 = DIRECTION ( 'NONE',  ( 1.000000000000000000, 0.000000000000000000, 0.000000000000000000 ) ) ;
#1065 = AXIS2_PLACEMENT_3D ( 'NONE', #934, #825, #1272 ) ;
#1066 = EDGE_LOOP ( 'NONE', ( #614, #1372 ) ) ;
#1067 = DIRECTION ( 'NONE',  ( 0.000000000000000000, 0.000000000000000000, -1.000000000000000000 ) ) ;
#1068 = VECTOR ( 'NONE', #41, 1000.000000000000000 ) ;
#1069 = LINE ( 'NONE', #528, #167 ) ;
#1070 = DIRECTION ( 'NONE',  ( -0.000000000000000000, 3.491481338843133355E-15, 1.000000000000000000 ) ) ;
#1071 = AXIS2_PLACEMENT_3D ( 'NONE', #393, #815, #822 ) ;
#1072 = DIRECTION ( 'NONE',  ( -0.000000000000000000, -0.000000000000000000, 1.000000000000000000 ) ) ;
#1073 = EDGE_CURVE ( 'NONE', #676, #1198, #1371, .T. ) ;
#1074 = DIRECTION ( 'NONE',  ( -0.000000000000000000, 1.000000000000000000, -0.000000000000000000 ) ) ;
#1075 = DIRECTION ( 'NONE',  ( -0.000000000000000000, -0.000000000000000000, 1.000000000000000000 ) ) ;
#1076 = CARTESIAN_POINT ( 'NONE',  ( 25.00000000000000000, 0.7365999999999970349, -21.50000000000000000 ) ) ;
#1077 = CIRCLE ( 'NONE', #1195, 1.549999999999999378 ) ;
#1078 = CARTESIAN_POINT ( 'NONE',  ( 17.50000000000000000, 0.000000000000000000, -9.900000000000003908 ) ) ;
#1079 = EDGE_CURVE ( 'NONE', #139, #1234, #126, .T. ) ;
#1080 = ORIENTED_EDGE ( 'NONE', *, *, #198, .F. ) ;
#1081 = FACE_OUTER_BOUND ( 'NONE', #1223, .T. ) ;
#1082 = CARTESIAN_POINT ( 'NONE',  ( 13.05000000000000249, 30.73659999999998504, -21.50000000000000000 ) ) ;
#1083 = DIRECTION ( 'NONE',  ( -0.000000000000000000, 1.000000000000000000, -0.000000000000000000 ) ) ;
#1084 = PLANE ( 'NONE',  #117 ) ;
#1085 = VERTEX_POINT ( 'NONE', #632 ) ;
#1086 = AXIS2_PLACEMENT_3D ( 'NONE', #330, #768, #350 ) ;
#1087 = DIRECTION ( 'NONE',  ( 0.000000000000000000, 1.000000000000000000, 0.000000000000000000 ) ) ;
#1088 = DIRECTION ( 'NONE',  ( 0.000000000000000000, 1.000000000000000000, 0.000000000000000000 ) ) ;
#1089 = DIRECTION ( 'NONE',  ( -0.000000000000000000, 1.000000000000000000, -0.000000000000000000 ) ) ;
#1090 = ORIENTED_EDGE ( 'NONE', *, *, #1277, .T. ) ;
#1091 = APPROVAL_PERSON_ORGANIZATION ( #406, #1133, #600 ) ;
#1092 = DIRECTION ( 'NONE',  ( 1.000000000000000000, 0.000000000000000000, 0.000000000000000000 ) ) ;
#1093 = VERTEX_POINT ( 'NONE', #88 ) ;
#1094 = DIRECTION ( 'NONE',  ( -0.000000000000000000, 0.000000000000000000, 1.000000000000000000 ) ) ;
#1095 = ORIENTED_EDGE ( 'NONE', *, *, #6, .T. ) ;
#1096 = DIRECTION ( 'NONE',  ( 0.000000000000000000, -1.000000000000000000, 0.000000000000000000 ) ) ;
#1097 = ORIENTED_EDGE ( 'NONE', *, *, #205, .F. ) ;
#1098 = DIRECTION ( 'NONE',  ( 0.000000000000000000, 0.000000000000000000, 1.000000000000000000 ) ) ;
#1099 = EDGE_CURVE ( 'NONE', #1332, #1264, #1416, .T. ) ;
#1100 = EDGE_LOOP ( 'NONE', ( #1110, #779, #1370, #130 ) ) ;
#1101 = AXIS2_PLACEMENT_3D ( 'NONE', #1208, #1094, #216 ) ;
#1102 = ORIENTED_EDGE ( 'NONE', *, *, #1383, .F. ) ;
#1103 = PLANE ( 'NONE',  #1343 ) ;
#1104 = ORIENTED_EDGE ( 'NONE', *, *, #263, .F. ) ;
#1105 = PRODUCT_DEFINITION_SHAPE ( 'NONE', 'NONE',  #400 ) ;
#1106 = CARTESIAN_POINT ( 'NONE',  ( 17.50000000000000000, -1.001000000000008550, -13.10000000000000853 ) ) ;
#1107 = VECTOR ( 'NONE', #1200, 1000.000000000000000 ) ;
#1108 = VECTOR ( 'NONE', #391, 1000.000000000000000 ) ;
#1109 = DIRECTION ( 'NONE',  ( -0.000000000000000000, -0.000000000000000000, 1.000000000000000000 ) ) ;
#1110 = ORIENTED_EDGE ( 'NONE', *, *, #249, .F. ) ;
#1111 = EDGE_CURVE ( 'NONE', #728, #1418, #848, .T. ) ;
#1112 = VECTOR ( 'NONE', #183, 1000.000000000000000 ) ;
#1113 = VECTOR ( 'NONE', #920, 1000.000000000000000 ) ;
#1114 = ORIENTED_EDGE ( 'NONE', *, *, #735, .T. ) ;
#1115 = LINE ( 'NONE', #129, #897 ) ;
#1116 = ORIENTED_EDGE ( 'NONE', *, *, #553, .T. ) ;
#1117 = LOCAL_TIME ( 14, 49, 4.000000000000000000, #294 ) ;
#1118 = DIRECTION ( 'NONE',  ( 0.000000000000000000, -1.000000000000000000, -0.000000000000000000 ) ) ;
#1119 = DIRECTION ( 'NONE',  ( 0.000000000000000000, 0.000000000000000000, -1.000000000000000000 ) ) ;
#1120 = ORIENTED_EDGE ( 'NONE', *, *, #554, .T. ) ;
#1121 = VERTEX_POINT ( 'NONE', #1183 ) ;
#1122 = EDGE_CURVE ( 'NONE', #1171, #217, #10, .T. ) ;
#1123 = DIRECTION ( 'NONE',  ( 0.000000000000000000, -3.491481338843133355E-15, -1.000000000000000000 ) ) ;
#1124 = DIRECTION ( 'NONE',  ( -0.000000000000000000, -0.000000000000000000, 1.000000000000000000 ) ) ;
#1125 = DIRECTION ( 'NONE',  ( 0.000000000000000000, -1.000000000000000000, 0.000000000000000000 ) ) ;
#1126 = FACE_OUTER_BOUND ( 'NONE', #565, .T. ) ;
#1127 = VERTEX_POINT ( 'NONE', #204 ) ;
#1128 = EDGE_LOOP ( 'NONE', ( #512, #1226, #2, #251 ) ) ;
#1129 = AXIS2_PLACEMENT_3D ( 'NONE', #415, #1296, #277 ) ;
#1130 = AXIS2_PLACEMENT_3D ( 'NONE', #857, #322, #184 ) ;
#1131 = CLOSED_SHELL ( 'NONE', ( #44, #631, #647, #1059, #1189, #356, #220, #1044, #531, #254, #1210, #757, #613, #1037, #1213, #159, #513, #1152, #744, #1431, #547, #956, #576, #1219, #337, #392, #804, #1062, #924, #525, #226, #671, #898, #386, #105, #119, #675, #35, #1053, #797, #142, #1241 ) ) ;
#1132 = LINE ( 'NONE', #372, #639 ) ;
#1133 = APPROVAL ( #397, '未指定' ) ;
#1134 = CARTESIAN_POINT ( 'NONE',  ( 11.50000000000000178, 30.73659999999998504, -31.50000000000000000 ) ) ;
#1135 = PLANE ( 'NONE',  #1202 ) ;
#1136 = AXIS2_PLACEMENT_3D ( 'NONE', #1150, #408, #1035 ) ;
#1137 = LINE ( 'NONE', #596, #1275 ) ;
#1138 = ORIENTED_EDGE ( 'NONE', *, *, #1383, .T. ) ;
#1139 = PERSON ( '未指定', '未指定', '未指定', ('未指定'), ('未指定'), ('未指定') ) ;
#1140 = CARTESIAN_POINT ( 'NONE',  ( -17.49999999999999645, 0.000000000000000000, 21.89999999999999858 ) ) ;
#1141 = CARTESIAN_POINT ( 'NONE',  ( -25.00000000000000000, -1.000000000000000000, 20.49999999999998224 ) ) ;
#1142 = EDGE_CURVE ( 'NONE', #450, #31, #1388, .T. ) ;
#1143 = EDGE_CURVE ( 'NONE', #1050, #72, #194, .T. ) ;
#1144 = CARTESIAN_POINT ( 'NONE',  ( 17.50000000000000355, 0.000000000000000000, 18.99999999999999645 ) ) ;
#1145 = ORIENTED_EDGE ( 'NONE', *, *, #87, .F. ) ;
#1146 = VECTOR ( 'NONE', #383, 1000.000000000000000 ) ;
#1147 = VERTEX_POINT ( 'NONE', #80 ) ;
#1148 = APPLICATION_PROTOCOL_DEFINITION ( 'international standard', 'config_control_design', 1994, #243 ) ;
#1149 = CYLINDRICAL_SURFACE ( 'NONE', #921, 0.7366000000000004766 ) ;
#1150 = CARTESIAN_POINT ( 'NONE',  ( 0.000000000000000000, -1.000000000000000000, 0.000000000000000000 ) ) ;
#1151 = LINE ( 'NONE', #932, #1406 ) ;
#1152 = ADVANCED_FACE ( 'NONE', ( #197 ), #289, .T. ) ;
#1153 = EDGE_LOOP ( 'NONE', ( #729, #394, #1017, #1339 ) ) ;
#1154 = VERTEX_POINT ( 'NONE', #750 ) ;
#1155 = VERTEX_POINT ( 'NONE', #1078 ) ;
#1156 = CARTESIAN_POINT ( 'NONE',  ( 4.099999999999999645, 19.23659999999999570, -22.50000000000006395 ) ) ;
#1157 = AXIS2_PLACEMENT_3D ( 'NONE', #689, #469, #478 ) ;
#1158 = DIRECTION ( 'NONE',  ( 0.000000000000000000, -1.000000000000000000, 4.476705744456278510E-15 ) ) ;
#1159 = CIRCLE ( 'NONE', #969, 2.000000000000001776 ) ;
#1160 = CARTESIAN_POINT ( 'NONE',  ( -17.50000000000000000, 0.000000000000000000, 5.499999999999998224 ) ) ;
#1161 = ORIENTED_EDGE ( 'NONE', *, *, #459, .F. ) ;
#1162 = EDGE_CURVE ( 'NONE', #1270, #1085, #727, .T. ) ;
#1163 = CARTESIAN_POINT ( 'NONE',  ( 1.959434878635765230E-16, 0.000000000000000000, -1.600000000000000089 ) ) ;
#1164 = PERSON_AND_ORGANIZATION ( #1139, #333 ) ;
#1165 = FACE_OUTER_BOUND ( 'NONE', #37, .T. ) ;
#1166 = DIRECTION ( 'NONE',  ( -0.000000000000000000, -0.000000000000000000, 1.000000000000000000 ) ) ;
#1167 = FACE_OUTER_BOUND ( 'NONE', #1207, .T. ) ;
#1168 = SECURITY_CLASSIFICATION ( '', '', #303 ) ;
#1169 = ORIENTED_EDGE ( 'NONE', *, *, #1336, .F. ) ;
#1170 = EDGE_CURVE ( 'NONE', #403, #111, #384, .T. ) ;
#1171 = VERTEX_POINT ( 'NONE', #1190 ) ;
#1172 = APPROVAL_STATUS ( 'not_yet_approved' ) ;
#1173 = DIRECTION ( 'NONE',  ( -2.040851148208008245E-16, 0.000000000000000000, 1.000000000000000000 ) ) ;
#1174 = DIRECTION ( 'NONE',  ( -1.000000000000000000, 0.000000000000000000, 0.000000000000000000 ) ) ;
#1175 = FACE_OUTER_BOUND ( 'NONE', #1176, .T. ) ;
#1176 = EDGE_LOOP ( 'NONE', ( #893, #1262, #1090, #1169 ) ) ;
#1177 = FACE_OUTER_BOUND ( 'NONE', #456, .T. ) ;
#1178 = CALENDAR_DATE ( 2022, 21, 12 ) ;
#1179 = CARTESIAN_POINT ( 'NONE',  ( -25.00000000000000000, 0.7365999999999919279, -20.76340000000000074 ) ) ;
#1180 = DIRECTION ( 'NONE',  ( 0.000000000000000000, 0.000000000000000000, 1.000000000000000000 ) ) ;
#1181 = EDGE_CURVE ( 'NONE', #1264, #1002, #1317, .T. ) ;
#1182 = AXIS2_PLACEMENT_3D ( 'NONE', #774, #663, #1119 ) ;
#1183 = CARTESIAN_POINT ( 'NONE',  ( 0.000000000000000000, 0.000000000000000000, 1.600000000000000089 ) ) ;
#1184 = VECTOR ( 'NONE', #629, 1000.000000000000000 ) ;
#1185 = CYLINDRICAL_SURFACE ( 'NONE', #510, 1.600000000000002531 ) ;
#1186 = AXIS2_PLACEMENT_3D ( 'NONE', #1250, #264, #1158 ) ;
#1187 = DIRECTION ( 'NONE',  ( -2.040851148208008245E-16, 0.000000000000000000, 1.000000000000000000 ) ) ;
#1188 = CYLINDRICAL_SURFACE ( 'NONE', #1233, 2.899999999999999911 ) ;
#1189 = ADVANCED_FACE ( 'NONE', ( #1175 ), #965, .F. ) ;
#1190 = CARTESIAN_POINT ( 'NONE',  ( -23.00000000000000000, 36.00000000000000711, -21.50000000000012434 ) ) ;
#1191 = ORIENTED_EDGE ( 'NONE', *, *, #480, .T. ) ;
#1192 = CARTESIAN_POINT ( 'NONE',  ( 13.05000000000000071, 7.736599999999989485, -21.50000000000000000 ) ) ;
#1193 = CARTESIAN_POINT ( 'NONE',  ( 17.49999999999999645, -1.000000000000000000, 16.09999999999999787 ) ) ;
#1194 = FACE_BOUND ( 'NONE', #141, .T. ) ;
#1195 = AXIS2_PLACEMENT_3D ( 'NONE', #1014, #1337, #787 ) ;
#1196 = EDGE_CURVE ( 'NONE', #1198, #676, #518, .T. ) ;
#1197 = CARTESIAN_POINT ( 'NONE',  ( 9.950000000000001066, 30.73659999999998504, -22.50000000000010303 ) ) ;
#1198 = VERTEX_POINT ( 'NONE', #756 ) ;
#1199 = CARTESIAN_POINT ( 'NONE',  ( -4.099999999999999645, 19.23659999999999570, -22.50000000000006395 ) ) ;
#1200 = DIRECTION ( 'NONE',  ( -2.040851148208008245E-16, -0.000000000000000000, -1.000000000000000000 ) ) ;
#1201 = AXIS2_PLACEMENT_3D ( 'NONE', #928, #1394, #609 ) ;
#1202 = AXIS2_PLACEMENT_3D ( 'NONE', #248, #1243, #583 ) ;
#1203 = LINE ( 'NONE', #885, #161 ) ;
#1204 = AXIS2_PLACEMENT_3D ( 'NONE', #59, #482, #491 ) ;
#1205 = VERTEX_POINT ( 'NONE', #1197 ) ;
#1206 = CYLINDRICAL_SURFACE ( 'NONE', #234, 1.600000000000002531 ) ;
#1207 = EDGE_LOOP ( 'NONE', ( #833, #101, #775, #219 ) ) ;
#1208 = CARTESIAN_POINT ( 'NONE',  ( 0.000000000000000000, 19.23659999999999570, -21.50000000000000000 ) ) ;
#1209 = ORIENTED_EDGE ( 'NONE', *, *, #493, .F. ) ;
#1210 = ADVANCED_FACE ( 'NONE', ( #644 ), #1084, .T. ) ;
#1211 = FACE_OUTER_BOUND ( 'NONE', #348, .T. ) ;
#1212 = EDGE_LOOP ( 'NONE', ( #990, #1216, #267, #148 ) ) ;
#1213 = ADVANCED_FACE ( 'NONE', ( #1167 ), #176, .T. ) ;
#1214 = DIRECTION ( 'NONE',  ( 1.000000000000000000, 0.000000000000000000, 0.000000000000000000 ) ) ;
#1215 = ORIENTED_EDGE ( 'NONE', *, *, #57, .T. ) ;
#1216 = ORIENTED_EDGE ( 'NONE', *, *, #378, .F. ) ;
#1217 = DIRECTION ( 'NONE',  ( 1.000000000000000000, 0.000000000000000000, 0.000000000000000000 ) ) ;
#1218 = ORIENTED_EDGE ( 'NONE', *, *, #459, .T. ) ;
#1219 = ADVANCED_FACE ( 'NONE', ( #1396 ), #409, .F. ) ;
#1220 = CARTESIAN_POINT ( 'NONE',  ( 25.00000000000000000, 0.7365999999999919279, -20.76340000000000074 ) ) ;
#1221 = ORIENTED_EDGE ( 'NONE', *, *, #763, .T. ) ;
#1222 = AXIS2_PLACEMENT_3D ( 'NONE', #1286, #1292, #865 ) ;
#1223 = EDGE_LOOP ( 'NONE', ( #1011, #683, #866, #440 ) ) ;
#1224 = CARTESIAN_POINT ( 'NONE',  ( 25.00000000000000000, 0.7365999999999919279, -20.76340000000000074 ) ) ;
#1225 = CIRCLE ( 'NONE', #212, 1.549999999999999378 ) ;
#1226 = ORIENTED_EDGE ( 'NONE', *, *, #685, .F. ) ;
#1227 = LINE ( 'NONE', #352, #1003 ) ;
#1228 = AXIS2_PLACEMENT_3D ( 'NONE', #320, #963, #310 ) ;
#1229 = CARTESIAN_POINT ( 'NONE',  ( 0.000000000000000000, -1.000000000000000000, 0.000000000000000000 ) ) ;
#1230 = AXIS2_PLACEMENT_3D ( 'NONE', #646, #1087, #102 ) ;
#1231 = EDGE_CURVE ( 'NONE', #1155, #1341, #3, .T. ) ;
#1232 = ORIENTED_EDGE ( 'NONE', *, *, #780, .T. ) ;
#1233 = AXIS2_PLACEMENT_3D ( 'NONE', #1304, #1083, #1180 ) ;
#1234 = VERTEX_POINT ( 'NONE', #355 ) ;
#1235 = FACE_OUTER_BOUND ( 'NONE', #976, .T. ) ;
#1236 = CARTESIAN_POINT ( 'NONE',  ( -4.099999999999999645, 19.23659999999999570, -31.50000000000000000 ) ) ;
#1237 = CARTESIAN_POINT ( 'NONE',  ( -17.50000000000000000, 0.000000000000000000, -9.900000000000000355 ) ) ;
#1238 = DIRECTION ( 'NONE',  ( 1.000000000000000000, 0.000000000000000000, 0.000000000000000000 ) ) ;
#1239 = ORIENTED_EDGE ( 'NONE', *, *, #1277, .F. ) ;
#1240 = VERTEX_POINT ( 'NONE', #781 ) ;
#1241 = ADVANCED_FACE ( 'NONE', ( #221 ), #436, .T. ) ;
#1242 = FACE_BOUND ( 'NONE', #1354, .T. ) ;
#1243 = DIRECTION ( 'NONE',  ( 1.000000000000000000, 0.000000000000000000, -0.000000000000000000 ) ) ;
#1244 = CARTESIAN_POINT ( 'NONE',  ( -11.50000000000000178, 30.73659999999998504, -22.50000000000010303 ) ) ;
#1245 = ORIENTED_EDGE ( 'NONE', *, *, #589, .F. ) ;
#1246 = ORIENTED_EDGE ( 'NONE', *, *, #790, .T. ) ;
#1247 = EDGE_CURVE ( 'NONE', #22, #1121, #257, .T. ) ;
#1248 = CIRCLE ( 'NONE', #767, 2.000000000000001776 ) ;
#1249 = LINE ( 'NONE', #1106, #575 ) ;
#1250 = CARTESIAN_POINT ( 'NONE',  ( 11.50000000000000178, 30.73659999999998504, -22.50000000000010303 ) ) ;
#1251 = AXIS2_PLACEMENT_3D ( 'NONE', #711, #1166, #485 ) ;
#1252 = CARTESIAN_POINT ( 'NONE',  ( -25.00000000000000000, 0.7366000000000039183, -22.50000000000000355 ) ) ;
#1253 = EDGE_LOOP ( 'NONE', ( #659, #43, #1313, #163 ) ) ;
#1254 = EDGE_CURVE ( 'NONE', #1328, #900, #1361, .T. ) ;
#1255 = AXIS2_PLACEMENT_3D ( 'NONE', #1359, #713, #1238 ) ;
#1256 = CARTESIAN_POINT ( 'NONE',  ( 0.000000000000000000, -1.001000000000008550, 0.000000000000000000 ) ) ;
#1257 = DIRECTION ( 'NONE',  ( 1.000000000000000000, 0.000000000000000000, 0.000000000000000000 ) ) ;
#1258 = UNCERTAINTY_MEASURE_WITH_UNIT (LENGTH_MEASURE( 1.000000000000000082E-05 ), #146, 'distance_accuracy_value', 'NONE');
#1259 = CARTESIAN_POINT ( 'NONE',  ( -25.00000000000000000, 0.000000000000000000, 22.50000000000000000 ) ) ;
#1260 = LINE ( 'NONE', #703, #496 ) ;
#1261 = DIRECTION ( 'NONE',  ( 0.000000000000000000, 3.469446951953613794E-15, 1.000000000000000000 ) ) ;
#1262 = ORIENTED_EDGE ( 'NONE', *, *, #1319, .T. ) ;
#1263 = AXIS2_PLACEMENT_3D ( 'NONE', #23, #587, #40 ) ;
#1264 = VERTEX_POINT ( 'NONE', #789 ) ;
#1265 = LINE ( 'NONE', #172, #874 ) ;
#1266 = LINE ( 'NONE', #835, #332 ) ;
#1267 = DIRECTION ( 'NONE',  ( -0.000000000000000000, 1.000000000000000000, -0.000000000000000000 ) ) ;
#1268 = EDGE_CURVE ( 'NONE', #475, #177, #806, .T. ) ;
#1269 = PLANE ( 'NONE',  #814 ) ;
#1270 = VERTEX_POINT ( 'NONE', #17 ) ;
#1271 = ORIENTED_EDGE ( 'NONE', *, *, #972, .F. ) ;
#1272 = DIRECTION ( 'NONE',  ( 0.000000000000000000, 0.000000000000000000, 1.000000000000000000 ) ) ;
#1273 = CARTESIAN_POINT ( 'NONE',  ( 17.50000000000000000, -1.000000000000000000, 5.499999999999998224 ) ) ;
#1274 = CARTESIAN_POINT ( 'NONE',  ( -25.00000000000000000, 34.00000000000000000, -21.50000000000011724 ) ) ;
#1275 = VECTOR ( 'NONE', #1347, 1000.000000000000000 ) ;
#1276 = CARTESIAN_POINT ( 'NONE',  ( -17.50000000000000000, -1.001000000000008550, -9.900000000000000355 ) ) ;
#1277 = EDGE_CURVE ( 'NONE', #984, #1147, #1063, .T. ) ;
#1278 = VERTEX_POINT ( 'NONE', #448 ) ;
#1279 = EDGE_CURVE ( 'NONE', #881, #241, #137, .T. ) ;
#1280 = ORIENTED_EDGE ( 'NONE', *, *, #169, .T. ) ;
#1281 = ORIENTED_EDGE ( 'NONE', *, *, #1279, .T. ) ;
#1282 = COORDINATED_UNIVERSAL_TIME_OFFSET ( 8, 0, .AHEAD. ) ;
#1283 = PLANE ( 'NONE',  #191 ) ;
#1284 = CARTESIAN_POINT ( 'NONE',  ( -25.00000000000000000, -1.000000000000008660, -20.76340000000000074 ) ) ;
#1285 = CIRCLE ( 'NONE', #1230, 1.600000000000000089 ) ;
#1286 = CARTESIAN_POINT ( 'NONE',  ( 17.50000000000000000, 0.000000000000000000, -11.50000000000000711 ) ) ;
#1287 = LOCAL_TIME ( 14, 49, 4.000000000000000000, #520 ) ;
#1288 = ORIENTED_EDGE ( 'NONE', *, *, #1181, .F. ) ;
#1289 = APPROVAL_ROLE ( '' ) ;
#1290 = CARTESIAN_POINT ( 'NONE',  ( 11.50000000000000178, 7.736599999999989485, -21.50000000000000000 ) ) ;
#1291 = FACE_BOUND ( 'NONE', #707, .T. ) ;
#1292 = DIRECTION ( 'NONE',  ( 0.000000000000000000, 1.000000000000000000, -0.000000000000000000 ) ) ;
#1293 = DIRECTION ( 'NONE',  ( 0.000000000000000000, 3.469446951953613794E-15, 1.000000000000000000 ) ) ;
#1294 = LINE ( 'NONE', #1, #50 ) ;
#1295 = EDGE_CURVE ( 'NONE', #65, #982, #9, .T. ) ;
#1296 = DIRECTION ( 'NONE',  ( 0.000000000000000000, 1.000000000000000000, -0.000000000000000000 ) ) ;
#1297 = AXIS2_PLACEMENT_3D ( 'NONE', #670, #985, #1426 ) ;
#1298 = CARTESIAN_POINT ( 'NONE',  ( -23.00000000000000000, 34.00000000000000000, -21.50000000000011724 ) ) ;
#1299 = ORIENTED_EDGE ( 'NONE', *, *, #735, .F. ) ;
#1300 = DIRECTION ( 'NONE',  ( -0.000000000000000000, 1.000000000000000000, -0.000000000000000000 ) ) ;
#1301 = VECTOR ( 'NONE', #726, 1000.000000000000000 ) ;
#1302 = EDGE_CURVE ( 'NONE', #1051, #443, #1324, .T. ) ;
#1303 = CARTESIAN_POINT ( 'NONE',  ( 23.00000000000000000, -1.000000000000000000, 20.49999999999999645 ) ) ;
#1304 = CARTESIAN_POINT ( 'NONE',  ( -17.49999999999999645, -1.001000000000008550, 19.00000000000000000 ) ) ;
#1305 = AXIS2_PLACEMENT_3D ( 'NONE', #755, #435, #534 ) ;
#1306 = CIRCLE ( 'NONE', #679, 1.549999999999999378 ) ;
#1307 = CARTESIAN_POINT ( 'NONE',  ( 11.50000000000000178, 30.73659999999998504, -21.50000000000000000 ) ) ;
#1308 = VERTEX_POINT ( 'NONE', #1330 ) ;
#1309 = DIRECTION ( 'NONE',  ( 0.000000000000000000, 0.000000000000000000, 1.000000000000000000 ) ) ;
#1310 = DIRECTION ( 'NONE',  ( 0.000000000000000000, 3.469446951953613794E-15, 1.000000000000000000 ) ) ;
#1311 = DIRECTION ( 'NONE',  ( -0.000000000000000000, 1.000000000000000000, -0.000000000000000000 ) ) ;
#1312 = EDGE_CURVE ( 'NONE', #839, #1051, #786, .T. ) ;
#1313 = ORIENTED_EDGE ( 'NONE', *, *, #362, .F. ) ;
#1314 = DIRECTION ( 'NONE',  ( 0.000000000000000000, 0.000000000000000000, 1.000000000000000000 ) ) ;
#1315 = CARTESIAN_POINT ( 'NONE',  ( -17.50000000000000000, -1.000000000000000000, -9.900000000000000355 ) ) ;
#1316 = VERTEX_POINT ( 'NONE', #118 ) ;
#1317 = CIRCLE ( 'NONE', #423, 1.550000000000000933 ) ;
#1318 = CARTESIAN_POINT ( 'NONE',  ( -25.00000000000000000, 0.000000000000000000, 20.49999999999998224 ) ) ;
#1319 = EDGE_CURVE ( 'NONE', #698, #984, #981, .T. ) ;
#1320 = VERTEX_POINT ( 'NONE', #1318 ) ;
#1321 = DIRECTION ( 'NONE',  ( 0.000000000000000000, -0.000000000000000000, -1.000000000000000000 ) ) ;
#1322 = EDGE_LOOP ( 'NONE', ( #474, #550, #114, #922 ) ) ;
#1323 = AXIS2_PLACEMENT_3D ( 'NONE', #828, #166, #288 ) ;
#1324 = LINE ( 'NONE', #327, #742 ) ;
#1325 = ORIENTED_EDGE ( 'NONE', *, *, #96, .T. ) ;
#1326 = EDGE_LOOP ( 'NONE', ( #645, #655, #1349, #998 ) ) ;
#1327 = FACE_OUTER_BOUND ( 'NONE', #20, .T. ) ;
#1328 = VERTEX_POINT ( 'NONE', #650 ) ;
#1329 = EDGE_CURVE ( 'NONE', #888, #809, #228, .T. ) ;
#1330 = CARTESIAN_POINT ( 'NONE',  ( -9.950000000000002842, 7.736599999999989485, -22.50000000000002842 ) ) ;
#1331 = VECTOR ( 'NONE', #1118, 1000.000000000000000 ) ;
#1332 = VERTEX_POINT ( 'NONE', #462 ) ;
#1333 = ORIENTED_EDGE ( 'NONE', *, *, #516, .F. ) ;
#1334 = PLANE ( 'NONE',  #427 ) ;
#1335 = ORIENTED_EDGE ( 'NONE', *, *, #637, .F. ) ;
#1336 = EDGE_CURVE ( 'NONE', #1308, #1147, #239, .T. ) ;
#1337 = DIRECTION ( 'NONE',  ( -0.000000000000000000, 0.000000000000000000, 1.000000000000000000 ) ) ;
#1338 = CARTESIAN_POINT ( 'NONE',  ( -25.00000000000000000, -1.000000000000000000, -22.50000000000000000 ) ) ;
#1339 = ORIENTED_EDGE ( 'NONE', *, *, #1073, .T. ) ;
#1340 = VECTOR ( 'NONE', #590, 1000.000000000000000 ) ;
#1341 = VERTEX_POINT ( 'NONE', #560 ) ;
#1342 = CARTESIAN_POINT ( 'NONE',  ( 17.49999999999999645, -1.000000000000000000, 22.50000000000000000 ) ) ;
#1343 = AXIS2_PLACEMENT_3D ( 'NONE', #360, #224, #686 ) ;
#1344 = EDGE_CURVE ( 'NONE', #8, #323, #681, .T. ) ;
#1345 = CARTESIAN_POINT ( 'NONE',  ( 25.00000000000000000, -1.000000000000000000, 20.49999999999999645 ) ) ;
#1346 = FACE_OUTER_BOUND ( 'NONE', #661, .T. ) ;
#1347 = DIRECTION ( 'NONE',  ( 0.000000000000000000, 1.000000000000000000, 0.000000000000000000 ) ) ;
#1348 = EDGE_LOOP ( 'NONE', ( #82, #341 ) ) ;
#1349 = ORIENTED_EDGE ( 'NONE', *, *, #1170, .T. ) ;
#1350 = CC_DESIGN_APPROVAL ( #662, ( #1168 ) ) ;
#1351 = FACE_OUTER_BOUND ( 'NONE', #1100, .T. ) ;
#1352 = LINE ( 'NONE', #368, #1340 ) ;
#1353 = CARTESIAN_POINT ( 'NONE',  ( 13.05000000000000071, 7.736599999999989485, -31.50000000000000000 ) ) ;
#1354 = EDGE_LOOP ( 'NONE', ( #894, #879 ) ) ;
#1355 = ORIENTED_EDGE ( 'NONE', *, *, #972, .T. ) ;
#1356 = CARTESIAN_POINT ( 'NONE',  ( 0.000000000000000000, -7.806255641895630663E-14, -21.50000000000000000 ) ) ;
#1357 = DIRECTION ( 'NONE',  ( -0.000000000000000000, 1.000000000000000000, -0.000000000000000000 ) ) ;
#1358 =( NAMED_UNIT ( * ) SI_UNIT ( $, .STERADIAN. ) SOLID_ANGLE_UNIT ( ) );
#1359 = CARTESIAN_POINT ( 'NONE',  ( -11.50000000000000178, 30.73659999999998504, -31.50000000000000000 ) ) ;
#1360 = ORIENTED_EDGE ( 'NONE', *, *, #1254, .T. ) ;
#1361 = CIRCLE ( 'NONE', #227, 1.736600000000001254 ) ;
#1362 = ORIENTED_EDGE ( 'NONE', *, *, #780, .F. ) ;
#1363 = COORDINATED_UNIVERSAL_TIME_OFFSET ( 8, 0, .AHEAD. ) ;
#1364 = EDGE_CURVE ( 'NONE', #443, #1328, #1203, .T. ) ;
#1365 = CARTESIAN_POINT ( 'NONE',  ( 17.50000000000000000, -1.000000000000000000, -13.10000000000000853 ) ) ;
#1366 = PLANE ( 'NONE',  #51 ) ;
#1367 = CIRCLE ( 'NONE', #746, 1.600000000000002531 ) ;
#1368 = VECTOR ( 'NONE', #807, 1000.000000000000000 ) ;
#1369 = FACE_OUTER_BOUND ( 'NONE', #133, .T. ) ;
#1370 = ORIENTED_EDGE ( 'NONE', *, *, #346, .T. ) ;
#1371 = CIRCLE ( 'NONE', #751, 1.550000000000000933 ) ;
#1372 = ORIENTED_EDGE ( 'NONE', *, *, #1247, .F. ) ;
#1373 = ORIENTED_EDGE ( 'NONE', *, *, #937, .F. ) ;
#1374 = DATE_TIME_ROLE ( 'classification_date' ) ;
#1375 = DIRECTION ( 'NONE',  ( 0.000000000000000000, -1.000000000000000000, 3.469446951953611033E-15 ) ) ;
#1376 = CC_DESIGN_PERSON_AND_ORGANIZATION_ASSIGNMENT ( #1164, #708, ( #400 ) ) ;
#1377 = DIRECTION ( 'NONE',  ( -0.000000000000000000, -0.000000000000000000, 1.000000000000000000 ) ) ;
#1378 = DIRECTION ( 'NONE',  ( 0.000000000000000000, -1.000000000000000000, 3.469446951953611033E-15 ) ) ;
#1379 = EDGE_LOOP ( 'NONE', ( #284, #261, #225, #1104, #1138, #12, #640, #1232, #275, #1120, #1022, #1095, #25, #673 ) ) ;
#1380 = VECTOR ( 'NONE', #902, 1000.000000000000000 ) ;
#1381 = VERTEX_POINT ( 'NONE', #347 ) ;
#1382 = DIRECTION ( 'NONE',  ( 0.000000000000000000, 0.000000000000000000, -1.000000000000000000 ) ) ;
#1383 = EDGE_CURVE ( 'NONE', #121, #1320, #441, .T. ) ;
#1384 = DIRECTION ( 'NONE',  ( 1.000000000000000000, 0.000000000000000000, -0.000000000000000000 ) ) ;
#1385 = LINE ( 'NONE', #936, #1301 ) ;
#1386 = AXIS2_PLACEMENT_3D ( 'NONE', #317, #845, #438 ) ;
#1387 = EDGE_CURVE ( 'NONE', #455, #1316, #187, .T. ) ;
#1388 = LINE ( 'NONE', #535, #84 ) ;
#1389 = ORIENTED_EDGE ( 'NONE', *, *, #13, .F. ) ;
#1390 = AXIS2_PLACEMENT_3D ( 'NONE', #1060, #717, #1401 ) ;
#1391 = ORIENTED_EDGE ( 'NONE', *, *, #205, .T. ) ;
#1392 = APPROVAL_DATE_TIME ( #731, #855 ) ;
#1393 =( GEOMETRIC_REPRESENTATION_CONTEXT ( 3 ) GLOBAL_UNCERTAINTY_ASSIGNED_CONTEXT ( ( #1258 ) ) GLOBAL_UNIT_ASSIGNED_CONTEXT ( ( #146, #29, #1358 ) ) REPRESENTATION_CONTEXT ( 'NONE', 'WORKASPACE' ) );
#1394 = DIRECTION ( 'NONE',  ( 0.000000000000000000, 1.000000000000000000, 0.000000000000000000 ) ) ;
#1395 = DIRECTION ( 'NONE',  ( -0.000000000000000000, -0.000000000000000000, 1.000000000000000000 ) ) ;
#1396 = FACE_OUTER_BOUND ( 'NONE', #268, .T. ) ;
#1397 = EDGE_CURVE ( 'NONE', #65, #370, #113, .T. ) ;
#1398 = ORIENTED_EDGE ( 'NONE', *, *, #1407, .F. ) ;
#1399 = CARTESIAN_POINT ( 'NONE',  ( -23.00000000000000000, 0.000000000000000000, 20.49999999999999645 ) ) ;
#1400 = PERSON_AND_ORGANIZATION_ROLE ( 'design_supplier' ) ;
#1401 = DIRECTION ( 'NONE',  ( 0.000000000000000000, -1.000000000000000000, 4.476705744456278510E-15 ) ) ;
#1402 = CARTESIAN_POINT ( 'NONE',  ( 23.00000000000000000, 34.00000000000000000, -21.50000000000011724 ) ) ;
#1403 = DIRECTION ( 'NONE',  ( 0.000000000000000000, 0.000000000000000000, 1.000000000000000000 ) ) ;
#1404 = EDGE_CURVE ( 'NONE', #546, #421, #578, .T. ) ;
#1405 = CARTESIAN_POINT ( 'NONE',  ( -11.50000000000000178, 7.736599999999989485, -22.50000000000002842 ) ) ;
#1406 = VECTOR ( 'NONE', #36, 1000.000000000000000 ) ;
#1407 = EDGE_CURVE ( 'NONE', #316, #121, #374, .T. ) ;
#1408 = DIRECTION ( 'NONE',  ( -0.000000000000000000, 1.000000000000000000, -0.000000000000000000 ) ) ;
#1409 = CARTESIAN_POINT ( 'NONE',  ( 25.00000000000000000, 33.99999999999999289, -22.50000000000011724 ) ) ;
#1410 = DIRECTION ( 'NONE',  ( 1.000000000000000000, 0.000000000000000000, 0.000000000000000000 ) ) ;
#1411 = EDGE_LOOP ( 'NONE', ( #503, #1288 ) ) ;
#1412 = PLANE ( 'NONE',  #651 ) ;
#1413 = CARTESIAN_POINT ( 'NONE',  ( 17.50000000000000000, 0.000000000000000000, 5.499999999999998224 ) ) ;
#1414 = CARTESIAN_POINT ( 'NONE',  ( -17.49999999999999645, -1.001000000000008550, 16.10000000000000142 ) ) ;
#1415 = AXIS2_PLACEMENT_3D ( 'NONE', #542, #211, #992 ) ;
#1416 = LINE ( 'NONE', #524, #633 ) ;
#1417 = AXIS2_PLACEMENT_3D ( 'NONE', #1224, #122, #889 ) ;
#1418 = VERTEX_POINT ( 'NONE', #1237 ) ;
#1419 = VECTOR ( 'NONE', #1187, 1000.000000000000000 ) ;
#1420 = DIRECTION ( 'NONE',  ( -0.000000000000000000, 1.000000000000000000, -0.000000000000000000 ) ) ;
#1421 = VECTOR ( 'NONE', #1420, 1000.000000000000000 ) ;
#1422 = EDGE_CURVE ( 'NONE', #121, #8, #899, .T. ) ;
#1423 = FACE_OUTER_BOUND ( 'NONE', #850, .T. ) ;
#1424 = CARTESIAN_POINT ( 'NONE',  ( -17.49999999999999645, -1.000000000000000000, 22.50000000000000000 ) ) ;
#1425 = EDGE_CURVE ( 'NONE', #370, #693, #1352, .T. ) ;
#1426 = DIRECTION ( 'NONE',  ( 0.000000000000000000, -1.000000000000000000, 3.384826294588892334E-15 ) ) ;
#1427 = ORIENTED_EDGE ( 'NONE', *, *, #864, .F. ) ;
#1428 = FACE_OUTER_BOUND ( 'NONE', #445, .T. ) ;
#1429 = CARTESIAN_POINT ( 'NONE',  ( 17.50000000000000000, -1.000000000000000000, 5.499999999999998224 ) ) ;
#1430 = EDGE_LOOP ( 'NONE', ( #913, #1006, #598, #1271 ) ) ;
#1431 = ADVANCED_FACE ( 'NONE', ( #1346 ), #1135, .T. ) ;
#1432 = DIRECTION ( 'NONE',  ( 0.000000000000000000, -1.000000000000000000, 0.000000000000000000 ) ) ;
#1433 = ORIENTED_EDGE ( 'NONE', *, *, #637, .T. ) ;
ENDSEC;
END-ISO-10303-21;
