ISO-10303-21;
HEADER;
FILE_DESCRIPTION (( 'STEP AP203' ),
    '1' );
FILE_NAME ('编码器底座2_313.STEP',
    '2023-03-13T02:39:13',
    ( '' ),
    ( '' ),
    'SwSTEP 2.0',
    'SolidWorks 2020',
    '' );
FILE_SCHEMA (( 'CONFIG_CONTROL_DESIGN' ));
ENDSEC;

DATA;
#1 = VECTOR ( 'NONE', #1148, 1000.000000000000000 ) ;
#2 = VECTOR ( 'NONE', #810, 1000.000000000000000 ) ;
#3 = DIRECTION ( 'NONE',  ( -1.000000000000000000, 0.000000000000000000, 0.000000000000000000 ) ) ;
#4 = VECTOR ( 'NONE', #991, 1000.000000000000000 ) ;
#5 = LINE ( 'NONE', #1407, #144 ) ;
#6 = SECURITY_CLASSIFICATION ( '', '', #360 ) ;
#7 = EDGE_CURVE ( 'NONE', #504, #446, #1761, .T. ) ;
#8 = CARTESIAN_POINT ( 'NONE',  ( -23.00000000000000000, 0.000000000000000000, -11.00000000000000000 ) ) ;
#9 = ORIENTED_EDGE ( 'NONE', *, *, #200, .T. ) ;
#10 = DIRECTION ( 'NONE',  ( -1.000000000000000000, 0.000000000000000000, 0.000000000000000000 ) ) ;
#11 = DIRECTION ( 'NONE',  ( -1.000000000000000000, 0.000000000000000000, 0.000000000000000000 ) ) ;
#12 = CARTESIAN_POINT ( 'NONE',  ( 17.50000000000000000, -1.000000000000000000, -2.399999999999998135 ) ) ;
#13 = AXIS2_PLACEMENT_3D ( 'NONE', #325, #999, #313 ) ;
#14 = CARTESIAN_POINT ( 'NONE',  ( -25.00000000000000000, -1.000000000000000000, -11.00000000000000000 ) ) ;
#15 = ORIENTED_EDGE ( 'NONE', *, *, #244, .T. ) ;
#16 = ORIENTED_EDGE ( 'NONE', *, *, #1206, .T. ) ;
#17 = DIRECTION ( 'NONE',  ( -1.000000000000000000, 0.000000000000000000, 0.000000000000000000 ) ) ;
#18 = DIRECTION ( 'NONE',  ( -1.000000000000000000, 0.000000000000000000, 0.000000000000000000 ) ) ;
#19 = CARTESIAN_POINT ( 'NONE',  ( -25.00000000000000000, 0.7365999999999991443, 10.87011754601014601 ) ) ;
#20 = DIRECTION ( 'NONE',  ( 0.000000000000000000, 0.000000000000000000, 1.000000000000000000 ) ) ;
#21 = VERTEX_POINT ( 'NONE', #1621 ) ;
#22 = ORIENTED_EDGE ( 'NONE', *, *, #1054, .F. ) ;
#23 = PERSON_AND_ORGANIZATION_ROLE ( 'classification_officer' ) ;
#24 = CARTESIAN_POINT ( 'NONE',  ( 4.788417562850799158E-17, 11.00000000000000355, 20.86677251825205914 ) ) ;
#25 = CARTESIAN_POINT ( 'NONE',  ( 0.000000000000000000, -1.000000000000000000, 9.099999999999999645 ) ) ;
#26 = EDGE_CURVE ( 'NONE', #1550, #529, #391, .T. ) ;
#27 = AXIS2_PLACEMENT_3D ( 'NONE', #614, #706, #606 ) ;
#28 = DIRECTION ( 'NONE',  ( -0.000000000000000000, 0.3420201433256631063, 0.9396926207859104263 ) ) ;
#29 = CIRCLE ( 'NONE', #1043, 1.736599999999999033 ) ;
#30 = DIRECTION ( 'NONE',  ( -1.000000000000000000, 6.938893903907228378E-17, 0.000000000000000000 ) ) ;
#31 = EDGE_LOOP ( 'NONE', ( #532, #1592 ) ) ;
#32 = EDGE_LOOP ( 'NONE', ( #561, #1471, #1180, #980 ) ) ;
#33 = DIRECTION ( 'NONE',  ( -0.000000000000000000, -0.000000000000000000, -1.000000000000000000 ) ) ;
#34 = DIRECTION ( 'NONE',  ( 0.000000000000000000, 0.000000000000000000, -1.000000000000000000 ) ) ;
#35 = ADVANCED_FACE ( 'NONE', ( #1049 ), #1629, .F. ) ;
#36 = CARTESIAN_POINT ( 'NONE',  ( 7.545190528383283635, 14.75000000000000355, 20.86677251825205914 ) ) ;
#37 = CARTESIAN_POINT ( 'NONE',  ( 1.049999999999995604, 26.00000000000000355, 30.86677251825205914 ) ) ;
#38 = EDGE_LOOP ( 'NONE', ( #644, #1064, #311, #1286 ) ) ;
#39 = ORIENTED_EDGE ( 'NONE', *, *, #762, .T. ) ;
#40 = CARTESIAN_POINT ( 'NONE',  ( -1.050000000000000711, 26.00000000000000355, 30.86677251825205914 ) ) ;
#41 = CARTESIAN_POINT ( 'NONE',  ( -2.707571122453044367E-15, 26.00000000000000355, 30.86677251825205914 ) ) ;
#42 = ORIENTED_EDGE ( 'NONE', *, *, #295, .F. ) ;
#43 = CIRCLE ( 'NONE', #1526, 1.600000000000001643 ) ;
#44 = PLANE ( 'NONE',  #1455 ) ;
#45 = CC_DESIGN_PERSON_AND_ORGANIZATION_ASSIGNMENT ( #1235, #503, ( #1105 ) ) ;
#46 = AXIS2_PLACEMENT_3D ( 'NONE', #1392, #1517, #973 ) ;
#47 = CARTESIAN_POINT ( 'NONE',  ( -23.00000000000000000, 33.89100396670975357, 21.86677251825205914 ) ) ;
#48 = EDGE_CURVE ( 'NONE', #53, #579, #905, .T. ) ;
#49 = EDGE_LOOP ( 'NONE', ( #807, #1013, #848, #1023 ) ) ;
#50 = ORIENTED_EDGE ( 'NONE', *, *, #7, .T. ) ;
#51 = DIRECTION ( 'NONE',  ( 0.000000000000000000, -1.000000000000000000, 0.000000000000000000 ) ) ;
#52 = DIRECTION ( 'NONE',  ( 0.000000000000000000, 0.000000000000000000, -1.000000000000000000 ) ) ;
#53 = VERTEX_POINT ( 'NONE', #1353 ) ;
#54 = ORIENTED_EDGE ( 'NONE', *, *, #1348, .T. ) ;
#55 = CARTESIAN_POINT ( 'NONE',  ( -17.50000000000000000, -1.000000000000000000, -5.600000000000001421 ) ) ;
#56 = CIRCLE ( 'NONE', #1750, 2.000000000000000000 ) ;
#57 = LINE ( 'NONE', #1442, #1096 ) ;
#58 = VECTOR ( 'NONE', #1589, 1000.000000000000000 ) ;
#59 = CARTESIAN_POINT ( 'NONE',  ( -25.00000000000000000, -0.8952702052568116686, 11.46406972690949289 ) ) ;
#60 = EDGE_LOOP ( 'NONE', ( #1322, #1637, #1328, #1509 ) ) ;
#61 = VECTOR ( 'NONE', #275, 1000.000000000000000 ) ;
#62 = EDGE_CURVE ( 'NONE', #909, #87, #790, .T. ) ;
#63 = CARTESIAN_POINT ( 'NONE',  ( -25.00000000000000000, 35.89100396670976068, 21.86677251825205914 ) ) ;
#64 = DIRECTION ( 'NONE',  ( -0.000000000000000000, -0.000000000000000000, -1.000000000000000000 ) ) ;
#65 = ORIENTED_EDGE ( 'NONE', *, *, #1149, .F. ) ;
#66 = ORIENTED_EDGE ( 'NONE', *, *, #1307, .T. ) ;
#67 = DIRECTION ( 'NONE',  ( -1.000000000000000000, 0.000000000000000000, 0.000000000000000000 ) ) ;
#68 = CARTESIAN_POINT ( 'NONE',  ( 7.545190528383288076, 22.25000000000000000, 21.86677251825205914 ) ) ;
#69 = CARTESIAN_POINT ( 'NONE',  ( -25.00000000000000000, -1.000000000000000000, -9.000000000000000000 ) ) ;
#70 = VERTEX_POINT ( 'NONE', #258 ) ;
#71 = CIRCLE ( 'NONE', #1230, 2.000000000000001776 ) ;
#72 = CARTESIAN_POINT ( 'NONE',  ( -25.00000000000000000, 4.106984377564728561, 20.13017251825205989 ) ) ;
#73 = ORIENTED_EDGE ( 'NONE', *, *, #327, .F. ) ;
#74 = DIRECTION ( 'NONE',  ( 1.000000000000000000, 7.345289713370191617E-17, -0.000000000000000000 ) ) ;
#75 = ORIENTED_EDGE ( 'NONE', *, *, #1151, .T. ) ;
#76 = ORIENTED_EDGE ( 'NONE', *, *, #689, .F. ) ;
#77 = DIRECTION ( 'NONE',  ( 0.000000000000000000, 0.000000000000000000, -1.000000000000000000 ) ) ;
#78 = DIRECTION ( 'NONE',  ( -0.000000000000000000, -0.000000000000000000, -1.000000000000000000 ) ) ;
#79 = AXIS2_PLACEMENT_3D ( 'NONE', #563, #963, #1133 ) ;
#80 = EDGE_LOOP ( 'NONE', ( #126, #1243 ) ) ;
#81 = DIRECTION ( 'NONE',  ( -0.000000000000000000, -0.000000000000000000, -1.000000000000000000 ) ) ;
#82 = LINE ( 'NONE', #196, #604 ) ;
#83 = EDGE_LOOP ( 'NONE', ( #1655, #1157, #1036, #1410 ) ) ;
#84 = EDGE_CURVE ( 'NONE', #1326, #1532, #43, .T. ) ;
#85 = ADVANCED_FACE ( 'NONE', ( #1384 ), #1106, .T. ) ;
#86 = CARTESIAN_POINT ( 'NONE',  ( 17.50000000000000000, -1.000000000000000000, -5.600000000000002309 ) ) ;
#87 = VERTEX_POINT ( 'NONE', #306 ) ;
#88 = DIRECTION ( 'NONE',  ( -1.000000000000000000, 0.000000000000000000, 0.000000000000000000 ) ) ;
#89 = AXIS2_PLACEMENT_3D ( 'NONE', #47, #332, #872 ) ;
#90 = ORIENTED_EDGE ( 'NONE', *, *, #150, .T. ) ;
#91 = DIRECTION ( 'NONE',  ( -1.000000000000000000, 0.000000000000000000, 0.000000000000000000 ) ) ;
#92 = AXIS2_PLACEMENT_3D ( 'NONE', #688, #1704, #1260 ) ;
#93 = AXIS2_PLACEMENT_3D ( 'NONE', #1763, #381, #944 ) ;
#94 = ORIENTED_EDGE ( 'NONE', *, *, #159, .F. ) ;
#95 = PERSON ( '未指定', '未指定', '未指定', ('未指定'), ('未指定'), ('未指定') ) ;
#96 = CARTESIAN_POINT ( 'NONE',  ( -5.445190528383284878, 22.25000000000000000, 30.86677251825205914 ) ) ;
#97 = ADVANCED_FACE ( 'NONE', ( #281 ), #1533, .F. ) ;
#98 = LINE ( 'NONE', #1034, #1163 ) ;
#99 = DIRECTION ( 'NONE',  ( 0.000000000000000000, 0.000000000000000000, -1.000000000000000000 ) ) ;
#101 =( NAMED_UNIT ( * ) PLANE_ANGLE_UNIT ( ) SI_UNIT ( $, .RADIAN. ) );
#100 = APPLICATION_CONTEXT ( 'configuration controlled 3d designs of mechanical parts and assemblies' ) ;
#102 = DIRECTION ( 'NONE',  ( -1.000000000000000000, 0.000000000000000000, 0.000000000000000000 ) ) ;
#103 = CIRCLE ( 'NONE', #1293, 1.550000000000000933 ) ;
#104 = PLANE ( 'NONE',  #93 ) ;
#105 = DIRECTION ( 'NONE',  ( -0.000000000000000000, -0.000000000000000000, -1.000000000000000000 ) ) ;
#106 = ADVANCED_FACE ( 'NONE', ( #1272, #1805, #1693, #1656 ), #540, .T. ) ;
#107 = AXIS2_PLACEMENT_3D ( 'NONE', #960, #1530, #826 ) ;
#108 = ADVANCED_FACE ( 'NONE', ( #982 ), #693, .F. ) ;
#109 = ADVANCED_FACE ( 'NONE', ( #1795 ), #549, .F. ) ;
#110 = DIRECTION ( 'NONE',  ( -1.000000000000000000, 0.000000000000000000, 0.000000000000000000 ) ) ;
#111 = COORDINATED_UNIVERSAL_TIME_OFFSET ( 8, 0, .AHEAD. ) ;
#112 = CARTESIAN_POINT ( 'NONE',  ( 5.445190528383291095, 14.75000000000000355, 30.86677251825205914 ) ) ;
#113 = CARTESIAN_POINT ( 'NONE',  ( 17.50000000000000000, 0.000000000000000000, -4.000000000000000000 ) ) ;
#114 = CARTESIAN_POINT ( 'NONE',  ( 0.000000000000000000, -1.000000000000000000, 0.000000000000000000 ) ) ;
#115 = DIRECTION ( 'NONE',  ( -0.000000000000000000, -0.000000000000000000, -1.000000000000000000 ) ) ;
#116 = ORIENTED_EDGE ( 'NONE', *, *, #188, .T. ) ;
#117 = EDGE_CURVE ( 'NONE', #1304, #206, #1705, .T. ) ;
#118 = AXIS2_PLACEMENT_3D ( 'NONE', #1764, #880, #1325 ) ;
#119 = ORIENTED_EDGE ( 'NONE', *, *, #584, .F. ) ;
#120 = CIRCLE ( 'NONE', #981, 1.600000000000000755 ) ;
#121 = CIRCLE ( 'NONE', #686, 6.049999999999999822 ) ;
#122 = FACE_BOUND ( 'NONE', #1190, .T. ) ;
#123 = DIRECTION ( 'NONE',  ( -0.000000000000000000, -0.000000000000000000, -1.000000000000000000 ) ) ;
#124 = ORIENTED_EDGE ( 'NONE', *, *, #84, .T. ) ;
#125 = CARTESIAN_POINT ( 'NONE',  ( -25.00000000000000000, 3.591211504919462616, 21.86677251825205914 ) ) ;
#126 = ORIENTED_EDGE ( 'NONE', *, *, #1238, .T. ) ;
#127 = CALENDAR_DATE ( 2023, 13, 3 ) ;
#128 = ORIENTED_EDGE ( 'NONE', *, *, #1398, .T. ) ;
#129 = DIRECTION ( 'NONE',  ( 0.000000000000000000, -0.9396926207859097602, 0.3420201433256647161 ) ) ;
#130 = EDGE_CURVE ( 'NONE', #1366, #788, #1094, .T. ) ;
#131 = CARTESIAN_POINT ( 'NONE',  ( -7.545190528383287187, 14.75000000000000178, 21.86677251825205914 ) ) ;
#132 = EDGE_LOOP ( 'NONE', ( #801, #373, #656, #1130 ) ) ;
#133 = DIRECTION ( 'NONE',  ( 0.000000000000000000, 0.000000000000000000, 1.000000000000000000 ) ) ;
#134 = AXIS2_PLACEMENT_3D ( 'NONE', #1048, #638, #1636 ) ;
#135 = AXIS2_PLACEMENT_3D ( 'NONE', #368, #913, #102 ) ;
#136 = CARTESIAN_POINT ( 'NONE',  ( -25.00000000000000000, 0.04442241552909866747, 11.12204958358382889 ) ) ;
#137 = AXIS2_PLACEMENT_3D ( 'NONE', #170, #1524, #288 ) ;
#138 = CARTESIAN_POINT ( 'NONE',  ( -6.495190528383282924, 22.25000000000000000, 30.86677251825205914 ) ) ;
#139 = ADVANCED_FACE ( 'NONE', ( #846 ), #1551, .F. ) ;
#140 = CYLINDRICAL_SURFACE ( 'NONE', #572, 1.049999999999998046 ) ;
#141 = DIRECTION ( 'NONE',  ( -0.000000000000000000, -0.000000000000000000, -1.000000000000000000 ) ) ;
#142 = DIRECTION ( 'NONE',  ( 0.000000000000000000, 1.000000000000000000, 0.000000000000000000 ) ) ;
#143 = AXIS2_PLACEMENT_3D ( 'NONE', #1556, #738, #1003 ) ;
#144 = VECTOR ( 'NONE', #552, 1000.000000000000114 ) ;
#145 = DIRECTION ( 'NONE',  ( 0.000000000000000000, 0.000000000000000000, -1.000000000000000000 ) ) ;
#146 = CYLINDRICAL_SURFACE ( 'NONE', #548, 1.049999999999998268 ) ;
#147 = LOCAL_TIME ( 10, 39, 13.00000000000000000, #511 ) ;
#148 = EDGE_CURVE ( 'NONE', #446, #70, #818, .T. ) ;
#149 = DIRECTION ( 'NONE',  ( -0.000000000000000000, -0.3420201433256631063, -0.9396926207859104263 ) ) ;
#150 = EDGE_CURVE ( 'NONE', #1226, #938, #906, .T. ) ;
#151 = ORIENTED_EDGE ( 'NONE', *, *, #1139, .T. ) ;
#152 = DIRECTION ( 'NONE',  ( -1.000000000000000000, 0.000000000000000000, 0.000000000000000000 ) ) ;
#153 = DIRECTION ( 'NONE',  ( -1.000000000000000000, 0.000000000000000000, -0.000000000000000000 ) ) ;
#154 = DIRECTION ( 'NONE',  ( -1.000000000000000000, 0.000000000000000000, 0.000000000000000000 ) ) ;
#155 = CARTESIAN_POINT ( 'NONE',  ( -6.495190528383290030, 14.75000000000000178, 20.86677251825205914 ) ) ;
#156 = ORIENTED_EDGE ( 'NONE', *, *, #609, .T. ) ;
#157 = VERTEX_POINT ( 'NONE', #1675 ) ;
#158 = EDGE_CURVE ( 'NONE', #529, #950, #1258, .T. ) ;
#159 = EDGE_CURVE ( 'NONE', #1053, #1291, #1405, .T. ) ;
#160 = DATE_AND_TIME ( #1804, #459 ) ;
#161 = DIRECTION ( 'NONE',  ( -0.000000000000000000, -0.000000000000000000, -1.000000000000000000 ) ) ;
#162 = FACE_OUTER_BOUND ( 'NONE', #1280, .T. ) ;
#163 = AXIS2_PLACEMENT_3D ( 'NONE', #779, #1339, #1208 ) ;
#164 = VECTOR ( 'NONE', #943, 1000.000000000000000 ) ;
#165 = CARTESIAN_POINT ( 'NONE',  ( 25.00000000000000000, 2.651518884133551968, 21.20879266157772136 ) ) ;
#166 = VECTOR ( 'NONE', #133, 1000.000000000000000 ) ;
#167 = DIRECTION ( 'NONE',  ( -1.000000000000000000, 0.000000000000000000, 0.000000000000000000 ) ) ;
#168 = ORIENTED_EDGE ( 'NONE', *, *, #564, .F. ) ;
#169 = ORIENTED_EDGE ( 'NONE', *, *, #808, .T. ) ;
#170 = CARTESIAN_POINT ( 'NONE',  ( -6.495190528383290030, 14.75000000000000178, 30.86677251825205914 ) ) ;
#171 = EDGE_CURVE ( 'NONE', #1187, #87, #1154, .T. ) ;
#172 = DIRECTION ( 'NONE',  ( 0.000000000000000000, 1.000000000000000000, -0.000000000000000000 ) ) ;
#173 = EDGE_LOOP ( 'NONE', ( #423, #9, #462, #385 ) ) ;
#174 = CIRCLE ( 'NONE', #372, 1.600000000000001643 ) ;
#175 = CARTESIAN_POINT ( 'NONE',  ( 23.00000000000000000, 0.000000000000000000, -11.00000000000000000 ) ) ;
#176 = AXIS2_PLACEMENT_3D ( 'NONE', #260, #1089, #1212 ) ;
#177 = CIRCLE ( 'NONE', #657, 1.049999999999998268 ) ;
#178 = DIRECTION ( 'NONE',  ( -1.000000000000000000, 0.000000000000000000, 0.000000000000000000 ) ) ;
#179 = ORIENTED_EDGE ( 'NONE', *, *, #808, .F. ) ;
#180 = ORGANIZATION ( '未指定', '未指定', '' ) ;
#181 = ORIENTED_EDGE ( 'NONE', *, *, #189, .T. ) ;
#182 = LINE ( 'NONE', #1562, #1474 ) ;
#183 = ORIENTED_EDGE ( 'NONE', *, *, #1162, .T. ) ;
#184 = EDGE_CURVE ( 'NONE', #1640, #265, #1684, .T. ) ;
#185 = CARTESIAN_POINT ( 'NONE',  ( 17.50000000000000000, 0.000000000000000000, -5.600000000000002309 ) ) ;
#186 = ORIENTED_EDGE ( 'NONE', *, *, #1588, .F. ) ;
#187 = EDGE_LOOP ( 'NONE', ( #227, #305, #1195, #877 ) ) ;
#188 = EDGE_CURVE ( 'NONE', #544, #1570, #838, .T. ) ;
#189 = EDGE_CURVE ( 'NONE', #957, #233, #1593, .T. ) ;
#190 = DIRECTION ( 'NONE',  ( 0.000000000000000000, 1.000000000000000000, -4.710082747697011017E-15 ) ) ;
#191 = FACE_OUTER_BOUND ( 'NONE', #1475, .T. ) ;
#192 = ORIENTED_EDGE ( 'NONE', *, *, #408, .T. ) ;
#193 = ORIENTED_EDGE ( 'NONE', *, *, #1147, .F. ) ;
#194 = CARTESIAN_POINT ( 'NONE',  ( -25.00000000000000000, 0.000000000000000000, -11.00000000000000000 ) ) ;
#195 = VECTOR ( 'NONE', #81, 1000.000000000000000 ) ;
#196 = CARTESIAN_POINT ( 'NONE',  ( -25.00000000000000000, 0.000000000000000000, 10.87011754601014601 ) ) ;
#197 = ORIENTED_EDGE ( 'NONE', *, *, #1250, .F. ) ;
#198 = ORIENTED_EDGE ( 'NONE', *, *, #1560, .T. ) ;
#199 = DIRECTION ( 'NONE',  ( 0.000000000000000000, 0.000000000000000000, 1.000000000000000000 ) ) ;
#200 = EDGE_CURVE ( 'NONE', #796, #1662, #182, .T. ) ;
#201 = FACE_OUTER_BOUND ( 'NONE', #1218, .T. ) ;
#202 = CYLINDRICAL_SURFACE ( 'NONE', #143, 6.049999999999999822 ) ;
#203 = CARTESIAN_POINT ( 'NONE',  ( 25.00000000000000000, -0.9999999999999963363, 10.87011754601014601 ) ) ;
#204 = CARTESIAN_POINT ( 'NONE',  ( 25.00000000000000000, 0.7366000000000028081, 10.87011754601014601 ) ) ;
#205 = ORIENTED_EDGE ( 'NONE', *, *, #418, .T. ) ;
#206 = VERTEX_POINT ( 'NONE', #741 ) ;
#207 = CARTESIAN_POINT ( 'NONE',  ( 23.00000000000000000, 35.89100396670976068, 21.86677251825205914 ) ) ;
#208 = AXIS2_PLACEMENT_3D ( 'NONE', #889, #499, #209 ) ;
#209 = DIRECTION ( 'NONE',  ( -1.000000000000000000, 0.000000000000000000, -0.000000000000000000 ) ) ;
#210 = APPROVAL ( #633, '未指定' ) ;
#211 = AXIS2_PLACEMENT_3D ( 'NONE', #1276, #725, #1678 ) ;
#212 = CARTESIAN_POINT ( 'NONE',  ( 17.50000000000000000, 0.000000000000000000, -4.000000000000000000 ) ) ;
#213 = ORIENTED_EDGE ( 'NONE', *, *, #1516, .T. ) ;
#214 = AXIS2_PLACEMENT_3D ( 'NONE', #1086, #394, #533 ) ;
#215 = LINE ( 'NONE', #1181, #1641 ) ;
#216 = DIRECTION ( 'NONE',  ( 1.000000000000000000, 0.000000000000000000, 0.000000000000000000 ) ) ;
#217 = EDGE_LOOP ( 'NONE', ( #1374, #1468, #607, #1549 ) ) ;
#218 = CYLINDRICAL_SURFACE ( 'NONE', #1071, 1.600000000000001643 ) ;
#219 = CYLINDRICAL_SURFACE ( 'NONE', #886, 0.7365999999999994774 ) ;
#220 = ORIENTED_EDGE ( 'NONE', *, *, #740, .F. ) ;
#221 = CARTESIAN_POINT ( 'NONE',  ( -11.94999999999999929, 30.00000000000000355, 30.86677251825205914 ) ) ;
#222 = ADVANCED_FACE ( 'NONE', ( #1702 ), #1155, .F. ) ;
#223 = FACE_OUTER_BOUND ( 'NONE', #60, .T. ) ;
#224 = ORIENTED_EDGE ( 'NONE', *, *, #1464, .F. ) ;
#225 = AXIS2_PLACEMENT_3D ( 'NONE', #758, #900, #1062 ) ;
#226 = CARTESIAN_POINT ( 'NONE',  ( -25.00000000000000000, 0.000000000000000000, -11.00000000000000000 ) ) ;
#227 = ORIENTED_EDGE ( 'NONE', *, *, #1788, .F. ) ;
#228 = CARTESIAN_POINT ( 'NONE',  ( -25.00000000000000000, 3.414806793093830617, 20.38210455582574454 ) ) ;
#229 = VECTOR ( 'NONE', #299, 1000.000000000000000 ) ;
#230 = ORIENTED_EDGE ( 'NONE', *, *, #491, .T. ) ;
#231 = DIRECTION ( 'NONE',  ( 0.000000000000000000, 0.000000000000000000, -1.000000000000000000 ) ) ;
#232 = EDGE_CURVE ( 'NONE', #485, #1136, #103, .T. ) ;
#233 = VERTEX_POINT ( 'NONE', #892 ) ;
#234 = CARTESIAN_POINT ( 'NONE',  ( 6.049999999999998934, 18.50000000000000355, 21.86677251825205914 ) ) ;
#235 = CYLINDRICAL_SURFACE ( 'NONE', #456, 1.049999999999998046 ) ;
#236 = CIRCLE ( 'NONE', #89, 2.000000000000001776 ) ;
#237 = AXIS2_PLACEMENT_3D ( 'NONE', #992, #1554, #448 ) ;
#238 = CARTESIAN_POINT ( 'NONE',  ( -1.049999999999998268, 11.00000000000000355, 30.86677251825205914 ) ) ;
#239 = AXIS2_PLACEMENT_3D ( 'NONE', #41, #733, #1038 ) ;
#240 = APPROVAL_PERSON_ORGANIZATION ( #789, #210, #1375 ) ;
#241 = CARTESIAN_POINT ( 'NONE',  ( 1.049999999999998268, 11.00000000000000355, 30.86677251825205914 ) ) ;
#242 = DIRECTION ( 'NONE',  ( 0.000000000000000000, 0.000000000000000000, 1.000000000000000000 ) ) ;
#243 = CARTESIAN_POINT ( 'NONE',  ( -25.00000000000000000, -1.000000000000000000, -11.00000000000000000 ) ) ;
#244 = EDGE_CURVE ( 'NONE', #451, #894, #1028, .T. ) ;
#245 = DIRECTION ( 'NONE',  ( -0.000000000000000000, -0.000000000000000000, -1.000000000000000000 ) ) ;
#246 = ORIENTED_EDGE ( 'NONE', *, *, #1398, .F. ) ;
#247 = CARTESIAN_POINT ( 'NONE',  ( -13.50000000000000000, 30.00000000000000355, 20.86677251825205914 ) ) ;
#248 = PERSON_AND_ORGANIZATION ( #95, #180 ) ;
#249 = ORIENTED_EDGE ( 'NONE', *, *, #794, .F. ) ;
#250 = VECTOR ( 'NONE', #1721, 1000.000000000000000 ) ;
#251 = CIRCLE ( 'NONE', #1069, 2.000000000000000000 ) ;
#252 = FACE_BOUND ( 'NONE', #1121, .T. ) ;
#253 = LINE ( 'NONE', #1222, #602 ) ;
#254 = EDGE_CURVE ( 'NONE', #828, #1638, #1521, .T. ) ;
#255 = ORIENTED_EDGE ( 'NONE', *, *, #1476, .F. ) ;
#256 = PLANE ( 'NONE',  #817 ) ;
#257 = LINE ( 'NONE', #1484, #1403 ) ;
#258 = CARTESIAN_POINT ( 'NONE',  ( 11.94999999999999751, 30.00000000000000355, 20.86677251825205914 ) ) ;
#259 = LINE ( 'NONE', #799, #831 ) ;
#260 = CARTESIAN_POINT ( 'NONE',  ( -13.50000000000000000, 30.00000000000000355, 21.86677251825205914 ) ) ;
#261 = VERTEX_POINT ( 'NONE', #721 ) ;
#262 = PRODUCT_DEFINITION ( '未知', '', #1105, #661 ) ;
#263 = CARTESIAN_POINT ( 'NONE',  ( 24.99999999999999645, 4.106984377564728561, 20.86677251825205914 ) ) ;
#264 = ORIENTED_EDGE ( 'NONE', *, *, #751, .T. ) ;
#265 = VERTEX_POINT ( 'NONE', #1143 ) ;
#266 = CIRCLE ( 'NONE', #545, 6.049999999999999822 ) ;
#267 = DATE_TIME_ROLE ( 'creation_date' ) ;
#268 = ORIENTED_EDGE ( 'NONE', *, *, #1722, .T. ) ;
#269 = VECTOR ( 'NONE', #809, 1000.000000000000000 ) ;
#270 = VECTOR ( 'NONE', #1084, 1000.000000000000000 ) ;
#271 = CARTESIAN_POINT ( 'NONE',  ( 25.00000000000000000, -0.8952702052568120017, 11.46406972690949111 ) ) ;
#272 = DIRECTION ( 'NONE',  ( 0.000000000000000000, 1.000000000000000000, 0.000000000000000000 ) ) ;
#273 = DIRECTION ( 'NONE',  ( -0.000000000000000000, -0.000000000000000000, -1.000000000000000000 ) ) ;
#274 = DIRECTION ( 'NONE',  ( -1.000000000000000000, 0.000000000000000000, 0.000000000000000000 ) ) ;
#275 = DIRECTION ( 'NONE',  ( -0.000000000000000000, -0.000000000000000000, -1.000000000000000000 ) ) ;
#276 = CARTESIAN_POINT ( 'NONE',  ( -6.495190528383282924, 22.25000000000000000, 21.86677251825205914 ) ) ;
#277 = ORIENTED_EDGE ( 'NONE', *, *, #564, .T. ) ;
#278 = DIRECTION ( 'NONE',  ( 0.000000000000000000, 0.000000000000000000, 1.000000000000000000 ) ) ;
#279 = ORIENTED_EDGE ( 'NONE', *, *, #681, .F. ) ;
#280 = CIRCLE ( 'NONE', #935, 1.550000000000000933 ) ;
#281 = FACE_OUTER_BOUND ( 'NONE', #1701, .T. ) ;
#282 = CC_DESIGN_PERSON_AND_ORGANIZATION_ASSIGNMENT ( #1768, #769, ( #715 ) ) ;
#283 = DIRECTION ( 'NONE',  ( -1.000000000000000000, 0.000000000000000000, 0.000000000000000000 ) ) ;
#284 = DIRECTION ( 'NONE',  ( 0.000000000000000000, 1.000000000000000000, 0.000000000000000000 ) ) ;
#285 = DIRECTION ( 'NONE',  ( 7.345289713370191617E-17, -1.000000000000000000, 0.000000000000000000 ) ) ;
#286 = ORIENTED_EDGE ( 'NONE', *, *, #689, .T. ) ;
#287 = ORIENTED_EDGE ( 'NONE', *, *, #901, .T. ) ;
#288 = DIRECTION ( 'NONE',  ( -1.000000000000000000, 0.000000000000000000, 0.000000000000000000 ) ) ;
#289 = AXIS2_PLACEMENT_3D ( 'NONE', #1379, #1097, #1061 ) ;
#290 = VECTOR ( 'NONE', #849, 1000.000000000000000 ) ;
#291 = PLANE ( 'NONE',  #1010 ) ;
#292 = CIRCLE ( 'NONE', #1283, 1.736599999999999255 ) ;
#293 = DIRECTION ( 'NONE',  ( 0.000000000000000000, 0.000000000000000000, -1.000000000000000000 ) ) ;
#294 = EDGE_CURVE ( 'NONE', #1416, #909, #961, .T. ) ;
#295 = EDGE_CURVE ( 'NONE', #1246, #634, #589, .T. ) ;
#296 = DIRECTION ( 'NONE',  ( -1.000000000000000000, 0.000000000000000000, 0.000000000000000000 ) ) ;
#297 = VERTEX_POINT ( 'NONE', #203 ) ;
#298 = VERTEX_POINT ( 'NONE', #473 ) ;
#299 = DIRECTION ( 'NONE',  ( -1.000000000000000000, -7.345289713370191617E-17, 0.000000000000000000 ) ) ;
#300 = CARTESIAN_POINT ( 'NONE',  ( -17.50000000000000000, 0.000000000000000000, -2.399999999999998579 ) ) ;
#301 = DIRECTION ( 'NONE',  ( -0.000000000000000000, -0.000000000000000000, -1.000000000000000000 ) ) ;
#302 = EDGE_CURVE ( 'NONE', #1640, #297, #215, .T. ) ;
#303 = DIRECTION ( 'NONE',  ( 0.000000000000000000, 0.000000000000000000, -1.000000000000000000 ) ) ;
#304 = VERTEX_POINT ( 'NONE', #1007 ) ;
#305 = ORIENTED_EDGE ( 'NONE', *, *, #1067, .F. ) ;
#306 = CARTESIAN_POINT ( 'NONE',  ( 5.445190528383291095, 14.75000000000000355, 20.86677251825205914 ) ) ;
#307 = CARTESIAN_POINT ( 'NONE',  ( -15.05000000000000071, 7.000000000000003553, 20.86677251825205914 ) ) ;
#308 = CARTESIAN_POINT ( 'NONE',  ( 24.99999999999999645, 3.414806793093830617, 20.38210455582574454 ) ) ;
#309 = LINE ( 'NONE', #37, #1 ) ;
#310 = ORIENTED_EDGE ( 'NONE', *, *, #48, .F. ) ;
#311 = ORIENTED_EDGE ( 'NONE', *, *, #62, .T. ) ;
#312 = EDGE_CURVE ( 'NONE', #996, #451, #786, .T. ) ;
#313 = DIRECTION ( 'NONE',  ( -1.000000000000000000, 0.000000000000000000, 0.000000000000000000 ) ) ;
#314 = ADVANCED_FACE ( 'NONE', ( #865 ), #1302, .F. ) ;
#315 = CARTESIAN_POINT ( 'NONE',  ( 25.00000000000000000, 33.89100396670975357, 21.86677251825205914 ) ) ;
#316 = ORIENTED_EDGE ( 'NONE', *, *, #953, .F. ) ;
#317 = CIRCLE ( 'NONE', #856, 1.600000000000001643 ) ;
#318 = ORIENTED_EDGE ( 'NONE', *, *, #491, .F. ) ;
#319 = DIRECTION ( 'NONE',  ( 0.000000000000000000, 0.000000000000000000, 1.000000000000000000 ) ) ;
#320 = AXIS2_PLACEMENT_3D ( 'NONE', #824, #293, #1687 ) ;
#321 = CIRCLE ( 'NONE', #983, 1.049999999999998268 ) ;
#322 = LINE ( 'NONE', #862, #744 ) ;
#323 = EDGE_LOOP ( 'NONE', ( #535, #76, #116, #355 ) ) ;
#324 = VERTEX_POINT ( 'NONE', #1454 ) ;
#325 = CARTESIAN_POINT ( 'NONE',  ( -2.707571122453044367E-15, 26.00000000000000355, 21.86677251825205914 ) ) ;
#326 = DIRECTION ( 'NONE',  ( -0.000000000000000000, -0.000000000000000000, -1.000000000000000000 ) ) ;
#327 = EDGE_CURVE ( 'NONE', #461, #569, #597, .T. ) ;
#328 = ORIENTED_EDGE ( 'NONE', *, *, #660, .T. ) ;
#329 = LINE ( 'NONE', #1024, #58 ) ;
#330 = DIRECTION ( 'NONE',  ( -0.000000000000000000, -1.000000000000000000, -0.000000000000000000 ) ) ;
#331 = AXIS2_PLACEMENT_3D ( 'NONE', #1601, #1437, #1292 ) ;
#332 = DIRECTION ( 'NONE',  ( 0.000000000000000000, 0.000000000000000000, 1.000000000000000000 ) ) ;
#333 = ORIENTED_EDGE ( 'NONE', *, *, #1698, .F. ) ;
#334 = DIRECTION ( 'NONE',  ( -1.000000000000000000, 0.000000000000000000, 0.000000000000000000 ) ) ;
#335 = DIRECTION ( 'NONE',  ( -1.000000000000000000, 0.000000000000000000, 0.000000000000000000 ) ) ;
#336 = ORIENTED_EDGE ( 'NONE', *, *, #158, .T. ) ;
#337 = CC_DESIGN_DATE_AND_TIME_ASSIGNMENT ( #1508, #267, ( #262 ) ) ;
#338 = DIRECTION ( 'NONE',  ( -0.000000000000000000, -0.000000000000000000, -1.000000000000000000 ) ) ;
#339 = CARTESIAN_POINT ( 'NONE',  ( 0.000000000000000000, -4.475024474061825686, 1.628775706171241122 ) ) ;
#340 = DIRECTION ( 'NONE',  ( 0.000000000000000000, 0.000000000000000000, -1.000000000000000000 ) ) ;
#341 = ORIENTED_EDGE ( 'NONE', *, *, #1046, .T. ) ;
#342 = CARTESIAN_POINT ( 'NONE',  ( 0.000000000000000000, -1.000000000000000000, 7.500000000000000000 ) ) ;
#343 = DIRECTION ( 'NONE',  ( -0.000000000000000000, -0.000000000000000000, -1.000000000000000000 ) ) ;
#344 = EDGE_LOOP ( 'NONE', ( #512, #677 ) ) ;
#345 = LINE ( 'NONE', #226, #802 ) ;
#346 = CIRCLE ( 'NONE', #1567, 1.600000000000001643 ) ;
#347 = CARTESIAN_POINT ( 'NONE',  ( 1.049999999999995604, 26.00000000000000355, 21.86677251825205914 ) ) ;
#348 = CIRCLE ( 'NONE', #320, 1.550000000000000933 ) ;
#349 = LINE ( 'NONE', #890, #1248 ) ;
#350 = ADVANCED_FACE ( 'NONE', ( #463 ), #1020, .F. ) ;
#351 = ORIENTED_EDGE ( 'NONE', *, *, #380, .F. ) ;
#352 = VECTOR ( 'NONE', #465, 1000.000000000000000 ) ;
#353 = CARTESIAN_POINT ( 'NONE',  ( 7.545190528383288076, 22.25000000000000000, 30.86677251825205914 ) ) ;
#354 = CARTESIAN_POINT ( 'NONE',  ( -25.00000000000000000, 4.106984377564728561, 20.13017251825205989 ) ) ;
#355 = ORIENTED_EDGE ( 'NONE', *, *, #380, .T. ) ;
#356 = CYLINDRICAL_SURFACE ( 'NONE', #1369, 1.600000000000001643 ) ;
#357 = DIRECTION ( 'NONE',  ( 0.000000000000000000, 0.000000000000000000, 1.000000000000000000 ) ) ;
#358 = EDGE_CURVE ( 'NONE', #324, #1712, #928, .T. ) ;
#359 = DIRECTION ( 'NONE',  ( -0.000000000000000000, 1.000000000000000000, -0.000000000000000000 ) ) ;
#360 = SECURITY_CLASSIFICATION_LEVEL ( 'unclassified' ) ;
#361 = ORIENTED_EDGE ( 'NONE', *, *, #1408, .T. ) ;
#362 = LINE ( 'NONE', #207, #829 ) ;
#363 = FACE_OUTER_BOUND ( 'NONE', #440, .T. ) ;
#364 = VECTOR ( 'NONE', #1124, 1000.000000000000000 ) ;
#365 = DIRECTION ( 'NONE',  ( 0.000000000000000000, 1.000000000000000000, 0.000000000000000000 ) ) ;
#366 = ADVANCED_FACE ( 'NONE', ( #1173 ), #1318, .T. ) ;
#367 = CALENDAR_DATE ( 2023, 13, 3 ) ;
#368 = CARTESIAN_POINT ( 'NONE',  ( 13.50000000000000000, 30.00000000000000355, 30.86677251825205914 ) ) ;
#369 = EDGE_CURVE ( 'NONE', #1108, #1233, #71, .T. ) ;
#370 = DIRECTION ( 'NONE',  ( -0.000000000000000000, -0.000000000000000000, -1.000000000000000000 ) ) ;
#371 = LINE ( 'NONE', #1240, #1657 ) ;
#372 = AXIS2_PLACEMENT_3D ( 'NONE', #1025, #1579, #1178 ) ;
#373 = ORIENTED_EDGE ( 'NONE', *, *, #1287, .T. ) ;
#374 = AXIS2_PLACEMENT_3D ( 'NONE', #1080, #1651, #1645 ) ;
#375 = CARTESIAN_POINT ( 'NONE',  ( -13.50000000000000000, 30.00000000000000355, 30.86677251825205914 ) ) ;
#376 = CIRCLE ( 'NONE', #805, 1.550000000000000933 ) ;
#377 = ORIENTED_EDGE ( 'NONE', *, *, #726, .T. ) ;
#378 = COORDINATED_UNIVERSAL_TIME_OFFSET ( 8, 0, .AHEAD. ) ;
#379 = ORIENTED_EDGE ( 'NONE', *, *, #254, .T. ) ;
#380 = EDGE_CURVE ( 'NONE', #1570, #827, #1081, .T. ) ;
#381 = DIRECTION ( 'NONE',  ( -0.000000000000000000, 0.000000000000000000, -1.000000000000000000 ) ) ;
#382 = DIRECTION ( 'NONE',  ( -0.000000000000000000, -0.000000000000000000, -1.000000000000000000 ) ) ;
#383 = ORIENTED_EDGE ( 'NONE', *, *, #845, .T. ) ;
#384 = CYLINDRICAL_SURFACE ( 'NONE', #134, 1.049999999999997158 ) ;
#385 = ORIENTED_EDGE ( 'NONE', *, *, #555, .F. ) ;
#386 = DIRECTION ( 'NONE',  ( -0.000000000000000000, -0.000000000000000000, -1.000000000000000000 ) ) ;
#387 = ORIENTED_EDGE ( 'NONE', *, *, #986, .T. ) ;
#388 = CIRCLE ( 'NONE', #899, 1.550000000000002709 ) ;
#389 = FACE_BOUND ( 'NONE', #615, .T. ) ;
#390 = CARTESIAN_POINT ( 'NONE',  ( -25.00000000000000000, 33.89100396670975357, 20.86677251825205914 ) ) ;
#391 = CIRCLE ( 'NONE', #1150, 1.550000000000000933 ) ;
#392 = DIRECTION ( 'NONE',  ( 0.000000000000000000, 0.000000000000000000, -1.000000000000000000 ) ) ;
#393 = ORIENTED_EDGE ( 'NONE', *, *, #439, .T. ) ;
#394 = DIRECTION ( 'NONE',  ( -0.000000000000000000, 0.000000000000000000, -1.000000000000000000 ) ) ;
#395 = DIRECTION ( 'NONE',  ( -0.000000000000000000, -0.000000000000000000, -1.000000000000000000 ) ) ;
#396 = EDGE_LOOP ( 'NONE', ( #868, #128, #653, #851, #1168, #691 ) ) ;
#397 = EDGE_CURVE ( 'NONE', #485, #304, #940, .T. ) ;
#398 = CYLINDRICAL_SURFACE ( 'NONE', #939, 1.736599999999999255 ) ;
#399 = ORIENTED_EDGE ( 'NONE', *, *, #1127, .T. ) ;
#400 = CARTESIAN_POINT ( 'NONE',  ( 13.50000000000000000, 30.00000000000000355, 20.86677251825205914 ) ) ;
#401 = CIRCLE ( 'NONE', #1427, 2.000000000000000000 ) ;
#402 = EDGE_LOOP ( 'NONE', ( #754, #1692, #205, #213 ) ) ;
#403 = AXIS2_PLACEMENT_3D ( 'NONE', #417, #410, #1125 ) ;
#404 = DIRECTION ( 'NONE',  ( -0.000000000000000000, 0.3420201433256631063, 0.9396926207859104263 ) ) ;
#405 = CC_DESIGN_APPROVAL ( #834, ( #6 ) ) ;
#406 = DIRECTION ( 'NONE',  ( -0.000000000000000000, -0.000000000000000000, -1.000000000000000000 ) ) ;
#407 = DIRECTION ( 'NONE',  ( -1.000000000000000000, -7.345289713370191617E-17, 0.000000000000000000 ) ) ;
#408 = EDGE_CURVE ( 'NONE', #504, #578, #388, .T. ) ;
#409 = DIRECTION ( 'NONE',  ( 0.000000000000000000, 0.000000000000000000, 1.000000000000000000 ) ) ;
#410 = DIRECTION ( 'NONE',  ( -0.000000000000000000, 1.000000000000000000, 0.000000000000000000 ) ) ;
#411 = CARTESIAN_POINT ( 'NONE',  ( 6.495190528383290030, 22.25000000000000000, 21.86677251825205914 ) ) ;
#412 = AXIS2_PLACEMENT_3D ( 'NONE', #539, #1253, #1665 ) ;
#413 = CARTESIAN_POINT ( 'NONE',  ( -17.50000000000000000, -1.000000000000000000, -5.600000000000002309 ) ) ;
#414 = ORIENTED_EDGE ( 'NONE', *, *, #845, .F. ) ;
#415 = CC_DESIGN_PERSON_AND_ORGANIZATION_ASSIGNMENT ( #248, #1639, ( #262 ) ) ;
#416 = DIRECTION ( 'NONE',  ( 0.000000000000000000, 1.000000000000000000, 0.000000000000000000 ) ) ;
#417 = CARTESIAN_POINT ( 'NONE',  ( 23.00000000000000000, -1.000000000000000000, -9.000000000000000000 ) ) ;
#418 = EDGE_CURVE ( 'NONE', #938, #206, #910, .T. ) ;
#419 = EDGE_CURVE ( 'NONE', #852, #1662, #1472, .T. ) ;
#420 = CARTESIAN_POINT ( 'NONE',  ( 13.50000000000000000, 30.00000000000000355, 20.86677251825205914 ) ) ;
#421 = CYLINDRICAL_SURFACE ( 'NONE', #1207, 2.000000000000000000 ) ;
#422 = ORIENTED_EDGE ( 'NONE', *, *, #1139, .F. ) ;
#423 = ORIENTED_EDGE ( 'NONE', *, *, #1548, .T. ) ;
#424 = CARTESIAN_POINT ( 'NONE',  ( -25.00000000000000000, 0.7365999999999991443, 10.87011754601014601 ) ) ;
#425 = VECTOR ( 'NONE', #792, 1000.000000000000000 ) ;
#426 = VECTOR ( 'NONE', #1324, 1000.000000000000227 ) ;
#427 = CARTESIAN_POINT ( 'NONE',  ( 25.00000000000000000, 35.89100396670976068, 21.86677251825205914 ) ) ;
#428 = AXIS2_PLACEMENT_3D ( 'NONE', #984, #1135, #11 ) ;
#429 = ADVANCED_FACE ( 'NONE', ( #655 ), #1327, .F. ) ;
#430 = LINE ( 'NONE', #308, #1281 ) ;
#431 = DIRECTION ( 'NONE',  ( 0.000000000000000000, 0.000000000000000000, 1.000000000000000000 ) ) ;
#432 = ORIENTED_EDGE ( 'NONE', *, *, #1476, .T. ) ;
#433 = EDGE_LOOP ( 'NONE', ( #1131, #1160, #1571, #683 ) ) ;
#434 = COORDINATED_UNIVERSAL_TIME_OFFSET ( 8, 0, .AHEAD. ) ;
#435 = DIRECTION ( 'NONE',  ( -0.000000000000000000, -0.000000000000000000, -1.000000000000000000 ) ) ;
#436 = CARTESIAN_POINT ( 'NONE',  ( 24.99999999999999645, 4.106984377564728561, 20.13017251825205989 ) ) ;
#437 = CARTESIAN_POINT ( 'NONE',  ( 1.049999999999998268, 11.00000000000000355, 21.86677251825205914 ) ) ;
#438 = CARTESIAN_POINT ( 'NONE',  ( -25.00000000000000000, 0.04442241552909866747, 11.12204958358382889 ) ) ;
#439 = EDGE_CURVE ( 'NONE', #233, #1340, #1791, .T. ) ;
#440 = EDGE_LOOP ( 'NONE', ( #933, #873, #1342, #771 ) ) ;
#441 = ORIENTED_EDGE ( 'NONE', *, *, #637, .F. ) ;
#442 = ORIENTED_EDGE ( 'NONE', *, *, #1800, .F. ) ;
#443 = DIRECTION ( 'NONE',  ( 7.345289713370191617E-17, -1.000000000000000000, 0.000000000000000000 ) ) ;
#444 = CIRCLE ( 'NONE', #1299, 1.049999999999998046 ) ;
#445 = LINE ( 'NONE', #1000, #61 ) ;
#446 = VERTEX_POINT ( 'NONE', #528 ) ;
#447 = VECTOR ( 'NONE', #161, 1000.000000000000000 ) ;
#448 = DIRECTION ( 'NONE',  ( -1.000000000000000000, 0.000000000000000000, 0.000000000000000000 ) ) ;
#449 = CARTESIAN_POINT ( 'NONE',  ( 2.849792886092612270E-16, 4.106984377564728561, 21.86677251825205914 ) ) ;
#450 = ORIENTED_EDGE ( 'NONE', *, *, #912, .T. ) ;
#451 = VERTEX_POINT ( 'NONE', #1490 ) ;
#452 = ADVANCED_FACE ( 'NONE', ( #1074 ), #256, .F. ) ;
#453 = DIRECTION ( 'NONE',  ( -1.000000000000000000, 0.000000000000000000, 0.000000000000000000 ) ) ;
#454 = CARTESIAN_POINT ( 'NONE',  ( 24.99999999999999645, 4.106984377564728561, 20.13017251825205989 ) ) ;
#455 = ORIENTED_EDGE ( 'NONE', *, *, #1184, .F. ) ;
#456 = AXIS2_PLACEMENT_3D ( 'NONE', #1461, #1748, #88 ) ;
#457 = CIRCLE ( 'NONE', #1602, 1.600000000000001643 ) ;
#458 = CARTESIAN_POINT ( 'NONE',  ( 23.00000000000000000, 33.89100396670975357, 21.86677251825205914 ) ) ;
#459 = LOCAL_TIME ( 10, 39, 13.00000000000000000, #434 ) ;
#460 = LINE ( 'NONE', #472, #1510 ) ;
#461 = VERTEX_POINT ( 'NONE', #1352 ) ;
#462 = ORIENTED_EDGE ( 'NONE', *, *, #419, .F. ) ;
#463 = FACE_OUTER_BOUND ( 'NONE', #1515, .T. ) ;
#464 = EDGE_CURVE ( 'NONE', #1301, #304, #280, .T. ) ;
#465 = DIRECTION ( 'NONE',  ( -1.000000000000000000, -0.000000000000000000, -0.000000000000000000 ) ) ;
#466 = EDGE_LOOP ( 'NONE', ( #562, #1436, #743, #151 ) ) ;
#467 = ADVANCED_FACE ( 'NONE', ( #1082 ), #384, .F. ) ;
#468 = PLANE ( 'NONE',  #1251 ) ;
#469 = AXIS2_PLACEMENT_3D ( 'NONE', #342, #1730, #1573 ) ;
#470 = DIRECTION ( 'NONE',  ( 1.000000000000000000, 0.000000000000000000, 0.000000000000000000 ) ) ;
#471 = AXIS2_PLACEMENT_3D ( 'NONE', #875, #1310, #608 ) ;
#472 = CARTESIAN_POINT ( 'NONE',  ( -23.00000000000000000, 35.89100396670976068, 21.86677251825205914 ) ) ;
#473 = CARTESIAN_POINT ( 'NONE',  ( -23.00000000000000000, -1.000000000000000000, -11.00000000000000000 ) ) ;
#474 = CARTESIAN_POINT ( 'NONE',  ( 25.00000000000000000, 0.000000000000000000, -11.00000000000000000 ) ) ;
#475 = ORIENTED_EDGE ( 'NONE', *, *, #954, .T. ) ;
#476 = EDGE_LOOP ( 'NONE', ( #1541, #898, #1734, #1411 ) ) ;
#477 = EDGE_CURVE ( 'NONE', #1340, #233, #444, .T. ) ;
#478 = DIRECTION ( 'NONE',  ( 1.000000000000000000, 0.000000000000000000, 0.000000000000000000 ) ) ;
#479 = CARTESIAN_POINT ( 'NONE',  ( -1.050000000000000711, 26.00000000000000355, 20.86677251825205914 ) ) ;
#480 = CARTESIAN_POINT ( 'NONE',  ( 24.99999999999999645, 4.106984377564726785, 21.86677251825205914 ) ) ;
#481 = ORIENTED_EDGE ( 'NONE', *, *, #739, .T. ) ;
#482 = DIRECTION ( 'NONE',  ( -0.000000000000000000, 0.000000000000000000, 1.000000000000000000 ) ) ;
#483 = EDGE_LOOP ( 'NONE', ( #1019, #1175 ) ) ;
#484 = CYLINDRICAL_SURFACE ( 'NONE', #239, 1.049999999999998268 ) ;
#485 = VERTEX_POINT ( 'NONE', #1609 ) ;
#486 = DIRECTION ( 'NONE',  ( 0.000000000000000000, 0.000000000000000000, 1.000000000000000000 ) ) ;
#487 = EDGE_CURVE ( 'NONE', #1612, #261, #1444, .T. ) ;
#488 = VECTOR ( 'NONE', #30, 1000.000000000000000 ) ;
#489 = CARTESIAN_POINT ( 'NONE',  ( -1.049999999999998268, 11.00000000000000355, 21.86677251825205914 ) ) ;
#490 = AXIS2_PLACEMENT_3D ( 'NONE', #1469, #1578, #1449 ) ;
#491 = EDGE_CURVE ( 'NONE', #1001, #1666, #701, .T. ) ;
#492 = ORIENTED_EDGE ( 'NONE', *, *, #998, .T. ) ;
#493 = AXIS2_PLACEMENT_3D ( 'NONE', #893, #216, #1021 ) ;
#494 = DIRECTION ( 'NONE',  ( 1.000000000000000000, 0.000000000000000000, -0.000000000000000000 ) ) ;
#495 = FACE_OUTER_BOUND ( 'NONE', #1445, .T. ) ;
#496 = DIRECTION ( 'NONE',  ( -1.000000000000000000, 0.000000000000000000, 0.000000000000000000 ) ) ;
#497 = DIRECTION ( 'NONE',  ( 0.000000000000000000, 0.000000000000000000, 1.000000000000000000 ) ) ;
#498 = EDGE_LOOP ( 'NONE', ( #759, #220, #1565, #414 ) ) ;
#499 = DIRECTION ( 'NONE',  ( 0.000000000000000000, 0.000000000000000000, -1.000000000000000000 ) ) ;
#500 = VECTOR ( 'NONE', #731, 1000.000000000000000 ) ;
#501 = EDGE_CURVE ( 'NONE', #297, #1039, #1214, .T. ) ;
#502 = CARTESIAN_POINT ( 'NONE',  ( 6.495190528383290030, 22.25000000000000000, 20.86677251825205914 ) ) ;
#503 = PERSON_AND_ORGANIZATION_ROLE ( 'design_supplier' ) ;
#504 = VERTEX_POINT ( 'NONE', #1784 ) ;
#505 = VECTOR ( 'NONE', #1802, 1000.000000000000000 ) ;
#506 = LINE ( 'NONE', #243, #269 ) ;
#507 = AXIS2_PLACEMENT_3D ( 'NONE', #155, #819, #1390 ) ;
#508 = FACE_OUTER_BOUND ( 'NONE', #498, .T. ) ;
#509 = CYLINDRICAL_SURFACE ( 'NONE', #1032, 1.550000000000000933 ) ;
#510 = ADVANCED_FACE ( 'NONE', ( #1200 ), #646, .F. ) ;
#511 = COORDINATED_UNIVERSAL_TIME_OFFSET ( 8, 0, .AHEAD. ) ;
#512 = ORIENTED_EDGE ( 'NONE', *, *, #1184, .T. ) ;
#513 = DIRECTION ( 'NONE',  ( -0.000000000000000000, -1.000000000000000000, -0.000000000000000000 ) ) ;
#514 = FACE_BOUND ( 'NONE', #344, .T. ) ;
#515 = AXIS2_PLACEMENT_3D ( 'NONE', #14, #296, #20 ) ;
#516 = CIRCLE ( 'NONE', #1537, 2.000000000000001776 ) ;
#517 = EDGE_LOOP ( 'NONE', ( #1680, #1729 ) ) ;
#518 = CIRCLE ( 'NONE', #1659, 1.550000000000002709 ) ;
#519 = DIRECTION ( 'NONE',  ( -0.000000000000000000, -0.000000000000000000, -1.000000000000000000 ) ) ;
#520 = VERTEX_POINT ( 'NONE', #1760 ) ;
#521 = AXIS2_PLACEMENT_3D ( 'NONE', #204, #1563, #1174 ) ;
#522 = PERSON_AND_ORGANIZATION_ROLE ( 'creator' ) ;
#523 = DIRECTION ( 'NONE',  ( -0.000000000000000000, -0.000000000000000000, -1.000000000000000000 ) ) ;
#524 = CARTESIAN_POINT ( 'NONE',  ( 23.00000000000000000, 0.000000000000000000, -9.000000000000000000 ) ) ;
#525 = ADVANCED_FACE ( 'NONE', ( #1625 ), #509, .F. ) ;
#526 = CARTESIAN_POINT ( 'NONE',  ( -25.00000000000000000, 0.04442241552909823032, 11.12204958358382889 ) ) ;
#527 = ORIENTED_EDGE ( 'NONE', *, *, #1516, .F. ) ;
#528 = CARTESIAN_POINT ( 'NONE',  ( 15.05000000000000249, 30.00000000000000355, 20.86677251825205914 ) ) ;
#529 = VERTEX_POINT ( 'NONE', #1409 ) ;
#530 = ORIENTED_EDGE ( 'NONE', *, *, #26, .F. ) ;
#531 = PERSON_AND_ORGANIZATION ( #95, #180 ) ;
#532 = ORIENTED_EDGE ( 'NONE', *, *, #1697, .T. ) ;
#533 = DIRECTION ( 'NONE',  ( -1.000000000000000000, 0.000000000000000000, 0.000000000000000000 ) ) ;
#534 = ADVANCED_FACE ( 'NONE', ( #546 ), #398, .T. ) ;
#535 = ORIENTED_EDGE ( 'NONE', *, *, #1090, .F. ) ;
#536 = FACE_BOUND ( 'NONE', #1801, .T. ) ;
#537 = ORIENTED_EDGE ( 'NONE', *, *, #358, .F. ) ;
#538 = AXIS2_PLACEMENT_3D ( 'NONE', #24, #990, #274 ) ;
#539 = CARTESIAN_POINT ( 'NONE',  ( -13.50000000000000000, 7.000000000000003553, 20.86677251825205914 ) ) ;
#540 = PLANE ( 'NONE',  #79 ) ;
#541 = LINE ( 'NONE', #934, #1631 ) ;
#542 = DIRECTION ( 'NONE',  ( -0.000000000000000000, -0.000000000000000000, -1.000000000000000000 ) ) ;
#543 = ADVANCED_FACE ( 'NONE', ( #1269 ), #1522, .F. ) ;
#544 = VERTEX_POINT ( 'NONE', #949 ) ;
#545 = AXIS2_PLACEMENT_3D ( 'NONE', #1506, #850, #167 ) ;
#546 = FACE_OUTER_BOUND ( 'NONE', #1600, .T. ) ;
#547 = VERTEX_POINT ( 'NONE', #1373 ) ;
#548 = AXIS2_PLACEMENT_3D ( 'NONE', #696, #968, #1528 ) ;
#549 = CYLINDRICAL_SURFACE ( 'NONE', #46, 1.049999999999996270 ) ;
#550 = VECTOR ( 'NONE', #370, 1000.000000000000000 ) ;
#551 = CARTESIAN_POINT ( 'NONE',  ( 13.50000000000000000, 7.000000000000003553, 20.86677251825205914 ) ) ;
#552 = DIRECTION ( 'NONE',  ( -0.000000000000000000, -0.3420201433256631063, -0.9396926207859104263 ) ) ;
#553 = CARTESIAN_POINT ( 'NONE',  ( 0.000000000000000000, -1.000000000000000000, 7.500000000000000000 ) ) ;
#554 = ORIENTED_EDGE ( 'NONE', *, *, #1022, .F. ) ;
#555 = EDGE_CURVE ( 'NONE', #569, #852, #1381, .T. ) ;
#556 = DIRECTION ( 'NONE',  ( 0.000000000000000000, 0.000000000000000000, -1.000000000000000000 ) ) ;
#557 = DIRECTION ( 'NONE',  ( -1.000000000000000000, 0.000000000000000000, 0.000000000000000000 ) ) ;
#558 = DIRECTION ( 'NONE',  ( 0.000000000000000000, 0.000000000000000000, 1.000000000000000000 ) ) ;
#559 = AXIS2_PLACEMENT_3D ( 'NONE', #1766, #231, #920 ) ;
#560 = CARTESIAN_POINT ( 'NONE',  ( -25.00000000000000000, -0.9396926207859102043, 11.34202014332566222 ) ) ;
#561 = ORIENTED_EDGE ( 'NONE', *, *, #912, .F. ) ;
#562 = ORIENTED_EDGE ( 'NONE', *, *, #7, .F. ) ;
#563 = CARTESIAN_POINT ( 'NONE',  ( 0.000000000000000000, 0.000000000000000000, 0.000000000000000000 ) ) ;
#564 = EDGE_CURVE ( 'NONE', #1615, #1638, #1514, .T. ) ;
#565 = ORIENTED_EDGE ( 'NONE', *, *, #1199, .F. ) ;
#566 = CARTESIAN_POINT ( 'NONE',  ( -8.706009237320110307E-16, 18.50000000000000355, 20.86677251825205914 ) ) ;
#567 = CARTESIAN_POINT ( 'NONE',  ( -23.00000000000000000, -1.000000000000000000, -11.00000000000000000 ) ) ;
#568 = CARTESIAN_POINT ( 'NONE',  ( 25.00000000000000000, -1.000000000000000000, -11.00000000000000000 ) ) ;
#569 = VERTEX_POINT ( 'NONE', #263 ) ;
#570 = ORIENTED_EDGE ( 'NONE', *, *, #62, .F. ) ;
#571 = CARTESIAN_POINT ( 'NONE',  ( 11.94999999999999929, 7.000000000000003553, 30.86677251825205914 ) ) ;
#572 = AXIS2_PLACEMENT_3D ( 'NONE', #680, #406, #1249 ) ;
#573 = VECTOR ( 'NONE', #603, 1000.000000000000000 ) ;
#574 = CARTESIAN_POINT ( 'NONE',  ( -7.545190528383280970, 22.25000000000000000, 21.86677251825205914 ) ) ;
#575 = VECTOR ( 'NONE', #343, 1000.000000000000000 ) ;
#576 = DIRECTION ( 'NONE',  ( -1.000000000000000000, 0.000000000000000000, 0.000000000000000000 ) ) ;
#577 = DIRECTION ( 'NONE',  ( 1.000000000000000000, 0.000000000000000000, 0.000000000000000000 ) ) ;
#578 = VERTEX_POINT ( 'NONE', #812 ) ;
#579 = VERTEX_POINT ( 'NONE', #413 ) ;
#580 = DIRECTION ( 'NONE',  ( -1.000000000000000000, 0.000000000000000000, 0.000000000000000000 ) ) ;
#581 = CARTESIAN_POINT ( 'NONE',  ( 15.05000000000000071, 7.000000000000003553, 21.86677251825205914 ) ) ;
#582 = EDGE_LOOP ( 'NONE', ( #530, #923, #734, #1202 ) ) ;
#583 = CARTESIAN_POINT ( 'NONE',  ( 0.000000000000000000, 0.000000000000000000, 7.500000000000000000 ) ) ;
#584 = EDGE_CURVE ( 'NONE', #1467, #1233, #1679, .T. ) ;
#585 = FACE_OUTER_BOUND ( 'NONE', #1215, .T. ) ;
#586 = VECTOR ( 'NONE', #969, 1000.000000000000000 ) ;
#587 = ORIENTED_EDGE ( 'NONE', *, *, #1137, .T. ) ;
#588 = EDGE_LOOP ( 'NONE', ( #119, #341, #1491, #73, #255, #1351 ) ) ;
#589 = LINE ( 'NONE', #194, #1355 ) ;
#590 = AXIS2_PLACEMENT_3D ( 'NONE', #1077, #1485, #242 ) ;
#591 = LINE ( 'NONE', #1430, #352 ) ;
#592 = ORIENTED_EDGE ( 'NONE', *, *, #117, .F. ) ;
#593 = EDGE_LOOP ( 'NONE', ( #1073, #455, #1262, #39 ) ) ;
#594 = CARTESIAN_POINT ( 'NONE',  ( -13.50000000000000000, 7.000000000000003553, 30.86677251825205914 ) ) ;
#595 = DIRECTION ( 'NONE',  ( 0.000000000000000000, 1.000000000000000000, -0.000000000000000000 ) ) ;
#596 = ORIENTED_EDGE ( 'NONE', *, *, #1320, .F. ) ;
#597 = LINE ( 'NONE', #1164, #250 ) ;
#598 = DIRECTION ( 'NONE',  ( -1.000000000000000000, 0.000000000000000000, 0.000000000000000000 ) ) ;
#599 = VERTEX_POINT ( 'NONE', #675 ) ;
#600 = CIRCLE ( 'NONE', #1191, 1.550000000000000933 ) ;
#601 = ORIENTED_EDGE ( 'NONE', *, *, #1788, .T. ) ;
#602 = VECTOR ( 'NONE', #395, 1000.000000000000000 ) ;
#603 = DIRECTION ( 'NONE',  ( 0.000000000000000000, 1.000000000000000000, 0.000000000000000000 ) ) ;
#604 = VECTOR ( 'NONE', #1189, 1000.000000000000000 ) ;
#605 = DIRECTION ( 'NONE',  ( 0.000000000000000000, 1.000000000000000000, 0.000000000000000000 ) ) ;
#606 = DIRECTION ( 'NONE',  ( -1.000000000000000000, 0.000000000000000000, 0.000000000000000000 ) ) ;
#607 = ORIENTED_EDGE ( 'NONE', *, *, #794, .T. ) ;
#608 = DIRECTION ( 'NONE',  ( 0.000000000000000000, 9.989194264521530753E-16, -1.000000000000000000 ) ) ;
#609 = EDGE_CURVE ( 'NONE', #1564, #1712, #803, .T. ) ;
#610 = DIRECTION ( 'NONE',  ( -1.000000000000000000, 0.000000000000000000, 0.000000000000000000 ) ) ;
#611 = ORIENTED_EDGE ( 'NONE', *, *, #1068, .T. ) ;
#612 = DIRECTION ( 'NONE',  ( 0.000000000000000000, 0.000000000000000000, 1.000000000000000000 ) ) ;
#613 = FACE_OUTER_BOUND ( 'NONE', #1417, .T. ) ;
#614 = CARTESIAN_POINT ( 'NONE',  ( -2.707571122453044367E-15, 26.00000000000000355, 20.86677251825205914 ) ) ;
#615 = EDGE_LOOP ( 'NONE', ( #1152, #1227 ) ) ;
#616 = DIRECTION ( 'NONE',  ( 0.000000000000000000, -0.000000000000000000, -1.000000000000000000 ) ) ;
#617 = DIRECTION ( 'NONE',  ( 0.000000000000000000, 1.000000000000000000, 0.000000000000000000 ) ) ;
#618 = ADVANCED_FACE ( 'NONE', ( #1112 ), #421, .T. ) ;
#619 = EDGE_LOOP ( 'NONE', ( #1425, #601, #1605, #1717 ) ) ;
#620 = DIRECTION ( 'NONE',  ( -0.000000000000000000, -0.000000000000000000, -1.000000000000000000 ) ) ;
#621 = DIRECTION ( 'NONE',  ( -0.000000000000000000, -1.000000000000000000, -0.000000000000000000 ) ) ;
#622 = CARTESIAN_POINT ( 'NONE',  ( -25.00000000000000000, -0.9396926207859102043, 11.34202014332566222 ) ) ;
#623 = CARTESIAN_POINT ( 'NONE',  ( -5.445190528383292872, 14.75000000000000178, 20.86677251825205914 ) ) ;
#624 = ORIENTED_EDGE ( 'NONE', *, *, #1608, .F. ) ;
#625 = CARTESIAN_POINT ( 'NONE',  ( -17.50000000000000000, 0.000000000000000000, -5.600000000000002309 ) ) ;
#626 = ORIENTED_EDGE ( 'NONE', *, *, #669, .F. ) ;
#627 = EDGE_CURVE ( 'NONE', #1586, #723, #728, .T. ) ;
#628 = LINE ( 'NONE', #636, #1483 ) ;
#629 = AXIS2_PLACEMENT_3D ( 'NONE', #917, #784, #1502 ) ;
#630 = EDGE_LOOP ( 'NONE', ( #1404, #666, #1059, #361 ) ) ;
#631 = CIRCLE ( 'NONE', #1661, 1.049999999999998046 ) ;
#632 = CARTESIAN_POINT ( 'NONE',  ( 25.00000000000000000, -0.9999999999999963363, 10.87011754601014601 ) ) ;
#633 = APPROVAL_STATUS ( 'not_yet_approved' ) ;
#634 = VERTEX_POINT ( 'NONE', #8 ) ;
#635 = FACE_BOUND ( 'NONE', #1275, .T. ) ;
#636 = CARTESIAN_POINT ( 'NONE',  ( 1.959434878635765230E-16, -1.000000000000000000, 5.899999999999999467 ) ) ;
#637 = EDGE_CURVE ( 'NONE', #261, #1612, #1441, .T. ) ;
#638 = DIRECTION ( 'NONE',  ( -0.000000000000000000, -0.000000000000000000, -1.000000000000000000 ) ) ;
#639 = ORIENTED_EDGE ( 'NONE', *, *, #609, .F. ) ;
#640 = AXIS2_PLACEMENT_3D ( 'NONE', #553, #1654, #278 ) ;
#641 = CARTESIAN_POINT ( 'NONE',  ( 23.00000000000000000, 35.89100396670976068, 20.86677251825205914 ) ) ;
#642 = AXIS2_PLACEMENT_3D ( 'NONE', #768, #365, #1773 ) ;
#643 = CARTESIAN_POINT ( 'NONE',  ( -13.50000000000000000, 7.000000000000003553, 21.86677251825205914 ) ) ;
#644 = ORIENTED_EDGE ( 'NONE', *, *, #1273, .F. ) ;
#645 = ADVANCED_FACE ( 'NONE', ( #978 ), #1671, .F. ) ;
#646 = CYLINDRICAL_SURFACE ( 'NONE', #1765, 1.550000000000002709 ) ;
#647 = ORIENTED_EDGE ( 'NONE', *, *, #1250, .T. ) ;
#648 =( NAMED_UNIT ( * ) SI_UNIT ( $, .STERADIAN. ) SOLID_ANGLE_UNIT ( ) );
#649 = DIRECTION ( 'NONE',  ( -0.000000000000000000, -0.000000000000000000, -1.000000000000000000 ) ) ;
#650 = FACE_BOUND ( 'NONE', #1004, .T. ) ;
#651 = CARTESIAN_POINT ( 'NONE',  ( 1.049999999999995604, 26.00000000000000355, 20.86677251825205914 ) ) ;
#652 = AXIS2_PLACEMENT_3D ( 'NONE', #908, #470, #1204 ) ;
#653 = ORIENTED_EDGE ( 'NONE', *, *, #295, .T. ) ;
#654 = CIRCLE ( 'NONE', #1132, 1.600000000000000755 ) ;
#655 = FACE_OUTER_BOUND ( 'NONE', #476, .T. ) ;
#656 = ORIENTED_EDGE ( 'NONE', *, *, #584, .T. ) ;
#657 = AXIS2_PLACEMENT_3D ( 'NONE', #713, #832, #1259 ) ;
#658 = ORIENTED_EDGE ( 'NONE', *, *, #159, .T. ) ;
#659 = ORIENTED_EDGE ( 'NONE', *, *, #1798, .F. ) ;
#660 = EDGE_CURVE ( 'NONE', #1473, #1653, #1498, .T. ) ;
#661 = DESIGN_CONTEXT ( 'detailed design', #100, 'design' ) ;
#662 = DIRECTION ( 'NONE',  ( 0.000000000000000000, 1.000000000000000000, 0.000000000000000000 ) ) ;
#663 = LINE ( 'NONE', #945, #2 ) ;
#664 = ORIENTED_EDGE ( 'NONE', *, *, #1628, .F. ) ;
#665 = DIRECTION ( 'NONE',  ( 0.000000000000000000, 1.000000000000000000, 0.000000000000000000 ) ) ;
#666 = ORIENTED_EDGE ( 'NONE', *, *, #1206, .F. ) ;
#667 = APPROVAL_DATE_TIME ( #1611, #210 ) ;
#668 = ORIENTED_EDGE ( 'NONE', *, *, #171, .F. ) ;
#669 = EDGE_CURVE ( 'NONE', #297, #599, #1091, .T. ) ;
#670 = FACE_BOUND ( 'NONE', #970, .T. ) ;
#671 = EDGE_CURVE ( 'NONE', #324, #837, #1540, .T. ) ;
#672 = CARTESIAN_POINT ( 'NONE',  ( -13.50000000000000000, 7.000000000000003553, 30.86677251825205914 ) ) ;
#673 = ORIENTED_EDGE ( 'NONE', *, *, #1536, .T. ) ;
#674 = VECTOR ( 'NONE', #1428, 1000.000000000000000 ) ;
#675 = CARTESIAN_POINT ( 'NONE',  ( 25.00000000000000000, -1.000000000000000000, -9.000000000000000000 ) ) ;
#676 = CARTESIAN_POINT ( 'NONE',  ( 6.495190528383287365, 14.75000000000000355, 20.86677251825205914 ) ) ;
#677 = ORIENTED_EDGE ( 'NONE', *, *, #724, .T. ) ;
#678 = CARTESIAN_POINT ( 'NONE',  ( -6.495190528383290030, 14.75000000000000178, 20.86677251825205914 ) ) ;
#679 = ADVANCED_FACE ( 'NONE', ( #690 ), #1261, .T. ) ;
#680 = CARTESIAN_POINT ( 'NONE',  ( 6.495190528383290030, 22.25000000000000000, 30.86677251825205914 ) ) ;
#681 = EDGE_CURVE ( 'NONE', #634, #1366, #251, .T. ) ;
#682 = CARTESIAN_POINT ( 'NONE',  ( -7.545190528383280970, 22.25000000000000000, 30.86677251825205914 ) ) ;
#683 = ORIENTED_EDGE ( 'NONE', *, *, #1643, .F. ) ;
#684 = ORIENTED_EDGE ( 'NONE', *, *, #1399, .F. ) ;
#685 = DIRECTION ( 'NONE',  ( -0.000000000000000000, -0.000000000000000000, -1.000000000000000000 ) ) ;
#686 = AXIS2_PLACEMENT_3D ( 'NONE', #566, #967, #1703 ) ;
#687 = FACE_OUTER_BOUND ( 'NONE', #32, .T. ) ;
#688 = CARTESIAN_POINT ( 'NONE',  ( -6.495190528383282924, 22.25000000000000000, 21.86677251825205914 ) ) ;
#689 = EDGE_CURVE ( 'NONE', #544, #1254, #266, .T. ) ;
#690 = FACE_OUTER_BOUND ( 'NONE', #433, .T. ) ;
#691 = ORIENTED_EDGE ( 'NONE', *, *, #184, .F. ) ;
#692 = ORIENTED_EDGE ( 'NONE', *, *, #1054, .T. ) ;
#693 = CYLINDRICAL_SURFACE ( 'NONE', #137, 1.049999999999997158 ) ;
#694 = AXIS2_PLACEMENT_3D ( 'NONE', #72, #1740, #482 ) ;
#695 = CYLINDRICAL_SURFACE ( 'NONE', #428, 2.000000000000001776 ) ;
#696 = CARTESIAN_POINT ( 'NONE',  ( 4.788417562850799158E-17, 11.00000000000000355, 30.86677251825205914 ) ) ;
#697 = DIRECTION ( 'NONE',  ( 0.000000000000000000, -0.9396926207859105373, 0.3420201433256628842 ) ) ;
#698 = ORIENTED_EDGE ( 'NONE', *, *, #1394, .T. ) ;
#699 = EDGE_LOOP ( 'NONE', ( #42, #287, #1391, #399 ) ) ;
#700 = PRODUCT_RELATED_PRODUCT_CATEGORY ( 'detail', '', ( #715 ) ) ;
#701 = CIRCLE ( 'NONE', #163, 1.049999999999997158 ) ;
#702 = SHAPE_DEFINITION_REPRESENTATION ( #919, #1110 ) ;
#703 = DIRECTION ( 'NONE',  ( -0.000000000000000000, -1.000000000000000000, -0.000000000000000000 ) ) ;
#704 = CARTESIAN_POINT ( 'NONE',  ( -6.050000000000000711, 18.50000000000000355, 20.86677251825205914 ) ) ;
#705 = DIRECTION ( 'NONE',  ( -1.000000000000000000, -7.345289713370191617E-17, 0.000000000000000000 ) ) ;
#706 = DIRECTION ( 'NONE',  ( 0.000000000000000000, 0.000000000000000000, -1.000000000000000000 ) ) ;
#707 = ORIENTED_EDGE ( 'NONE', *, *, #1676, .F. ) ;
#708 = VERTEX_POINT ( 'NONE', #987 ) ;
#709 = APPROVAL_DATE_TIME ( #160, #834 ) ;
#710 = DIRECTION ( 'NONE',  ( -1.000000000000000000, 0.000000000000000000, 0.000000000000000000 ) ) ;
#711 = AXIS2_PLACEMENT_3D ( 'NONE', #1179, #303, #718 ) ;
#712 = VECTOR ( 'NONE', #1079, 1000.000000000000000 ) ;
#713 = CARTESIAN_POINT ( 'NONE',  ( 4.788417562850799158E-17, 11.00000000000000355, 20.86677251825205914 ) ) ;
#714 = EDGE_CURVE ( 'NONE', #1314, #1700, #881, .T. ) ;
#715 = PRODUCT ( '编码器底座2_313', '编码器底座2_313', '', ( #1627 ) ) ;
#716 = CIRCLE ( 'NONE', #1753, 6.049999999999999822 ) ;
#717 = DIRECTION ( 'NONE',  ( 0.000000000000000000, -0.9396926207859097602, 0.3420201433256647161 ) ) ;
#718 = DIRECTION ( 'NONE',  ( -1.000000000000000000, 0.000000000000000000, 0.000000000000000000 ) ) ;
#719 = ORIENTED_EDGE ( 'NONE', *, *, #1560, .F. ) ;
#720 = EDGE_LOOP ( 'NONE', ( #1458, #310, #1635, #387 ) ) ;
#721 = CARTESIAN_POINT ( 'NONE',  ( 1.959434878635765723E-16, -1.000000000000000000, 5.899999999999998579 ) ) ;
#722 = DIRECTION ( 'NONE',  ( -0.000000000000000000, -0.000000000000000000, -1.000000000000000000 ) ) ;
#723 = VERTEX_POINT ( 'NONE', #1415 ) ;
#724 = EDGE_CURVE ( 'NONE', #1314, #1241, #317, .T. ) ;
#725 = DIRECTION ( 'NONE',  ( -0.000000000000000000, -0.000000000000000000, -1.000000000000000000 ) ) ;
#726 = EDGE_CURVE ( 'NONE', #1050, #894, #1277, .T. ) ;
#727 = PLANE ( 'NONE',  #1006 ) ;
#728 = CIRCLE ( 'NONE', #412, 1.550000000000000933 ) ;
#729 = ORIENTED_EDGE ( 'NONE', *, *, #439, .F. ) ;
#730 = ORIENTED_EDGE ( 'NONE', *, *, #1394, .F. ) ;
#731 = DIRECTION ( 'NONE',  ( -0.000000000000000000, -0.000000000000000000, -1.000000000000000000 ) ) ;
#732 = AXIS2_PLACEMENT_3D ( 'NONE', #424, #1116, #1668 ) ;
#733 = DIRECTION ( 'NONE',  ( -0.000000000000000000, -0.000000000000000000, -1.000000000000000000 ) ) ;
#734 = ORIENTED_EDGE ( 'NONE', *, *, #1149, .T. ) ;
#735 = DIRECTION ( 'NONE',  ( -1.000000000000000000, -0.000000000000000000, 0.000000000000000000 ) ) ;
#736 = EDGE_CURVE ( 'NONE', #1053, #837, #1591, .T. ) ;
#737 = CARTESIAN_POINT ( 'NONE',  ( -17.50000000000000000, -1.000000000000000000, -2.399999999999998579 ) ) ;
#738 = DIRECTION ( 'NONE',  ( -0.000000000000000000, -0.000000000000000000, -1.000000000000000000 ) ) ;
#739 = EDGE_CURVE ( 'NONE', #852, #1712, #1451, .T. ) ;
#740 = EDGE_CURVE ( 'NONE', #1233, #941, #460, .T. ) ;
#741 = CARTESIAN_POINT ( 'NONE',  ( -1.049999999999998268, 11.00000000000000355, 20.86677251825205914 ) ) ;
#742 = DIRECTION ( 'NONE',  ( 1.000000000000000000, 0.000000000000000000, 0.000000000000000000 ) ) ;
#743 = ORIENTED_EDGE ( 'NONE', *, *, #855, .T. ) ;
#744 = VECTOR ( 'NONE', #1434, 1000.000000000000000 ) ;
#745 = ORIENTED_EDGE ( 'NONE', *, *, #327, .T. ) ;
#746 = AXIS2_PLACEMENT_3D ( 'NONE', #1169, #1596, #67 ) ;
#747 = CARTESIAN_POINT ( 'NONE',  ( 1.049999999999998268, 11.00000000000000355, 20.86677251825205914 ) ) ;
#748 = CARTESIAN_POINT ( 'NONE',  ( 25.00000000000000000, 0.7366000000000028081, 10.87011754601014601 ) ) ;
#749 = CYLINDRICAL_SURFACE ( 'NONE', #977, 1.550000000000000933 ) ;
#750 = ORIENTED_EDGE ( 'NONE', *, *, #501, .T. ) ;
#751 = EDGE_CURVE ( 'NONE', #941, #1564, #236, .T. ) ;
#752 = DIRECTION ( 'NONE',  ( -0.000000000000000000, -0.000000000000000000, -1.000000000000000000 ) ) ;
#753 = LINE ( 'NONE', #1594, #575 ) ;
#754 = ORIENTED_EDGE ( 'NONE', *, *, #1778, .F. ) ;
#755 = CARTESIAN_POINT ( 'NONE',  ( 25.00000000000000000, 0.04442241552909866747, 11.12204958358382889 ) ) ;
#756 = CARTESIAN_POINT ( 'NONE',  ( -23.00000000000000000, 35.89100396670976068, 21.86677251825205914 ) ) ;
#757 = EDGE_LOOP ( 'NONE', ( #1482, #698, #1432, #947 ) ) ;
#758 = CARTESIAN_POINT ( 'NONE',  ( 0.000000000000000000, -1.000000000000000000, 7.500000000000000000 ) ) ;
#759 = ORIENTED_EDGE ( 'NONE', *, *, #751, .F. ) ;
#760 = CYLINDRICAL_SURFACE ( 'NONE', #1539, 1.049999999999998268 ) ;
#761 = EDGE_LOOP ( 'NONE', ( #793, #1674 ) ) ;
#762 = EDGE_CURVE ( 'NONE', #1365, #1700, #346, .T. ) ;
#763 = AXIS2_PLACEMENT_3D ( 'NONE', #813, #685, #17 ) ;
#764 = CARTESIAN_POINT ( 'NONE',  ( -15.05000000000000071, 7.000000000000003553, 21.86677251825205914 ) ) ;
#765 = ORIENTED_EDGE ( 'NONE', *, *, #1767, .F. ) ;
#766 = CARTESIAN_POINT ( 'NONE',  ( 23.00000000000000000, 35.89100396670976068, 21.86677251825205914 ) ) ;
#767 = ORIENTED_EDGE ( 'NONE', *, *, #487, .T. ) ;
#768 = CARTESIAN_POINT ( 'NONE',  ( 0.000000000000000000, -1.000000000000000000, 7.500000000000000000 ) ) ;
#769 = PERSON_AND_ORGANIZATION_ROLE ( 'design_owner' ) ;
#770 = VERTEX_POINT ( 'NONE', #1569 ) ;
#771 = ORIENTED_EDGE ( 'NONE', *, *, #477, .T. ) ;
#772 = ADVANCED_FACE ( 'NONE', ( #585 ), #1728, .T. ) ;
#773 = AXIS2_PLACEMENT_3D ( 'NONE', #842, #577, #340 ) ;
#774 = LINE ( 'NONE', #96, #550 ) ;
#775 = AXIS2_PLACEMENT_3D ( 'NONE', #411, #301, #576 ) ;
#776 = CARTESIAN_POINT ( 'NONE',  ( -23.00000000000000000, -1.000000000000000000, -9.000000000000000000 ) ) ;
#777 = AXIS2_PLACEMENT_3D ( 'NONE', #1604, #1754, #598 ) ;
#778 = CC_DESIGN_APPROVAL ( #210, ( #1105 ) ) ;
#779 = CARTESIAN_POINT ( 'NONE',  ( -6.495190528383290030, 14.75000000000000178, 21.86677251825205914 ) ) ;
#780 = AXIS2_PLACEMENT_3D ( 'NONE', #1057, #1360, #1620 ) ;
#781 = VERTEX_POINT ( 'NONE', #1699 ) ;
#782 = FACE_BOUND ( 'NONE', #1708, .T. ) ;
#783 = ADVANCED_FACE ( 'NONE', ( #1443 ), #749, .F. ) ;
#784 = DIRECTION ( 'NONE',  ( 0.000000000000000000, 0.000000000000000000, -1.000000000000000000 ) ) ;
#785 = ORIENTED_EDGE ( 'NONE', *, *, #671, .F. ) ;
#786 = CIRCLE ( 'NONE', #13, 1.049999999999998268 ) ;
#787 = DIRECTION ( 'NONE',  ( 0.000000000000000000, 0.000000000000000000, -1.000000000000000000 ) ) ;
#788 = VERTEX_POINT ( 'NONE', #69 ) ;
#789 = PERSON_AND_ORGANIZATION ( #95, #180 ) ;
#790 = LINE ( 'NONE', #112, #1616 ) ;
#791 = LINE ( 'NONE', #1488, #1134 ) ;
#792 = DIRECTION ( 'NONE',  ( -1.000000000000000000, -0.000000000000000000, -0.000000000000000000 ) ) ;
#793 = ORIENTED_EDGE ( 'NONE', *, *, #627, .F. ) ;
#794 = EDGE_CURVE ( 'NONE', #304, #1301, #1040, .T. ) ;
#795 = DIRECTION ( 'NONE',  ( -1.000000000000000000, 0.000000000000000000, 0.000000000000000000 ) ) ;
#796 = VERTEX_POINT ( 'NONE', #1159 ) ;
#797 =( LENGTH_UNIT ( ) NAMED_UNIT ( * ) SI_UNIT ( .MILLI., .METRE. ) );
#798 = CARTESIAN_POINT ( 'NONE',  ( -17.50000000000000000, 0.000000000000000000, -4.000000000000000000 ) ) ;
#799 = CARTESIAN_POINT ( 'NONE',  ( -25.00000000000000000, 3.414806793093830617, 20.38210455582574454 ) ) ;
#800 = FACE_OUTER_BOUND ( 'NONE', #1496, .T. ) ;
#801 = ORIENTED_EDGE ( 'NONE', *, *, #925, .F. ) ;
#802 = VECTOR ( 'NONE', #1177, 1000.000000000000000 ) ;
#803 = LINE ( 'NONE', #125, #505 ) ;
#804 = ORIENTED_EDGE ( 'NONE', *, *, #1307, .F. ) ;
#805 = AXIS2_PLACEMENT_3D ( 'NONE', #1144, #840, #1677 ) ;
#806 = ADVANCED_FACE ( 'NONE', ( #994 ), #202, .F. ) ;
#807 = ORIENTED_EDGE ( 'NONE', *, *, #736, .F. ) ;
#808 = EDGE_CURVE ( 'NONE', #996, #1050, #309, .T. ) ;
#809 = DIRECTION ( 'NONE',  ( 0.000000000000000000, 0.000000000000000000, 1.000000000000000000 ) ) ;
#810 = DIRECTION ( 'NONE',  ( 0.000000000000000000, 1.000000000000000000, 0.000000000000000000 ) ) ;
#811 = EDGE_LOOP ( 'NONE', ( #659, #1092 ) ) ;
#812 = CARTESIAN_POINT ( 'NONE',  ( 11.94999999999999751, 30.00000000000000355, 21.86677251825205914 ) ) ;
#813 = CARTESIAN_POINT ( 'NONE',  ( 4.788417562850799158E-17, 11.00000000000000355, 21.86677251825205914 ) ) ;
#814 = FACE_OUTER_BOUND ( 'NONE', #1725, .T. ) ;
#815 = EDGE_CURVE ( 'NONE', #461, #1712, #322, .T. ) ;
#816 = DIRECTION ( 'NONE',  ( -1.000000000000000000, 0.000000000000000000, 0.000000000000000000 ) ) ;
#817 = AXIS2_PLACEMENT_3D ( 'NONE', #622, #494, #1497 ) ;
#818 = CIRCLE ( 'NONE', #1619, 1.550000000000002709 ) ;
#819 = DIRECTION ( 'NONE',  ( 0.000000000000000000, 0.000000000000000000, -1.000000000000000000 ) ) ;
#820 = ORIENTED_EDGE ( 'NONE', *, *, #986, .F. ) ;
#821 = CARTESIAN_POINT ( 'NONE',  ( -25.00000000000000000, -1.000000000000000000, -9.000000000000000000 ) ) ;
#822 = DIRECTION ( 'NONE',  ( -0.000000000000000000, -0.000000000000000000, -1.000000000000000000 ) ) ;
#823 = ADVANCED_FACE ( 'NONE', ( #191 ), #727, .T. ) ;
#824 = CARTESIAN_POINT ( 'NONE',  ( 13.50000000000000000, 7.000000000000003553, 20.86677251825205914 ) ) ;
#825 = AXIS2_PLACEMENT_3D ( 'NONE', #276, #927, #816 ) ;
#826 = DIRECTION ( 'NONE',  ( 0.000000000000000000, 0.000000000000000000, 1.000000000000000000 ) ) ;
#827 = VERTEX_POINT ( 'NONE', #1308 ) ;
#828 = VERTEX_POINT ( 'NONE', #1580 ) ;
#829 = VECTOR ( 'NONE', #878, 1000.000000000000000 ) ;
#830 = DIRECTION ( 'NONE',  ( 0.000000000000000000, 0.000000000000000000, 1.000000000000000000 ) ) ;
#831 = VECTOR ( 'NONE', #129, 1000.000000000000114 ) ;
#832 = DIRECTION ( 'NONE',  ( 0.000000000000000000, 0.000000000000000000, -1.000000000000000000 ) ) ;
#833 = CYLINDRICAL_SURFACE ( 'NONE', #887, 1.049999999999996270 ) ;
#834 = APPROVAL ( #1683, '未指定' ) ;
#835 = CARTESIAN_POINT ( 'NONE',  ( 25.00000000000000000, 0.7366000000000028081, 10.87011754601014601 ) ) ;
#836 = ORIENTED_EDGE ( 'NONE', *, *, #1464, .T. ) ;
#837 = VERTEX_POINT ( 'NONE', #59 ) ;
#838 = LINE ( 'NONE', #1412, #447 ) ;
#839 = AXIS2_PLACEMENT_3D ( 'NONE', #1583, #752, #334 ) ;
#840 = DIRECTION ( 'NONE',  ( -0.000000000000000000, -0.000000000000000000, -1.000000000000000000 ) ) ;
#841 = DIRECTION ( 'NONE',  ( 0.000000000000000000, 1.000000000000000000, 0.000000000000000000 ) ) ;
#842 = CARTESIAN_POINT ( 'NONE',  ( 25.00000000000000000, -1.000000000000000000, -11.00000000000000000 ) ) ;
#843 = ORIENTED_EDGE ( 'NONE', *, *, #1385, .T. ) ;
#844 = ORIENTED_EDGE ( 'NONE', *, *, #1559, .T. ) ;
#845 = EDGE_CURVE ( 'NONE', #1564, #1108, #349, .T. ) ;
#846 = FACE_OUTER_BOUND ( 'NONE', #1691, .T. ) ;
#847 = PLANE ( 'NONE',  #1429 ) ;
#848 = ORIENTED_EDGE ( 'NONE', *, *, #1643, .T. ) ;
#849 = DIRECTION ( 'NONE',  ( 0.000000000000000000, 1.000000000000000000, 0.000000000000000000 ) ) ;
#850 = DIRECTION ( 'NONE',  ( -0.000000000000000000, -0.000000000000000000, -1.000000000000000000 ) ) ;
#851 = ORIENTED_EDGE ( 'NONE', *, *, #681, .T. ) ;
#852 = VERTEX_POINT ( 'NONE', #480 ) ;
#853 = AXIS2_PLACEMENT_3D ( 'NONE', #672, #123, #1790 ) ;
#854 = DIRECTION ( 'NONE',  ( -1.000000000000000000, -0.000000000000000000, -0.000000000000000000 ) ) ;
#855 = EDGE_CURVE ( 'NONE', #578, #70, #1035, .T. ) ;
#856 = AXIS2_PLACEMENT_3D ( 'NONE', #1547, #595, #1026 ) ;
#857 = VECTOR ( 'NONE', #1002, 1000.000000000000000 ) ;
#858 = FACE_OUTER_BOUND ( 'NONE', #1183, .T. ) ;
#859 = ORIENTED_EDGE ( 'NONE', *, *, #1587, .T. ) ;
#860 = CIRCLE ( 'NONE', #1689, 1.550000000000000933 ) ;
#861 = LINE ( 'NONE', #1433, #857 ) ;
#862 = CARTESIAN_POINT ( 'NONE',  ( -25.00000000000000000, 4.106984377564730337, 20.86677251825206625 ) ) ;
#863 = ORIENTED_EDGE ( 'NONE', *, *, #724, .F. ) ;
#864 = ORIENTED_EDGE ( 'NONE', *, *, #232, .T. ) ;
#865 = FACE_OUTER_BOUND ( 'NONE', #132, .T. ) ;
#866 = CC_DESIGN_PERSON_AND_ORGANIZATION_ASSIGNMENT ( #903, #23, ( #6 ) ) ;
#867 = CARTESIAN_POINT ( 'NONE',  ( -7.545190528383280970, 22.25000000000000000, 20.86677251825205914 ) ) ;
#868 = ORIENTED_EDGE ( 'NONE', *, *, #1732, .T. ) ;
#869 = ADVANCED_FACE ( 'NONE', ( #363 ), #235, .F. ) ;
#870 = CARTESIAN_POINT ( 'NONE',  ( 17.50000000000000000, 0.000000000000000000, -2.399999999999998135 ) ) ;
#871 = PLANE ( 'NONE',  #1774 ) ;
#872 = DIRECTION ( 'NONE',  ( -1.000000000000000000, 0.000000000000000000, 0.000000000000000000 ) ) ;
#873 = ORIENTED_EDGE ( 'NONE', *, *, #1633, .F. ) ;
#874 = ORIENTED_EDGE ( 'NONE', *, *, #1009, .T. ) ;
#875 = CARTESIAN_POINT ( 'NONE',  ( -25.00000000000000000, 4.106984377564728561, 20.13017251825205989 ) ) ;
#876 = CARTESIAN_POINT ( 'NONE',  ( -25.00000000000000000, 4.106984377564728561, 21.86677251825205914 ) ) ;
#877 = ORIENTED_EDGE ( 'NONE', *, *, #627, .T. ) ;
#878 = DIRECTION ( 'NONE',  ( 0.000000000000000000, 0.000000000000000000, -1.000000000000000000 ) ) ;
#879 = EDGE_CURVE ( 'NONE', #261, #781, #628, .T. ) ;
#880 = DIRECTION ( 'NONE',  ( 1.000000000000000000, 0.000000000000000000, 0.000000000000000000 ) ) ;
#881 = LINE ( 'NONE', #1171, #946 ) ;
#882 = EDGE_LOOP ( 'NONE', ( #565, #181, #393, #1141 ) ) ;
#883 = DIRECTION ( 'NONE',  ( 0.000000000000000000, 0.000000000000000000, -1.000000000000000000 ) ) ;
#884 = CARTESIAN_POINT ( 'NONE',  ( -8.706009237320110307E-16, 18.50000000000000355, 30.86677251825205914 ) ) ;
#885 = EDGE_LOOP ( 'NONE', ( #730, #318, #492, #328 ) ) ;
#886 = AXIS2_PLACEMENT_3D ( 'NONE', #748, #1614, #897 ) ;
#887 = AXIS2_PLACEMENT_3D ( 'NONE', #976, #1288, #1414 ) ;
#888 = CARTESIAN_POINT ( 'NONE',  ( 5.445190528383291984, 22.25000000000000000, 20.86677251825205914 ) ) ;
#889 = CARTESIAN_POINT ( 'NONE',  ( -25.00000000000000000, -1.000000000000000000, -11.00000000000000000 ) ) ;
#890 = CARTESIAN_POINT ( 'NONE',  ( -25.00000000000000000, 33.89100396670975357, 21.86677251825205914 ) ) ;
#891 = ORIENTED_EDGE ( 'NONE', *, *, #302, .F. ) ;
#892 = CARTESIAN_POINT ( 'NONE',  ( 7.545190528383288076, 22.25000000000000000, 20.86677251825205914 ) ) ;
#893 = CARTESIAN_POINT ( 'NONE',  ( 25.00000000000000000, 4.106984377564728561, 20.13017251825205989 ) ) ;
#894 = VERTEX_POINT ( 'NONE', #479 ) ;
#895 = UNCERTAINTY_MEASURE_WITH_UNIT (LENGTH_MEASURE( 1.000000000000000082E-05 ), #797, 'distance_accuracy_value', 'NONE');
#896 = FACE_OUTER_BOUND ( 'NONE', #1672, .T. ) ;
#897 = DIRECTION ( 'NONE',  ( 0.000000000000000000, -0.9396926207859102043, 0.3420201433256635504 ) ) ;
#898 = ORIENTED_EDGE ( 'NONE', *, *, #487, .F. ) ;
#899 = AXIS2_PLACEMENT_3D ( 'NONE', #930, #1646, #1188 ) ;
#900 = DIRECTION ( 'NONE',  ( 0.000000000000000000, 1.000000000000000000, 0.000000000000000000 ) ) ;
#901 = EDGE_CURVE ( 'NONE', #1246, #520, #57, .T. ) ;
#902 = ADVANCED_FACE ( 'NONE', ( #1759 ), #1450, .F. ) ;
#903 = PERSON_AND_ORGANIZATION ( #95, #180 ) ;
#904 = ORIENTED_EDGE ( 'NONE', *, *, #171, .T. ) ;
#905 = CIRCLE ( 'NONE', #590, 1.600000000000001643 ) ;
#906 = CIRCLE ( 'NONE', #763, 1.049999999999998268 ) ;
#907 = CARTESIAN_POINT ( 'NONE',  ( -25.00000000000000000, 0.000000000000000000, -9.000000000000000000 ) ) ;
#908 = CARTESIAN_POINT ( 'NONE',  ( 25.00000000000000000, 4.106984377564728561, 20.13017251825205989 ) ) ;
#909 = VERTEX_POINT ( 'NONE', #1186 ) ;
#910 = LINE ( 'NONE', #238, #1673 ) ;
#911 = APPROVAL_STATUS ( 'not_yet_approved' ) ;
#912 = EDGE_CURVE ( 'NONE', #569, #708, #1686, .T. ) ;
#913 = DIRECTION ( 'NONE',  ( -0.000000000000000000, -0.000000000000000000, -1.000000000000000000 ) ) ;
#914 = CARTESIAN_POINT ( 'NONE',  ( 7.545190528383283635, 14.75000000000000355, 21.86677251825205914 ) ) ;
#915 = ADVANCED_FACE ( 'NONE', ( #1479 ), #1316, .T. ) ;
#916 = VECTOR ( 'NONE', #338, 1000.000000000000000 ) ;
#917 = CARTESIAN_POINT ( 'NONE',  ( -23.00000000000000000, 33.89100396670975357, 21.86677251825205914 ) ) ;
#918 = CIRCLE ( 'NONE', #1312, 0.7365999999999970349 ) ;
#919 = PRODUCT_DEFINITION_SHAPE ( 'NONE', 'NONE',  #262 ) ;
#920 = DIRECTION ( 'NONE',  ( -1.000000000000000000, 0.000000000000000000, 0.000000000000000000 ) ) ;
#921 = ORIENTED_EDGE ( 'NONE', *, *, #815, .T. ) ;
#922 = CALENDAR_DATE ( 2023, 13, 3 ) ;
#923 = ORIENTED_EDGE ( 'NONE', *, *, #1431, .T. ) ;
#924 = DIRECTION ( 'NONE',  ( 0.000000000000000000, 0.000000000000000000, -1.000000000000000000 ) ) ;
#925 = EDGE_CURVE ( 'NONE', #995, #941, #98, .T. ) ;
#926 = ADVANCED_FACE ( 'NONE', ( #201 ), #219, .F. ) ;
#927 = DIRECTION ( 'NONE',  ( -0.000000000000000000, -0.000000000000000000, -1.000000000000000000 ) ) ;
#928 = CIRCLE ( 'NONE', #471, 1.736599999999997923 ) ;
#929 = ORIENTED_EDGE ( 'NONE', *, *, #1205, .F. ) ;
#930 = CARTESIAN_POINT ( 'NONE',  ( 13.50000000000000000, 30.00000000000000355, 21.86677251825205914 ) ) ;
#931 = EDGE_LOOP ( 'NONE', ( #1234, #54, #1531, #891 ) ) ;
#932 = DIRECTION ( 'NONE',  ( 0.000000000000000000, 0.000000000000000000, 1.000000000000000000 ) ) ;
#933 = ORIENTED_EDGE ( 'NONE', *, *, #189, .F. ) ;
#934 = CARTESIAN_POINT ( 'NONE',  ( 15.05000000000000071, 7.000000000000003553, 30.86677251825205914 ) ) ;
#935 = AXIS2_PLACEMENT_3D ( 'NONE', #247, #787, #110 ) ;
#936 = CARTESIAN_POINT ( 'NONE',  ( -25.00000000000000000, -1.000000000000000000, 10.87011754601014601 ) ) ;
#937 = EDGE_CURVE ( 'NONE', #53, #1532, #1016, .T. ) ;
#938 = VERTEX_POINT ( 'NONE', #489 ) ;
#939 = AXIS2_PLACEMENT_3D ( 'NONE', #835, #1401, #697 ) ;
#940 = LINE ( 'NONE', #221, #195 ) ;
#941 = VERTEX_POINT ( 'NONE', #756 ) ;
#942 = APPROVAL_ROLE ( '' ) ;
#943 = DIRECTION ( 'NONE',  ( -0.000000000000000000, -0.000000000000000000, -1.000000000000000000 ) ) ;
#944 = DIRECTION ( 'NONE',  ( -1.000000000000000000, 0.000000000000000000, 0.000000000000000000 ) ) ;
#945 = CARTESIAN_POINT ( 'NONE',  ( 0.000000000000000000, -1.000000000000000000, 9.099999999999999645 ) ) ;
#946 = VECTOR ( 'NONE', #1424, 1000.000000000000000 ) ;
#947 = ORIENTED_EDGE ( 'NONE', *, *, #998, .F. ) ;
#948 = AXIS2_PLACEMENT_3D ( 'NONE', #594, #620, #1726 ) ;
#949 = CARTESIAN_POINT ( 'NONE',  ( -6.050000000000000711, 18.50000000000000355, 21.86677251825205914 ) ) ;
#950 = VERTEX_POINT ( 'NONE', #1052 ) ;
#951 = AXIS2_PLACEMENT_3D ( 'NONE', #138, #1406, #3 ) ;
#952 = EDGE_LOOP ( 'NONE', ( #1122, #197 ) ) ;
#953 = EDGE_CURVE ( 'NONE', #1241, #1365, #1044, .T. ) ;
#954 = EDGE_CURVE ( 'NONE', #788, #298, #56, .T. ) ;
#955 =( GEOMETRIC_REPRESENTATION_CONTEXT ( 3 ) GLOBAL_UNCERTAINTY_ASSIGNED_CONTEXT ( ( #895 ) ) GLOBAL_UNIT_ASSIGNED_CONTEXT ( ( #797, #101, #648 ) ) REPRESENTATION_CONTEXT ( 'NONE', 'WORKASPACE' ) );
#956 = DIRECTION ( 'NONE',  ( -1.000000000000000000, 0.000000000000000000, 0.000000000000000000 ) ) ;
#957 = VERTEX_POINT ( 'NONE', #68 ) ;
#958 = CARTESIAN_POINT ( 'NONE',  ( -7.545190528383287187, 14.75000000000000178, 20.86677251825205914 ) ) ;
#959 = CYLINDRICAL_SURFACE ( 'NONE', #629, 2.000000000000001776 ) ;
#960 = CARTESIAN_POINT ( 'NONE',  ( -17.50000000000000000, -1.000000000000000000, -4.000000000000000000 ) ) ;
#961 = CIRCLE ( 'NONE', #331, 1.049999999999996270 ) ;
#962 = APPROVAL_ROLE ( '' ) ;
#963 = DIRECTION ( 'NONE',  ( 0.000000000000000000, 1.000000000000000000, 0.000000000000000000 ) ) ;
#964 = ADVANCED_FACE ( 'NONE', ( #613 ), #1607, .F. ) ;
#965 = EDGE_LOOP ( 'NONE', ( #1099, #1224, #1582, #264, #156, #1718 ) ) ;
#966 = VERTEX_POINT ( 'NONE', #228 ) ;
#967 = DIRECTION ( 'NONE',  ( 0.000000000000000000, 0.000000000000000000, -1.000000000000000000 ) ) ;
#968 = DIRECTION ( 'NONE',  ( -0.000000000000000000, -0.000000000000000000, -1.000000000000000000 ) ) ;
#969 = DIRECTION ( 'NONE',  ( -1.000000000000000000, -0.000000000000000000, -0.000000000000000000 ) ) ;
#970 = EDGE_LOOP ( 'NONE', ( #859, #90 ) ) ;
#971 = EDGE_LOOP ( 'NONE', ( #351, #186 ) ) ;
#972 = DATE_AND_TIME ( #1115, #1014 ) ;
#973 = DIRECTION ( 'NONE',  ( -1.000000000000000000, 0.000000000000000000, 0.000000000000000000 ) ) ;
#974 = ORIENTED_EDGE ( 'NONE', *, *, #901, .F. ) ;
#975 = FACE_OUTER_BOUND ( 'NONE', #1681, .T. ) ;
#976 = CARTESIAN_POINT ( 'NONE',  ( 6.495190528383287365, 14.75000000000000355, 30.86677251825205914 ) ) ;
#977 = AXIS2_PLACEMENT_3D ( 'NONE', #1140, #1317, #178 ) ;
#978 = FACE_OUTER_BOUND ( 'NONE', #720, .T. ) ;
#979 = ORIENTED_EDGE ( 'NONE', *, *, #1238, .F. ) ;
#980 = ORIENTED_EDGE ( 'NONE', *, *, #1176, .F. ) ;
#981 = AXIS2_PLACEMENT_3D ( 'NONE', #583, #1145, #558 ) ;
#982 = FACE_OUTER_BOUND ( 'NONE', #757, .T. ) ;
#983 = AXIS2_PLACEMENT_3D ( 'NONE', #1535, #1274, #18 ) ;
#984 = CARTESIAN_POINT ( 'NONE',  ( 23.00000000000000000, 33.89100396670975357, 21.86677251825205914 ) ) ;
#985 = CARTESIAN_POINT ( 'NONE',  ( 17.50000000000000000, -1.000000000000000000, -4.000000000000000000 ) ) ;
#986 = EDGE_CURVE ( 'NONE', #1532, #1326, #174, .T. ) ;
#987 = CARTESIAN_POINT ( 'NONE',  ( 25.00000000000000000, 3.414806793093837278, 20.38210455582574454 ) ) ;
#988 = EDGE_LOOP ( 'NONE', ( #596, #668 ) ) ;
#989 = ORIENTED_EDGE ( 'NONE', *, *, #1633, .T. ) ;
#990 = DIRECTION ( 'NONE',  ( 0.000000000000000000, 0.000000000000000000, -1.000000000000000000 ) ) ;
#991 = DIRECTION ( 'NONE',  ( -0.000000000000000000, 1.000000000000000000, -0.000000000000000000 ) ) ;
#992 = CARTESIAN_POINT ( 'NONE',  ( -13.50000000000000000, 7.000000000000003553, 20.86677251825205914 ) ) ;
#993 = ADVANCED_FACE ( 'NONE', ( #1590 ), #871, .F. ) ;
#994 = FACE_OUTER_BOUND ( 'NONE', #323, .T. ) ;
#995 = VERTEX_POINT ( 'NONE', #766 ) ;
#996 = VERTEX_POINT ( 'NONE', #347 ) ;
#997 = AXIS2_PLACEMENT_3D ( 'NONE', #676, #556, #152 ) ;
#998 = EDGE_CURVE ( 'NONE', #1001, #1473, #371, .T. ) ;
#999 = DIRECTION ( 'NONE',  ( -0.000000000000000000, -0.000000000000000000, -1.000000000000000000 ) ) ;
#1000 = CARTESIAN_POINT ( 'NONE',  ( 5.445190528383291984, 22.25000000000000000, 30.86677251825205914 ) ) ;
#1001 = VERTEX_POINT ( 'NONE', #131 ) ;
#1002 = DIRECTION ( 'NONE',  ( -1.000000000000000000, -0.000000000000000000, -0.000000000000000000 ) ) ;
#1003 = DIRECTION ( 'NONE',  ( -1.000000000000000000, 0.000000000000000000, 0.000000000000000000 ) ) ;
#1004 = EDGE_LOOP ( 'NONE', ( #1030, #874 ) ) ;
#1005 = ORIENTED_EDGE ( 'NONE', *, *, #1297, .T. ) ;
#1006 = AXIS2_PLACEMENT_3D ( 'NONE', #1298, #1716, #1017 ) ;
#1007 = CARTESIAN_POINT ( 'NONE',  ( -11.94999999999999929, 30.00000000000000355, 20.86677251825205914 ) ) ;
#1008 = CIRCLE ( 'NONE', #237, 1.550000000000000933 ) ;
#1009 = EDGE_CURVE ( 'NONE', #21, #1300, #600, .T. ) ;
#1010 = AXIS2_PLACEMENT_3D ( 'NONE', #436, #153, #1552 ) ;
#1011 = FACE_OUTER_BOUND ( 'NONE', #1439, .T. ) ;
#1012 = EDGE_LOOP ( 'NONE', ( #1336, #1492, #904, #570 ) ) ;
#1013 = ORIENTED_EDGE ( 'NONE', *, *, #1151, .F. ) ;
#1014 = LOCAL_TIME ( 10, 39, 13.00000000000000000, #1383 ) ;
#1015 = LINE ( 'NONE', #1613, #916 ) ;
#1016 = LINE ( 'NONE', #737, #1714 ) ;
#1017 = DIRECTION ( 'NONE',  ( 0.000000000000000000, 0.3420201433256631063, 0.9396926207859104263 ) ) ;
#1018 = ORIENTED_EDGE ( 'NONE', *, *, #184, .T. ) ;
#1019 = ORIENTED_EDGE ( 'NONE', *, *, #1477, .F. ) ;
#1020 = CYLINDRICAL_SURFACE ( 'NONE', #839, 1.049999999999998268 ) ;
#1021 = DIRECTION ( 'NONE',  ( 0.000000000000000000, 0.000000000000000000, 1.000000000000000000 ) ) ;
#1022 = EDGE_CURVE ( 'NONE', #451, #996, #1219, .T. ) ;
#1023 = ORIENTED_EDGE ( 'NONE', *, *, #1667, .T. ) ;
#1024 = CARTESIAN_POINT ( 'NONE',  ( 25.00000000000000000, -1.000000000000000000, -9.000000000000000000 ) ) ;
#1025 = CARTESIAN_POINT ( 'NONE',  ( -17.50000000000000000, 0.000000000000000000, -4.000000000000000000 ) ) ;
#1026 = DIRECTION ( 'NONE',  ( 0.000000000000000000, 0.000000000000000000, -1.000000000000000000 ) ) ;
#1027 = ORIENTED_EDGE ( 'NONE', *, *, #669, .T. ) ;
#1028 = LINE ( 'NONE', #40, #500 ) ;
#1029 = DIRECTION ( 'NONE',  ( -0.000000000000000000, -0.000000000000000000, -1.000000000000000000 ) ) ;
#1030 = ORIENTED_EDGE ( 'NONE', *, *, #1067, .T. ) ;
#1031 = EDGE_CURVE ( 'NONE', #1290, #1615, #1626, .T. ) ;
#1032 = AXIS2_PLACEMENT_3D ( 'NONE', #375, #519, #1225 ) ;
#1033 = DIRECTION ( 'NONE',  ( 0.000000000000000000, 1.000000000000000000, 0.000000000000000000 ) ) ;
#1034 = CARTESIAN_POINT ( 'NONE',  ( -25.00000000000000000, 35.89100396670976068, 21.86677251825205914 ) ) ;
#1035 = LINE ( 'NONE', #1599, #1309 ) ;
#1036 = ORIENTED_EDGE ( 'NONE', *, *, #1719, .T. ) ;
#1037 = CARTESIAN_POINT ( 'NONE',  ( -23.00000000000000000, 33.89100396670975357, 20.86677251825205914 ) ) ;
#1038 = DIRECTION ( 'NONE',  ( -1.000000000000000000, 0.000000000000000000, 0.000000000000000000 ) ) ;
#1039 = VERTEX_POINT ( 'NONE', #936 ) ;
#1040 = CIRCLE ( 'NONE', #711, 1.550000000000000933 ) ;
#1041 = ORIENTED_EDGE ( 'NONE', *, *, #1031, .F. ) ;
#1042 = DIRECTION ( 'NONE',  ( -1.000000000000000000, 0.000000000000000000, 0.000000000000000000 ) ) ;
#1043 = AXIS2_PLACEMENT_3D ( 'NONE', #1321, #74, #617 ) ;
#1044 = LINE ( 'NONE', #1306, #1423 ) ;
#1045 = ADVANCED_FACE ( 'NONE', ( #1660 ), #1489, .F. ) ;
#1046 = EDGE_CURVE ( 'NONE', #1467, #796, #516, .T. ) ;
#1047 = ORIENTED_EDGE ( 'NONE', *, *, #1205, .T. ) ;
#1048 = CARTESIAN_POINT ( 'NONE',  ( -6.495190528383290030, 14.75000000000000178, 30.86677251825205914 ) ) ;
#1049 = FACE_OUTER_BOUND ( 'NONE', #466, .T. ) ;
#1050 = VERTEX_POINT ( 'NONE', #651 ) ;
#1051 = CARTESIAN_POINT ( 'NONE',  ( 24.99999999999999645, 2.475114172307920413, 20.72412469915141031 ) ) ;
#1052 = CARTESIAN_POINT ( 'NONE',  ( 11.94999999999999929, 7.000000000000003553, 20.86677251825205914 ) ) ;
#1053 = VERTEX_POINT ( 'NONE', #526 ) ;
#1054 = EDGE_CURVE ( 'NONE', #1358, #324, #1520, .T. ) ;
#1055 = DIRECTION ( 'NONE',  ( -1.000000000000000000, 0.000000000000000000, 0.000000000000000000 ) ) ;
#1056 = ADVANCED_FACE ( 'NONE', ( #1495 ), #140, .F. ) ;
#1057 = CARTESIAN_POINT ( 'NONE',  ( -6.495190528383282924, 22.25000000000000000, 20.86677251825205914 ) ) ;
#1058 = CARTESIAN_POINT ( 'NONE',  ( 15.05000000000000249, 30.00000000000000355, 30.86677251825205914 ) ) ;
#1059 = ORIENTED_EDGE ( 'NONE', *, *, #1348, .F. ) ;
#1060 = CARTESIAN_POINT ( 'NONE',  ( -25.00000000000000000, 3.591211504919462616, 20.86677251825205914 ) ) ;
#1061 = DIRECTION ( 'NONE',  ( -1.000000000000000000, 0.000000000000000000, 0.000000000000000000 ) ) ;
#1062 = DIRECTION ( 'NONE',  ( 0.000000000000000000, 0.000000000000000000, 1.000000000000000000 ) ) ;
#1063 = ADVANCED_FACE ( 'NONE', ( #508 ), #959, .T. ) ;
#1064 = ORIENTED_EDGE ( 'NONE', *, *, #1697, .F. ) ;
#1065 = DIRECTION ( 'NONE',  ( 1.000000000000000000, 0.000000000000000000, 0.000000000000000000 ) ) ;
#1066 = ORIENTED_EDGE ( 'NONE', *, *, #148, .T. ) ;
#1067 = EDGE_CURVE ( 'NONE', #1300, #21, #1453, .T. ) ;
#1068 = EDGE_CURVE ( 'NONE', #1136, #485, #1568, .T. ) ;
#1069 = AXIS2_PLACEMENT_3D ( 'NONE', #1129, #1690, #431 ) ;
#1070 = CARTESIAN_POINT ( 'NONE',  ( -2.707571122453044367E-15, 26.00000000000000355, 20.86677251825205914 ) ) ;
#1071 = AXIS2_PLACEMENT_3D ( 'NONE', #1296, #1033, #486 ) ;
#1072 = PLANE ( 'NONE',  #1486 ) ;
#1073 = ORIENTED_EDGE ( 'NONE', *, *, #714, .F. ) ;
#1074 = FACE_OUTER_BOUND ( 'NONE', #1585, .T. ) ;
#1075 = EDGE_LOOP ( 'NONE', ( #1421, #249 ) ) ;
#1076 = CARTESIAN_POINT ( 'NONE',  ( 0.000000000000000000, 0.000000000000000000, 0.000000000000000000 ) ) ;
#1077 = CARTESIAN_POINT ( 'NONE',  ( -17.50000000000000000, -1.000000000000000000, -4.000000000000000000 ) ) ;
#1078 = ADVANCED_FACE ( 'NONE', ( #536, #1771, #514, #800 ), #1072, .F. ) ;
#1079 = DIRECTION ( 'NONE',  ( -0.000000000000000000, -0.000000000000000000, -1.000000000000000000 ) ) ;
#1080 = CARTESIAN_POINT ( 'NONE',  ( 13.50000000000000000, 7.000000000000003553, 30.86677251825205914 ) ) ;
#1081 = CIRCLE ( 'NONE', #1323, 6.049999999999999822 ) ;
#1082 = FACE_OUTER_BOUND ( 'NONE', #885, .T. ) ;
#1083 = ORIENTED_EDGE ( 'NONE', *, *, #1162, .F. ) ;
#1084 = DIRECTION ( 'NONE',  ( -0.000000000000000000, -0.000000000000000000, -1.000000000000000000 ) ) ;
#1085 = ORIENTED_EDGE ( 'NONE', *, *, #879, .T. ) ;
#1086 = CARTESIAN_POINT ( 'NONE',  ( 0.000000000000000000, 0.000000000000000000, 20.86677251825205914 ) ) ;
#1087 = CC_DESIGN_PERSON_AND_ORGANIZATION_ASSIGNMENT ( #1201, #522, ( #1105 ) ) ;
#1088 = VECTOR ( 'NONE', #703, 1000.000000000000000 ) ;
#1089 = DIRECTION ( 'NONE',  ( -0.000000000000000000, -0.000000000000000000, -1.000000000000000000 ) ) ;
#1090 = EDGE_CURVE ( 'NONE', #1254, #827, #253, .T. ) ;
#1091 = LINE ( 'NONE', #568, #1682 ) ;
#1092 = ORIENTED_EDGE ( 'NONE', *, *, #254, .F. ) ;
#1093 = PERSON_AND_ORGANIZATION ( #95, #180 ) ;
#1094 = LINE ( 'NONE', #821, #1088 ) ;
#1095 = DIRECTION ( 'NONE',  ( -0.000000000000000000, -0.000000000000000000, -1.000000000000000000 ) ) ;
#1096 = VECTOR ( 'NONE', #621, 1000.000000000000000 ) ;
#1097 = DIRECTION ( 'NONE',  ( -0.000000000000000000, -0.000000000000000000, -1.000000000000000000 ) ) ;
#1098 = CIRCLE ( 'NONE', #1715, 1.600000000000001643 ) ;
#1099 = ORIENTED_EDGE ( 'NONE', *, *, #419, .T. ) ;
#1100 = AXIS2_PLACEMENT_3D ( 'NONE', #458, #612, #1042 ) ;
#1101 = ADVANCED_FACE ( 'NONE', ( #1782 ), #1512, .F. ) ;
#1102 = CARTESIAN_POINT ( 'NONE',  ( -23.00000000000000000, -1.000000000000000000, -9.000000000000000000 ) ) ;
#1103 = ORIENTED_EDGE ( 'NONE', *, *, #302, .T. ) ;
#1104 = CIRCLE ( 'NONE', #1347, 1.736599999999997923 ) ;
#1105 = PRODUCT_DEFINITION_FORMATION_WITH_SPECIFIED_SOURCE ( '任何', '', #715, .NOT_KNOWN. ) ;
#1106 = PLANE ( 'NONE',  #732 ) ;
#1107 = CARTESIAN_POINT ( 'NONE',  ( 0.000000000000000000, -0.8952702052568125568, 11.46406972690949111 ) ) ;
#1108 = VERTEX_POINT ( 'NONE', #390 ) ;
#1109 = LINE ( 'NONE', #165, #1752 ) ;
#1110 = ADVANCED_BREP_SHAPE_REPRESENTATION ( '编码器底座2_313', ( #1123, #1459 ), #955 ) ;
#1111 = VERTEX_POINT ( 'NONE', #1370 ) ;
#1112 = FACE_OUTER_BOUND ( 'NONE', #1649, .T. ) ;
#1113 = ORIENTED_EDGE ( 'NONE', *, *, #1588, .T. ) ;
#1114 = EDGE_CURVE ( 'NONE', #1612, #547, #663, .T. ) ;
#1115 = CALENDAR_DATE ( 2023, 13, 3 ) ;
#1116 = DIRECTION ( 'NONE',  ( -1.000000000000000000, -7.345289713370191617E-17, 0.000000000000000000 ) ) ;
#1117 = VECTOR ( 'NONE', #359, 1000.000000000000000 ) ;
#1118 = DIRECTION ( 'NONE',  ( -1.000000000000000000, 0.000000000000000000, 0.000000000000000000 ) ) ;
#1119 = DIRECTION ( 'NONE',  ( 0.000000000000000000, 0.000000000000000000, -1.000000000000000000 ) ) ;
#1120 = CARTESIAN_POINT ( 'NONE',  ( 24.99999999999999645, 4.106984377564726785, 20.86677251825206625 ) ) ;
#1121 = EDGE_LOOP ( 'NONE', ( #198, #1733 ) ) ;
#1122 = ORIENTED_EDGE ( 'NONE', *, *, #1126, .F. ) ;
#1123 = MANIFOLD_SOLID_BREP ( '圆角1', #1738 ) ;
#1124 = DIRECTION ( 'NONE',  ( 1.000000000000000000, 0.000000000000000000, 0.000000000000000000 ) ) ;
#1125 = DIRECTION ( 'NONE',  ( 0.000000000000000000, 0.000000000000000000, 1.000000000000000000 ) ) ;
#1126 = EDGE_CURVE ( 'NONE', #547, #781, #654, .T. ) ;
#1127 = EDGE_CURVE ( 'NONE', #298, #634, #1670, .T. ) ;
#1128 = CARTESIAN_POINT ( 'NONE',  ( -17.50000000000000000, -1.000000000000000000, -4.000000000000000000 ) ) ;
#1129 = CARTESIAN_POINT ( 'NONE',  ( -23.00000000000000000, 0.000000000000000000, -9.000000000000000000 ) ) ;
#1130 = ORIENTED_EDGE ( 'NONE', *, *, #740, .T. ) ;
#1131 = ORIENTED_EDGE ( 'NONE', *, *, #1335, .F. ) ;
#1132 = AXIS2_PLACEMENT_3D ( 'NONE', #1566, #284, #319 ) ;
#1133 = DIRECTION ( 'NONE',  ( 0.000000000000000000, -0.000000000000000000, 1.000000000000000000 ) ) ;
#1134 = VECTOR ( 'NONE', #404, 1000.000000000000114 ) ;
#1135 = DIRECTION ( 'NONE',  ( 0.000000000000000000, 0.000000000000000000, -1.000000000000000000 ) ) ;
#1136 = VERTEX_POINT ( 'NONE', #1422 ) ;
#1137 = EDGE_CURVE ( 'NONE', #1666, #1001, #1192, .T. ) ;
#1138 = FACE_OUTER_BOUND ( 'NONE', #1012, .T. ) ;
#1139 = EDGE_CURVE ( 'NONE', #70, #446, #518, .T. ) ;
#1140 = CARTESIAN_POINT ( 'NONE',  ( -13.50000000000000000, 30.00000000000000355, 30.86677251825205914 ) ) ;
#1141 = ORIENTED_EDGE ( 'NONE', *, *, #1618, .F. ) ;
#1142 = ORIENTED_EDGE ( 'NONE', *, *, #1388, .F. ) ;
#1143 = CARTESIAN_POINT ( 'NONE',  ( -25.00000000000000000, 0.000000000000000000, 10.87011754601014601 ) ) ;
#1144 = CARTESIAN_POINT ( 'NONE',  ( 13.50000000000000000, 7.000000000000003553, 21.86677251825205914 ) ) ;
#1145 = DIRECTION ( 'NONE',  ( 0.000000000000000000, 1.000000000000000000, 0.000000000000000000 ) ) ;
#1146 = VECTOR ( 'NONE', #273, 1000.000000000000000 ) ;
#1147 = EDGE_CURVE ( 'NONE', #520, #298, #861, .T. ) ;
#1148 = DIRECTION ( 'NONE',  ( -0.000000000000000000, -0.000000000000000000, -1.000000000000000000 ) ) ;
#1149 = EDGE_CURVE ( 'NONE', #1111, #950, #348, .T. ) ;
#1150 = AXIS2_PLACEMENT_3D ( 'NONE', #1361, #523, #496 ) ;
#1151 = EDGE_CURVE ( 'NONE', #265, #1053, #1688, .T. ) ;
#1152 = ORIENTED_EDGE ( 'NONE', *, *, #660, .F. ) ;
#1153 = ORIENTED_EDGE ( 'NONE', *, *, #1090, .T. ) ;
#1154 = CIRCLE ( 'NONE', #997, 1.049999999999996270 ) ;
#1155 = CYLINDRICAL_SURFACE ( 'NONE', #469, 1.600000000000000755 ) ;
#1156 = DIRECTION ( 'NONE',  ( -0.000000000000000000, -0.000000000000000000, -1.000000000000000000 ) ) ;
#1157 = ORIENTED_EDGE ( 'NONE', *, *, #1068, .F. ) ;
#1158 = CARTESIAN_POINT ( 'NONE',  ( 25.00000000000000000, 2.651518884133551968, 21.20879266157772136 ) ) ;
#1159 = CARTESIAN_POINT ( 'NONE',  ( 25.00000000000000000, 33.89100396670975357, 20.86677251825205914 ) ) ;
#1160 = ORIENTED_EDGE ( 'NONE', *, *, #130, .T. ) ;
#1161 = ORIENTED_EDGE ( 'NONE', *, *, #1608, .T. ) ;
#1162 = EDGE_CURVE ( 'NONE', #579, #53, #457, .T. ) ;
#1163 = VECTOR ( 'NONE', #1337, 1000.000000000000000 ) ;
#1164 = CARTESIAN_POINT ( 'NONE',  ( -25.00000000000000000, 4.106984377564730337, 20.86677251825206625 ) ) ;
#1165 = CIRCLE ( 'NONE', #490, 1.550000000000002709 ) ;
#1166 = CIRCLE ( 'NONE', #521, 0.7365999999999991443 ) ;
#1167 = CYLINDRICAL_SURFACE ( 'NONE', #493, 1.736599999999997923 ) ;
#1168 = ORIENTED_EDGE ( 'NONE', *, *, #1335, .T. ) ;
#1169 = CARTESIAN_POINT ( 'NONE',  ( 6.495190528383287365, 14.75000000000000355, 20.86677251825205914 ) ) ;
#1170 = DIRECTION ( 'NONE',  ( -1.000000000000000000, 0.000000000000000000, 0.000000000000000000 ) ) ;
#1171 = CARTESIAN_POINT ( 'NONE',  ( 17.50000000000000000, -1.000000000000000000, -5.600000000000001421 ) ) ;
#1172 = EDGE_LOOP ( 'NONE', ( #1271, #1523, #745, #450 ) ) ;
#1173 = FACE_OUTER_BOUND ( 'NONE', #1382, .T. ) ;
#1174 = DIRECTION ( 'NONE',  ( 0.000000000000000000, 1.000000000000000000, 0.000000000000000000 ) ) ;
#1175 = ORIENTED_EDGE ( 'NONE', *, *, #726, .F. ) ;
#1176 = EDGE_CURVE ( 'NONE', #708, #1358, #430, .T. ) ;
#1177 = DIRECTION ( 'NONE',  ( 0.000000000000000000, 0.000000000000000000, 1.000000000000000000 ) ) ;
#1178 = DIRECTION ( 'NONE',  ( 0.000000000000000000, 0.000000000000000000, 1.000000000000000000 ) ) ;
#1179 = CARTESIAN_POINT ( 'NONE',  ( -13.50000000000000000, 30.00000000000000355, 20.86677251825205914 ) ) ;
#1180 = ORIENTED_EDGE ( 'NONE', *, *, #1676, .T. ) ;
#1181 = CARTESIAN_POINT ( 'NONE',  ( 25.00000000000000000, 3.686287386450715076E-15, 10.87011754601014601 ) ) ;
#1182 = LINE ( 'NONE', #241, #270 ) ;
#1183 = EDGE_LOOP ( 'NONE', ( #624, #1153, #1113, #1561 ) ) ;
#1184 = EDGE_CURVE ( 'NONE', #1241, #1314, #1098, .T. ) ;
#1185 = CARTESIAN_POINT ( 'NONE',  ( -5.445190528383284878, 22.25000000000000000, 21.86677251825205914 ) ) ;
#1186 = CARTESIAN_POINT ( 'NONE',  ( 5.445190528383291095, 14.75000000000000355, 21.86677251825205914 ) ) ;
#1187 = VERTEX_POINT ( 'NONE', #36 ) ;
#1188 = DIRECTION ( 'NONE',  ( -1.000000000000000000, 0.000000000000000000, 0.000000000000000000 ) ) ;
#1189 = DIRECTION ( 'NONE',  ( 0.000000000000000000, -1.000000000000000000, 0.000000000000000000 ) ) ;
#1190 = EDGE_LOOP ( 'NONE', ( #286, #1161 ) ) ;
#1191 = AXIS2_PLACEMENT_3D ( 'NONE', #1363, #542, #1356 ) ;
#1192 = CIRCLE ( 'NONE', #211, 1.049999999999997158 ) ;
#1193 = CARTESIAN_POINT ( 'NONE',  ( 17.50000000000000000, -1.000000000000000000, -4.000000000000000000 ) ) ;
#1194 = CIRCLE ( 'NONE', #1572, 1.049999999999997158 ) ;
#1195 = ORIENTED_EDGE ( 'NONE', *, *, #1746, .T. ) ;
#1196 = ADVANCED_FACE ( 'NONE', ( #1138 ), #833, .F. ) ;
#1197 = LOCAL_TIME ( 10, 39, 13.00000000000000000, #378 ) ;
#1198 = DIRECTION ( 'NONE',  ( 0.000000000000000000, 1.000000000000000000, 0.000000000000000000 ) ) ;
#1199 = EDGE_CURVE ( 'NONE', #957, #770, #1397, .T. ) ;
#1200 = FACE_OUTER_BOUND ( 'NONE', #1376, .T. ) ;
#1201 = PERSON_AND_ORGANIZATION ( #95, #180 ) ;
#1202 = ORIENTED_EDGE ( 'NONE', *, *, #158, .F. ) ;
#1203 = FACE_BOUND ( 'NONE', #1380, .T. ) ;
#1204 = DIRECTION ( 'NONE',  ( 0.000000000000000000, 0.000000000000000000, 1.000000000000000000 ) ) ;
#1205 = EDGE_CURVE ( 'NONE', #966, #1053, #5, .T. ) ;
#1206 = EDGE_CURVE ( 'NONE', #1448, #1358, #1109, .T. ) ;
#1207 = AXIS2_PLACEMENT_3D ( 'NONE', #1102, #665, #1232 ) ;
#1208 = DIRECTION ( 'NONE',  ( -1.000000000000000000, 0.000000000000000000, 0.000000000000000000 ) ) ;
#1209 = APPLICATION_PROTOCOL_DEFINITION ( 'international standard', 'config_control_design', 1994, #1745 ) ;
#1210 = EDGE_LOOP ( 'NONE', ( #692, #1500, #1610, #16 ) ) ;
#1211 = LINE ( 'NONE', #1060, #1223 ) ;
#1212 = DIRECTION ( 'NONE',  ( -1.000000000000000000, 0.000000000000000000, 0.000000000000000000 ) ) ;
#1213 = ORIENTED_EDGE ( 'NONE', *, *, #815, .F. ) ;
#1214 = LINE ( 'NONE', #632, #1555 ) ;
#1215 = EDGE_LOOP ( 'NONE', ( #1027, #66, #1749, #1103 ) ) ;
#1216 = ADVANCED_FACE ( 'NONE', ( #1696 ), #146, .F. ) ;
#1217 = APPROVAL_DATE_TIME ( #1499, #1344 ) ;
#1218 = EDGE_LOOP ( 'NONE', ( #1018, #75, #658, #268 ) ) ;
#1219 = CIRCLE ( 'NONE', #289, 1.049999999999998268 ) ;
#1220 = PLANE ( 'NONE',  #214 ) ;
#1221 = AXIS2_PLACEMENT_3D ( 'NONE', #19, #705, #190 ) ;
#1222 = CARTESIAN_POINT ( 'NONE',  ( 6.049999999999998934, 18.50000000000000355, 30.86677251825205914 ) ) ;
#1223 = VECTOR ( 'NONE', #513, 1000.000000000000000 ) ;
#1224 = ORIENTED_EDGE ( 'NONE', *, *, #1331, .T. ) ;
#1225 = DIRECTION ( 'NONE',  ( -1.000000000000000000, 0.000000000000000000, 0.000000000000000000 ) ) ;
#1226 = VERTEX_POINT ( 'NONE', #437 ) ;
#1227 = ORIENTED_EDGE ( 'NONE', *, *, #1546, .F. ) ;
#1228 = FACE_BOUND ( 'NONE', #811, .T. ) ;
#1229 = DIRECTION ( 'NONE',  ( -1.000000000000000000, 0.000000000000000000, 0.000000000000000000 ) ) ;
#1230 = AXIS2_PLACEMENT_3D ( 'NONE', #1037, #1465, #710 ) ;
#1231 = ORIENTED_EDGE ( 'NONE', *, *, #1331, .F. ) ;
#1232 = DIRECTION ( 'NONE',  ( 0.000000000000000000, 0.000000000000000000, 1.000000000000000000 ) ) ;
#1233 = VERTEX_POINT ( 'NONE', #1268 ) ;
#1234 = ORIENTED_EDGE ( 'NONE', *, *, #1722, .F. ) ;
#1235 = PERSON_AND_ORGANIZATION ( #95, #180 ) ;
#1236 = DIRECTION ( 'NONE',  ( 0.000000000000000000, 0.000000000000000000, -1.000000000000000000 ) ) ;
#1237 = FACE_BOUND ( 'NONE', #31, .T. ) ;
#1238 = EDGE_CURVE ( 'NONE', #1615, #1290, #1630, .T. ) ;
#1239 = EDGE_CURVE ( 'NONE', #723, #1586, #1008, .T. ) ;
#1240 = CARTESIAN_POINT ( 'NONE',  ( -7.545190528383287187, 14.75000000000000178, 30.86677251825205914 ) ) ;
#1241 = VERTEX_POINT ( 'NONE', #12 ) ;
#1242 = CARTESIAN_POINT ( 'NONE',  ( -25.00000000000000000, 35.89100396670976068, 20.86677251825205914 ) ) ;
#1243 = ORIENTED_EDGE ( 'NONE', *, *, #1031, .T. ) ;
#1244 = ORIENTED_EDGE ( 'NONE', *, *, #1667, .F. ) ;
#1245 = CARTESIAN_POINT ( 'NONE',  ( -6.495190528383282924, 22.25000000000000000, 30.86677251825205914 ) ) ;
#1246 = VERTEX_POINT ( 'NONE', #175 ) ;
#1247 = LINE ( 'NONE', #1107, #1513 ) ;
#1248 = VECTOR ( 'NONE', #1462, 1000.000000000000000 ) ;
#1249 = DIRECTION ( 'NONE',  ( -1.000000000000000000, 0.000000000000000000, 0.000000000000000000 ) ) ;
#1250 = EDGE_CURVE ( 'NONE', #781, #547, #120, .T. ) ;
#1251 = AXIS2_PLACEMENT_3D ( 'NONE', #1713, #478, #77 ) ;
#1252 = AXIS2_PLACEMENT_3D ( 'NONE', #1070, #924, #1494 ) ;
#1253 = DIRECTION ( 'NONE',  ( 0.000000000000000000, 0.000000000000000000, -1.000000000000000000 ) ) ;
#1254 = VERTEX_POINT ( 'NONE', #234 ) ;
#1255 = CC_DESIGN_SECURITY_CLASSIFICATION ( #6, ( #1105 ) ) ;
#1256 = ORIENTED_EDGE ( 'NONE', *, *, #762, .F. ) ;
#1257 = DATE_TIME_ROLE ( 'classification_date' ) ;
#1258 = LINE ( 'NONE', #571, #1387 ) ;
#1259 = DIRECTION ( 'NONE',  ( -1.000000000000000000, 0.000000000000000000, 0.000000000000000000 ) ) ;
#1260 = DIRECTION ( 'NONE',  ( -1.000000000000000000, 0.000000000000000000, 0.000000000000000000 ) ) ;
#1261 = PLANE ( 'NONE',  #515 ) ;
#1262 = ORIENTED_EDGE ( 'NONE', *, *, #953, .T. ) ;
#1263 = ADVANCED_FACE ( 'NONE', ( #1735 ), #1334, .F. ) ;
#1264 = ADVANCED_FACE ( 'NONE', ( #896 ), #468, .F. ) ;
#1265 = DIRECTION ( 'NONE',  ( -0.000000000000000000, -0.000000000000000000, -1.000000000000000000 ) ) ;
#1266 = ORIENTED_EDGE ( 'NONE', *, *, #408, .F. ) ;
#1267 = CARTESIAN_POINT ( 'NONE',  ( 25.00000000000000000, 35.89100396670976068, 20.86677251825205914 ) ) ;
#1268 = CARTESIAN_POINT ( 'NONE',  ( -23.00000000000000000, 35.89100396670976068, 20.86677251825205914 ) ) ;
#1269 = FACE_OUTER_BOUND ( 'NONE', #931, .T. ) ;
#1270 = ORIENTED_EDGE ( 'NONE', *, *, #1431, .F. ) ;
#1271 = ORIENTED_EDGE ( 'NONE', *, *, #1628, .T. ) ;
#1272 = FACE_BOUND ( 'NONE', #1463, .T. ) ;
#1273 = EDGE_CURVE ( 'NONE', #1416, #1187, #1015, .T. ) ;
#1274 = DIRECTION ( 'NONE',  ( -0.000000000000000000, -0.000000000000000000, -1.000000000000000000 ) ) ;
#1275 = EDGE_LOOP ( 'NONE', ( #989, #1332 ) ) ;
#1276 = CARTESIAN_POINT ( 'NONE',  ( -6.495190528383290030, 14.75000000000000178, 21.86677251825205914 ) ) ;
#1277 = CIRCLE ( 'NONE', #27, 1.049999999999998268 ) ;
#1278 = DIRECTION ( 'NONE',  ( -0.000000000000000000, -0.000000000000000000, 1.000000000000000000 ) ) ;
#1279 = EDGE_LOOP ( 'NONE', ( #1005, #192 ) ) ;
#1280 = EDGE_LOOP ( 'NONE', ( #1231, #1577, #1557, #1739 ) ) ;
#1281 = VECTOR ( 'NONE', #717, 1000.000000000000114 ) ;
#1282 = DIRECTION ( 'NONE',  ( -0.000000000000000000, -0.000000000000000000, 1.000000000000000000 ) ) ;
#1283 = AXIS2_PLACEMENT_3D ( 'NONE', #1303, #1724, #1711 ) ;
#1284 = APPROVAL_PERSON_ORGANIZATION ( #531, #1344, #942 ) ;
#1285 = LINE ( 'NONE', #1267, #4 ) ;
#1286 = ORIENTED_EDGE ( 'NONE', *, *, #1320, .T. ) ;
#1287 = EDGE_CURVE ( 'NONE', #995, #1467, #362, .T. ) ;
#1288 = DIRECTION ( 'NONE',  ( -0.000000000000000000, -0.000000000000000000, -1.000000000000000000 ) ) ;
#1289 = DIRECTION ( 'NONE',  ( 0.000000000000000000, 0.000000000000000000, -1.000000000000000000 ) ) ;
#1290 = VERTEX_POINT ( 'NONE', #1185 ) ;
#1291 = VERTEX_POINT ( 'NONE', #1440 ) ;
#1292 = DIRECTION ( 'NONE',  ( -1.000000000000000000, 0.000000000000000000, 0.000000000000000000 ) ) ;
#1293 = AXIS2_PLACEMENT_3D ( 'NONE', #1710, #33, #580 ) ;
#1294 = CARTESIAN_POINT ( 'NONE',  ( 4.788417562850799158E-17, 11.00000000000000355, 30.86677251825205914 ) ) ;
#1295 = ORIENTED_EDGE ( 'NONE', *, *, #358, .T. ) ;
#1296 = CARTESIAN_POINT ( 'NONE',  ( 17.50000000000000000, -1.000000000000000000, -4.000000000000000000 ) ) ;
#1297 = EDGE_CURVE ( 'NONE', #578, #504, #1165, .T. ) ;
#1298 = CARTESIAN_POINT ( 'NONE',  ( 0.000000000000000000, -3.535331853275915037, 1.286755562845578016 ) ) ;
#1299 = AXIS2_PLACEMENT_3D ( 'NONE', #502, #99, #795 ) ;
#1300 = VERTEX_POINT ( 'NONE', #764 ) ;
#1301 = VERTEX_POINT ( 'NONE', #1747 ) ;
#1302 = PLANE ( 'NONE',  #1493 ) ;
#1303 = CARTESIAN_POINT ( 'NONE',  ( -25.00000000000000000, 0.7365999999999991443, 10.87011754601014601 ) ) ;
#1304 = VERTEX_POINT ( 'NONE', #747 ) ;
#1305 = LINE ( 'NONE', #55, #573 ) ;
#1306 = CARTESIAN_POINT ( 'NONE',  ( 17.50000000000000000, -1.000000000000000000, -2.399999999999998579 ) ) ;
#1307 = EDGE_CURVE ( 'NONE', #599, #157, #329, .T. ) ;
#1308 = CARTESIAN_POINT ( 'NONE',  ( 6.049999999999998934, 18.50000000000000355, 20.86677251825205914 ) ) ;
#1309 = VECTOR ( 'NONE', #78, 1000.000000000000000 ) ;
#1310 = DIRECTION ( 'NONE',  ( -1.000000000000000000, -0.000000000000000000, -0.000000000000000000 ) ) ;
#1311 = CIRCLE ( 'NONE', #746, 1.049999999999996270 ) ;
#1312 = AXIS2_PLACEMENT_3D ( 'NONE', #354, #1330, #1584 ) ;
#1313 = CYLINDRICAL_SURFACE ( 'NONE', #1371, 6.049999999999999822 ) ;
#1314 = VERTEX_POINT ( 'NONE', #86 ) ;
#1315 = FACE_OUTER_BOUND ( 'NONE', #593, .T. ) ;
#1316 = PLANE ( 'NONE',  #208 ) ;
#1317 = DIRECTION ( 'NONE',  ( -0.000000000000000000, -0.000000000000000000, -1.000000000000000000 ) ) ;
#1318 = PLANE ( 'NONE',  #694 ) ;
#1319 = ADVANCED_FACE ( 'NONE', ( #1315 ), #218, .F. ) ;
#1320 = EDGE_CURVE ( 'NONE', #87, #1187, #1311, .T. ) ;
#1321 = CARTESIAN_POINT ( 'NONE',  ( 25.00000000000000000, 0.7366000000000028081, 10.87011754601014601 ) ) ;
#1322 = ORIENTED_EDGE ( 'NONE', *, *, #150, .F. ) ;
#1323 = AXIS2_PLACEMENT_3D ( 'NONE', #1751, #392, #1055 ) ;
#1324 = DIRECTION ( 'NONE',  ( 0.000000000000000000, -0.9396926207859104263, 0.3420201433256629397 ) ) ;
#1325 = DIRECTION ( 'NONE',  ( 0.000000000000000000, 0.000000000000000000, -1.000000000000000000 ) ) ;
#1326 = VERTEX_POINT ( 'NONE', #625 ) ;
#1327 = CYLINDRICAL_SURFACE ( 'NONE', #225, 1.600000000000000755 ) ;
#1328 = ORIENTED_EDGE ( 'NONE', *, *, #117, .T. ) ;
#1329 = AXIS2_PLACEMENT_3D ( 'NONE', #1245, #435, #10 ) ;
#1330 = DIRECTION ( 'NONE',  ( -1.000000000000000000, -0.000000000000000000, -0.000000000000000000 ) ) ;
#1331 = EDGE_CURVE ( 'NONE', #1662, #995, #1777, .T. ) ;
#1332 = ORIENTED_EDGE ( 'NONE', *, *, #1199, .T. ) ;
#1333 = ORIENTED_EDGE ( 'NONE', *, *, #244, .F. ) ;
#1334 = CYLINDRICAL_SURFACE ( 'NONE', #948, 1.550000000000000933 ) ;
#1335 = EDGE_CURVE ( 'NONE', #1366, #265, #345, .T. ) ;
#1336 = ORIENTED_EDGE ( 'NONE', *, *, #294, .F. ) ;
#1337 = DIRECTION ( 'NONE',  ( -1.000000000000000000, -0.000000000000000000, -0.000000000000000000 ) ) ;
#1338 = ORIENTED_EDGE ( 'NONE', *, *, #1487, .F. ) ;
#1339 = DIRECTION ( 'NONE',  ( -0.000000000000000000, -0.000000000000000000, -1.000000000000000000 ) ) ;
#1340 = VERTEX_POINT ( 'NONE', #888 ) ;
#1341 = VECTOR ( 'NONE', #1737, 1000.000000000000227 ) ;
#1342 = ORIENTED_EDGE ( 'NONE', *, *, #1618, .T. ) ;
#1343 = AXIS2_PLACEMENT_3D ( 'NONE', #643, #382, #1229 ) ;
#1344 = APPROVAL ( #911, '未指定' ) ;
#1345 = VECTOR ( 'NONE', #326, 1000.000000000000000 ) ;
#1346 = FACE_BOUND ( 'NONE', #517, .T. ) ;
#1347 = AXIS2_PLACEMENT_3D ( 'NONE', #454, #742, #52 ) ;
#1348 = EDGE_CURVE ( 'NONE', #1291, #1448, #1460, .T. ) ;
#1349 = CIRCLE ( 'NONE', #780, 1.049999999999998046 ) ;
#1350 = DIRECTION ( 'NONE',  ( -0.000000000000000000, -0.000000000000000000, -1.000000000000000000 ) ) ;
#1351 = ORIENTED_EDGE ( 'NONE', *, *, #369, .T. ) ;
#1352 = CARTESIAN_POINT ( 'NONE',  ( -25.00000000000000000, 4.106984377564728561, 20.86677251825205914 ) ) ;
#1353 = CARTESIAN_POINT ( 'NONE',  ( -17.50000000000000000, -1.000000000000000000, -2.399999999999998579 ) ) ;
#1354 = FACE_BOUND ( 'NONE', #80, .T. ) ;
#1355 = VECTOR ( 'NONE', #854, 1000.000000000000000 ) ;
#1356 = DIRECTION ( 'NONE',  ( -1.000000000000000000, 0.000000000000000000, 0.000000000000000000 ) ) ;
#1357 = ADVANCED_FACE ( 'NONE', ( #1606 ), #356, .F. ) ;
#1358 = VERTEX_POINT ( 'NONE', #1051 ) ;
#1359 = DIRECTION ( 'NONE',  ( -1.000000000000000000, -7.345289713370191617E-17, 0.000000000000000000 ) ) ;
#1360 = DIRECTION ( 'NONE',  ( 0.000000000000000000, 0.000000000000000000, -1.000000000000000000 ) ) ;
#1361 = CARTESIAN_POINT ( 'NONE',  ( 13.50000000000000000, 7.000000000000003553, 21.86677251825205914 ) ) ;
#1362 = FACE_BOUND ( 'NONE', #971, .T. ) ;
#1363 = CARTESIAN_POINT ( 'NONE',  ( -13.50000000000000000, 7.000000000000003553, 21.86677251825205914 ) ) ;
#1364 = CARTESIAN_POINT ( 'NONE',  ( 13.50000000000000000, 30.00000000000000355, 30.86677251825205914 ) ) ;
#1365 = VERTEX_POINT ( 'NONE', #870 ) ;
#1366 = VERTEX_POINT ( 'NONE', #907 ) ;
#1367 = ORIENTED_EDGE ( 'NONE', *, *, #1114, .F. ) ;
#1368 = DIRECTION ( 'NONE',  ( 0.000000000000000000, 0.000000000000000000, 1.000000000000000000 ) ) ;
#1369 = AXIS2_PLACEMENT_3D ( 'NONE', #1193, #1757, #497 ) ;
#1370 = CARTESIAN_POINT ( 'NONE',  ( 15.05000000000000071, 7.000000000000003553, 20.86677251825205914 ) ) ;
#1371 = AXIS2_PLACEMENT_3D ( 'NONE', #884, #64, #610 ) ;
#1372 = APPROVAL_PERSON_ORGANIZATION ( #1093, #834, #962 ) ;
#1373 = CARTESIAN_POINT ( 'NONE',  ( 0.000000000000000000, 0.000000000000000000, 9.099999999999999645 ) ) ;
#1374 = ORIENTED_EDGE ( 'NONE', *, *, #232, .F. ) ;
#1375 = APPROVAL_ROLE ( '' ) ;
#1376 = EDGE_LOOP ( 'NONE', ( #1266, #50, #1066, #1776 ) ) ;
#1377 = ADVANCED_FACE ( 'NONE', ( #1478 ), #44, .F. ) ;
#1378 = FACE_BOUND ( 'NONE', #988, .T. ) ;
#1379 = CARTESIAN_POINT ( 'NONE',  ( -2.707571122453044367E-15, 26.00000000000000355, 21.86677251825205914 ) ) ;
#1380 = EDGE_LOOP ( 'NONE', ( #230, #587 ) ) ;
#1381 = LINE ( 'NONE', #1120, #166 ) ;
#1382 = EDGE_LOOP ( 'NONE', ( #1213, #333, #836, #1295 ) ) ;
#1383 = COORDINATED_UNIVERSAL_TIME_OFFSET ( 8, 0, .AHEAD. ) ;
#1384 = FACE_OUTER_BOUND ( 'NONE', #49, .T. ) ;
#1385 = EDGE_CURVE ( 'NONE', #579, #1326, #1305, .T. ) ;
#1386 = CYLINDRICAL_SURFACE ( 'NONE', #951, 1.049999999999998046 ) ;
#1387 = VECTOR ( 'NONE', #1265, 1000.000000000000000 ) ;
#1388 = EDGE_CURVE ( 'NONE', #788, #1039, #506, .T. ) ;
#1389 = CARTESIAN_POINT ( 'NONE',  ( 25.00000000000000000, 2.475114172307920413, 20.72412469915141031 ) ) ;
#1390 = DIRECTION ( 'NONE',  ( -1.000000000000000000, 0.000000000000000000, 0.000000000000000000 ) ) ;
#1391 = ORIENTED_EDGE ( 'NONE', *, *, #1147, .T. ) ;
#1392 = CARTESIAN_POINT ( 'NONE',  ( 6.495190528383287365, 14.75000000000000355, 30.86677251825205914 ) ) ;
#1393 = DIRECTION ( 'NONE',  ( -1.000000000000000000, 0.000000000000000000, 0.000000000000000000 ) ) ;
#1394 = EDGE_CURVE ( 'NONE', #1666, #1653, #1519, .T. ) ;
#1395 = AXIS2_PLACEMENT_3D ( 'NONE', #1470, #1350, #1170 ) ;
#1396 = DIRECTION ( 'NONE',  ( 0.000000000000000000, 1.000000000000000000, -0.000000000000000000 ) ) ;
#1397 = CIRCLE ( 'NONE', #775, 1.049999999999998046 ) ;
#1398 = EDGE_CURVE ( 'NONE', #157, #1246, #401, .T. ) ;
#1399 = EDGE_CURVE ( 'NONE', #1290, #828, #774, .T. ) ;
#1400 = AXIS2_PLACEMENT_3D ( 'NONE', #113, #172, #1525 ) ;
#1401 = DIRECTION ( 'NONE',  ( 1.000000000000000000, 7.345289713370191617E-17, -0.000000000000000000 ) ) ;
#1402 = ORIENTED_EDGE ( 'NONE', *, *, #637, .T. ) ;
#1403 = VECTOR ( 'NONE', #386, 1000.000000000000000 ) ;
#1404 = ORIENTED_EDGE ( 'NONE', *, *, #1176, .T. ) ;
#1405 = LINE ( 'NONE', #136, #364 ) ;
#1406 = DIRECTION ( 'NONE',  ( -0.000000000000000000, -0.000000000000000000, -1.000000000000000000 ) ) ;
#1407 = CARTESIAN_POINT ( 'NONE',  ( -25.00000000000000000, 4.336808689942017736E-16, 11.00000000000000000 ) ) ;
#1408 = EDGE_CURVE ( 'NONE', #1291, #708, #791, .T. ) ;
#1409 = CARTESIAN_POINT ( 'NONE',  ( 11.94999999999999929, 7.000000000000003553, 21.86677251825205914 ) ) ;
#1410 = ORIENTED_EDGE ( 'NONE', *, *, #464, .T. ) ;
#1411 = ORIENTED_EDGE ( 'NONE', *, *, #1126, .T. ) ;
#1412 = CARTESIAN_POINT ( 'NONE',  ( -6.050000000000000711, 18.50000000000000355, 30.86677251825205914 ) ) ;
#1413 = DIRECTION ( 'NONE',  ( 0.000000000000000000, 0.000000000000000000, 1.000000000000000000 ) ) ;
#1414 = DIRECTION ( 'NONE',  ( -1.000000000000000000, 0.000000000000000000, 0.000000000000000000 ) ) ;
#1415 = CARTESIAN_POINT ( 'NONE',  ( -11.94999999999999929, 7.000000000000003553, 20.86677251825205914 ) ) ;
#1416 = VERTEX_POINT ( 'NONE', #914 ) ;
#1417 = EDGE_LOOP ( 'NONE', ( #1270, #719, #336, #673 ) ) ;
#1418 = ADVANCED_FACE ( 'NONE', ( #1797, #1780, #1650, #1228, #1642, #1789, #389, #1362, #1770, #1378, #782, #1511 ), #1220, .T. ) ;
#1419 = CARTESIAN_POINT ( 'NONE',  ( -17.50000000000000000, -1.000000000000000000, -4.000000000000000000 ) ) ;
#1420 = CARTESIAN_POINT ( 'NONE',  ( -8.706009237320110307E-16, 18.50000000000000355, 21.86677251825205914 ) ) ;
#1421 = ORIENTED_EDGE ( 'NONE', *, *, #464, .F. ) ;
#1422 = CARTESIAN_POINT ( 'NONE',  ( -15.05000000000000071, 30.00000000000000355, 21.86677251825205914 ) ) ;
#1423 = VECTOR ( 'NONE', #605, 1000.000000000000000 ) ;
#1424 = DIRECTION ( 'NONE',  ( 0.000000000000000000, 1.000000000000000000, 0.000000000000000000 ) ) ;
#1425 = ORIENTED_EDGE ( 'NONE', *, *, #1009, .F. ) ;
#1426 = ORIENTED_EDGE ( 'NONE', *, *, #148, .F. ) ;
#1427 = AXIS2_PLACEMENT_3D ( 'NONE', #524, #662, #1368 ) ;
#1428 = DIRECTION ( 'NONE',  ( -0.000000000000000000, -0.000000000000000000, -1.000000000000000000 ) ) ;
#1429 = AXIS2_PLACEMENT_3D ( 'NONE', #427, #283, #1413 ) ;
#1430 = CARTESIAN_POINT ( 'NONE',  ( 25.00000000000000000, 3.414806793093830617, 20.38210455582574454 ) ) ;
#1431 = EDGE_CURVE ( 'NONE', #1550, #1111, #541, .T. ) ;
#1432 = ORIENTED_EDGE ( 'NONE', *, *, #1546, .T. ) ;
#1433 = CARTESIAN_POINT ( 'NONE',  ( -25.00000000000000000, -1.000000000000000000, -11.00000000000000000 ) ) ;
#1434 = DIRECTION ( 'NONE',  ( 0.000000000000000000, 0.000000000000000000, 1.000000000000000000 ) ) ;
#1435 = EDGE_LOOP ( 'NONE', ( #820, #1503 ) ) ;
#1436 = ORIENTED_EDGE ( 'NONE', *, *, #1297, .F. ) ;
#1437 = DIRECTION ( 'NONE',  ( -0.000000000000000000, -0.000000000000000000, -1.000000000000000000 ) ) ;
#1438 = DIRECTION ( 'NONE',  ( -1.000000000000000000, 0.000000000000000000, 0.000000000000000000 ) ) ;
#1439 = EDGE_LOOP ( 'NONE', ( #1793, #169, #377, #1333 ) ) ;
#1440 = CARTESIAN_POINT ( 'NONE',  ( 25.00000000000000000, 0.04442241552910192182, 11.12204958358382889 ) ) ;
#1441 = CIRCLE ( 'NONE', #640, 1.600000000000000755 ) ;
#1442 = CARTESIAN_POINT ( 'NONE',  ( 23.00000000000000000, -1.000000000000000000, -11.00000000000000000 ) ) ;
#1443 = FACE_OUTER_BOUND ( 'NONE', #217, .T. ) ;
#1444 = CIRCLE ( 'NONE', #642, 1.600000000000000755 ) ;
#1445 = EDGE_LOOP ( 'NONE', ( #22, #707, #481, #537 ) ) ;
#1446 = CARTESIAN_POINT ( 'NONE',  ( -6.495190528383282924, 22.25000000000000000, 20.86677251825205914 ) ) ;
#1447 = LINE ( 'NONE', #1576, #1345 ) ;
#1448 = VERTEX_POINT ( 'NONE', #271 ) ;
#1449 = DIRECTION ( 'NONE',  ( -1.000000000000000000, 0.000000000000000000, 0.000000000000000000 ) ) ;
#1450 = CYLINDRICAL_SURFACE ( 'NONE', #652, 0.7365999999999970349 ) ;
#1451 = LINE ( 'NONE', #449, #488 ) ;
#1452 = ADVANCED_FACE ( 'NONE', ( #252, #650, #1501, #1354, #1346, #635, #1203, #122, #670, #1237, #1658, #1632 ), #104, .F. ) ;
#1453 = CIRCLE ( 'NONE', #1343, 1.550000000000000933 ) ;
#1454 = CARTESIAN_POINT ( 'NONE',  ( -25.00000000000000000, 2.475114172307927074, 20.72412469915140676 ) ) ;
#1455 = AXIS2_PLACEMENT_3D ( 'NONE', #1158, #735, #199 ) ;
#1456 = CIRCLE ( 'NONE', #1252, 1.049999999999998268 ) ;
#1457 = CARTESIAN_POINT ( 'NONE',  ( -5.445190528383292872, 14.75000000000000178, 21.86677251825205914 ) ) ;
#1458 = ORIENTED_EDGE ( 'NONE', *, *, #1385, .F. ) ;
#1459 = AXIS2_PLACEMENT_3D ( 'NONE', #1076, #932, #1065 ) ;
#1460 = LINE ( 'NONE', #755, #426 ) ;
#1461 = CARTESIAN_POINT ( 'NONE',  ( 6.495190528383290030, 22.25000000000000000, 30.86677251825205914 ) ) ;
#1462 = DIRECTION ( 'NONE',  ( 0.000000000000000000, 0.000000000000000000, -1.000000000000000000 ) ) ;
#1463 = EDGE_LOOP ( 'NONE', ( #1256, #1338 ) ) ;
#1464 = EDGE_CURVE ( 'NONE', #966, #324, #259, .T. ) ;
#1465 = DIRECTION ( 'NONE',  ( -0.000000000000000000, -0.000000000000000000, -1.000000000000000000 ) ) ;
#1466 = CARTESIAN_POINT ( 'NONE',  ( 25.00000000000000000, 0.000000000000000000, 10.87011754601014601 ) ) ;
#1467 = VERTEX_POINT ( 'NONE', #641 ) ;
#1468 = ORIENTED_EDGE ( 'NONE', *, *, #397, .T. ) ;
#1469 = CARTESIAN_POINT ( 'NONE',  ( 13.50000000000000000, 30.00000000000000355, 21.86677251825205914 ) ) ;
#1470 = CARTESIAN_POINT ( 'NONE',  ( 13.50000000000000000, 7.000000000000003553, 30.86677251825205914 ) ) ;
#1471 = ORIENTED_EDGE ( 'NONE', *, *, #555, .T. ) ;
#1472 = LINE ( 'NONE', #1481, #1117 ) ;
#1473 = VERTEX_POINT ( 'NONE', #958 ) ;
#1474 = VECTOR ( 'NONE', #1282, 1000.000000000000000 ) ;
#1475 = EDGE_LOOP ( 'NONE', ( #929, #664, #1595, #94 ) ) ;
#1476 = EDGE_CURVE ( 'NONE', #1108, #461, #1211, .T. ) ;
#1477 = EDGE_CURVE ( 'NONE', #894, #1050, #1456, .T. ) ;
#1478 = FACE_OUTER_BOUND ( 'NONE', #630, .T. ) ;
#1479 = FACE_OUTER_BOUND ( 'NONE', #699, .T. ) ;
#1480 = ORIENTED_EDGE ( 'NONE', *, *, #1800, .T. ) ;
#1481 = CARTESIAN_POINT ( 'NONE',  ( 25.00000000000000000, 35.89100396670976068, 21.86677251825205914 ) ) ;
#1482 = ORIENTED_EDGE ( 'NONE', *, *, #1137, .F. ) ;
#1483 = VECTOR ( 'NONE', #1727, 1000.000000000000000 ) ;
#1484 = CARTESIAN_POINT ( 'NONE',  ( -11.94999999999999929, 7.000000000000003553, 30.86677251825205914 ) ) ;
#1485 = DIRECTION ( 'NONE',  ( 0.000000000000000000, 1.000000000000000000, 0.000000000000000000 ) ) ;
#1486 = AXIS2_PLACEMENT_3D ( 'NONE', #114, #272, #1634 ) ;
#1487 = EDGE_CURVE ( 'NONE', #1700, #1365, #1603, .T. ) ;
#1488 = CARTESIAN_POINT ( 'NONE',  ( 25.00000000000000000, 3.591211504919462616, 20.86677251825205914 ) ) ;
#1489 = CYLINDRICAL_SURFACE ( 'NONE', #853, 1.550000000000000933 ) ;
#1490 = CARTESIAN_POINT ( 'NONE',  ( -1.050000000000000711, 26.00000000000000355, 21.86677251825205914 ) ) ;
#1491 = ORIENTED_EDGE ( 'NONE', *, *, #1548, .F. ) ;
#1492 = ORIENTED_EDGE ( 'NONE', *, *, #1273, .T. ) ;
#1493 = AXIS2_PLACEMENT_3D ( 'NONE', #63, #51, #616 ) ;
#1494 = DIRECTION ( 'NONE',  ( -1.000000000000000000, 0.000000000000000000, 0.000000000000000000 ) ) ;
#1495 = FACE_OUTER_BOUND ( 'NONE', #882, .T. ) ;
#1496 = EDGE_LOOP ( 'NONE', ( #193, #1480, #626, #750, #1142, #475 ) ) ;
#1497 = DIRECTION ( 'NONE',  ( -0.000000000000000000, 0.000000000000000000, -1.000000000000000000 ) ) ;
#1498 = CIRCLE ( 'NONE', #507, 1.049999999999997158 ) ;
#1499 = DATE_AND_TIME ( #367, #147 ) ;
#1500 = ORIENTED_EDGE ( 'NONE', *, *, #671, .T. ) ;
#1501 = FACE_BOUND ( 'NONE', #1755, .T. ) ;
#1502 = DIRECTION ( 'NONE',  ( -1.000000000000000000, 0.000000000000000000, 0.000000000000000000 ) ) ;
#1503 = ORIENTED_EDGE ( 'NONE', *, *, #84, .F. ) ;
#1504 = VECTOR ( 'NONE', #149, 1000.000000000000114 ) ;
#1505 = ADVANCED_FACE ( 'NONE', ( #687 ), #291, .F. ) ;
#1506 = CARTESIAN_POINT ( 'NONE',  ( -8.706009237320110307E-16, 18.50000000000000355, 21.86677251825205914 ) ) ;
#1507 = ORIENTED_EDGE ( 'NONE', *, *, #954, .F. ) ;
#1508 = DATE_AND_TIME ( #922, #1197 ) ;
#1509 = ORIENTED_EDGE ( 'NONE', *, *, #418, .F. ) ;
#1510 = VECTOR ( 'NONE', #1278, 1000.000000000000000 ) ;
#1511 = FACE_OUTER_BOUND ( 'NONE', #588, .T. ) ;
#1512 = CYLINDRICAL_SURFACE ( 'NONE', #374, 1.550000000000000933 ) ;
#1513 = VECTOR ( 'NONE', #1118, 1000.000000000000000 ) ;
#1514 = LINE ( 'NONE', #682, #1146 ) ;
#1515 = EDGE_LOOP ( 'NONE', ( #179, #554, #15, #1772 ) ) ;
#1516 = EDGE_CURVE ( 'NONE', #206, #1304, #177, .T. ) ;
#1517 = DIRECTION ( 'NONE',  ( -0.000000000000000000, -0.000000000000000000, -1.000000000000000000 ) ) ;
#1518 = ADVANCED_FACE ( 'NONE', ( #162 ), #695, .T. ) ;
#1519 = LINE ( 'NONE', #1622, #712 ) ;
#1520 = LINE ( 'NONE', #1389, #425 ) ;
#1521 = CIRCLE ( 'NONE', #1762, 1.049999999999998046 ) ;
#1522 = PLANE ( 'NONE',  #1741 ) ;
#1523 = ORIENTED_EDGE ( 'NONE', *, *, #1698, .T. ) ;
#1524 = DIRECTION ( 'NONE',  ( -0.000000000000000000, -0.000000000000000000, -1.000000000000000000 ) ) ;
#1525 = DIRECTION ( 'NONE',  ( 0.000000000000000000, 0.000000000000000000, -1.000000000000000000 ) ) ;
#1526 = AXIS2_PLACEMENT_3D ( 'NONE', #798, #416, #409 ) ;
#1527 = ADVANCED_FACE ( 'NONE', ( #814 ), #1386, .F. ) ;
#1528 = DIRECTION ( 'NONE',  ( -1.000000000000000000, 0.000000000000000000, 0.000000000000000000 ) ) ;
#1529 = ORIENTED_EDGE ( 'NONE', *, *, #1798, .T. ) ;
#1530 = DIRECTION ( 'NONE',  ( 0.000000000000000000, 1.000000000000000000, 0.000000000000000000 ) ) ;
#1531 = ORIENTED_EDGE ( 'NONE', *, *, #1767, .T. ) ;
#1532 = VERTEX_POINT ( 'NONE', #300 ) ;
#1533 = CYLINDRICAL_SURFACE ( 'NONE', #1329, 1.049999999999998046 ) ;
#1534 = ORIENTED_EDGE ( 'NONE', *, *, #714, .T. ) ;
#1535 = CARTESIAN_POINT ( 'NONE',  ( 4.788417562850799158E-17, 11.00000000000000355, 21.86677251825205914 ) ) ;
#1536 = EDGE_CURVE ( 'NONE', #950, #1111, #860, .T. ) ;
#1537 = AXIS2_PLACEMENT_3D ( 'NONE', #1799, #105, #1623 ) ;
#1538 = DIRECTION ( 'NONE',  ( 0.000000000000000000, 0.000000000000000000, 1.000000000000000000 ) ) ;
#1539 = AXIS2_PLACEMENT_3D ( 'NONE', #1294, #1156, #335 ) ;
#1540 = LINE ( 'NONE', #560, #1504 ) ;
#1541 = ORIENTED_EDGE ( 'NONE', *, *, #879, .F. ) ;
#1542 = EDGE_LOOP ( 'NONE', ( #527, #592 ) ) ;
#1543 = CARTESIAN_POINT ( 'NONE',  ( 25.00000000000000000, 3.686287386450715076E-15, 10.87011754601014601 ) ) ;
#1544 = DIRECTION ( 'NONE',  ( -1.000000000000000000, 0.000000000000000000, 0.000000000000000000 ) ) ;
#1545 = DIRECTION ( 'NONE',  ( 0.000000000000000000, 0.000000000000000000, -1.000000000000000000 ) ) ;
#1546 = EDGE_CURVE ( 'NONE', #1653, #1473, #1194, .T. ) ;
#1547 = CARTESIAN_POINT ( 'NONE',  ( 17.50000000000000000, -1.000000000000000000, -4.000000000000000000 ) ) ;
#1548 = EDGE_CURVE ( 'NONE', #569, #796, #1285, .T. ) ;
#1549 = ORIENTED_EDGE ( 'NONE', *, *, #1719, .F. ) ;
#1550 = VERTEX_POINT ( 'NONE', #581 ) ;
#1551 = CYLINDRICAL_SURFACE ( 'NONE', #1796, 1.600000000000001643 ) ;
#1552 = DIRECTION ( 'NONE',  ( -0.000000000000000000, 0.000000000000000000, 1.000000000000000000 ) ) ;
#1553 = ORIENTED_EDGE ( 'NONE', *, *, #48, .T. ) ;
#1554 = DIRECTION ( 'NONE',  ( 0.000000000000000000, 0.000000000000000000, -1.000000000000000000 ) ) ;
#1555 = VECTOR ( 'NONE', #1359, 1000.000000000000000 ) ;
#1556 = CARTESIAN_POINT ( 'NONE',  ( -8.706009237320110307E-16, 18.50000000000000355, 30.86677251825205914 ) ) ;
#1557 = ORIENTED_EDGE ( 'NONE', *, *, #1046, .F. ) ;
#1558 = EDGE_LOOP ( 'NONE', ( #863, #1534, #1758, #316 ) ) ;
#1559 = EDGE_CURVE ( 'NONE', #1448, #837, #1247, .T. ) ;
#1560 = EDGE_CURVE ( 'NONE', #529, #1550, #376, .T. ) ;
#1561 = ORIENTED_EDGE ( 'NONE', *, *, #188, .F. ) ;
#1562 = CARTESIAN_POINT ( 'NONE',  ( 25.00000000000000000, 33.89100396670975357, 21.86677251825205914 ) ) ;
#1563 = DIRECTION ( 'NONE',  ( 1.000000000000000000, 7.345289713370191617E-17, -0.000000000000000000 ) ) ;
#1564 = VERTEX_POINT ( 'NONE', #1669 ) ;
#1565 = ORIENTED_EDGE ( 'NONE', *, *, #369, .F. ) ;
#1566 = CARTESIAN_POINT ( 'NONE',  ( 0.000000000000000000, 0.000000000000000000, 7.500000000000000000 ) ) ;
#1567 = AXIS2_PLACEMENT_3D ( 'NONE', #212, #1707, #1289 ) ;
#1568 = CIRCLE ( 'NONE', #176, 1.550000000000000933 ) ;
#1569 = CARTESIAN_POINT ( 'NONE',  ( 5.445190528383291984, 22.25000000000000000, 21.86677251825205914 ) ) ;
#1570 = VERTEX_POINT ( 'NONE', #704 ) ;
#1571 = ORIENTED_EDGE ( 'NONE', *, *, #1388, .T. ) ;
#1572 = AXIS2_PLACEMENT_3D ( 'NONE', #678, #145, #1544 ) ;
#1573 = DIRECTION ( 'NONE',  ( 0.000000000000000000, 0.000000000000000000, 1.000000000000000000 ) ) ;
#1574 = ADVANCED_FACE ( 'NONE', ( #975 ), #1695, .T. ) ;
#1575 = AXIS2_PLACEMENT_3D ( 'NONE', #1648, #1775, #1794 ) ;
#1576 = CARTESIAN_POINT ( 'NONE',  ( -15.05000000000000071, 30.00000000000000355, 30.86677251825205914 ) ) ;
#1577 = ORIENTED_EDGE ( 'NONE', *, *, #200, .F. ) ;
#1578 = DIRECTION ( 'NONE',  ( -0.000000000000000000, -0.000000000000000000, -1.000000000000000000 ) ) ;
#1579 = DIRECTION ( 'NONE',  ( 0.000000000000000000, 1.000000000000000000, 0.000000000000000000 ) ) ;
#1580 = CARTESIAN_POINT ( 'NONE',  ( -5.445190528383284878, 22.25000000000000000, 20.86677251825205914 ) ) ;
#1581 = ORIENTED_EDGE ( 'NONE', *, *, #736, .T. ) ;
#1582 = ORIENTED_EDGE ( 'NONE', *, *, #925, .T. ) ;
#1583 = CARTESIAN_POINT ( 'NONE',  ( -2.707571122453044367E-15, 26.00000000000000355, 30.86677251825205914 ) ) ;
#1584 = DIRECTION ( 'NONE',  ( 0.000000000000000000, 0.000000000000000000, -1.000000000000000000 ) ) ;
#1585 = EDGE_LOOP ( 'NONE', ( #224, #1047, #1581, #785 ) ) ;
#1586 = VERTEX_POINT ( 'NONE', #307 ) ;
#1587 = EDGE_CURVE ( 'NONE', #938, #1226, #321, .T. ) ;
#1588 = EDGE_CURVE ( 'NONE', #827, #1570, #121, .T. ) ;
#1589 = DIRECTION ( 'NONE',  ( -0.000000000000000000, 1.000000000000000000, 0.000000000000000000 ) ) ;
#1590 = FACE_OUTER_BOUND ( 'NONE', #1210, .T. ) ;
#1591 = LINE ( 'NONE', #438, #1341 ) ;
#1592 = ORIENTED_EDGE ( 'NONE', *, *, #294, .T. ) ;
#1593 = LINE ( 'NONE', #353, #674 ) ;
#1594 = CARTESIAN_POINT ( 'NONE',  ( -15.05000000000000071, 7.000000000000003553, 30.86677251825205914 ) ) ;
#1595 = ORIENTED_EDGE ( 'NONE', *, *, #1408, .F. ) ;
#1596 = DIRECTION ( 'NONE',  ( 0.000000000000000000, 0.000000000000000000, -1.000000000000000000 ) ) ;
#1597 = ADVANCED_FACE ( 'NONE', ( #1685 ), #847, .F. ) ;
#1598 = DIRECTION ( 'NONE',  ( 0.000000000000000000, 0.3420201433256631063, 0.9396926207859104263 ) ) ;
#1599 = CARTESIAN_POINT ( 'NONE',  ( 11.94999999999999751, 30.00000000000000355, 30.86677251825205914 ) ) ;
#1600 = EDGE_LOOP ( 'NONE', ( #1744, #765, #844, #1244 ) ) ;
#1601 = CARTESIAN_POINT ( 'NONE',  ( 6.495190528383287365, 14.75000000000000355, 21.86677251825205914 ) ) ;
#1602 = AXIS2_PLACEMENT_3D ( 'NONE', #1128, #841, #1538 ) ;
#1603 = CIRCLE ( 'NONE', #1400, 1.600000000000001643 ) ;
#1604 = CARTESIAN_POINT ( 'NONE',  ( 6.495190528383287365, 14.75000000000000355, 21.86677251825205914 ) ) ;
#1605 = ORIENTED_EDGE ( 'NONE', *, *, #1239, .T. ) ;
#1606 = FACE_OUTER_BOUND ( 'NONE', #1558, .T. ) ;
#1607 = CYLINDRICAL_SURFACE ( 'NONE', #1395, 1.550000000000000933 ) ;
#1608 = EDGE_CURVE ( 'NONE', #1254, #544, #716, .T. ) ;
#1609 = CARTESIAN_POINT ( 'NONE',  ( -11.94999999999999929, 30.00000000000000355, 21.86677251825205914 ) ) ;
#1610 = ORIENTED_EDGE ( 'NONE', *, *, #1559, .F. ) ;
#1611 = DATE_AND_TIME ( #127, #1663 ) ;
#1612 = VERTEX_POINT ( 'NONE', #25 ) ;
#1613 = CARTESIAN_POINT ( 'NONE',  ( 7.545190528383283635, 14.75000000000000355, 30.86677251825205914 ) ) ;
#1614 = DIRECTION ( 'NONE',  ( 1.000000000000000000, 7.345289713370191617E-17, -0.000000000000000000 ) ) ;
#1615 = VERTEX_POINT ( 'NONE', #574 ) ;
#1616 = VECTOR ( 'NONE', #649, 1000.000000000000000 ) ;
#1617 = DIRECTION ( 'NONE',  ( -0.000000000000000000, -0.000000000000000000, -1.000000000000000000 ) ) ;
#1618 = EDGE_CURVE ( 'NONE', #770, #1340, #445, .T. ) ;
#1619 = AXIS2_PLACEMENT_3D ( 'NONE', #400, #1236, #956 ) ;
#1620 = DIRECTION ( 'NONE',  ( -1.000000000000000000, 0.000000000000000000, 0.000000000000000000 ) ) ;
#1621 = CARTESIAN_POINT ( 'NONE',  ( -11.94999999999999929, 7.000000000000003553, 21.86677251825205914 ) ) ;
#1622 = CARTESIAN_POINT ( 'NONE',  ( -5.445190528383292872, 14.75000000000000178, 30.86677251825205914 ) ) ;
#1623 = DIRECTION ( 'NONE',  ( -1.000000000000000000, 0.000000000000000000, 0.000000000000000000 ) ) ;
#1624 = EDGE_LOOP ( 'NONE', ( #441, #1085, #647, #1367 ) ) ;
#1625 = FACE_OUTER_BOUND ( 'NONE', #83, .T. ) ;
#1626 = CIRCLE ( 'NONE', #825, 1.049999999999998046 ) ;
#1627 = MECHANICAL_CONTEXT ( 'NONE', #1745, 'mechanical' ) ;
#1628 = EDGE_CURVE ( 'NONE', #708, #966, #591, .T. ) ;
#1629 = CYLINDRICAL_SURFACE ( 'NONE', #135, 1.550000000000002709 ) ;
#1630 = CIRCLE ( 'NONE', #92, 1.049999999999998046 ) ;
#1631 = VECTOR ( 'NONE', #1095, 1000.000000000000000 ) ;
#1632 = FACE_OUTER_BOUND ( 'NONE', #965, .T. ) ;
#1633 = EDGE_CURVE ( 'NONE', #770, #957, #631, .T. ) ;
#1634 = DIRECTION ( 'NONE',  ( 0.000000000000000000, -0.000000000000000000, 1.000000000000000000 ) ) ;
#1635 = ORIENTED_EDGE ( 'NONE', *, *, #937, .T. ) ;
#1636 = DIRECTION ( 'NONE',  ( -1.000000000000000000, 0.000000000000000000, 0.000000000000000000 ) ) ;
#1637 = ORIENTED_EDGE ( 'NONE', *, *, #1778, .T. ) ;
#1638 = VERTEX_POINT ( 'NONE', #867 ) ;
#1639 = PERSON_AND_ORGANIZATION_ROLE ( 'creator' ) ;
#1640 = VERTEX_POINT ( 'NONE', #1466 ) ;
#1641 = VECTOR ( 'NONE', #443, 1000.000000000000000 ) ;
#1642 = FACE_BOUND ( 'NONE', #483, .T. ) ;
#1643 = EDGE_CURVE ( 'NONE', #265, #1039, #82, .T. ) ;
#1644 = ADVANCED_FACE ( 'NONE', ( #223 ), #760, .F. ) ;
#1645 = DIRECTION ( 'NONE',  ( -1.000000000000000000, 0.000000000000000000, 0.000000000000000000 ) ) ;
#1646 = DIRECTION ( 'NONE',  ( -0.000000000000000000, -0.000000000000000000, -1.000000000000000000 ) ) ;
#1647 = ORIENTED_EDGE ( 'NONE', *, *, #1127, .F. ) ;
#1648 = CARTESIAN_POINT ( 'NONE',  ( 23.00000000000000000, -1.000000000000000000, -9.000000000000000000 ) ) ;
#1649 = EDGE_LOOP ( 'NONE', ( #1507, #1785, #279, #1647 ) ) ;
#1650 = FACE_BOUND ( 'NONE', #1075, .T. ) ;
#1651 = DIRECTION ( 'NONE',  ( -0.000000000000000000, -0.000000000000000000, -1.000000000000000000 ) ) ;
#1652 = ADVANCED_FACE ( 'NONE', ( #1011 ), #484, .F. ) ;
#1653 = VERTEX_POINT ( 'NONE', #623 ) ;
#1654 = DIRECTION ( 'NONE',  ( 0.000000000000000000, 1.000000000000000000, 0.000000000000000000 ) ) ;
#1655 = ORIENTED_EDGE ( 'NONE', *, *, #397, .F. ) ;
#1656 = FACE_OUTER_BOUND ( 'NONE', #396, .T. ) ;
#1657 = VECTOR ( 'NONE', #245, 1000.000000000000000 ) ;
#1658 = FACE_BOUND ( 'NONE', #1279, .T. ) ;
#1659 = AXIS2_PLACEMENT_3D ( 'NONE', #420, #1119, #154 ) ;
#1660 = FACE_OUTER_BOUND ( 'NONE', #187, .T. ) ;
#1661 = AXIS2_PLACEMENT_3D ( 'NONE', #1743, #722, #1438 ) ;
#1662 = VERTEX_POINT ( 'NONE', #315 ) ;
#1663 = LOCAL_TIME ( 10, 39, 13.00000000000000000, #111 ) ;
#1664 = CC_DESIGN_DATE_AND_TIME_ASSIGNMENT ( #972, #1257, ( #6 ) ) ;
#1665 = DIRECTION ( 'NONE',  ( -1.000000000000000000, 0.000000000000000000, 0.000000000000000000 ) ) ;
#1666 = VERTEX_POINT ( 'NONE', #1457 ) ;
#1667 = EDGE_CURVE ( 'NONE', #1039, #837, #292, .T. ) ;
#1668 = DIRECTION ( 'NONE',  ( 7.345289713370191617E-17, -1.000000000000000000, 0.000000000000000000 ) ) ;
#1669 = CARTESIAN_POINT ( 'NONE',  ( -25.00000000000000000, 33.89100396670975357, 21.86677251825205914 ) ) ;
#1670 = LINE ( 'NONE', #567, #290 ) ;
#1671 = CYLINDRICAL_SURFACE ( 'NONE', #107, 1.600000000000001643 ) ;
#1672 = EDGE_LOOP ( 'NONE', ( #639, #383, #432, #921 ) ) ;
#1673 = VECTOR ( 'NONE', #1617, 1000.000000000000000 ) ;
#1674 = ORIENTED_EDGE ( 'NONE', *, *, #1239, .F. ) ;
#1675 = CARTESIAN_POINT ( 'NONE',  ( 25.00000000000000000, 0.000000000000000000, -9.000000000000000000 ) ) ;
#1676 = EDGE_CURVE ( 'NONE', #852, #1358, #1104, .T. ) ;
#1677 = DIRECTION ( 'NONE',  ( -1.000000000000000000, 0.000000000000000000, 0.000000000000000000 ) ) ;
#1678 = DIRECTION ( 'NONE',  ( -1.000000000000000000, 0.000000000000000000, 0.000000000000000000 ) ) ;
#1679 = LINE ( 'NONE', #1242, #586 ) ;
#1680 = ORIENTED_EDGE ( 'NONE', *, *, #1022, .T. ) ;
#1681 = EDGE_LOOP ( 'NONE', ( #442, #974, #246, #804 ) ) ;
#1682 = VECTOR ( 'NONE', #141, 1000.000000000000000 ) ;
#1683 = APPROVAL_STATUS ( 'not_yet_approved' ) ;
#1684 = LINE ( 'NONE', #1543, #229 ) ;
#1685 = FACE_OUTER_BOUND ( 'NONE', #173, .T. ) ;
#1686 = CIRCLE ( 'NONE', #118, 0.7365999999999970349 ) ;
#1687 = DIRECTION ( 'NONE',  ( -1.000000000000000000, 0.000000000000000000, 0.000000000000000000 ) ) ;
#1688 = CIRCLE ( 'NONE', #1221, 0.7365999999999991443 ) ;
#1689 = AXIS2_PLACEMENT_3D ( 'NONE', #551, #34, #557 ) ;
#1690 = DIRECTION ( 'NONE',  ( 0.000000000000000000, 1.000000000000000000, 0.000000000000000000 ) ) ;
#1691 = EDGE_LOOP ( 'NONE', ( #1083, #843, #124, #1694 ) ) ;
#1692 = ORIENTED_EDGE ( 'NONE', *, *, #1587, .F. ) ;
#1693 = FACE_BOUND ( 'NONE', #952, .T. ) ;
#1694 = ORIENTED_EDGE ( 'NONE', *, *, #937, .F. ) ;
#1695 = CYLINDRICAL_SURFACE ( 'NONE', #403, 2.000000000000000000 ) ;
#1696 = FACE_OUTER_BOUND ( 'NONE', #402, .T. ) ;
#1697 = EDGE_CURVE ( 'NONE', #909, #1416, #1720, .T. ) ;
#1698 = EDGE_CURVE ( 'NONE', #966, #461, #918, .T. ) ;
#1699 = CARTESIAN_POINT ( 'NONE',  ( 1.959434878635765723E-16, 0.000000000000000000, 5.899999999999998579 ) ) ;
#1700 = VERTEX_POINT ( 'NONE', #185 ) ;
#1701 = EDGE_LOOP ( 'NONE', ( #1041, #1709, #379, #168 ) ) ;
#1702 = FACE_OUTER_BOUND ( 'NONE', #1624, .T. ) ;
#1703 = DIRECTION ( 'NONE',  ( -1.000000000000000000, 0.000000000000000000, 0.000000000000000000 ) ) ;
#1704 = DIRECTION ( 'NONE',  ( -0.000000000000000000, -0.000000000000000000, -1.000000000000000000 ) ) ;
#1705 = CIRCLE ( 'NONE', #538, 1.049999999999998268 ) ;
#1706 = ADVANCED_FACE ( 'NONE', ( #495 ), #1167, .T. ) ;
#1707 = DIRECTION ( 'NONE',  ( 0.000000000000000000, 1.000000000000000000, -0.000000000000000000 ) ) ;
#1708 = EDGE_LOOP ( 'NONE', ( #422, #1426 ) ) ;
#1709 = ORIENTED_EDGE ( 'NONE', *, *, #1399, .T. ) ;
#1710 = CARTESIAN_POINT ( 'NONE',  ( -13.50000000000000000, 30.00000000000000355, 21.86677251825205914 ) ) ;
#1711 = DIRECTION ( 'NONE',  ( 0.000000000000000000, 1.000000000000000000, 0.000000000000000000 ) ) ;
#1712 = VERTEX_POINT ( 'NONE', #876 ) ;
#1713 = CARTESIAN_POINT ( 'NONE',  ( -25.00000000000000000, 3.591211504919462616, 21.86677251825205914 ) ) ;
#1714 = VECTOR ( 'NONE', #1198, 1000.000000000000000 ) ;
#1715 = AXIS2_PLACEMENT_3D ( 'NONE', #985, #1396, #1545 ) ;
#1716 = DIRECTION ( 'NONE',  ( 0.000000000000000000, 0.9396926207859104263, -0.3420201433256631063 ) ) ;
#1717 = ORIENTED_EDGE ( 'NONE', *, *, #1746, .F. ) ;
#1718 = ORIENTED_EDGE ( 'NONE', *, *, #739, .F. ) ;
#1719 = EDGE_CURVE ( 'NONE', #1136, #1301, #1447, .T. ) ;
#1720 = CIRCLE ( 'NONE', #777, 1.049999999999996270 ) ;
#1721 = DIRECTION ( 'NONE',  ( 1.000000000000000000, -6.938893903907228378E-17, 0.000000000000000000 ) ) ;
#1722 = EDGE_CURVE ( 'NONE', #1291, #1640, #1166, .T. ) ;
#1723 = ADVANCED_FACE ( 'NONE', ( #858 ), #1313, .F. ) ;
#1724 = DIRECTION ( 'NONE',  ( -1.000000000000000000, -7.345289713370191617E-17, 0.000000000000000000 ) ) ;
#1725 = EDGE_LOOP ( 'NONE', ( #684, #979, #277, #1529 ) ) ;
#1726 = DIRECTION ( 'NONE',  ( -1.000000000000000000, 0.000000000000000000, 0.000000000000000000 ) ) ;
#1727 = DIRECTION ( 'NONE',  ( 0.000000000000000000, 1.000000000000000000, 0.000000000000000000 ) ) ;
#1728 = PLANE ( 'NONE',  #773 ) ;
#1729 = ORIENTED_EDGE ( 'NONE', *, *, #312, .T. ) ;
#1730 = DIRECTION ( 'NONE',  ( 0.000000000000000000, 1.000000000000000000, 0.000000000000000000 ) ) ;
#1731 = LINE ( 'NONE', #474, #1779 ) ;
#1732 = EDGE_CURVE ( 'NONE', #1640, #157, #1731, .T. ) ;
#1733 = ORIENTED_EDGE ( 'NONE', *, *, #26, .T. ) ;
#1734 = ORIENTED_EDGE ( 'NONE', *, *, #1114, .T. ) ;
#1735 = FACE_OUTER_BOUND ( 'NONE', #619, .T. ) ;
#1736 = DIRECTION ( 'NONE',  ( 0.000000000000000000, 0.9396926207859104263, -0.3420201433256631063 ) ) ;
#1737 = DIRECTION ( 'NONE',  ( 0.000000000000000000, -0.9396926207859104263, 0.3420201433256629397 ) ) ;
#1738 = CLOSED_SHELL ( 'NONE', ( #1101, #1263, #783, #97, #1652, #1056, #108, #1723, #1644, #1196, #510, #1357, #139, #222, #452, #1377, #993, #823, #772, #1078, #106, #679, #915, #429, #645, #1319, #85, #543, #534, #926, #366, #1505, #1706, #902, #1597, #1264, #1452, #1418, #314, #35, #109, #1216, #806, #467, #869, #350, #1527, #525, #1045, #964, #1574, #618, #1518, #1063 ) ) ;
#1739 = ORIENTED_EDGE ( 'NONE', *, *, #1287, .F. ) ;
#1740 = DIRECTION ( 'NONE',  ( -1.000000000000000000, 0.000000000000000000, -0.000000000000000000 ) ) ;
#1741 = AXIS2_PLACEMENT_3D ( 'NONE', #1792, #407, #285 ) ;
#1742 = EDGE_LOOP ( 'NONE', ( #1783, #729 ) ) ;
#1743 = CARTESIAN_POINT ( 'NONE',  ( 6.495190528383290030, 22.25000000000000000, 21.86677251825205914 ) ) ;
#1744 = ORIENTED_EDGE ( 'NONE', *, *, #501, .F. ) ;
#1745 = APPLICATION_CONTEXT ( 'configuration controlled 3d designs of mechanical parts and assemblies' ) ;
#1746 = EDGE_CURVE ( 'NONE', #1300, #1586, #753, .T. ) ;
#1747 = CARTESIAN_POINT ( 'NONE',  ( -15.05000000000000071, 30.00000000000000355, 20.86677251825205914 ) ) ;
#1748 = DIRECTION ( 'NONE',  ( -0.000000000000000000, -0.000000000000000000, -1.000000000000000000 ) ) ;
#1749 = ORIENTED_EDGE ( 'NONE', *, *, #1732, .F. ) ;
#1750 = AXIS2_PLACEMENT_3D ( 'NONE', #776, #330, #357 ) ;
#1751 = CARTESIAN_POINT ( 'NONE',  ( -8.706009237320110307E-16, 18.50000000000000355, 20.86677251825205914 ) ) ;
#1752 = VECTOR ( 'NONE', #28, 1000.000000000000114 ) ;
#1753 = AXIS2_PLACEMENT_3D ( 'NONE', #1420, #822, #1393 ) ;
#1754 = DIRECTION ( 'NONE',  ( -0.000000000000000000, -0.000000000000000000, -1.000000000000000000 ) ) ;
#1755 = EDGE_LOOP ( 'NONE', ( #611, #864 ) ) ;
#1756 = CIRCLE ( 'NONE', #1575, 2.000000000000000000 ) ;
#1757 = DIRECTION ( 'NONE',  ( 0.000000000000000000, 1.000000000000000000, 0.000000000000000000 ) ) ;
#1758 = ORIENTED_EDGE ( 'NONE', *, *, #1487, .T. ) ;
#1759 = FACE_OUTER_BOUND ( 'NONE', #1172, .T. ) ;
#1760 = CARTESIAN_POINT ( 'NONE',  ( 23.00000000000000000, -1.000000000000000000, -11.00000000000000000 ) ) ;
#1761 = LINE ( 'NONE', #1058, #164 ) ;
#1762 = AXIS2_PLACEMENT_3D ( 'NONE', #1446, #883, #453 ) ;
#1763 = CARTESIAN_POINT ( 'NONE',  ( 0.000000000000000000, 0.000000000000000000, 21.86677251825205914 ) ) ;
#1764 = CARTESIAN_POINT ( 'NONE',  ( 24.99999999999999645, 4.106984377564728561, 20.13017251825205989 ) ) ;
#1765 = AXIS2_PLACEMENT_3D ( 'NONE', #1364, #115, #91 ) ;
#1766 = CARTESIAN_POINT ( 'NONE',  ( 6.495190528383290030, 22.25000000000000000, 20.86677251825205914 ) ) ;
#1767 = EDGE_CURVE ( 'NONE', #1448, #297, #29, .T. ) ;
#1768 = PERSON_AND_ORGANIZATION ( #95, #180 ) ;
#1769 = ORIENTED_EDGE ( 'NONE', *, *, #1536, .F. ) ;
#1770 = FACE_BOUND ( 'NONE', #1542, .T. ) ;
#1771 = FACE_BOUND ( 'NONE', #1803, .T. ) ;
#1772 = ORIENTED_EDGE ( 'NONE', *, *, #1477, .T. ) ;
#1773 = DIRECTION ( 'NONE',  ( 0.000000000000000000, 0.000000000000000000, 1.000000000000000000 ) ) ;
#1774 = AXIS2_PLACEMENT_3D ( 'NONE', #339, #1736, #1598 ) ;
#1775 = DIRECTION ( 'NONE',  ( -0.000000000000000000, -1.000000000000000000, -0.000000000000000000 ) ) ;
#1776 = ORIENTED_EDGE ( 'NONE', *, *, #855, .F. ) ;
#1777 = CIRCLE ( 'NONE', #1100, 2.000000000000001776 ) ;
#1778 = EDGE_CURVE ( 'NONE', #1226, #1304, #1182, .T. ) ;
#1779 = VECTOR ( 'NONE', #1029, 1000.000000000000000 ) ;
#1780 = FACE_BOUND ( 'NONE', #761, .T. ) ;
#1781 = CC_DESIGN_APPROVAL ( #1344, ( #262 ) ) ;
#1782 = FACE_OUTER_BOUND ( 'NONE', #582, .T. ) ;
#1783 = ORIENTED_EDGE ( 'NONE', *, *, #477, .F. ) ;
#1784 = CARTESIAN_POINT ( 'NONE',  ( 15.05000000000000249, 30.00000000000000355, 21.86677251825205914 ) ) ;
#1785 = ORIENTED_EDGE ( 'NONE', *, *, #130, .F. ) ;
#1786 = APPLICATION_PROTOCOL_DEFINITION ( 'international standard', 'config_control_design', 1994, #100 ) ;
#1787 = EDGE_LOOP ( 'NONE', ( #1769, #65 ) ) ;
#1788 = EDGE_CURVE ( 'NONE', #21, #723, #257, .T. ) ;
#1789 = FACE_BOUND ( 'NONE', #1742, .T. ) ;
#1790 = DIRECTION ( 'NONE',  ( -1.000000000000000000, 0.000000000000000000, 0.000000000000000000 ) ) ;
#1791 = CIRCLE ( 'NONE', #559, 1.049999999999998046 ) ;
#1792 = CARTESIAN_POINT ( 'NONE',  ( 25.00000000000000000, 0.7366000000000028081, 10.87011754601014601 ) ) ;
#1793 = ORIENTED_EDGE ( 'NONE', *, *, #312, .F. ) ;
#1794 = DIRECTION ( 'NONE',  ( 0.000000000000000000, 0.000000000000000000, 1.000000000000000000 ) ) ;
#1795 = FACE_OUTER_BOUND ( 'NONE', #38, .T. ) ;
#1796 = AXIS2_PLACEMENT_3D ( 'NONE', #1419, #142, #830 ) ;
#1797 = FACE_BOUND ( 'NONE', #1787, .T. ) ;
#1798 = EDGE_CURVE ( 'NONE', #1638, #828, #1349, .T. ) ;
#1799 = CARTESIAN_POINT ( 'NONE',  ( 23.00000000000000000, 33.89100396670975357, 20.86677251825205914 ) ) ;
#1800 = EDGE_CURVE ( 'NONE', #520, #599, #1756, .T. ) ;
#1801 = EDGE_LOOP ( 'NONE', ( #767, #1402 ) ) ;
#1802 = DIRECTION ( 'NONE',  ( -0.000000000000000000, -1.000000000000000000, -0.000000000000000000 ) ) ;
#1803 = EDGE_LOOP ( 'NONE', ( #1553, #183 ) ) ;
#1804 = CALENDAR_DATE ( 2023, 13, 3 ) ;
#1805 = FACE_BOUND ( 'NONE', #1435, .T. ) ;
ENDSEC;
END-ISO-10303-21;
