ISO-10303-21;
HEADER;
FILE_DESCRIPTION (( 'STEP AP214' ),
    '1' );
FILE_NAME ('ÁªÖáÆ÷¸Ä.STEP',
    '2024-01-21T12:36:43',
    ( '' ),
    ( '' ),
    'SwSTEP 2.0',
    'SolidWorks 2023',
    '' );
FILE_SCHEMA (( 'AUTOMOTIVE_DESIGN' ));
ENDSEC;

DATA;
#1 = CARTESIAN_POINT ( 'NONE',  ( 2.474873734152915894, 2.474873734152917226, 30.62500000000000000 ) ) ;
#2 = DIRECTION ( 'NONE',  ( 0.7071067811865493491, 8.659560562354953812E-17, -0.7071067811865456854 ) ) ;
#3 = CARTESIAN_POINT ( 'NONE',  ( -2.474873734152916338, -2.474873734152916782, 29.12500000000000000 ) ) ;
#4 = CARTESIAN_POINT ( 'NONE',  ( -1.673947134580573426, -4.041265874999999674, 24.62499999863441147 ) ) ;
#5 = ORIENTED_EDGE ( 'NONE', *, *, #395, .F. ) ;
#6 = CARTESIAN_POINT ( 'NONE',  ( 2.000000000000000000, -0.6403124237432857857, 11.00000000000000000 ) ) ;
#7 = EDGE_CURVE ( 'NONE', #2951, #2211, #2752, .T. ) ;
#8 = CARTESIAN_POINT ( 'NONE',  ( -4.041265875000001451, 1.673947134580572538, 21.37499999863440792 ) ) ;
#9 = DIRECTION ( 'NONE',  ( -1.000000000000000000, 0.000000000000000000, 0.000000000000000000 ) ) ;
#10 = DIRECTION ( 'NONE',  ( -1.000000000000000000, 0.000000000000000000, 0.000000000000000000 ) ) ;
#11 = ORIENTED_EDGE ( 'NONE', *, *, #2151, .T. ) ;
#12 = CARTESIAN_POINT ( 'NONE',  ( 0.000000000000000000, 6.000000000000000888, 5.000000000000000000 ) ) ;
#13 = CARTESIAN_POINT ( 'NONE',  ( 1.530810862291726090E-16, 6.000000000000000888, 15.25000000000000355 ) ) ;
#14 = CARTESIAN_POINT ( 'NONE',  ( -4.041265874999999674, -4.949123318322177694E-16, 24.31249999863440436 ) ) ;
#15 = CARTESIAN_POINT ( 'NONE',  ( -4.041265874999999674, -1.673947134580573648, 20.37499999863441147 ) ) ;
#16 = CARTESIAN_POINT ( 'NONE',  ( -1.673947134580573204, -4.041265874999999674, 28.62499999863440436 ) ) ;
#17 = ORIENTED_EDGE ( 'NONE', *, *, #1504, .T. ) ;
#18 = CARTESIAN_POINT ( 'NONE',  ( 2.474873734152915894, 2.474873734152917226, 20.37499999726880873 ) ) ;
#19 = ORIENTED_EDGE ( 'NONE', *, *, #1477, .T. ) ;
#20 = CARTESIAN_POINT ( 'NONE',  ( 4.041265874999999674, -1.673947134580573648, 31.74999999863440081 ) ) ;
#21 = CARTESIAN_POINT ( 'NONE',  ( -1.673947134580575424, 4.041265874999998786, 31.12499999863440436 ) ) ;
#22 = CARTESIAN_POINT ( 'NONE',  ( -1.449747468305834674, 3.499999999999999556, 21.56249999726880873 ) ) ;
#23 = VECTOR ( 'NONE', #312, 1000.000000000000000 ) ;
#24 = CIRCLE ( 'NONE', #3329, 3.000000000000000444 ) ;
#25 = CARTESIAN_POINT ( 'NONE',  ( -3.500000000000001332, 1.449747468305832010, 29.93750000000000355 ) ) ;
#26 = CARTESIAN_POINT ( 'NONE',  ( 4.041265874999999674, -1.673947134580573648, 28.74999999863440436 ) ) ;
#27 = CARTESIAN_POINT ( 'NONE',  ( -2.474873734152916338, -2.474873734152916782, 23.87499999726880873 ) ) ;
#28 = CARTESIAN_POINT ( 'NONE',  ( -1.673947134580575424, 4.041265874999998786, 27.24999999863440436 ) ) ;
#29 = VECTOR ( 'NONE', #1379, 1000.000000000000000 ) ;
#30 = CARTESIAN_POINT ( 'NONE',  ( 4.041265874999999674, 0.000000000000000000, 25.81249999863440792 ) ) ;
#31 = ORIENTED_EDGE ( 'NONE', *, *, #3756, .T. ) ;
#32 = CARTESIAN_POINT ( 'NONE',  ( 0.1633688523880725829, 6.000000000000001776, 6.250000000000002665 ) ) ;
#33 = CARTESIAN_POINT ( 'NONE',  ( -4.041265874999999674, -4.949123318322177694E-16, 22.43749999863440436 ) ) ;
#34 = DIRECTION ( 'NONE',  ( -0.000000000000000000, -0.000000000000000000, 1.000000000000000000 ) ) ;
#35 = CARTESIAN_POINT ( 'NONE',  ( -3.500000000000001332, 1.449747468305832454, 25.68749999726880873 ) ) ;
#36 = FACE_BOUND ( 'NONE', #2052, .T. ) ;
#37 = EDGE_CURVE ( 'NONE', #1909, #1556, #3325, .T. ) ;
#38 = CARTESIAN_POINT ( 'NONE',  ( -1.092095569954299572, 5.900116150698969442, 13.37046071167467254 ) ) ;
#39 = CARTESIAN_POINT ( 'NONE',  ( -4.041265875000001451, 1.673947134580572538, 23.24999999863440436 ) ) ;
#40 = AXIS2_PLACEMENT_3D ( 'NONE', #1668, #3471, #756 ) ;
#41 = FACE_OUTER_BOUND ( 'NONE', #3463, .T. ) ;
#42 = CARTESIAN_POINT ( 'NONE',  ( 1.673947134580573648, -4.041265874999999674, 29.74999999863440436 ) ) ;
#43 = ORIENTED_EDGE ( 'NONE', *, *, #200, .T. ) ;
#44 = CARTESIAN_POINT ( 'NONE',  ( -2.474873734152917226, 2.474873734152916338, 20.62499999726881228 ) ) ;
#45 = ADVANCED_FACE ( 'NONE', ( #2001 ), #231, .T. ) ;
#46 = CARTESIAN_POINT ( 'NONE',  ( -4.041265874999999674, -1.673947134580573870, 29.37499999863440792 ) ) ;
#47 = CARTESIAN_POINT ( 'NONE',  ( -3.500000000000000000, -4.286263797015736595E-16, 20.74999999726881228 ) ) ;
#48 = VECTOR ( 'NONE', #867, 1000.000000000000000 ) ;
#49 = CARTESIAN_POINT ( 'NONE',  ( 2.474873734152916782, -2.474873734152916782, 28.37500000000000000 ) ) ;
#50 = VECTOR ( 'NONE', #2071, 1000.000000000000000 ) ;
#51 = CARTESIAN_POINT ( 'NONE',  ( 2.857606504790286106, 2.857606504790286994, 29.93749999863440436 ) ) ;
#52 = CARTESIAN_POINT ( 'NONE',  ( 2.857606504790286106, 2.857606504790286994, 30.93749999863440436 ) ) ;
#53 = CARTESIAN_POINT ( 'NONE',  ( -1.673947134580575424, 4.041265874999998786, 20.24999999863440436 ) ) ;
#54 = ORIENTED_EDGE ( 'NONE', *, *, #3668, .F. ) ;
#55 = DIRECTION ( 'NONE',  ( 1.000000000000000000, 0.000000000000000000, 0.000000000000000000 ) ) ;
#56 = CARTESIAN_POINT ( 'NONE',  ( 3.500000000000000000, 0.000000000000000000, 23.50000000000000000 ) ) ;
#57 = CARTESIAN_POINT ( 'NONE',  ( -3.500000000000000000, -4.286263797015736595E-16, 24.00000000000000000 ) ) ;
#58 = CARTESIAN_POINT ( 'NONE',  ( 3.500000000000000000, -1.449747468305833120, 22.43749999999999645 ) ) ;
#59 = DIRECTION ( 'NONE',  ( 1.000000000000000000, 0.000000000000000000, 0.000000000000000000 ) ) ;
#60 = CARTESIAN_POINT ( 'NONE',  ( 0.9979333297565133876, 3.005249349020850058, 13.23017751452433011 ) ) ;
#61 = CARTESIAN_POINT ( 'NONE',  ( 1.673947134580574092, 4.041265874999998786, 31.12499999863440436 ) ) ;
#62 = CARTESIAN_POINT ( 'NONE',  ( 3.500000000000000000, 0.000000000000000000, 26.24999999726881228 ) ) ;
#63 = CARTESIAN_POINT ( 'NONE',  ( -7.423684977483266541E-16, 4.041265874999999674, 30.18749999863440436 ) ) ;
#64 = VERTEX_POINT ( 'NONE', #2256 ) ;
#65 = CARTESIAN_POINT ( 'NONE',  ( 2.474561659161088847E-16, -4.041265874999999674, 26.56249999863440436 ) ) ;
#66 = EDGE_CURVE ( 'NONE', #2333, #3103, #3276, .T. ) ;
#67 = CARTESIAN_POINT ( 'NONE',  ( -2.474873734152917226, 2.474873734152916338, 20.62499999726881228 ) ) ;
#68 = CARTESIAN_POINT ( 'NONE',  ( 3.499999999999999556, 1.449747468305835341, 29.56250000000000000 ) ) ;
#69 = CARTESIAN_POINT ( 'NONE',  ( -7.423684977483266541E-16, 4.041265874999999674, 31.06249999863440436 ) ) ;
#70 = CARTESIAN_POINT ( 'NONE',  ( 1.449747468305833786, 3.499999999999999556, 21.43749999726880873 ) ) ;
#71 = CARTESIAN_POINT ( 'NONE',  ( -4.041265874999999674, -4.949123318322177694E-16, 22.43749999863440436 ) ) ;
#72 =( BOUNDED_CURVE ( )  B_SPLINE_CURVE ( 2, ( #275, #1405, #2653, #876, #3521, #1160, #3853, #2595, #3220 ),
 .UNSPECIFIED., .F., .F. ) 
 B_SPLINE_CURVE_WITH_KNOTS ( ( 3, 2, 2, 2, 3 ),
 ( 0.5000000000000000000, 0.5096153846153845812, 0.5192307692307692735, 0.5288461538461538547, 0.5384615384615384359 ),
 .UNSPECIFIED. ) 
 CURVE ( )  GEOMETRIC_REPRESENTATION_ITEM ( )  RATIONAL_B_SPLINE_CURVE ( ( 1.000000000000000000, 0.9238795325112867385, 1.000000000000000000, 0.9238795325112867385, 1.000000000000000000, 0.9238795325112867385, 1.000000000000000000, 0.9238795325112867385, 1.000000000000000000 ) ) 
 REPRESENTATION_ITEM ( '' )  );
#73 = ORIENTED_EDGE ( 'NONE', *, *, #3545, .F. ) ;
#74 = DIRECTION ( 'NONE',  ( 1.000000000000000000, 0.000000000000000000, 0.000000000000000000 ) ) ;
#75 = CARTESIAN_POINT ( 'NONE',  ( 3.499999999999999112, 1.449747468305835341, 23.56250000000000000 ) ) ;
#76 = CARTESIAN_POINT ( 'NONE',  ( 1.449747468305833564, -3.500000000000000000, 23.31249999999999645 ) ) ;
#77 = FACE_OUTER_BOUND ( 'NONE', #1902, .T. ) ;
#78 = DIRECTION ( 'NONE',  ( 0.000000000000000000, 0.000000000000000000, -1.000000000000000000 ) ) ;
#79 = FACE_OUTER_BOUND ( 'NONE', #3421, .T. ) ;
#80 = CARTESIAN_POINT ( 'NONE',  ( -1.673947134580573426, -4.041265874999999674, 31.62499999863440792 ) ) ;
#81 = CARTESIAN_POINT ( 'NONE',  ( 3.000000000000000444, 0.000000000000000000, 34.50000000000000000 ) ) ;
#82 = CARTESIAN_POINT ( 'NONE',  ( -1.673947134580573204, -4.041265874999999674, 31.62499999863440436 ) ) ;
#83 = ORIENTED_EDGE ( 'NONE', *, *, #2508, .T. ) ;
#84 = CARTESIAN_POINT ( 'NONE',  ( -4.041265874999999674, -4.949123318322177694E-16, 28.31249999863440436 ) ) ;
#85 = CARTESIAN_POINT ( 'NONE',  ( 2.474873734152916782, -2.474873734152916782, 23.12499999726880873 ) ) ;
#86 = ADVANCED_FACE ( 'NONE', ( #2875 ), #1710, .T. ) ;
#87 = CARTESIAN_POINT ( 'NONE',  ( -1.449747468305832898, -3.500000000000000444, 26.18750000000000355 ) ) ;
#88 = CARTESIAN_POINT ( 'NONE',  ( 2.474561659161088847E-16, -4.041265874999999674, 31.56249999863440436 ) ) ;
#89 = DIRECTION ( 'NONE',  ( -0.000000000000000000, -0.000000000000000000, -1.000000000000000000 ) ) ;
#90 = CARTESIAN_POINT ( 'NONE',  ( 4.041265874999998786, 1.673947134580575868, 19.99999999863440436 ) ) ;
#91 = ORIENTED_EDGE ( 'NONE', *, *, #584, .T. ) ;
#92 = CONICAL_SURFACE ( 'NONE', #3582, 2.500000000000002220, 0.7853981633974461696 ) ;
#93 = EDGE_CURVE ( 'NONE', #3022, #64, #1400, .T. ) ;
#94 = CARTESIAN_POINT ( 'NONE',  ( 0.9992252543351203276, 5.917348716280394605, 13.23160485189495006 ) ) ;
#95 = CARTESIAN_POINT ( 'NONE',  ( -4.041265874999999674, -1.673947134580573870, 20.49999999863440436 ) ) ;
#96 = VECTOR ( 'NONE', #2757, 1000.000000000000000 ) ;
#97 = CYLINDRICAL_SURFACE ( 'NONE', #402, 3.500000000000000000 ) ;
#98 = AXIS2_PLACEMENT_3D ( 'NONE', #821, #2337, #3813 ) ;
#99 = CARTESIAN_POINT ( 'NONE',  ( -3.500000000000000000, -4.286263797015736595E-16, 28.74999999726881228 ) ) ;
#100 = CARTESIAN_POINT ( 'NONE',  ( 4.041265874999999674, 0.000000000000000000, 31.93749999863440436 ) ) ;
#101 = CARTESIAN_POINT ( 'NONE',  ( -2.857606504790286550, -2.857606504790286994, 30.56249999863440436 ) ) ;
#102 = CARTESIAN_POINT ( 'NONE',  ( 2.857606504790286106, 2.857606504790286994, 30.06249999863440436 ) ) ;
#103 = ORIENTED_EDGE ( 'NONE', *, *, #2753, .T. ) ;
#104 = CARTESIAN_POINT ( 'NONE',  ( -7.423684977483266541E-16, 4.041265874999999674, 27.06249999863440436 ) ) ;
#105 = CARTESIAN_POINT ( 'NONE',  ( 1.449747468305833342, -3.500000000000000444, 21.06249999726881228 ) ) ;
#106 = CARTESIAN_POINT ( 'NONE',  ( -1.449747468305834674, 3.499999999999999556, 26.81250000000000000 ) ) ;
#107 = CARTESIAN_POINT ( 'NONE',  ( 2.857606504790286994, -2.857606504790286994, 31.68749999863440436 ) ) ;
#108 = CARTESIAN_POINT ( 'NONE',  ( 3.500000000000000000, 0.000000000000000000, 29.50000000000000000 ) ) ;
#109 = CARTESIAN_POINT ( 'NONE',  ( -7.423684977483266541E-16, 4.041265874999999674, 21.18749999863440436 ) ) ;
#110 = EDGE_LOOP ( 'NONE', ( #624, #1030, #3606, #1790 ) ) ;
#111 = CARTESIAN_POINT ( 'NONE',  ( -6.429395695523603167E-16, 3.500000000000000000, 25.75000000000000355 ) ) ;
#112 = CARTESIAN_POINT ( 'NONE',  ( -7.423684977483266541E-16, 4.041265874999999674, 20.18749999863440436 ) ) ;
#113 = EDGE_CURVE ( 'NONE', #1730, #2353, #3449, .T. ) ;
#114 = CARTESIAN_POINT ( 'NONE',  ( -3.500000000000000000, -4.286263797015736595E-16, 22.00000000000000000 ) ) ;
#115 = CARTESIAN_POINT ( 'NONE',  ( -2.857606504790286994, 2.857606504790286550, 20.18749999863440436 ) ) ;
#116 = CARTESIAN_POINT ( 'NONE',  ( 2.857606504790286106, 2.857606504790286994, 30.06249999863440436 ) ) ;
#117 = CARTESIAN_POINT ( 'NONE',  ( -2.857606504790286550, -2.857606504790286994, 27.56249999863440436 ) ) ;
#118 = ORIENTED_EDGE ( 'NONE', *, *, #3094, .F. ) ;
#119 = CARTESIAN_POINT ( 'NONE',  ( 4.041265874999998786, 1.673947134580575868, 25.87499999863441147 ) ) ;
#120 =( NAMED_UNIT ( * ) PLANE_ANGLE_UNIT ( ) SI_UNIT ( $, .RADIAN. ) );
#121 = CARTESIAN_POINT ( 'NONE',  ( 2.474873734152915894, 2.474873734152917226, 27.62500000000000000 ) ) ;
#122 = CARTESIAN_POINT ( 'NONE',  ( 4.041265874999999674, -1.673947134580573648, 24.74999999863440792 ) ) ;
#123 = CARTESIAN_POINT ( 'NONE',  ( 1.673947134580573648, -4.041265874999999674, 30.62499999863440436 ) ) ;
#124 = CARTESIAN_POINT ( 'NONE',  ( 4.041265874999999674, -1.673947134580573648, 21.87499999863440792 ) ) ;
#125 = ORIENTED_EDGE ( 'NONE', *, *, #3066, .T. ) ;
#126 = B_SPLINE_CURVE_WITH_KNOTS ( 'NONE', 3,
 ( #2923, #1696, #569, #224, #258, #3203 ),
 .UNSPECIFIED., .F., .F.,
 ( 4, 2, 4 ),
 ( 0.000000000000000000, 0.0004021955580547082864, 0.0008043911161094167896 ),
 .UNSPECIFIED. ) ;
#127 = DIRECTION ( 'NONE',  ( -0.000000000000000000, -0.000000000000000000, 1.000000000000000000 ) ) ;
#128 = CARTESIAN_POINT ( 'NONE',  ( 4.041265874999998786, 1.673947134580575868, 26.87499999863440436 ) ) ;
#129 = EDGE_LOOP ( 'NONE', ( #2675, #3827 ) ) ;
#130 = EDGE_CURVE ( 'NONE', #2814, #3646, #3746, .T. ) ;
#131 = CARTESIAN_POINT ( 'NONE',  ( 3.500000000000000000, -1.449747468305833120, 22.18749999726880873 ) ) ;
#132 = CARTESIAN_POINT ( 'NONE',  ( 0.000000000000000000, 0.000000000000000000, 19.00000000000000355 ) ) ;
#133 = CARTESIAN_POINT ( 'NONE',  ( -2.857606504790286550, -2.857606504790286994, 20.43749999863440436 ) ) ;
#134 = CARTESIAN_POINT ( 'NONE',  ( 4.041265874999999674, 0.000000000000000000, 30.93749999863440436 ) ) ;
#135 = CARTESIAN_POINT ( 'NONE',  ( -2.857606504790286994, 2.857606504790286550, 24.31249999863440436 ) ) ;
#136 = ORIENTED_EDGE ( 'NONE', *, *, #1984, .F. ) ;
#137 = CARTESIAN_POINT ( 'NONE',  ( 4.041265874999998786, 1.673947134580575868, 28.87499999863440792 ) ) ;
#138 = CARTESIAN_POINT ( 'NONE',  ( 2.143131898507868297E-16, -3.500000000000000000, 19.99999999726880873 ) ) ;
#139 = CARTESIAN_POINT ( 'NONE',  ( -1.449747468305834674, 3.499999999999999556, 24.81250000000000000 ) ) ;
#140 = CARTESIAN_POINT ( 'NONE',  ( 2.143131898507868297E-16, -3.500000000000000000, 19.99999999726880873 ) ) ;
#141 = CARTESIAN_POINT ( 'NONE',  ( -4.041265874999999674, -4.949123318322177694E-16, 29.31249999863440792 ) ) ;
#142 = CARTESIAN_POINT ( 'NONE',  ( -1.449747468305832898, -3.500000000000000444, 30.93749999726881228 ) ) ;
#143 = ORIENTED_EDGE ( 'NONE', *, *, #725, .F. ) ;
#144 = CARTESIAN_POINT ( 'NONE',  ( -0.7688914490346605568, 2.937107787439718898, 14.99892430056851644 ) ) ;
#145 = LINE ( 'NONE', #491, #3084 ) ;
#146 = VECTOR ( 'NONE', #2152, 1000.000000000000000 ) ;
#147 = ORIENTED_EDGE ( 'NONE', *, *, #2727, .T. ) ;
#148 = CARTESIAN_POINT ( 'NONE',  ( 0.000000000000000000, 0.000000000000000000, 0.5000000000000004441 ) ) ;
#149 = AXIS2_PLACEMENT_3D ( 'NONE', #3131, #1624, #3704 ) ;
#150 = CARTESIAN_POINT ( 'NONE',  ( -0.7691680017106994338, 5.951628850031975837, 4.001341621895599054 ) ) ;
#151 = CARTESIAN_POINT ( 'NONE',  ( 1.673947134580574092, 4.041265874999998786, 27.12499999863440436 ) ) ;
#152 = CARTESIAN_POINT ( 'NONE',  ( 4.041265874999999674, -1.673947134580573648, 27.87499999863440792 ) ) ;
#153 = CARTESIAN_POINT ( 'NONE',  ( -2.857606504790286550, -2.857606504790286994, 26.56249999863440436 ) ) ;
#154 = EDGE_CURVE ( 'NONE', #2814, #3514, #2868, .T. ) ;
#155 = ORIENTED_EDGE ( 'NONE', *, *, #1385, .F. ) ;
#156 = CIRCLE ( 'NONE', #3587, 6.000000000000000888 ) ;
#157 = LINE ( 'NONE', #3727, #2120 ) ;
#158 = CARTESIAN_POINT ( 'NONE',  ( 1.673947134580573870, -4.041265874999999674, 21.62499999863441147 ) ) ;
#159 = CARTESIAN_POINT ( 'NONE',  ( -1.449747468305834674, 3.499999999999999556, 20.56249999726881228 ) ) ;
#160 =( BOUNDED_CURVE ( )  B_SPLINE_CURVE ( 2, ( #1725, #2912, #1430, #3245, #1763, #2623, #2952, #598, #1465 ),
 .UNSPECIFIED., .F., .T. ) 
 B_SPLINE_CURVE_WITH_KNOTS ( ( 3, 2, 2, 2, 3 ),
 ( 0.07692307692307692735, 0.08653846153846153633, 0.09615384615384615918, 0.1057692307692307682, 0.1153846153846153910 ),
 .UNSPECIFIED. ) 
 CURVE ( )  GEOMETRIC_REPRESENTATION_ITEM ( )  RATIONAL_B_SPLINE_CURVE ( ( 1.000000000000000000, 0.9238795325112867385, 1.000000000000000000, 0.9238795325112867385, 1.000000000000000000, 0.9238795325112867385, 1.000000000000000000, 0.9238795325112867385, 1.000000000000000000 ) ) 
 REPRESENTATION_ITEM ( '' )  );
#161 = CARTESIAN_POINT ( 'NONE',  ( 2.143131898507868297E-16, -3.500000000000000000, 26.25000000000000000 ) ) ;
#162 = LINE ( 'NONE', #1693, #2883 ) ;
#163 = CARTESIAN_POINT ( 'NONE',  ( -7.423684977483266541E-16, 4.041265874999999674, 30.06249999863440436 ) ) ;
#164 = CARTESIAN_POINT ( 'NONE',  ( 2.474873734152915894, 2.474873734152917226, 29.37499999726881228 ) ) ;
#165 = CARTESIAN_POINT ( 'NONE',  ( 4.041265874999998786, 1.673947134580575868, 28.87499999863440792 ) ) ;
#166 = CYLINDRICAL_SURFACE ( 'NONE', #769, 1.250000000000002887 ) ;
#167 = DIRECTION ( 'NONE',  ( -0.000000000000000000, -0.000000000000000000, 1.000000000000000000 ) ) ;
#168 = ORIENTED_EDGE ( 'NONE', *, *, #2033, .F. ) ;
#169 = CARTESIAN_POINT ( 'NONE',  ( -5.366593199265692782, 2.686067525780533760, 15.56051781610676876 ) ) ;
#170 = DIRECTION ( 'NONE',  ( 1.000000000000000000, 0.000000000000000000, 0.000000000000000000 ) ) ;
#171 = CARTESIAN_POINT ( 'NONE',  ( -5.639654820975131599, -2.053580172395073511, 16.33078641601652592 ) ) ;
#172 = CARTESIAN_POINT ( 'NONE',  ( 1.673947134580574092, 4.041265874999998786, 29.12499999863440792 ) ) ;
#173 = CARTESIAN_POINT ( 'NONE',  ( -2.857606504790286550, -2.857606504790286994, 31.56249999863440436 ) ) ;
#174 = CARTESIAN_POINT ( 'NONE',  ( 1.673947134580574092, 4.041265874999998786, 25.12499999863441147 ) ) ;
#175 = CARTESIAN_POINT ( 'NONE',  ( -3.500000000000000000, -1.449747468305833564, 29.81249999726881228 ) ) ;
#176 = B_SPLINE_CURVE_WITH_KNOTS ( 'NONE', 3,
 ( #3095, #2718, #2444, #3385, #2782, #1567, #3627, #2484, #3685, #3365, #947, #403, #94, #1859, #2762, #969, #3647, #713 ),
 .UNSPECIFIED., .F., .F.,
 ( 4, 2, 2, 2, 2, 2, 2, 2, 4 ),
 ( 0.003918822340149868098, 0.004408547516782013523, 0.004898272693414158947, 0.005387997870046304372, 0.005877723046678450664, 0.006367448223310596088, 0.006857173399942741512, 0.007346898576574886937, 0.007836623753207032361 ),
 .UNSPECIFIED. ) ;
#177 = CARTESIAN_POINT ( 'NONE',  ( 2.857606504790286994, -2.857606504790286994, 24.68749999863440436 ) ) ;
#178 = EDGE_CURVE ( 'NONE', #421, #307, #2222, .T. ) ;
#179 = CARTESIAN_POINT ( 'NONE',  ( -3.500000000000000000, -4.286263797015736595E-16, 24.00000000000000000 ) ) ;
#180 = CARTESIAN_POINT ( 'NONE',  ( -3.500000000000000000, -4.286263797015736595E-16, 19.74999999726880873 ) ) ;
#181 = CARTESIAN_POINT ( 'NONE',  ( 2.474873734152916782, -2.474873734152916782, 32.12499999726880873 ) ) ;
#182 = DIRECTION ( 'NONE',  ( 0.000000000000000000, 0.000000000000000000, -1.000000000000000000 ) ) ;
#183 = DIRECTION ( 'NONE',  ( 1.000000000000000000, 0.000000000000000000, 0.000000000000000000 ) ) ;
#184 = VERTEX_POINT ( 'NONE', #3136 ) ;
#185 = CARTESIAN_POINT ( 'NONE',  ( 0.000000000000000000, 0.000000000000000000, 35.00000000000000000 ) ) ;
#186 = DIRECTION ( 'NONE',  ( -0.000000000000000000, 0.000000000000000000, 1.000000000000000000 ) ) ;
#187 = CARTESIAN_POINT ( 'NONE',  ( -5.840300695808087639, -1.388186425988096495, 16.77917307380393197 ) ) ;
#188 = CARTESIAN_POINT ( 'NONE',  ( -2.857606504790286994, 2.857606504790286550, 28.31249999863440436 ) ) ;
#189 = CARTESIAN_POINT ( 'NONE',  ( -4.041265874999999674, -1.673947134580573870, 25.49999999863440436 ) ) ;
#190 = CARTESIAN_POINT ( 'NONE',  ( -1.673947134580573204, -4.041265874999999674, 25.62499999863441147 ) ) ;
#191 = ORIENTED_EDGE ( 'NONE', *, *, #3094, .T. ) ;
#192 = ORIENTED_EDGE ( 'NONE', *, *, #2229, .F. ) ;
#193 = CARTESIAN_POINT ( 'NONE',  ( -4.041265874999999674, -4.949123318322177694E-16, 24.31249999863440436 ) ) ;
#194 = CARTESIAN_POINT ( 'NONE',  ( 4.041265874999999674, 0.000000000000000000, 24.81249999863440436 ) ) ;
#195 = FACE_OUTER_BOUND ( 'NONE', #3867, .T. ) ;
#196 = CARTESIAN_POINT ( 'NONE',  ( 3.500000000000000000, 0.000000000000000000, 22.50000000000000000 ) ) ;
#197 = DIRECTION ( 'NONE',  ( 0.000000000000000000, 0.000000000000000000, 1.000000000000000000 ) ) ;
#198 = CARTESIAN_POINT ( 'NONE',  ( 4.041265874999999674, 0.000000000000000000, 29.81249999863440436 ) ) ;
#199 = CARTESIAN_POINT ( 'NONE',  ( -6.429395695523603167E-16, 3.500000000000000000, 29.49999999726881228 ) ) ;
#200 = EDGE_CURVE ( 'NONE', #3113, #2018, #3784, .T. ) ;
#201 = LINE ( 'NONE', #1928, #2703 ) ;
#202 = CARTESIAN_POINT ( 'NONE',  ( 3.500000000000000000, 0.000000000000000000, 27.50000000000000000 ) ) ;
#203 = EDGE_CURVE ( 'NONE', #428, #2771, #2640, .T. ) ;
#204 = ORIENTED_EDGE ( 'NONE', *, *, #3016, .F. ) ;
#205 = DIRECTION ( 'NONE',  ( 1.000000000000000000, 0.000000000000000000, 0.000000000000000000 ) ) ;
#206 = CARTESIAN_POINT ( 'NONE',  ( -1.449747468305832898, -3.500000000000000000, 21.93749999726880873 ) ) ;
#207 = CARTESIAN_POINT ( 'NONE',  ( -5.473201505120214527, -2.461574116654074995, 12.10507077287675770 ) ) ;
#208 = CARTESIAN_POINT ( 'NONE',  ( -2.857606504790286994, 2.857606504790286550, 25.31249999863440792 ) ) ;
#209 = VECTOR ( 'NONE', #982, 1000.000000000000000 ) ;
#210 = CARTESIAN_POINT ( 'NONE',  ( 4.041265874999999674, 0.000000000000000000, 25.93749999863440792 ) ) ;
#211 = CARTESIAN_POINT ( 'NONE',  ( 4.041265874999999674, 0.000000000000000000, 21.93749999863440436 ) ) ;
#212 = CARTESIAN_POINT ( 'NONE',  ( -3.500000000000000000, -4.286263797015736595E-16, 29.74999999726881228 ) ) ;
#213 = CARTESIAN_POINT ( 'NONE',  ( 4.041265874999999674, 0.000000000000000000, 23.81249999863440436 ) ) ;
#214 = CARTESIAN_POINT ( 'NONE',  ( -7.423684977483266541E-16, 4.041265874999999674, 25.06249999863440792 ) ) ;
#215 = CARTESIAN_POINT ( 'NONE',  ( 2.857606504790286106, 2.857606504790286994, 22.93749999863440436 ) ) ;
#216 = CARTESIAN_POINT ( 'NONE',  ( -6.429395695523603167E-16, 3.500000000000000000, 27.49999999726880873 ) ) ;
#217 = ADVANCED_BREP_SHAPE_REPRESENTATION ( '\X2\80548f7456686539\X0\', ( #1395, #98 ), #3658 ) ;
#218 = AXIS2_PLACEMENT_3D ( 'NONE', #2519, #2832, #1952 ) ;
#219 = ORIENTED_EDGE ( 'NONE', *, *, #3244, .F. ) ;
#220 = CARTESIAN_POINT ( 'NONE',  ( 2.474873734152915894, 2.474873734152917226, 22.62500000000000000 ) ) ;
#221 = CARTESIAN_POINT ( 'NONE',  ( -2.474873734152916338, -2.474873734152916782, 24.12500000000000000 ) ) ;
#222 = CARTESIAN_POINT ( 'NONE',  ( 3.500000000000000444, -1.449747468305833120, 31.18749999726881583 ) ) ;
#223 = CARTESIAN_POINT ( 'NONE',  ( -4.041265875000000563, 1.673947134580572538, 29.24999999863440792 ) ) ;
#224 = CARTESIAN_POINT ( 'NONE',  ( -2.086760535183836751, 0.2704906535368022946, 10.90901095278467103 ) ) ;
#225 = CARTESIAN_POINT ( 'NONE',  ( -2.474873734152916338, -2.474873734152916782, 20.87499999726881228 ) ) ;
#226 = CARTESIAN_POINT ( 'NONE',  ( 0.000000000000000000, 0.000000000000000000, 19.00000000000000355 ) ) ;
#227 = CARTESIAN_POINT ( 'NONE',  ( -6.000000000000000888, 6.593693876289827176E-24, 10.90000000000000036 ) ) ;
#228 = CARTESIAN_POINT ( 'NONE',  ( 4.041265874999999674, -1.673947134580573648, 27.87499999863440792 ) ) ;
#229 = CARTESIAN_POINT ( 'NONE',  ( 2.857606504790286106, 2.857606504790286994, 22.06249999863440436 ) ) ;
#230 = VERTEX_POINT ( 'NONE', #3120 ) ;
#231 = CYLINDRICAL_SURFACE ( 'NONE', #1102, 3.500000000000000000 ) ;
#232 = CARTESIAN_POINT ( 'NONE',  ( 2.474561659161088847E-16, -4.041265874999999674, 24.56249999863440436 ) ) ;
#233 = CARTESIAN_POINT ( 'NONE',  ( 1.673947134580573870, -4.041265874999999674, 26.62499999863440792 ) ) ;
#234 = CARTESIAN_POINT ( 'NONE',  ( 2.857606504790286994, -2.857606504790286994, 24.68749999863440436 ) ) ;
#235 = CARTESIAN_POINT ( 'NONE',  ( 0.6381966472590525630, 2.006767123951970877, 3.912606835385723958 ) ) ;
#236 = VERTEX_POINT ( 'NONE', #447 ) ;
#237 = ORIENTED_EDGE ( 'NONE', *, *, #3731, .T. ) ;
#238 = CARTESIAN_POINT ( 'NONE',  ( 3.500000000000000444, -1.449747468305833120, 22.43749999999999645 ) ) ;
#239 = CARTESIAN_POINT ( 'NONE',  ( 3.500000000000000000, 0.000000000000000000, 19.00000000000000355 ) ) ;
#240 = CARTESIAN_POINT ( 'NONE',  ( 3.500000000000000444, -1.449747468305833120, 25.18749999726880873 ) ) ;
#241 = CARTESIAN_POINT ( 'NONE',  ( -3.500000000000000000, -4.286263797015736595E-16, 19.00000000000000000 ) ) ;
#242 = CARTESIAN_POINT ( 'NONE',  ( -2.474873734152917226, 2.474873734152916338, 23.62499999726880873 ) ) ;
#243 = CARTESIAN_POINT ( 'NONE',  ( -3.500000000000001332, 1.449747468305832010, 28.93750000000000355 ) ) ;
#244 = CARTESIAN_POINT ( 'NONE',  ( -4.041265875000001451, 1.673947134580572538, 24.37499999863441147 ) ) ;
#245 = CARTESIAN_POINT ( 'NONE',  ( 4.041265874999999674, 0.000000000000000000, 20.93749999863440436 ) ) ;
#246 = EDGE_LOOP ( 'NONE', ( #2190, #716, #686, #1495 ) ) ;
#247 = EDGE_CURVE ( 'NONE', #2233, #855, #157, .T. ) ;
#248 = CARTESIAN_POINT ( 'NONE',  ( 3.500000000000000000, -1.449747468305833120, 28.43750000000000355 ) ) ;
#249 = CARTESIAN_POINT ( 'NONE',  ( 1.673947134580573870, -4.041265874999999674, 19.62499999863441147 ) ) ;
#250 = CARTESIAN_POINT ( 'NONE',  ( -4.041265874999999674, -4.949123318322177694E-16, 27.31249999863440436 ) ) ;
#251 = CARTESIAN_POINT ( 'NONE',  ( 2.474561659161088847E-16, -4.041265874999999674, 24.56249999863440436 ) ) ;
#252 = CARTESIAN_POINT ( 'NONE',  ( 1.088348270274898555, 1.797563030580056953, 5.636027150965014165 ) ) ;
#253 = EDGE_LOOP ( 'NONE', ( #1954, #2308, #1874, #831 ) ) ;
#254 = EDGE_LOOP ( 'NONE', ( #2199, #873, #577, #2498 ) ) ;
#255 = CARTESIAN_POINT ( 'NONE',  ( -3.500000000000001332, 1.449747468305832010, 21.93749999999999645 ) ) ;
#256 = CARTESIAN_POINT ( 'NONE',  ( 2.474873734152915894, 2.474873734152917226, 26.37499999726881228 ) ) ;
#257 =( BOUNDED_CURVE ( )  B_SPLINE_CURVE ( 2, ( #99, #2470, #3671, #992, #697, #1879, #3080, #406, #2784 ),
 .UNSPECIFIED., .F., .F. ) 
 B_SPLINE_CURVE_WITH_KNOTS ( ( 3, 2, 2, 2, 3 ),
 ( 0.2692307692307692180, 0.2788461538461538547, 0.2884615384615384359, 0.2980769230769230727, 0.3076923076923077094 ),
 .UNSPECIFIED. ) 
 CURVE ( )  GEOMETRIC_REPRESENTATION_ITEM ( )  RATIONAL_B_SPLINE_CURVE ( ( 1.000000000000000000, 0.9238795325112867385, 1.000000000000000000, 0.9238795325112867385, 1.000000000000000000, 0.9238795325112867385, 1.000000000000000000, 0.9238795325112867385, 1.000000000000000000 ) ) 
 REPRESENTATION_ITEM ( '' )  );
#258 = CARTESIAN_POINT ( 'NONE',  ( -2.100000000000000089, 0.1341505700819276004, 10.89999999999999858 ) ) ;
#259 = CARTESIAN_POINT ( 'NONE',  ( 2.474873734152916782, -2.474873734152916782, 31.37500000000000000 ) ) ;
#260 = CARTESIAN_POINT ( 'NONE',  ( 1.449747468305833564, -3.500000000000000000, 27.06249999726880873 ) ) ;
#261 = CARTESIAN_POINT ( 'NONE',  ( 2.474561659161088847E-16, -4.041265874999999674, 21.68749999863440436 ) ) ;
#262 = CARTESIAN_POINT ( 'NONE',  ( -7.423684977483266541E-16, 4.041265874999999674, 24.18749999863440436 ) ) ;
#263 = CARTESIAN_POINT ( 'NONE',  ( -2.474873734152916338, -2.474873734152916782, 28.12500000000000000 ) ) ;
#264 = CARTESIAN_POINT ( 'NONE',  ( -0.1656694279915011114, 6.000000000000000888, 12.74999999999999645 ) ) ;
#265 = CARTESIAN_POINT ( 'NONE',  ( 2.857606504790286994, -2.857606504790286994, 23.68749999863440436 ) ) ;
#266 = EDGE_CURVE ( 'NONE', #2788, #3577, #578, .T. ) ;
#267 = CARTESIAN_POINT ( 'NONE',  ( 4.041265874999999674, -1.673947134580573426, 23.74999999863440436 ) ) ;
#268 = CARTESIAN_POINT ( 'NONE',  ( 2.000000000000000000, 0.000000000000000000, 14.00000000000000000 ) ) ;
#269 = ORIENTED_EDGE ( 'NONE', *, *, #2319, .F. ) ;
#270 = ORIENTED_EDGE ( 'NONE', *, *, #2906, .F. ) ;
#271 = CARTESIAN_POINT ( 'NONE',  ( -1.673947134580575424, 4.041265874999998786, 29.12499999863440792 ) ) ;
#272 = PRESENTATION_LAYER_ASSIGNMENT (  '', '', ( #2636 ) ) ;
#273 = CARTESIAN_POINT ( 'NONE',  ( -3.500000000000001332, 1.449747468305832010, 26.68749999726881228 ) ) ;
#274 = AXIS2_PLACEMENT_3D ( 'NONE', #1163, #2031, #555 ) ;
#275 = CARTESIAN_POINT ( 'NONE',  ( -3.500000000000000000, -4.286263797015736595E-16, 25.00000000000000000 ) ) ;
#276 = CARTESIAN_POINT ( 'NONE',  ( 2.143131898507868297E-16, -3.500000000000000000, 30.99999999726880873 ) ) ;
#277 = CARTESIAN_POINT ( 'NONE',  ( 4.041265874999999674, -1.673947134580573648, 26.87499999863440436 ) ) ;
#278 = CARTESIAN_POINT ( 'NONE',  ( 4.041265874999998786, 1.673947134580575868, 25.87499999863441147 ) ) ;
#279 = CARTESIAN_POINT ( 'NONE',  ( 2.474873734152915894, 2.474873734152917226, 24.37499999726881228 ) ) ;
#280 = CARTESIAN_POINT ( 'NONE',  ( 4.041265874999999674, -1.673947134580573648, 24.87499999863440792 ) ) ;
#281 = CARTESIAN_POINT ( 'NONE',  ( 2.474561659161088847E-16, -4.041265874999999674, 21.68749999863440436 ) ) ;
#282 = VERTEX_POINT ( 'NONE', #2091 ) ;
#283 = LINE ( 'NONE', #850, #946 ) ;
#284 = CARTESIAN_POINT ( 'NONE',  ( -1.186126370351687997, 5.881677493222346342, 14.40291388676864415 ) ) ;
#285 = CARTESIAN_POINT ( 'NONE',  ( 1.673947134580573870, -4.041265874999999674, 23.62499999863440792 ) ) ;
#286 = CARTESIAN_POINT ( 'NONE',  ( -2.857606504790286994, 2.857606504790286550, 21.18749999863440436 ) ) ;
#287 = DIRECTION ( 'NONE',  ( 0.000000000000000000, 0.000000000000000000, 1.000000000000000000 ) ) ;
#288 = EDGE_LOOP ( 'NONE', ( #1895, #1575, #3771, #143 ) ) ;
#289 = VERTEX_POINT ( 'NONE', #1807 ) ;
#290 = CARTESIAN_POINT ( 'NONE',  ( 4.041265874999999674, 0.000000000000000000, 30.81249999863440436 ) ) ;
#291 = CARTESIAN_POINT ( 'NONE',  ( -3.500000000000000000, -4.286263797015736595E-16, 26.00000000000000355 ) ) ;
#292 = CARTESIAN_POINT ( 'NONE',  ( -2.474873734152917226, 2.474873734152916338, 24.62499999726881228 ) ) ;
#293 = EDGE_CURVE ( 'NONE', #2097, #1209, #283, .T. ) ;
#294 = CARTESIAN_POINT ( 'NONE',  ( 3.500000000000000000, 0.000000000000000000, 24.24999999726880873 ) ) ;
#295 = CARTESIAN_POINT ( 'NONE',  ( -1.449747468305832898, -3.500000000000000000, 30.93749999726881228 ) ) ;
#296 = CARTESIAN_POINT ( 'NONE',  ( 2.857606504790286106, 2.857606504790286994, 27.06249999863440436 ) ) ;
#297 = ORIENTED_EDGE ( 'NONE', *, *, #2009, .T. ) ;
#298 = CARTESIAN_POINT ( 'NONE',  ( 4.041265874999999674, -1.673947134580573648, 21.87499999863440792 ) ) ;
#299 = CARTESIAN_POINT ( 'NONE',  ( 0.000000000000000000, 0.000000000000000000, 11.00000000000000000 ) ) ;
#300 = ORIENTED_EDGE ( 'NONE', *, *, #2627, .T. ) ;
#301 = CARTESIAN_POINT ( 'NONE',  ( -1.449747468305832898, -3.500000000000000000, 25.18750000000000711 ) ) ;
#302 = CARTESIAN_POINT ( 'NONE',  ( 0.000000000000000000, 0.000000000000000000, 19.00000000000000355 ) ) ;
#303 = CARTESIAN_POINT ( 'NONE',  ( 3.842865929715132079E-17, 2.836811590500857960, 12.74999999999999822 ) ) ;
#304 = CARTESIAN_POINT ( 'NONE',  ( 2.857606504790286106, 2.857606504790286994, 22.93749999863440436 ) ) ;
#305 = CARTESIAN_POINT ( 'NONE',  ( -3.500000000000000000, -4.286263797015736595E-16, 26.74999999726881228 ) ) ;
#306 = CARTESIAN_POINT ( 'NONE',  ( -1.673947134580575424, 4.041265874999998786, 31.24999999863440081 ) ) ;
#307 = VERTEX_POINT ( 'NONE', #2929 ) ;
#308 = CARTESIAN_POINT ( 'NONE',  ( 1.673947134580573648, -4.041265874999999674, 25.62499999863441147 ) ) ;
#309 = CARTESIAN_POINT ( 'NONE',  ( 1.673947134580573870, -4.041265874999999674, 31.62499999863440792 ) ) ;
#310 = CARTESIAN_POINT ( 'NONE',  ( -1.449747468305834674, 3.499999999999999556, 28.56249999726881228 ) ) ;
#311 = CARTESIAN_POINT ( 'NONE',  ( 1.449747468305833564, 3.500000000000000000, 30.68750000000000355 ) ) ;
#312 = DIRECTION ( 'NONE',  ( -0.000000000000000000, -0.000000000000000000, 1.000000000000000000 ) ) ;
#313 = CARTESIAN_POINT ( 'NONE',  ( -4.041265875000001451, 1.673947134580572538, 29.24999999863440436 ) ) ;
#314 = CARTESIAN_POINT ( 'NONE',  ( -3.500000000000001332, 1.449747468305832454, 29.68749999726881938 ) ) ;
#315 = CARTESIAN_POINT ( 'NONE',  ( -7.423684977483266541E-16, 4.041265874999999674, 24.18749999863440436 ) ) ;
#316 = EDGE_CURVE ( 'NONE', #2018, #1842, #1745, .T. ) ;
#317 = ORIENTED_EDGE ( 'NONE', *, *, #2395, .T. ) ;
#318 = FACE_OUTER_BOUND ( 'NONE', #986, .T. ) ;
#319 = CARTESIAN_POINT ( 'NONE',  ( 4.041265874999998786, 1.673947134580575868, 22.99999999863440081 ) ) ;
#320 = PLANE ( 'NONE',  #579 ) ;
#321 = EDGE_CURVE ( 'NONE', #1866, #2850, #1147, .T. ) ;
#322 = CARTESIAN_POINT ( 'NONE',  ( 3.500000000000000000, 0.000000000000000000, 30.24999999726880873 ) ) ;
#323 = CARTESIAN_POINT ( 'NONE',  ( -2.474873734152916338, -2.474873734152916782, 25.12500000000000000 ) ) ;
#324 = CARTESIAN_POINT ( 'NONE',  ( 2.143131898507868297E-16, -3.500000000000000000, 28.25000000000000000 ) ) ;
#325 = CARTESIAN_POINT ( 'NONE',  ( -2.857606504790286994, 2.857606504790286550, 20.18749999863440436 ) ) ;
#326 = CARTESIAN_POINT ( 'NONE',  ( -1.673947134580573426, -4.041265874999999674, 22.49999999863440081 ) ) ;
#327 = CARTESIAN_POINT ( 'NONE',  ( -2.474873734152917226, 2.474873734152916338, 26.87500000000000000 ) ) ;
#328 = CARTESIAN_POINT ( 'NONE',  ( -2.857606504790286550, -2.857606504790286994, 31.56249999863440436 ) ) ;
#329 = ORIENTED_EDGE ( 'NONE', *, *, #3201, .T. ) ;
#330 = CARTESIAN_POINT ( 'NONE',  ( -1.673947134580575424, 4.041265874999998786, 31.12499999863440436 ) ) ;
#331 = CARTESIAN_POINT ( 'NONE',  ( 1.673947134580574092, 4.041265874999998786, 30.99999999863440081 ) ) ;
#332 = CARTESIAN_POINT ( 'NONE',  ( -3.500000000000000000, -4.286263797015736595E-16, 22.74999999726880873 ) ) ;
#333 = CIRCLE ( 'NONE', #3581, 3.500000000000000000 ) ;
#334 = CIRCLE ( 'NONE', #1833, 3.500000000000000000 ) ;
#335 = CARTESIAN_POINT ( 'NONE',  ( 3.499999999999999556, 1.449747468305835341, 28.56250000000000000 ) ) ;
#336 = LINE ( 'NONE', #2734, #209 ) ;
#337 = CARTESIAN_POINT ( 'NONE',  ( 2.474561659161088847E-16, -4.041265874999999674, 30.56249999863440436 ) ) ;
#338 = CARTESIAN_POINT ( 'NONE',  ( -2.474873734152917226, 2.474873734152916338, 21.62499999726880873 ) ) ;
#339 = CARTESIAN_POINT ( 'NONE',  ( -4.041265875000001451, 1.673947134580572538, 20.37499999863441147 ) ) ;
#340 = AXIS2_PLACEMENT_3D ( 'NONE', #925, #1872, #2104 ) ;
#341 = CARTESIAN_POINT ( 'NONE',  ( 4.041265874999999674, -1.673947134580573426, 25.74999999863441147 ) ) ;
#342 = VERTEX_POINT ( 'NONE', #3804 ) ;
#343 = FACE_OUTER_BOUND ( 'NONE', #2058, .T. ) ;
#344 = CARTESIAN_POINT ( 'NONE',  ( -6.429395695523603167E-16, 3.500000000000000000, 23.75000000000000000 ) ) ;
#345 = CARTESIAN_POINT ( 'NONE',  ( 3.500000000000000000, -1.449747468305833120, 23.43749999999999645 ) ) ;
#346 = CARTESIAN_POINT ( 'NONE',  ( 2.474873734152915894, 2.474873734152917226, 25.37499999726881228 ) ) ;
#347 = DIRECTION ( 'NONE',  ( 0.000000000000000000, 0.000000000000000000, 1.000000000000000000 ) ) ;
#348 = ADVANCED_FACE ( 'NONE', ( #2642 ), #1446, .T. ) ;
#349 = CARTESIAN_POINT ( 'NONE',  ( 4.041265874999999674, -1.673947134580573648, 23.74999999863440436 ) ) ;
#350 = DIRECTION ( 'NONE',  ( 1.000000000000000000, 0.000000000000000000, 0.000000000000000000 ) ) ;
#351 = CARTESIAN_POINT ( 'NONE',  ( -4.041265874999999674, -4.949123318322177694E-16, 31.43749999863440436 ) ) ;
#352 = ORIENTED_EDGE ( 'NONE', *, *, #842, .T. ) ;
#353 = ORIENTED_EDGE ( 'NONE', *, *, #3470, .F. ) ;
#354 = CARTESIAN_POINT ( 'NONE',  ( -2.857606504790286994, 2.857606504790286550, 26.18749999863440792 ) ) ;
#355 = CARTESIAN_POINT ( 'NONE',  ( 1.449747468305833564, 3.500000000000000000, 19.68749999999999645 ) ) ;
#356 = CARTESIAN_POINT ( 'NONE',  ( 1.449747468305833564, 3.500000000000000000, 21.43749999726880517 ) ) ;
#357 = CARTESIAN_POINT ( 'NONE',  ( -1.449747468305834674, 3.499999999999999556, 30.81250000000000000 ) ) ;
#358 = CARTESIAN_POINT ( 'NONE',  ( -4.041265874999999674, -1.673947134580573870, 31.37499999863440436 ) ) ;
#359 = CARTESIAN_POINT ( 'NONE',  ( 2.474561659161088847E-16, -4.041265874999999674, 30.56249999863440436 ) ) ;
#360 = CARTESIAN_POINT ( 'NONE',  ( 1.673947134580573870, -4.041265874999999674, 20.74999999863440436 ) ) ;
#361 = EDGE_LOOP ( 'NONE', ( #3616, #2900, #2433, #785 ) ) ;
#362 = FACE_OUTER_BOUND ( 'NONE', #3078, .T. ) ;
#363 = CARTESIAN_POINT ( 'NONE',  ( -2.857606504790286994, 2.857606504790286550, 20.31249999863440436 ) ) ;
#364 = CARTESIAN_POINT ( 'NONE',  ( 2.474873734152915894, 2.474873734152917226, 29.62500000000000000 ) ) ;
#365 = CARTESIAN_POINT ( 'NONE',  ( 1.528722718240420924E-16, 2.836811590500855740, 15.25000000000000355 ) ) ;
#366 = CARTESIAN_POINT ( 'NONE',  ( 4.041265874999999674, -1.673947134580573648, 30.87499999863440436 ) ) ;
#367 = CARTESIAN_POINT ( 'NONE',  ( 3.499999999999999112, 1.449747468305835341, 26.56250000000000000 ) ) ;
#368 = CARTESIAN_POINT ( 'NONE',  ( -4.041265874999999674, -4.949123318322177694E-16, 29.43749999863440792 ) ) ;
#369 = EDGE_CURVE ( 'NONE', #2557, #3022, #2328, .T. ) ;
#370 = CARTESIAN_POINT ( 'NONE',  ( 4.041265874999999674, 0.000000000000000000, 25.81249999863440792 ) ) ;
#371 = CARTESIAN_POINT ( 'NONE',  ( 3.499999999999999556, 1.449747468305835341, 24.31249999726881228 ) ) ;
#372 = EDGE_CURVE ( 'NONE', #2267, #3064, #160, .T. ) ;
#373 = CARTESIAN_POINT ( 'NONE',  ( 2.474873734152915894, 2.474873734152917226, 26.62500000000000000 ) ) ;
#374 = CARTESIAN_POINT ( 'NONE',  ( -3.500000000000000000, -4.286263797015736595E-16, 23.00000000000000000 ) ) ;
#375 = CARTESIAN_POINT ( 'NONE',  ( -1.949358868961793556, -0.7810249675906638656, 11.00000000000000000 ) ) ;
#376 = CARTESIAN_POINT ( 'NONE',  ( 0.000000000000000000, 0.000000000000000000, 0.000000000000000000 ) ) ;
#377 = CARTESIAN_POINT ( 'NONE',  ( 4.041265874999998786, 1.673947134580575868, 22.99999999863440081 ) ) ;
#378 = ORIENTED_EDGE ( 'NONE', *, *, #2612, .T. ) ;
#379 = CARTESIAN_POINT ( 'NONE',  ( 2.000000000000000000, 0.000000000000000000, 14.00000000000000000 ) ) ;
#380 = CARTESIAN_POINT ( 'NONE',  ( 4.041265874999999674, -1.673947134580573648, 20.87499999863441147 ) ) ;
#381 = CARTESIAN_POINT ( 'NONE',  ( -3.500000000000000000, -4.286263797015736595E-16, 30.00000000000000000 ) ) ;
#382 = EDGE_LOOP ( 'NONE', ( #2748, #3197, #352, #1783 ) ) ;
#383 = CARTESIAN_POINT ( 'NONE',  ( 2.143131898507868297E-16, -3.500000000000000000, 25.25000000000000000 ) ) ;
#384 = CARTESIAN_POINT ( 'NONE',  ( -3.500000000000000000, -4.286263797015736595E-16, 20.00000000000000000 ) ) ;
#385 = CYLINDRICAL_SURFACE ( 'NONE', #2012, 3.500000000000000000 ) ;
#386 =( BOUNDED_CURVE ( )  B_SPLINE_CURVE ( 2, ( #1828, #1897, #1533, #1553, #423, #2743, #1606, #1846, #952 ),
 .UNSPECIFIED., .F., .F. ) 
 B_SPLINE_CURVE_WITH_KNOTS ( ( 3, 2, 2, 2, 3 ),
 ( 0.7307692307692307265, 0.7403846153846154188, 0.7500000000000000000, 0.7596153846153845812, 0.7692307692307692735 ),
 .UNSPECIFIED. ) 
 CURVE ( )  GEOMETRIC_REPRESENTATION_ITEM ( )  RATIONAL_B_SPLINE_CURVE ( ( 1.000000000000000000, 0.9238795325112867385, 1.000000000000000000, 0.9238795325112867385, 1.000000000000000000, 0.9238795325112867385, 1.000000000000000000, 0.9238795325112867385, 1.000000000000000000 ) ) 
 REPRESENTATION_ITEM ( '' )  );
#387 = CARTESIAN_POINT ( 'NONE',  ( -4.041265874999999674, -1.673947134580573870, 19.37499999863440792 ) ) ;
#388 = CARTESIAN_POINT ( 'NONE',  ( 4.041265874999998786, 1.673947134580575868, 28.99999999863440436 ) ) ;
#389 = CARTESIAN_POINT ( 'NONE',  ( 4.041265874999999674, -1.673947134580573426, 30.87499999863440436 ) ) ;
#390 = ORIENTED_EDGE ( 'NONE', *, *, #3352, .T. ) ;
#391 = CARTESIAN_POINT ( 'NONE',  ( 0.000000000000000000, 0.000000000000000000, 19.00000000000000355 ) ) ;
#392 = EDGE_CURVE ( 'NONE', #2811, #3646, #2662, .T. ) ;
#393 = CARTESIAN_POINT ( 'NONE',  ( -4.041265875000001451, 1.673947134580572538, 28.24999999863440436 ) ) ;
#394 = CARTESIAN_POINT ( 'NONE',  ( 3.500000000000000444, -1.449747468305833120, 21.18749999726881228 ) ) ;
#395 = EDGE_CURVE ( 'NONE', #3720, #2604, #2369, .T. ) ;
#396 = CARTESIAN_POINT ( 'NONE',  ( 1.449747468305833342, -3.500000000000000444, 24.31250000000000000 ) ) ;
#397 = CARTESIAN_POINT ( 'NONE',  ( -3.500000000000000000, -4.286263797015736595E-16, 30.00000000000000000 ) ) ;
#398 = AXIS2_PLACEMENT_3D ( 'NONE', #185, #3114, #205 ) ;
#399 = CARTESIAN_POINT ( 'NONE',  ( -3.500000000000000000, -4.286263797015736595E-16, 30.74999999726880873 ) ) ;
#400 = CARTESIAN_POINT ( 'NONE',  ( 4.041265874999998786, 1.673947134580575868, 20.99999999863440436 ) ) ;
#401 = ORIENTED_EDGE ( 'NONE', *, *, #200, .F. ) ;
#402 = AXIS2_PLACEMENT_3D ( 'NONE', #2469, #2174, #3076 ) ;
#403 = CARTESIAN_POINT ( 'NONE',  ( 1.092146436861834102, 5.900108688871172902, 13.37038067467587332 ) ) ;
#404 = CARTESIAN_POINT ( 'NONE',  ( -2.857606504790286550, -2.857606504790286994, 19.56249999863440436 ) ) ;
#405 = CIRCLE ( 'NONE', #1639, 3.000000000000000444 ) ;
#406 = CARTESIAN_POINT ( 'NONE',  ( 3.499999999999999112, 1.449747468305835341, 28.31249999726881228 ) ) ;
#407 = CARTESIAN_POINT ( 'NONE',  ( -7.423684977483266541E-16, 4.041265874999999674, 30.18749999863440436 ) ) ;
#408 = CARTESIAN_POINT ( 'NONE',  ( -1.673947134580575424, 4.041265874999998786, 28.24999999863440436 ) ) ;
#409 = CARTESIAN_POINT ( 'NONE',  ( 2.474561659161088847E-16, -4.041265874999999674, 24.68749999863440436 ) ) ;
#410 = EDGE_LOOP ( 'NONE', ( #2449, #1584 ) ) ;
#411 = CARTESIAN_POINT ( 'NONE',  ( -1.673947134580573426, -4.041265874999999674, 27.49999999863440436 ) ) ;
#412 = SURFACE_STYLE_FILL_AREA ( #3475 ) ;
#413 = CARTESIAN_POINT ( 'NONE',  ( -6.429395695523603167E-16, 3.500000000000000000, 26.75000000000000000 ) ) ;
#414 = CARTESIAN_POINT ( 'NONE',  ( 4.041265874999999674, 0.000000000000000000, 25.81249999863440792 ) ) ;
#415 = CARTESIAN_POINT ( 'NONE',  ( 2.474873734152915894, 2.474873734152917226, 21.37499999726880873 ) ) ;
#416 = CARTESIAN_POINT ( 'NONE',  ( 1.673947134580574092, 4.041265874999998786, 22.12499999863440792 ) ) ;
#417 = ADVANCED_FACE ( 'NONE', ( #1785 ), #2969, .T. ) ;
#418 = VERTEX_POINT ( 'NONE', #384 ) ;
#419 = CARTESIAN_POINT ( 'NONE',  ( 0.000000000000000000, 0.000000000000000000, 19.00000000000000355 ) ) ;
#420 = CARTESIAN_POINT ( 'NONE',  ( -3.500000000000001332, 1.449747468305832454, 23.93750000000000355 ) ) ;
#421 = VERTEX_POINT ( 'NONE', #1896 ) ;
#422 = CYLINDRICAL_SURFACE ( 'NONE', #149, 2.100000000000000089 ) ;
#423 = CARTESIAN_POINT ( 'NONE',  ( -6.429395695523603167E-16, 3.500000000000000000, 22.49999999726880873 ) ) ;
#424 = CARTESIAN_POINT ( 'NONE',  ( -2.857606504790286994, 2.857606504790286550, 29.31249999863440792 ) ) ;
#425 = CARTESIAN_POINT ( 'NONE',  ( 1.673947134580574092, 4.041265874999998786, 30.12499999863440436 ) ) ;
#426 = CARTESIAN_POINT ( 'NONE',  ( -2.857606504790286994, 2.857606504790286550, 27.31249999863440436 ) ) ;
#427 = ORIENTED_EDGE ( 'NONE', *, *, #2339, .F. ) ;
#428 = VERTEX_POINT ( 'NONE', #3310 ) ;
#429 = CYLINDRICAL_SURFACE ( 'NONE', #516, 3.500000000000000000 ) ;
#430 = CARTESIAN_POINT ( 'NONE',  ( -4.041265874999999674, -4.949123318322177694E-16, 26.31249999863440792 ) ) ;
#431 = FACE_OUTER_BOUND ( 'NONE', #1731, .T. ) ;
#432 = CARTESIAN_POINT ( 'NONE',  ( -3.500000000000001332, 1.449747468305832010, 26.93750000000000711 ) ) ;
#433 = CARTESIAN_POINT ( 'NONE',  ( 0.000000000000000000, 0.000000000000000000, 0.000000000000000000 ) ) ;
#434 = CARTESIAN_POINT ( 'NONE',  ( -3.500000000000001332, 1.449747468305832010, 28.68749999726881583 ) ) ;
#435 = EDGE_LOOP ( 'NONE', ( #3757, #219, #43, #1040 ) ) ;
#436 = CARTESIAN_POINT ( 'NONE',  ( 0.6306622085690029023, 5.968668997490166994, 3.908542773723240771 ) ) ;
#437 = ADVANCED_FACE ( 'NONE', ( #2133, #3333, #662 ), #2323, .T. ) ;
#438 = CARTESIAN_POINT ( 'NONE',  ( 1.449747468305833786, 3.499999999999999556, 27.68750000000000355 ) ) ;
#439 = ORIENTED_EDGE ( 'NONE', *, *, #1278, .T. ) ;
#440 = DIRECTION ( 'NONE',  ( -0.000000000000000000, -0.000000000000000000, 1.000000000000000000 ) ) ;
#441 = CARTESIAN_POINT ( 'NONE',  ( -1.449747468305834897, 3.499999999999999112, 30.56249999726880873 ) ) ;
#442 = CARTESIAN_POINT ( 'NONE',  ( -0.9990562021281869098, 5.917380509007155176, 4.231348794313734452 ) ) ;
#443 = ADVANCED_FACE ( 'NONE', ( #3238, #1736 ), #880, .T. ) ;
#444 = CARTESIAN_POINT ( 'NONE',  ( 1.673947134580574092, 4.041265874999998786, 30.12499999863440436 ) ) ;
#445 = CARTESIAN_POINT ( 'NONE',  ( -4.041265874999999674, -1.673947134580573870, 28.49999999863440436 ) ) ;
#446 = CARTESIAN_POINT ( 'NONE',  ( 4.041265874999999674, -1.673947134580573426, 27.87499999863440436 ) ) ;
#447 = CARTESIAN_POINT ( 'NONE',  ( -3.000000000000000444, 3.673940397442060361E-16, 34.50000000000000000 ) ) ;
#448 = CARTESIAN_POINT ( 'NONE',  ( 1.673947134580573870, -4.041265874999999674, 22.62499999863440792 ) ) ;
#449 = CARTESIAN_POINT ( 'NONE',  ( 2.474873734152916782, -2.474873734152916782, 20.12499999726880873 ) ) ;
#450 = CARTESIAN_POINT ( 'NONE',  ( 3.500000000000000000, 0.000000000000000000, 27.50000000000000000 ) ) ;
#451 = CARTESIAN_POINT ( 'NONE',  ( 3.500000000000000000, 0.000000000000000000, 26.24999999726881228 ) ) ;
#452 = CARTESIAN_POINT ( 'NONE',  ( -3.500000000000000444, -1.449747468305833342, 28.81249999726881228 ) ) ;
#453 = CARTESIAN_POINT ( 'NONE',  ( -0.1670153239434271075, 2.836811590500856184, 12.74999999999999467 ) ) ;
#454 = FACE_OUTER_BOUND ( 'NONE', #2315, .T. ) ;
#455 = VECTOR ( 'NONE', #1864, 1000.000000000000000 ) ;
#456 = VERTEX_POINT ( 'NONE', #533 ) ;
#457 = CARTESIAN_POINT ( 'NONE',  ( -5.916740177403951861, 1.014239445489612201, 16.93641666204018037 ) ) ;
#458 = DIRECTION ( 'NONE',  ( -0.000000000000000000, -0.000000000000000000, 1.000000000000000000 ) ) ;
#459 = AXIS2_PLACEMENT_3D ( 'NONE', #148, #1934, #2288 ) ;
#460 = CARTESIAN_POINT ( 'NONE',  ( -5.366807160965776369, -2.685613066746984412, 15.56117949563936165 ) ) ;
#461 = CARTESIAN_POINT ( 'NONE',  ( -7.423684977483266541E-16, 4.041265874999999674, 25.18749999863440792 ) ) ;
#462 = CARTESIAN_POINT ( 'NONE',  ( 4.041265874999999674, 0.000000000000000000, 28.93749999863440792 ) ) ;
#463 = CARTESIAN_POINT ( 'NONE',  ( 1.673947134580573648, -4.041265874999999674, 25.74999999863441147 ) ) ;
#464 = CARTESIAN_POINT ( 'NONE',  ( 2.143131898507868297E-16, -3.500000000000000000, 29.99999999726880873 ) ) ;
#465 = CARTESIAN_POINT ( 'NONE',  ( -1.673947134580573426, -4.041265874999999674, 21.49999999863440436 ) ) ;
#466 = CARTESIAN_POINT ( 'NONE',  ( 1.530808498934193543E-16, 6.000000000000000888, 15.25000000000000355 ) ) ;
#467 = CARTESIAN_POINT ( 'NONE',  ( 2.143131898507868297E-16, -3.500000000000000000, 20.25000000000000000 ) ) ;
#468 = DIRECTION ( 'NONE',  ( 1.000000000000000000, 0.000000000000000000, 0.000000000000000000 ) ) ;
#469 = CARTESIAN_POINT ( 'NONE',  ( -2.474873734152916338, -2.474873734152916782, 31.87499999726880873 ) ) ;
#470 = CARTESIAN_POINT ( 'NONE',  ( -1.216474527744498157, 3.086085027818482818, 13.66934446125761582 ) ) ;
#471 = CARTESIAN_POINT ( 'NONE',  ( 1.673947134580574092, 4.041265874999998786, 26.99999999863440436 ) ) ;
#472 = CARTESIAN_POINT ( 'NONE',  ( -3.500000000000001332, 1.449747468305832454, 27.93750000000000711 ) ) ;
#473 = ORIENTED_EDGE ( 'NONE', *, *, #2906, .T. ) ;
#474 = CARTESIAN_POINT ( 'NONE',  ( 1.449747468305833786, 3.499999999999999556, 30.43749999726881583 ) ) ;
#475 = LINE ( 'NONE', #736, #2139 ) ;
#476 = CARTESIAN_POINT ( 'NONE',  ( 1.673947134580574092, 4.041265874999998786, 26.12499999863441147 ) ) ;
#477 = CARTESIAN_POINT ( 'NONE',  ( -4.041265874999999674, -1.673947134580573870, 27.49999999863440436 ) ) ;
#478 = CARTESIAN_POINT ( 'NONE',  ( 4.041265874999999674, -1.673947134580573426, 25.87499999863441147 ) ) ;
#479 = DIRECTION ( 'NONE',  ( 1.000000000000000000, 0.000000000000000000, 0.000000000000000000 ) ) ;
#480 = CARTESIAN_POINT ( 'NONE',  ( -2.857606504790286550, -2.857606504790286994, 24.43749999863440436 ) ) ;
#481 = CARTESIAN_POINT ( 'NONE',  ( -4.041265875000001451, 1.673947134580572538, 26.24999999863440436 ) ) ;
#482 = ADVANCED_FACE ( 'NONE', ( #3524 ), #2361, .T. ) ;
#483 = CARTESIAN_POINT ( 'NONE',  ( -3.500000000000000000, -4.286263797015736595E-16, 21.74999999726880873 ) ) ;
#484 = CARTESIAN_POINT ( 'NONE',  ( -6.429395695523603167E-16, 3.500000000000000000, 23.75000000000000000 ) ) ;
#485 = EDGE_CURVE ( 'NONE', #2233, #2335, #1723, .T. ) ;
#486 = CARTESIAN_POINT ( 'NONE',  ( -0.6381839486039871945, 2.006759932791692957, 6.087378320539436061 ) ) ;
#487 = CARTESIAN_POINT ( 'NONE',  ( -4.041265874999999674, -4.949123318322177694E-16, 30.31249999863440436 ) ) ;
#488 = CARTESIAN_POINT ( 'NONE',  ( 3.500000000000000444, -1.449747468305833120, 30.18749999726881228 ) ) ;
#489 = CARTESIAN_POINT ( 'NONE',  ( 1.673947134580573648, -4.041265874999999674, 28.62499999863440436 ) ) ;
#490 = CARTESIAN_POINT ( 'NONE',  ( 3.500000000000000000, 0.000000000000000000, 32.24999999726880873 ) ) ;
#491 = CARTESIAN_POINT ( 'NONE',  ( -3.500000000000000000, 4.286263797015736595E-16, 19.00000000000000355 ) ) ;
#492 = ORIENTED_EDGE ( 'NONE', *, *, #3735, .T. ) ;
#493 = LINE ( 'NONE', #1933, #3761 ) ;
#494 = CARTESIAN_POINT ( 'NONE',  ( -3.500000000000000000, -4.286263797015736595E-16, 24.74999999726881228 ) ) ;
#495 = CARTESIAN_POINT ( 'NONE',  ( 3.500000000000000000, 0.000000000000000000, 22.24999999726880873 ) ) ;
#496 = CARTESIAN_POINT ( 'NONE',  ( -4.041265875000001451, 1.673947134580572538, 25.37499999863441147 ) ) ;
#497 = CARTESIAN_POINT ( 'NONE',  ( -4.041265875000001451, 1.673947134580572538, 27.37499999863440436 ) ) ;
#498 = CARTESIAN_POINT ( 'NONE',  ( -4.041265874999999674, -4.949123318322177694E-16, 20.43749999863440436 ) ) ;
#499 = ORIENTED_EDGE ( 'NONE', *, *, #3828, .F. ) ;
#500 = DIRECTION ( 'NONE',  ( -0.000000000000000000, -0.000000000000000000, 1.000000000000000000 ) ) ;
#501 = CARTESIAN_POINT ( 'NONE',  ( -7.423684977483266541E-16, 4.041265874999999674, 23.06249999863440436 ) ) ;
#502 = CARTESIAN_POINT ( 'NONE',  ( 2.857606504790286994, -2.857606504790286994, 25.68749999863440792 ) ) ;
#503 = CARTESIAN_POINT ( 'NONE',  ( -4.041265874999999674, -4.949123318322177694E-16, 24.31249999863440436 ) ) ;
#504 = CARTESIAN_POINT ( 'NONE',  ( 1.214997509849733204, 1.714501635279906733, 5.335877277043246991 ) ) ;
#505 = ORIENTED_EDGE ( 'NONE', *, *, #3305, .F. ) ;
#506 = CARTESIAN_POINT ( 'NONE',  ( -2.474873734152916338, -2.474873734152916782, 20.12500000000000000 ) ) ;
#507 = CARTESIAN_POINT ( 'NONE',  ( 3.500000000000000000, -1.449747468305833120, 20.18749999726880873 ) ) ;
#508 = CARTESIAN_POINT ( 'NONE',  ( -3.500000000000001332, 1.449747468305832010, 29.68749999726881583 ) ) ;
#509 = CARTESIAN_POINT ( 'NONE',  ( -2.100000000000000089, 0.000000000000000000, 0.000000000000000000 ) ) ;
#510 = CARTESIAN_POINT ( 'NONE',  ( 0.000000000000000000, 0.000000000000000000, 19.00000000000000355 ) ) ;
#511 = FACE_OUTER_BOUND ( 'NONE', #246, .T. ) ;
#512 = CARTESIAN_POINT ( 'NONE',  ( 1.449747468305833342, -3.500000000000000444, 31.31250000000000000 ) ) ;
#513 = CARTESIAN_POINT ( 'NONE',  ( -1.092095569954298240, 5.900116150698970330, 4.370460711674670762 ) ) ;
#514 = CARTESIAN_POINT ( 'NONE',  ( 4.041265874999999674, 0.000000000000000000, 28.93749999863440792 ) ) ;
#515 = CARTESIAN_POINT ( 'NONE',  ( -5.137253385764128488, 3.099778656006952016, 14.20993453834211806 ) ) ;
#516 = AXIS2_PLACEMENT_3D ( 'NONE', #391, #2773, #2975 ) ;
#517 = CARTESIAN_POINT ( 'NONE',  ( 1.673947134580574092, 4.041265874999998786, 21.12499999863440792 ) ) ;
#518 = ORIENTED_EDGE ( 'NONE', *, *, #37, .F. ) ;
#519 = DIRECTION ( 'NONE',  ( 1.000000000000000000, 0.000000000000000000, 0.000000000000000000 ) ) ;
#520 = CARTESIAN_POINT ( 'NONE',  ( 2.857606504790286106, 2.857606504790286994, 21.93749999863440436 ) ) ;
#521 = CARTESIAN_POINT ( 'NONE',  ( 2.857606504790286106, 2.857606504790286994, 25.93749999863440792 ) ) ;
#522 = CARTESIAN_POINT ( 'NONE',  ( 2.857606504790286106, 2.857606504790286994, 24.93749999863440792 ) ) ;
#523 = CARTESIAN_POINT ( 'NONE',  ( -2.474873734152917226, 2.474873734152916338, 28.87500000000000000 ) ) ;
#524 = VECTOR ( 'NONE', #593, 1000.000000000000000 ) ;
#525 = ORIENTED_EDGE ( 'NONE', *, *, #247, .T. ) ;
#526 = CARTESIAN_POINT ( 'NONE',  ( 3.500000000000000000, 0.000000000000000000, 20.50000000000000000 ) ) ;
#527 = SHAPE_DEFINITION_REPRESENTATION ( #3834, #217 ) ;
#528 = CARTESIAN_POINT ( 'NONE',  ( -6.429395695523603167E-16, 3.500000000000000000, 27.49999999726880873 ) ) ;
#529 = CARTESIAN_POINT ( 'NONE',  ( 3.500000000000000000, 0.000000000000000000, 31.50000000000000000 ) ) ;
#530 = CARTESIAN_POINT ( 'NONE',  ( 1.449747468305833564, -3.500000000000000000, 31.06249999726880873 ) ) ;
#531 = EDGE_CURVE ( 'NONE', #456, #2814, #3324, .T. ) ;
#532 = ORIENTED_EDGE ( 'NONE', *, *, #1181, .F. ) ;
#533 = CARTESIAN_POINT ( 'NONE',  ( 2.000000000000000000, 0.6403124237432857857, 10.96684982237938044 ) ) ;
#534 = CARTESIAN_POINT ( 'NONE',  ( -2.474873734152916338, -2.474873734152916782, 31.12500000000000000 ) ) ;
#535 = CARTESIAN_POINT ( 'NONE',  ( -1.449747468305834897, 3.499999999999999112, 31.56249999726880873 ) ) ;
#536 = CARTESIAN_POINT ( 'NONE',  ( 1.673947134580573870, -4.041265874999999674, 27.74999999863440436 ) ) ;
#537 = ADVANCED_FACE ( 'NONE', ( #318 ), #429, .T. ) ;
#538 = CARTESIAN_POINT ( 'NONE',  ( -4.041265874999999674, -1.673947134580573648, 22.49999999863440081 ) ) ;
#539 = ORIENTED_EDGE ( 'NONE', *, *, #2845, .F. ) ;
#540 = CARTESIAN_POINT ( 'NONE',  ( 3.500000000000000000, 0.000000000000000000, 28.50000000000000000 ) ) ;
#541 = CARTESIAN_POINT ( 'NONE',  ( 4.041265874999999674, 0.000000000000000000, 19.81249999863440436 ) ) ;
#542 = CARTESIAN_POINT ( 'NONE',  ( -4.041265874999999674, -1.673947134580573870, 28.37499999863440792 ) ) ;
#543 = CARTESIAN_POINT ( 'NONE',  ( -2.857606504790286994, 2.857606504790286550, 22.18749999863440436 ) ) ;
#544 = CARTESIAN_POINT ( 'NONE',  ( 3.499999999999999112, 1.449747468305835341, 28.56250000000000000 ) ) ;
#545 = ORIENTED_EDGE ( 'NONE', *, *, #2860, .F. ) ;
#546 = CARTESIAN_POINT ( 'NONE',  ( 1.449747468305833342, -3.500000000000000444, 20.31250000000000000 ) ) ;
#547 = CARTESIAN_POINT ( 'NONE',  ( 6.000000000000000888, 7.347880794884120722E-16, 35.00000000000000000 ) ) ;
#548 = CARTESIAN_POINT ( 'NONE',  ( -3.500000000000000444, -1.449747468305833342, 26.81249999726880873 ) ) ;
#549 = CARTESIAN_POINT ( 'NONE',  ( -2.474873734152916338, -2.474873734152916782, 19.12500000000000000 ) ) ;
#550 = CARTESIAN_POINT ( 'NONE',  ( 2.474873734152916782, -2.474873734152916782, 31.12499999726880873 ) ) ;
#551 = VERTEX_POINT ( 'NONE', #2994 ) ;
#552 = CARTESIAN_POINT ( 'NONE',  ( 1.449747468305833786, 3.499999999999999556, 23.43749999726880873 ) ) ;
#553 =( BOUNDED_CURVE ( )  B_SPLINE_CURVE ( 2, ( #374, #650, #690, #1234, #2167, #2420, #1562, #2186, #3379 ),
 .UNSPECIFIED., .F., .F. ) 
 B_SPLINE_CURVE_WITH_KNOTS ( ( 3, 2, 2, 2, 3 ),
 ( 0.6538461538461538547, 0.6634615384615384359, 0.6730769230769231282, 0.6826923076923077094, 0.6923076923076922906 ),
 .UNSPECIFIED. ) 
 CURVE ( )  GEOMETRIC_REPRESENTATION_ITEM ( )  RATIONAL_B_SPLINE_CURVE ( ( 1.000000000000000000, 0.9238795325112867385, 1.000000000000000000, 0.9238795325112867385, 1.000000000000000000, 0.9238795325112867385, 1.000000000000000000, 0.9238795325112867385, 1.000000000000000000 ) ) 
 REPRESENTATION_ITEM ( '' )  );
#554 = EDGE_CURVE ( 'NONE', #3720, #1537, #2648, .T. ) ;
#555 = DIRECTION ( 'NONE',  ( -1.000000000000000000, -1.224646799147352961E-16, 0.000000000000000000 ) ) ;
#556 = CARTESIAN_POINT ( 'NONE',  ( 2.857606504790286106, 2.857606504790286994, 23.06249999863440436 ) ) ;
#557 = CARTESIAN_POINT ( 'NONE',  ( 4.041265874999999674, -1.673947134580573426, 22.87499999863440792 ) ) ;
#558 = ORIENTED_EDGE ( 'NONE', *, *, #3470, .T. ) ;
#559 = CARTESIAN_POINT ( 'NONE',  ( 6.000000000000000888, 0.000000000000000000, 0.5000000000000004441 ) ) ;
#560 = CARTESIAN_POINT ( 'NONE',  ( -0.7691680017106998779, 5.951628850031974949, 13.00134162189559994 ) ) ;
#561 = CARTESIAN_POINT ( 'NONE',  ( 2.857606504790286106, 2.857606504790286994, 20.93749999863440436 ) ) ;
#562 = CARTESIAN_POINT ( 'NONE',  ( -4.041265875000000563, 1.673947134580572538, 21.24999999863440436 ) ) ;
#563 = CARTESIAN_POINT ( 'NONE',  ( 0.4110145365817011731, 2.060842040911430306, 6.183326443098305703 ) ) ;
#564 = EDGE_LOOP ( 'NONE', ( #3507, #2781, #2957, #3388 ) ) ;
#565 = ORIENTED_EDGE ( 'NONE', *, *, #178, .F. ) ;
#566 = CARTESIAN_POINT ( 'NONE',  ( -4.041265874999999674, -4.949123318322177694E-16, 30.31249999863440436 ) ) ;
#567 = APPLICATION_PROTOCOL_DEFINITION ( 'draft international standard', 'automotive_design', 1998, #1588 ) ;
#568 = CARTESIAN_POINT ( 'NONE',  ( 3.499999999999999556, 1.449747468305835341, 27.31249999726880873 ) ) ;
#569 = CARTESIAN_POINT ( 'NONE',  ( -2.035875036984410080, 0.5319281517603992038, 10.94313380649060541 ) ) ;
#570 = CARTESIAN_POINT ( 'NONE',  ( 2.143131898507868297E-16, -3.500000000000000000, 31.25000000000000000 ) ) ;
#571 = CARTESIAN_POINT ( 'NONE',  ( 4.041265874999999674, -1.673947134580573648, 24.87499999863440792 ) ) ;
#572 = CLOSED_SHELL ( 'NONE', ( #1672, #749, #792, #86, #1453, #1078, #1824, #679, #437, #2554, #2732, #2157, #2704, #2652, #862, #482, #1912, #2465, #537, #417, #1359, #3330, #3205, #2176, #1320, #607, #1767, #3251, #45, #348, #663, #3599, #1869, #1585, #1344, #2101, #1623, #1962, #819, #1742, #2800, #3715, #1936, #2316, #1014, #2605, #443, #1055, #2443, #3088, #2030, #1297, #991, #1011, #2268, #1908, #940, #2749 ) ) ;
#573 = DIRECTION ( 'NONE',  ( -0.000000000000000000, -0.000000000000000000, 1.000000000000000000 ) ) ;
#574 = CARTESIAN_POINT ( 'NONE',  ( -2.474873734152917226, 2.474873734152916338, 24.62499999726881228 ) ) ;
#575 = CARTESIAN_POINT ( 'NONE',  ( -4.041265874999999674, -1.673947134580573870, 24.49999999863440436 ) ) ;
#576 = CARTESIAN_POINT ( 'NONE',  ( -1.673947134580575424, 4.041265874999998786, 22.24999999863440436 ) ) ;
#577 = ORIENTED_EDGE ( 'NONE', *, *, #2845, .T. ) ;
#578 = LINE ( 'NONE', #3820, #2622 ) ;
#579 = AXIS2_PLACEMENT_3D ( 'NONE', #3010, #949, #883 ) ;
#580 = CARTESIAN_POINT ( 'NONE',  ( -4.041265874999999674, -1.673947134580573870, 20.37499999863441147 ) ) ;
#581 = CARTESIAN_POINT ( 'NONE',  ( 4.041265874999999674, -1.673947134580573648, 21.74999999863440081 ) ) ;
#582 = CARTESIAN_POINT ( 'NONE',  ( -4.041265875000000563, 1.673947134580572538, 24.24999999863440436 ) ) ;
#583 = CARTESIAN_POINT ( 'NONE',  ( 0.000000000000000000, 0.000000000000000000, 34.50000000000000000 ) ) ;
#584 = EDGE_CURVE ( 'NONE', #1190, #1097, #493, .T. ) ;
#585 = ORIENTED_EDGE ( 'NONE', *, *, #703, .F. ) ;
#586 = CIRCLE ( 'NONE', #648, 2.100000000000000089 ) ;
#587 = ORIENTED_EDGE ( 'NONE', *, *, #266, .T. ) ;
#588 = CARTESIAN_POINT ( 'NONE',  ( 4.041265874999999674, 0.000000000000000000, 31.81249999863440436 ) ) ;
#589 = CARTESIAN_POINT ( 'NONE',  ( -1.449747468305834674, 3.499999999999999556, 25.56249999726881228 ) ) ;
#590 = LINE ( 'NONE', #2028, #3014 ) ;
#591 = CARTESIAN_POINT ( 'NONE',  ( -1.449747468305832898, -3.500000000000000000, 29.18750000000000355 ) ) ;
#592 = CARTESIAN_POINT ( 'NONE',  ( -1.673947134580575424, 4.041265874999998786, 26.24999999863440436 ) ) ;
#593 = DIRECTION ( 'NONE',  ( -0.000000000000000000, -0.000000000000000000, 1.000000000000000000 ) ) ;
#594 = CARTESIAN_POINT ( 'NONE',  ( 1.673947134580573870, -4.041265874999999674, 21.74999999863440081 ) ) ;
#595 = CARTESIAN_POINT ( 'NONE',  ( -6.000000000000000888, 6.593693876289827176E-24, 10.90000000000000036 ) ) ;
#596 = PLANE ( 'NONE',  #1447 ) ;
#597 = PLANE ( 'NONE',  #1884 ) ;
#598 = CARTESIAN_POINT ( 'NONE',  ( -3.500000000000000000, -1.449747468305833564, 30.06250000000000000 ) ) ;
#599 = CARTESIAN_POINT ( 'NONE',  ( 4.041265874999999674, 0.000000000000000000, 20.81249999863440436 ) ) ;
#600 = CARTESIAN_POINT ( 'NONE',  ( -7.423684977483266541E-16, 4.041265874999999674, 21.06249999863440436 ) ) ;
#601 = CARTESIAN_POINT ( 'NONE',  ( 2.857606504790286106, 2.857606504790286994, 20.93749999863440436 ) ) ;
#602 = CARTESIAN_POINT ( 'NONE',  ( 2.857606504790286994, -2.857606504790286994, 29.81249999863440436 ) ) ;
#603 = EDGE_LOOP ( 'NONE', ( #2374, #1197 ) ) ;
#604 = ORIENTED_EDGE ( 'NONE', *, *, #1232, .F. ) ;
#605 = CARTESIAN_POINT ( 'NONE',  ( -4.041265874999999674, -1.673947134580573870, 30.37499999863440436 ) ) ;
#606 = CARTESIAN_POINT ( 'NONE',  ( 2.474873734152916782, -2.474873734152916782, 26.12499999726881228 ) ) ;
#607 = ADVANCED_FACE ( 'NONE', ( #511 ), #2867, .T. ) ;
#608 = CARTESIAN_POINT ( 'NONE',  ( -3.500000000000001332, 1.449747468305832010, 30.93750000000000355 ) ) ;
#609 = CARTESIAN_POINT ( 'NONE',  ( -4.041265874999999674, -1.673947134580573870, 30.37499999863440436 ) ) ;
#610 = CARTESIAN_POINT ( 'NONE',  ( 2.143131898507868297E-16, -3.500000000000000000, 23.99999999726880873 ) ) ;
#611 = CARTESIAN_POINT ( 'NONE',  ( 2.857606504790286994, -2.857606504790286994, 26.81249999863440436 ) ) ;
#612 = EDGE_LOOP ( 'NONE', ( #1118, #136, #2024, #1771 ) ) ;
#613 = CARTESIAN_POINT ( 'NONE',  ( -1.449747468305834897, 3.499999999999999112, 23.56249999726880873 ) ) ;
#614 = CARTESIAN_POINT ( 'NONE',  ( 1.449747468305833786, 3.499999999999999556, 24.43749999726881228 ) ) ;
#615 = CARTESIAN_POINT ( 'NONE',  ( -4.041265874999999674, -1.673947134580573870, 21.49999999863440436 ) ) ;
#616 = DIRECTION ( 'NONE',  ( 1.000000000000000000, 0.000000000000000000, 0.000000000000000000 ) ) ;
#617 = DIRECTION ( 'NONE',  ( 1.000000000000000000, 0.000000000000000000, 0.000000000000000000 ) ) ;
#618 = DIRECTION ( 'NONE',  ( -1.000000000000000000, 0.000000000000000000, 0.000000000000000000 ) ) ;
#619 = CARTESIAN_POINT ( 'NONE',  ( 4.041265874999998786, 1.673947134580575868, 19.87499999863440792 ) ) ;
#620 = CARTESIAN_POINT ( 'NONE',  ( -2.857606504790286994, 2.857606504790286550, 22.18749999863440436 ) ) ;
#621 = DIRECTION ( 'NONE',  ( 1.000000000000000000, 0.000000000000000000, 0.000000000000000000 ) ) ;
#622 = CARTESIAN_POINT ( 'NONE',  ( -2.857606504790286550, -2.857606504790286994, 28.56249999863440436 ) ) ;
#623 = VERTEX_POINT ( 'NONE', #3721 ) ;
#624 = ORIENTED_EDGE ( 'NONE', *, *, #920, .F. ) ;
#625 = CARTESIAN_POINT ( 'NONE',  ( 1.673947134580574092, 4.041265874999998786, 28.99999999863440436 ) ) ;
#626 = CARTESIAN_POINT ( 'NONE',  ( -2.857606504790286994, 2.857606504790286550, 31.18749999863440436 ) ) ;
#627 = CARTESIAN_POINT ( 'NONE',  ( -3.500000000000000444, -1.449747468305833342, 23.81249999726881228 ) ) ;
#628 = CARTESIAN_POINT ( 'NONE',  ( -4.041265875000000563, 1.673947134580572538, 27.24999999863440436 ) ) ;
#629 = CARTESIAN_POINT ( 'NONE',  ( -6.429395695523603167E-16, 3.500000000000000000, 28.75000000000000000 ) ) ;
#630 = CARTESIAN_POINT ( 'NONE',  ( -1.673947134580573426, -4.041265874999999674, 28.49999999863440436 ) ) ;
#631 = CARTESIAN_POINT ( 'NONE',  ( -2.474873734152916338, -2.474873734152916782, 27.12500000000000000 ) ) ;
#632 = CARTESIAN_POINT ( 'NONE',  ( -4.041265874999999674, -1.673947134580573870, 20.49999999863440436 ) ) ;
#633 = ORIENTED_EDGE ( 'NONE', *, *, #1794, .F. ) ;
#634 = CARTESIAN_POINT ( 'NONE',  ( 1.530810862315391917E-16, 6.000000000000000888, 6.250000000000000888 ) ) ;
#635 = CARTESIAN_POINT ( 'NONE',  ( -1.482709772347050549E-16, 6.000000000000000888, 3.749999999999999112 ) ) ;
#636 = CARTESIAN_POINT ( 'NONE',  ( 3.500000000000000000, 0.000000000000000000, 19.50000000000000000 ) ) ;
#637 =( BOUNDED_CURVE ( )  B_SPLINE_CURVE ( 2, ( #1195, #902, #1718, #1122, #2302, #2010, #2903, #1292, #2714 ),
 .UNSPECIFIED., .F., .F. ) 
 B_SPLINE_CURVE_WITH_KNOTS ( ( 3, 2, 2, 2, 3 ),
 ( 0.6923076923076922906, 0.7019230769230768718, 0.7115384615384615641, 0.7211538461538461453, 0.7307692307692307265 ),
 .UNSPECIFIED. ) 
 CURVE ( )  GEOMETRIC_REPRESENTATION_ITEM ( )  RATIONAL_B_SPLINE_CURVE ( ( 1.000000000000000000, 0.9238795325112867385, 1.000000000000000000, 0.9238795325112867385, 1.000000000000000000, 0.9238795325112867385, 1.000000000000000000, 0.9238795325112867385, 1.000000000000000000 ) ) 
 REPRESENTATION_ITEM ( '' )  );
#638 = DIRECTION ( 'NONE',  ( 1.000000000000000000, 0.000000000000000000, 0.000000000000000000 ) ) ;
#639 = FACE_OUTER_BOUND ( 'NONE', #1452, .T. ) ;
#640 = CARTESIAN_POINT ( 'NONE',  ( 0.6308006443669789132, 2.902329423992229263, 15.09133949812673947 ) ) ;
#641 = CARTESIAN_POINT ( 'NONE',  ( 2.474561659161088847E-16, -4.041265874999999674, 23.56249999863440436 ) ) ;
#642 = CARTESIAN_POINT ( 'NONE',  ( 1.673947134580573648, -4.041265874999999674, 19.62499999863441147 ) ) ;
#643 = CARTESIAN_POINT ( 'NONE',  ( 2.857606504790286994, -2.857606504790286994, 28.81249999863440792 ) ) ;
#644 = ORIENTED_EDGE ( 'NONE', *, *, #1086, .T. ) ;
#645 = CARTESIAN_POINT ( 'NONE',  ( 1.673947134580574092, 4.041265874999998786, 30.99999999863440436 ) ) ;
#646 = CARTESIAN_POINT ( 'NONE',  ( -3.500000000000001332, 1.449747468305832010, 20.68749999726880873 ) ) ;
#647 = CONICAL_SURFACE ( 'NONE', #3702, 5.500000000000001776, 0.7853981633974509435 ) ;
#648 = AXIS2_PLACEMENT_3D ( 'NONE', #3860, #2410, #617 ) ;
#649 = CARTESIAN_POINT ( 'NONE',  ( 3.500000000000000000, 0.000000000000000000, 30.50000000000000000 ) ) ;
#650 = CARTESIAN_POINT ( 'NONE',  ( -3.500000000000001332, 1.449747468305832454, 22.93749999999999645 ) ) ;
#651 = CARTESIAN_POINT ( 'NONE',  ( 2.474561659161088847E-16, -4.041265874999999674, 29.56249999863440436 ) ) ;
#652 = CARTESIAN_POINT ( 'NONE',  ( -6.429395695523603167E-16, 3.500000000000000000, 21.49999999726880873 ) ) ;
#653 = CARTESIAN_POINT ( 'NONE',  ( -1.673947134580575424, 4.041265874999998786, 22.24999999863440436 ) ) ;
#654 = VECTOR ( 'NONE', #1971, 1000.000000000000000 ) ;
#655 = CARTESIAN_POINT ( 'NONE',  ( 2.857606504790286994, -2.857606504790286994, 25.68749999863440792 ) ) ;
#656 = VERTEX_POINT ( 'NONE', #3184 ) ;
#657 = CARTESIAN_POINT ( 'NONE',  ( -3.500000000000000000, -4.286263797015736595E-16, 26.00000000000000355 ) ) ;
#658 = EDGE_CURVE ( 'NONE', #2528, #2097, #1827, .T. ) ;
#659 = CARTESIAN_POINT ( 'NONE',  ( 2.143131898507868297E-16, -3.500000000000000000, 20.25000000000000000 ) ) ;
#660 = CARTESIAN_POINT ( 'NONE',  ( -1.449747468305834897, 3.499999999999999112, 29.81250000000000000 ) ) ;
#661 = DIRECTION ( 'NONE',  ( -0.000000000000000000, -0.000000000000000000, -1.000000000000000000 ) ) ;
#662 = FACE_OUTER_BOUND ( 'NONE', #2866, .T. ) ;
#663 = ADVANCED_FACE ( 'NONE', ( #1082 ), #1662, .T. ) ;
#664 =( BOUNDED_CURVE ( )  B_SPLINE_CURVE ( 2, ( #1125, #2637, #2619, #535, #827, #3590, #2676, #1199, #2382 ),
 .UNSPECIFIED., .F., .F. ) 
 B_SPLINE_CURVE_WITH_KNOTS ( ( 3, 2, 2, 2, 3 ),
 ( 0.03846153846153846367, 0.04807692307692307959, 0.05769230769230769551, 0.06730769230769230449, 0.07692307692307692735 ),
 .UNSPECIFIED. ) 
 CURVE ( )  GEOMETRIC_REPRESENTATION_ITEM ( )  RATIONAL_B_SPLINE_CURVE ( ( 1.000000000000000000, 0.9238795325112867385, 1.000000000000000000, 0.9238795325112867385, 1.000000000000000000, 0.9238795325112867385, 1.000000000000000000, 0.9238795325112867385, 1.000000000000000000 ) ) 
 REPRESENTATION_ITEM ( '' )  );
#665 = CARTESIAN_POINT ( 'NONE',  ( -1.673947134580573426, -4.041265874999999674, 19.49999999863440436 ) ) ;
#666 = CARTESIAN_POINT ( 'NONE',  ( -2.857606504790286550, -2.857606504790286994, 19.43749999863440436 ) ) ;
#667 = CARTESIAN_POINT ( 'NONE',  ( -4.041265874999999674, -1.673947134580573648, 29.49999999863440792 ) ) ;
#668 = CARTESIAN_POINT ( 'NONE',  ( -4.041265875000001451, 1.673947134580572538, 27.24999999863440436 ) ) ;
#669 = CARTESIAN_POINT ( 'NONE',  ( -6.429395695523603167E-16, 3.500000000000000000, 23.49999999726880873 ) ) ;
#670 = CARTESIAN_POINT ( 'NONE',  ( -3.500000000000000000, -4.286263797015736595E-16, 25.00000000000000000 ) ) ;
#671 = CARTESIAN_POINT ( 'NONE',  ( 1.673947134580574092, 4.041265874999998786, 29.99999999863440081 ) ) ;
#672 = FACE_OUTER_BOUND ( 'NONE', #435, .T. ) ;
#673 = CARTESIAN_POINT ( 'NONE',  ( 1.673947134580574092, 4.041265874999998786, 20.12499999863441147 ) ) ;
#674 = ORIENTED_EDGE ( 'NONE', *, *, #3620, .T. ) ;
#675 = CARTESIAN_POINT ( 'NONE',  ( -2.474873734152917226, 2.474873734152916338, 25.87500000000000355 ) ) ;
#676 = CARTESIAN_POINT ( 'NONE',  ( -4.041265874999999674, -4.949123318322177694E-16, 20.43749999863440436 ) ) ;
#677 = DIRECTION ( 'NONE',  ( 1.000000000000000000, 0.000000000000000000, 0.000000000000000000 ) ) ;
#678 = CARTESIAN_POINT ( 'NONE',  ( -3.500000000000001332, 1.449747468305832454, 29.93750000000000355 ) ) ;
#679 = ADVANCED_FACE ( 'NONE', ( #2216 ), #1351, .F. ) ;
#680 = B_SPLINE_CURVE_WITH_KNOTS ( 'NONE', 3,
 ( #2463, #3001, #3665, #984, #2169, #3362, #1582, #1293, #3733, #2262, #2516, #2829, #1990, #3752, #1018, #3456, #486, #3124, #2244, #781 ),
 .UNSPECIFIED., .F., .F.,
 ( 4, 2, 2, 2, 2, 2, 2, 2, 2, 4 ),
 ( 6.440642611498139401E-20, 0.0002505250081492357665, 0.0005010500162984714246, 0.001002100032596941765, 0.001503150048895412648, 0.002004200065193883096, 0.002505250081492353762, 0.003006300097790825295, 0.003507350114089295527, 0.004008400130387766193 ),
 .UNSPECIFIED. ) ;
#681 = CARTESIAN_POINT ( 'NONE',  ( 3.499999999999999112, 1.449747468305835341, 21.56250000000000000 ) ) ;
#682 = CARTESIAN_POINT ( 'NONE',  ( -1.673947134580573426, -4.041265874999999674, 30.62499999863440436 ) ) ;
#683 = CARTESIAN_POINT ( 'NONE',  ( -3.500000000000000000, 4.286263797015736595E-16, 19.00000000000000355 ) ) ;
#684 = CARTESIAN_POINT ( 'NONE',  ( -7.423684977483266541E-16, 4.041265874999999674, 29.18749999863440792 ) ) ;
#685 = EDGE_CURVE ( 'NONE', #1097, #3803, #1347, .T. ) ;
#686 = ORIENTED_EDGE ( 'NONE', *, *, #3545, .T. ) ;
#687 = CARTESIAN_POINT ( 'NONE',  ( 4.041265874999998786, 1.673947134580575868, 27.87499999863440792 ) ) ;
#688 = CARTESIAN_POINT ( 'NONE',  ( 2.474873734152916782, -2.474873734152916782, 22.12499999726880873 ) ) ;
#689 = CARTESIAN_POINT ( 'NONE',  ( -3.500000000000001332, 1.449747468305832010, 25.93750000000000355 ) ) ;
#690 = CARTESIAN_POINT ( 'NONE',  ( -2.474873734152917226, 2.474873734152916338, 22.87500000000000000 ) ) ;
#691 = CARTESIAN_POINT ( 'NONE',  ( -3.500000000000001332, 1.449747468305832454, 21.68749999726880517 ) ) ;
#692 = CARTESIAN_POINT ( 'NONE',  ( -4.041265874999999674, -4.949123318322177694E-16, 20.43749999863440436 ) ) ;
#693 = EDGE_LOOP ( 'NONE', ( #565, #872, #2394, #505, #1238, #917, #3849 ) ) ;
#694 = CARTESIAN_POINT ( 'NONE',  ( 0.9986844538568113716, 5.917449923182283023, 5.769207403444544191 ) ) ;
#695 = CARTESIAN_POINT ( 'NONE',  ( 2.857606504790286994, -2.857606504790286994, 19.81249999863440436 ) ) ;
#696 = DIRECTION ( 'NONE',  ( 0.000000000000000000, 0.000000000000000000, 1.000000000000000000 ) ) ;
#697 = CARTESIAN_POINT ( 'NONE',  ( -6.429395695523603167E-16, 3.500000000000000000, 28.49999999726881228 ) ) ;
#698 = CARTESIAN_POINT ( 'NONE',  ( -1.673947134580575424, 4.041265874999998786, 20.12499999863441147 ) ) ;
#699 = CARTESIAN_POINT ( 'NONE',  ( 2.474561659161088847E-16, -4.041265874999999674, 28.68749999863440436 ) ) ;
#700 = CARTESIAN_POINT ( 'NONE',  ( 1.673947134580573648, -4.041265874999999674, 26.74999999863440436 ) ) ;
#701 = ORIENTED_EDGE ( 'NONE', *, *, #2913, .F. ) ;
#702 = CARTESIAN_POINT ( 'NONE',  ( 2.857606504790286994, -2.857606504790286994, 28.68749999863440436 ) ) ;
#703 = EDGE_CURVE ( 'NONE', #3646, #307, #1466, .T. ) ;
#704 = CARTESIAN_POINT ( 'NONE',  ( 2.474873734152915894, 2.474873734152917226, 22.37499999726880873 ) ) ;
#705 = CARTESIAN_POINT ( 'NONE',  ( 3.499999999999999556, 1.449747468305835341, 27.56250000000000000 ) ) ;
#706 = CARTESIAN_POINT ( 'NONE',  ( 3.500000000000000000, 0.000000000000000000, 19.00000000000000355 ) ) ;
#707 = CARTESIAN_POINT ( 'NONE',  ( -4.041265874999999674, -1.673947134580573870, 26.37499999863440436 ) ) ;
#708 = AXIS2_PLACEMENT_3D ( 'NONE', #886, #3265, #347 ) ;
#709 = DIRECTION ( 'NONE',  ( -0.000000000000000000, -0.000000000000000000, 1.000000000000000000 ) ) ;
#710 = CARTESIAN_POINT ( 'NONE',  ( -4.041265874999999674, -4.949123318322177694E-16, 23.43749999863440436 ) ) ;
#711 = ORIENTED_EDGE ( 'NONE', *, *, #798, .F. ) ;
#712 = CIRCLE ( 'NONE', #2571, 5.500000000000001776 ) ;
#713 = CARTESIAN_POINT ( 'NONE',  ( -7.071417364016626228E-16, 6.000000000000000888, 12.74999999999999822 ) ) ;
#714 = CARTESIAN_POINT ( 'NONE',  ( -4.041265874999999674, -4.949123318322177694E-16, 19.43749999863440436 ) ) ;
#715 = CIRCLE ( 'NONE', #3519, 5.499999999999999112 ) ;
#716 = ORIENTED_EDGE ( 'NONE', *, *, #1989, .F. ) ;
#717 = CARTESIAN_POINT ( 'NONE',  ( 0.1645282677620221456, 2.836811590500855740, 15.25000000000000000 ) ) ;
#718 = CARTESIAN_POINT ( 'NONE',  ( -4.041265875000001451, 1.673947134580572538, 29.37499999863440792 ) ) ;
#719 = CARTESIAN_POINT ( 'NONE',  ( 1.673947134580574092, 4.041265874999998786, 29.12499999863440792 ) ) ;
#720 = CARTESIAN_POINT ( 'NONE',  ( 1.673947134580574092, 4.041265874999998786, 28.12499999863440436 ) ) ;
#721 = ORIENTED_EDGE ( 'NONE', *, *, #767, .F. ) ;
#722 = EDGE_LOOP ( 'NONE', ( #2946, #3206, #1640, #839, #3129, #1155, #1821, #3850 ) ) ;
#723 = CARTESIAN_POINT ( 'NONE',  ( -1.673947134580575424, 4.041265874999998786, 25.12499999863441147 ) ) ;
#724 = CARTESIAN_POINT ( 'NONE',  ( -2.047480262951990149, -0.5361239496377633307, 10.93624206346344074 ) ) ;
#725 = EDGE_CURVE ( 'NONE', #64, #3022, #889, .T. ) ;
#726 = CARTESIAN_POINT ( 'NONE',  ( -3.500000000000000444, -1.449747468305833342, 27.06250000000000000 ) ) ;
#727 = DIRECTION ( 'NONE',  ( -0.7071067811865493491, 0.000000000000000000, -0.7071067811865456854 ) ) ;
#728 = CARTESIAN_POINT ( 'NONE',  ( 1.449747468305833564, 3.500000000000000000, 29.43749999726881938 ) ) ;
#729 = VERTEX_POINT ( 'NONE', #3285 ) ;
#730 = EDGE_CURVE ( 'NONE', #418, #1525, #1182, .T. ) ;
#731 = CARTESIAN_POINT ( 'NONE',  ( 0.000000000000000000, 0.000000000000000000, 19.00000000000000355 ) ) ;
#732 = CARTESIAN_POINT ( 'NONE',  ( -2.857606504790286550, -2.857606504790286994, 26.43749999863440436 ) ) ;
#733 = CYLINDRICAL_SURFACE ( 'NONE', #1084, 3.500000000000000000 ) ;
#734 = ORIENTED_EDGE ( 'NONE', *, *, #3442, .F. ) ;
#735 = CARTESIAN_POINT ( 'NONE',  ( 3.500000000000000000, 0.000000000000000000, 25.24999999726881228 ) ) ;
#736 = CARTESIAN_POINT ( 'NONE',  ( 2.000000000000000000, 0.000000000000000000, 11.00000000000000000 ) ) ;
#737 = CARTESIAN_POINT ( 'NONE',  ( 2.857606504790286106, 2.857606504790286994, 19.93749999863440436 ) ) ;
#738 = CARTESIAN_POINT ( 'NONE',  ( -1.673947134580573426, -4.041265874999999674, 28.62499999863440436 ) ) ;
#739 = CARTESIAN_POINT ( 'NONE',  ( 2.857606504790286994, -2.857606504790286994, 27.81249999863440436 ) ) ;
#740 = ORIENTED_EDGE ( 'NONE', *, *, #2098, .F. ) ;
#741 = CARTESIAN_POINT ( 'NONE',  ( -3.500000000000000000, -4.286263797015736595E-16, 19.00000000000000000 ) ) ;
#742 = CARTESIAN_POINT ( 'NONE',  ( -4.041265874999999674, -4.949123318322177694E-16, 27.31249999863440436 ) ) ;
#743 = FACE_OUTER_BOUND ( 'NONE', #2175, .T. ) ;
#744 = CARTESIAN_POINT ( 'NONE',  ( 1.449747468305833342, -3.500000000000000444, 25.31250000000000000 ) ) ;
#745 = CARTESIAN_POINT ( 'NONE',  ( 0.000000000000000000, 0.000000000000000000, 35.00000000000000000 ) ) ;
#746 = CARTESIAN_POINT ( 'NONE',  ( 2.143131898507868297E-16, -3.500000000000000000, 28.99999999726881228 ) ) ;
#747 = DIRECTION ( 'NONE',  ( -0.000000000000000000, -0.000000000000000000, 1.000000000000000000 ) ) ;
#748 = DIRECTION ( 'NONE',  ( 1.000000000000000000, 0.000000000000000000, 0.000000000000000000 ) ) ;
#749 = ADVANCED_FACE ( 'NONE', ( #1506 ), #3137, .T. ) ;
#750 = CARTESIAN_POINT ( 'NONE',  ( -6.000000000000000888, -3.668587026591679189E-16, 17.10000000000000142 ) ) ;
#751 = CARTESIAN_POINT ( 'NONE',  ( -2.474873734152916338, -2.474873734152916782, 21.87499999726880873 ) ) ;
#752 = CARTESIAN_POINT ( 'NONE',  ( -1.249935086906629689, 5.868361124105372362, 4.835943233701766708 ) ) ;
#753 = CARTESIAN_POINT ( 'NONE',  ( 1.673947134580574092, 4.041265874999998786, 28.12499999863440436 ) ) ;
#754 = CARTESIAN_POINT ( 'NONE',  ( 1.673947134580573870, -4.041265874999999674, 27.74999999863440436 ) ) ;
#755 = CARTESIAN_POINT ( 'NONE',  ( 4.041265874999998786, 1.673947134580575868, 26.99999999863440436 ) ) ;
#756 = DIRECTION ( 'NONE',  ( 1.000000000000000000, 0.000000000000000000, 0.000000000000000000 ) ) ;
#757 = CARTESIAN_POINT ( 'NONE',  ( -2.857606504790286994, 2.857606504790286550, 24.18749999863440436 ) ) ;
#758 = CARTESIAN_POINT ( 'NONE',  ( 2.474873734152915894, 2.474873734152917226, 20.37499999726880873 ) ) ;
#759 = CARTESIAN_POINT ( 'NONE',  ( -2.474873734152917226, 2.474873734152916338, 22.87500000000000000 ) ) ;
#760 = CARTESIAN_POINT ( 'NONE',  ( -6.429395695523603167E-16, 3.500000000000000000, 26.49999999726881228 ) ) ;
#761 = CARTESIAN_POINT ( 'NONE',  ( -1.449747468305832898, -3.500000000000000444, 31.93749999726881228 ) ) ;
#762 = FACE_OUTER_BOUND ( 'NONE', #1901, .T. ) ;
#763 = DIRECTION ( 'NONE',  ( -0.000000000000000000, -0.000000000000000000, 1.000000000000000000 ) ) ;
#764 = VECTOR ( 'NONE', #1034, 1000.000000000000000 ) ;
#765 = ORIENTED_EDGE ( 'NONE', *, *, #7, .T. ) ;
#766 = CARTESIAN_POINT ( 'NONE',  ( 2.474873734152916782, -2.474873734152916782, 26.37500000000000000 ) ) ;
#767 = EDGE_CURVE ( 'NONE', #2537, #3085, #3055, .T. ) ;
#768 = CARTESIAN_POINT ( 'NONE',  ( -6.429395695523603167E-16, 3.500000000000000000, 30.49999999726880873 ) ) ;
#769 = AXIS2_PLACEMENT_3D ( 'NONE', #1348, #2499, #182 ) ;
#770 = CARTESIAN_POINT ( 'NONE',  ( 3.500000000000000000, 0.000000000000000000, 30.50000000000000000 ) ) ;
#771 = CARTESIAN_POINT ( 'NONE',  ( -4.041265874999999674, -4.949123318322177694E-16, 27.43749999863440436 ) ) ;
#772 = CARTESIAN_POINT ( 'NONE',  ( -1.673947134580573426, -4.041265874999999674, 29.62499999863440792 ) ) ;
#773 = CARTESIAN_POINT ( 'NONE',  ( 2.857606504790286106, 2.857606504790286994, 26.06249999863440792 ) ) ;
#774 = AXIS2_PLACEMENT_3D ( 'NONE', #1677, #1617, #1970 ) ;
#775 = DIRECTION ( 'NONE',  ( 1.000000000000000000, 0.000000000000000000, 0.000000000000000000 ) ) ;
#776 = EDGE_CURVE ( 'NONE', #3703, #551, #1015, .T. ) ;
#777 = CARTESIAN_POINT ( 'NONE',  ( -1.673947134580575424, 4.041265874999998786, 21.12499999863440792 ) ) ;
#778 = CARTESIAN_POINT ( 'NONE',  ( -2.857606504790286994, 2.857606504790286550, 27.18749999863440436 ) ) ;
#779 = CARTESIAN_POINT ( 'NONE',  ( 0.000000000000000000, 0.000000000000000000, 19.00000000000000355 ) ) ;
#780 = CARTESIAN_POINT ( 'NONE',  ( -6.429395695523603167E-16, 3.500000000000000000, 21.75000000000000000 ) ) ;
#781 = CARTESIAN_POINT ( 'NONE',  ( 1.529190219174742497E-16, 2.100000000000000089, 6.250000000000000888 ) ) ;
#782 = CARTESIAN_POINT ( 'NONE',  ( -1.449747468305832898, -3.500000000000000444, 29.93749999726881938 ) ) ;
#783 = CARTESIAN_POINT ( 'NONE',  ( 2.857606504790286106, 2.857606504790286994, 28.93749999863440792 ) ) ;
#784 = FACE_OUTER_BOUND ( 'NONE', #1464, .T. ) ;
#785 = ORIENTED_EDGE ( 'NONE', *, *, #369, .F. ) ;
#786 = FACE_OUTER_BOUND ( 'NONE', #3264, .T. ) ;
#787 = CARTESIAN_POINT ( 'NONE',  ( -6.000000000000000888, -0.2084997703611723152, 17.10000000000000497 ) ) ;
#788 = CARTESIAN_POINT ( 'NONE',  ( -4.041265874999999674, -4.949123318322177694E-16, 25.43749999863440792 ) ) ;
#789 = CARTESIAN_POINT ( 'NONE',  ( -5.149883675480754874, 3.079109514311371587, 14.41358911485266781 ) ) ;
#790 = CARTESIAN_POINT ( 'NONE',  ( -4.041265874999999674, -4.949123318322177694E-16, 27.43749999863440436 ) ) ;
#791 = CARTESIAN_POINT ( 'NONE',  ( 4.041265874999999674, 0.000000000000000000, 23.93749999863440436 ) ) ;
#792 = ADVANCED_FACE ( 'NONE', ( #1804 ), #1444, .T. ) ;
#793 = ORIENTED_EDGE ( 'NONE', *, *, #2983, .T. ) ;
#794 = CARTESIAN_POINT ( 'NONE',  ( -4.041265874999999674, -1.673947134580573870, 22.37499999863440792 ) ) ;
#795 = CARTESIAN_POINT ( 'NONE',  ( 2.857606504790286994, -2.857606504790286994, 24.68749999863440436 ) ) ;
#796 = CARTESIAN_POINT ( 'NONE',  ( 4.041265874999999674, 0.000000000000000000, 22.81249999863440436 ) ) ;
#797 = CARTESIAN_POINT ( 'NONE',  ( -3.500000000000000444, -1.449747468305833342, 19.81249999726881228 ) ) ;
#798 = EDGE_CURVE ( 'NONE', #3703, #418, #2446, .T. ) ;
#799 = ORIENTED_EDGE ( 'NONE', *, *, #3377, .T. ) ;
#800 = CARTESIAN_POINT ( 'NONE',  ( 3.500000000000000444, -1.449747468305833120, 20.43750000000000000 ) ) ;
#801 = CARTESIAN_POINT ( 'NONE',  ( -3.500000000000000000, -4.286263797015736595E-16, 26.74999999726881228 ) ) ;
#802 = CARTESIAN_POINT ( 'NONE',  ( -4.041265874999999674, -1.673947134580573870, 19.49999999863440436 ) ) ;
#803 = CYLINDRICAL_SURFACE ( 'NONE', #1953, 3.500000000000000000 ) ;
#804 = CARTESIAN_POINT ( 'NONE',  ( 1.949358868961793556, -0.7810249675906638656, 11.00000000000000000 ) ) ;
#805 = ORIENTED_EDGE ( 'NONE', *, *, #3298, .T. ) ;
#806 = CARTESIAN_POINT ( 'NONE',  ( -5.639283980538242425, 2.054549912203857076, 16.32985986774452414 ) ) ;
#807 = CYLINDRICAL_SURFACE ( 'NONE', #3256, 3.500000000000000000 ) ;
#808 = CARTESIAN_POINT ( 'NONE',  ( -0.1634114241445049631, 6.000000000000003553, 6.250000000000003553 ) ) ;
#809 = CARTESIAN_POINT ( 'NONE',  ( -7.423684977483266541E-16, 4.041265874999999674, 26.18749999863440792 ) ) ;
#810 = CARTESIAN_POINT ( 'NONE',  ( -4.041265874999999674, -4.949123318322177694E-16, 25.43749999863440792 ) ) ;
#811 = CARTESIAN_POINT ( 'NONE',  ( 2.857606504790286994, -2.857606504790286994, 23.81249999863440436 ) ) ;
#812 = VERTEX_POINT ( 'NONE', #2089 ) ;
#813 = CARTESIAN_POINT ( 'NONE',  ( 2.143131898507868297E-16, -3.500000000000000000, 28.99999999726881228 ) ) ;
#814 = CARTESIAN_POINT ( 'NONE',  ( 1.673947134580573870, -4.041265874999999674, 23.62499999863440792 ) ) ;
#815 = CARTESIAN_POINT ( 'NONE',  ( 2.474561659161088847E-16, -4.041265874999999674, 24.56249999863440436 ) ) ;
#816 = CARTESIAN_POINT ( 'NONE',  ( 2.474561659161088847E-16, -4.041265874999999674, 21.56249999863440436 ) ) ;
#817 = DIRECTION ( 'NONE',  ( 0.000000000000000000, 0.000000000000000000, -1.000000000000000000 ) ) ;
#818 = ORIENTED_EDGE ( 'NONE', *, *, #1647, .F. ) ;
#819 = ADVANCED_FACE ( 'NONE', ( #1860 ), #320, .F. ) ;
#820 = CARTESIAN_POINT ( 'NONE',  ( 1.449747468305833564, 3.500000000000000000, 20.68749999999999645 ) ) ;
#821 = CARTESIAN_POINT ( 'NONE',  ( 0.000000000000000000, 0.000000000000000000, 0.000000000000000000 ) ) ;
#822 = CARTESIAN_POINT ( 'NONE',  ( 3.499999999999999556, 1.449747468305835341, 26.31249999726881583 ) ) ;
#823 = CARTESIAN_POINT ( 'NONE',  ( 0.000000000000000000, 6.000000000000000888, 3.749999999999999112 ) ) ;
#824 = CARTESIAN_POINT ( 'NONE',  ( -3.500000000000000000, -4.286263797015736595E-16, 29.74999999726881228 ) ) ;
#825 = CARTESIAN_POINT ( 'NONE',  ( -2.857606504790286550, -2.857606504790286994, 27.43749999863440436 ) ) ;
#826 = CARTESIAN_POINT ( 'NONE',  ( -3.500000000000000444, -1.449747468305833342, 31.06250000000000000 ) ) ;
#827 = CARTESIAN_POINT ( 'NONE',  ( -6.429395695523603167E-16, 3.500000000000000000, 31.49999999726880873 ) ) ;
#828 = CARTESIAN_POINT ( 'NONE',  ( 2.857606504790286994, -2.857606504790286994, 28.81249999863440792 ) ) ;
#829 = VECTOR ( 'NONE', #3597, 1000.000000000000000 ) ;
#830 = CARTESIAN_POINT ( 'NONE',  ( -4.041265874999999674, -1.673947134580573648, 20.49999999863440436 ) ) ;
#831 = ORIENTED_EDGE ( 'NONE', *, *, #3735, .F. ) ;
#832 = AXIS2_PLACEMENT_3D ( 'NONE', #1780, #3857, #861 ) ;
#833 = CARTESIAN_POINT ( 'NONE',  ( 4.041265874999999674, 0.000000000000000000, 22.81249999863440436 ) ) ;
#834 = CARTESIAN_POINT ( 'NONE',  ( -2.857606504790286994, 2.857606504790286550, 25.18749999863440792 ) ) ;
#835 = CARTESIAN_POINT ( 'NONE',  ( -1.673947134580573204, -4.041265874999999674, 24.49999999863440436 ) ) ;
#836 = CARTESIAN_POINT ( 'NONE',  ( 0.7727704950834834996, 1.956586358165672168, 5.995359957547737650 ) ) ;
#837 = CIRCLE ( 'NONE', #2324, 6.000000000000000888 ) ;
#838 = ORIENTED_EDGE ( 'NONE', *, *, #2822, .T. ) ;
#839 = ORIENTED_EDGE ( 'NONE', *, *, #1341, .F. ) ;
#840 = CARTESIAN_POINT ( 'NONE',  ( 3.500000000000000444, -1.449747468305833120, 23.43749999999999645 ) ) ;
#841 = CARTESIAN_POINT ( 'NONE',  ( -3.500000000000000444, -1.449747468305833342, 25.81249999726881228 ) ) ;
#842 = EDGE_CURVE ( 'NONE', #2335, #1024, #2659, .T. ) ;
#843 = DIRECTION ( 'NONE',  ( 0.000000000000000000, 0.000000000000000000, 1.000000000000000000 ) ) ;
#844 = CARTESIAN_POINT ( 'NONE',  ( 3.500000000000000000, -1.449747468305833120, 31.43750000000000000 ) ) ;
#845 = EDGE_CURVE ( 'NONE', #1024, #729, #2146, .T. ) ;
#846 = FACE_OUTER_BOUND ( 'NONE', #110, .T. ) ;
#847 = CARTESIAN_POINT ( 'NONE',  ( 2.857606504790286106, 2.857606504790286994, 25.06249999863440792 ) ) ;
#848 = CARTESIAN_POINT ( 'NONE',  ( 2.857606504790286994, -2.857606504790286994, 20.81249999863440436 ) ) ;
#849 = ORIENTED_EDGE ( 'NONE', *, *, #1630, .F. ) ;
#850 = CARTESIAN_POINT ( 'NONE',  ( 2.500000000000002220, 3.061616997868386099E-16, 35.00000000000000000 ) ) ;
#851 = CARTESIAN_POINT ( 'NONE',  ( 2.474561659161088847E-16, -4.041265874999999674, 19.56249999863440436 ) ) ;
#852 = CARTESIAN_POINT ( 'NONE',  ( 2.474561659161088847E-16, -4.041265874999999674, 21.56249999863440436 ) ) ;
#853 = CARTESIAN_POINT ( 'NONE',  ( 4.041265874999999674, 0.000000000000000000, 24.81249999863440436 ) ) ;
#854 = CARTESIAN_POINT ( 'NONE',  ( -6.646954245659623883E-17, 2.100000000000000089, 3.749999999999999112 ) ) ;
#855 = VERTEX_POINT ( 'NONE', #57 ) ;
#856 = CARTESIAN_POINT ( 'NONE',  ( 4.041265874999999674, 0.000000000000000000, 29.81249999863440436 ) ) ;
#857 = CARTESIAN_POINT ( 'NONE',  ( 1.449747468305833342, -3.500000000000000444, 28.06249999726881228 ) ) ;
#858 =( BOUNDED_CURVE ( )  B_SPLINE_CURVE ( 2, ( #1697, #3183, #2886, #1384, #1123, #2536, #225, #3719, #2576 ),
 .UNSPECIFIED., .F., .F. ) 
 B_SPLINE_CURVE_WITH_KNOTS ( ( 3, 2, 2, 2, 3 ),
 ( 0.8461538461538461453, 0.8557692307692307265, 0.8653846153846154188, 0.8750000000000000000, 0.8846153846153845812 ),
 .UNSPECIFIED. ) 
 CURVE ( )  GEOMETRIC_REPRESENTATION_ITEM ( )  RATIONAL_B_SPLINE_CURVE ( ( 1.000000000000000000, 0.9238795325112867385, 1.000000000000000000, 0.9238795325112867385, 1.000000000000000000, 0.9238795325112867385, 1.000000000000000000, 0.9238795325112867385, 1.000000000000000000 ) ) 
 REPRESENTATION_ITEM ( '' )  );
#859 = CARTESIAN_POINT ( 'NONE',  ( 2.474873734152916782, -2.474873734152916782, 19.37500000000000000 ) ) ;
#860 = CARTESIAN_POINT ( 'NONE',  ( 3.500000000000000000, -1.449747468305833120, 31.18749999726881228 ) ) ;
#861 = DIRECTION ( 'NONE',  ( 0.000000000000000000, 0.000000000000000000, -1.000000000000000000 ) ) ;
#862 = ADVANCED_FACE ( 'NONE', ( #1241 ), #1058, .T. ) ;
#863 = CARTESIAN_POINT ( 'NONE',  ( -1.673947134580575424, 4.041265874999998786, 21.24999999863440081 ) ) ;
#864 = CARTESIAN_POINT ( 'NONE',  ( -5.695292613773028201, 1.911718853239078753, 11.52752145616768864 ) ) ;
#865 = CARTESIAN_POINT ( 'NONE',  ( -2.857606504790286994, 2.857606504790286550, 22.31249999863440436 ) ) ;
#866 = ORIENTED_EDGE ( 'NONE', *, *, #1774, .T. ) ;
#867 = DIRECTION ( 'NONE',  ( 0.7071067811865487940, 0.000000000000000000, 0.7071067811865463515 ) ) ;
#868 = CARTESIAN_POINT ( 'NONE',  ( 3.500000000000000000, 0.000000000000000000, 22.50000000000000000 ) ) ;
#869 = CARTESIAN_POINT ( 'NONE',  ( -4.041265875000001451, 1.673947134580572538, 24.24999999863440436 ) ) ;
#870 = CARTESIAN_POINT ( 'NONE',  ( -7.423684977483266541E-16, 4.041265874999999674, 24.06249999863440436 ) ) ;
#871 = CARTESIAN_POINT ( 'NONE',  ( 3.499999999999999112, 1.449747468305835341, 27.31249999726880873 ) ) ;
#872 = ORIENTED_EDGE ( 'NONE', *, *, #2983, .F. ) ;
#873 = ORIENTED_EDGE ( 'NONE', *, *, #113, .F. ) ;
#874 = CARTESIAN_POINT ( 'NONE',  ( -2.857606504790286550, -2.857606504790286994, 31.43749999863440436 ) ) ;
#875 = CARTESIAN_POINT ( 'NONE',  ( -1.449747468305832898, -3.500000000000000444, 24.93749999726880873 ) ) ;
#876 = CARTESIAN_POINT ( 'NONE',  ( -1.449747468305834897, 3.499999999999999112, 24.81250000000000000 ) ) ;
#877 = VECTOR ( 'NONE', #1941, 1000.000000000000000 ) ;
#878 = CARTESIAN_POINT ( 'NONE',  ( 2.474873734152916782, -2.474873734152916782, 32.12499999726880873 ) ) ;
#879 = CARTESIAN_POINT ( 'NONE',  ( 1.673947134580573870, -4.041265874999999674, 25.74999999863440436 ) ) ;
#880 = PLANE ( 'NONE',  #1758 ) ;
#881 = CARTESIAN_POINT ( 'NONE',  ( 2.474873734152916782, -2.474873734152916782, 27.12499999726880873 ) ) ;
#882 = CARTESIAN_POINT ( 'NONE',  ( -2.857606504790286550, -2.857606504790286994, 23.56249999863440436 ) ) ;
#883 = DIRECTION ( 'NONE',  ( 1.000000000000000000, 0.000000000000000000, 0.000000000000000000 ) ) ;
#884 = CARTESIAN_POINT ( 'NONE',  ( 1.673947134580573648, -4.041265874999999674, 19.74999999863440081 ) ) ;
#885 = ORIENTED_EDGE ( 'NONE', *, *, #3178, .T. ) ;
#886 = CARTESIAN_POINT ( 'NONE',  ( 2.000000000000000000, 0.000000000000000000, 14.00000000000000000 ) ) ;
#887 = EDGE_CURVE ( 'NONE', #3085, #1229, #2544, .T. ) ;
#888 = CARTESIAN_POINT ( 'NONE',  ( -3.500000000000000000, -1.449747468305833564, 28.06250000000000000 ) ) ;
#889 = CIRCLE ( 'NONE', #2200, 6.000000000000000888 ) ;
#890 = CARTESIAN_POINT ( 'NONE',  ( -4.041265874999999674, -4.949123318322177694E-16, 19.31249999863440436 ) ) ;
#891 = CARTESIAN_POINT ( 'NONE',  ( -1.673947134580575424, 4.041265874999998786, 21.12499999863440792 ) ) ;
#892 = DIRECTION ( 'NONE',  ( 1.000000000000000000, 0.000000000000000000, 0.000000000000000000 ) ) ;
#893 = ORIENTED_EDGE ( 'NONE', *, *, #1794, .T. ) ;
#894 = VECTOR ( 'NONE', #1149, 1000.000000000000000 ) ;
#895 = ORIENTED_EDGE ( 'NONE', *, *, #3498, .F. ) ;
#896 = CARTESIAN_POINT ( 'NONE',  ( -1.449747468305832898, -3.500000000000000444, 19.18749999999999645 ) ) ;
#897 = AXIS2_PLACEMENT_3D ( 'NONE', #510, #3776, #3461 ) ;
#898 = DIRECTION ( 'NONE',  ( -0.000000000000000000, -0.000000000000000000, 1.000000000000000000 ) ) ;
#899 = CARTESIAN_POINT ( 'NONE',  ( 3.500000000000000444, -1.449747468305833120, 28.18749999726881938 ) ) ;
#900 = CARTESIAN_POINT ( 'NONE',  ( -4.041265874999999674, -1.673947134580573648, 27.37499999863440436 ) ) ;
#901 = CARTESIAN_POINT ( 'NONE',  ( -3.500000000000000000, -4.286263797015736595E-16, 30.00000000000000000 ) ) ;
#902 = CARTESIAN_POINT ( 'NONE',  ( 3.500000000000000000, -1.449747468305833120, 23.18749999726880873 ) ) ;
#903 = CARTESIAN_POINT ( 'NONE',  ( -1.673947134580573426, -4.041265874999999674, 25.62499999863441147 ) ) ;
#904 = ORIENTED_EDGE ( 'NONE', *, *, #1984, .T. ) ;
#905 = CARTESIAN_POINT ( 'NONE',  ( 2.000000000000000000, 0.000000000000000000, 14.00000000000000000 ) ) ;
#906 = CYLINDRICAL_SURFACE ( 'NONE', #832, 1.250000000000001110 ) ;
#907 = CARTESIAN_POINT ( 'NONE',  ( 2.857606504790286106, 2.857606504790286994, 22.06249999863440436 ) ) ;
#908 = CARTESIAN_POINT ( 'NONE',  ( -3.500000000000000000, 4.286263797015736595E-16, 19.00000000000000355 ) ) ;
#909 =( BOUNDED_CURVE ( )  B_SPLINE_CURVE ( 2, ( #3716, #3773, #2862, #3161, #2227, #1674, #1361, #1947, #1655 ),
 .UNSPECIFIED., .F., .F. ) 
 B_SPLINE_CURVE_WITH_KNOTS ( ( 3, 2, 2, 2, 3 ),
 ( 0.03846153846153846367, 0.04807692307692307959, 0.05769230769230769551, 0.06730769230769230449, 0.07692307692307692735 ),
 .UNSPECIFIED. ) 
 CURVE ( )  GEOMETRIC_REPRESENTATION_ITEM ( )  RATIONAL_B_SPLINE_CURVE ( ( 1.000000000000000000, 0.9238795325112867385, 1.000000000000000000, 0.9238795325112867385, 1.000000000000000000, 0.9238795325112867385, 1.000000000000000000, 0.9238795325112867385, 1.000000000000000000 ) ) 
 REPRESENTATION_ITEM ( '' )  );
#910 = CARTESIAN_POINT ( 'NONE',  ( -3.500000000000000000, -1.449747468305833564, 22.06250000000000000 ) ) ;
#911 = ORIENTED_EDGE ( 'NONE', *, *, #3372, .T. ) ;
#912 = DIRECTION ( 'NONE',  ( 1.000000000000000000, 0.000000000000000000, -0.000000000000000000 ) ) ;
#913 = CARTESIAN_POINT ( 'NONE',  ( 2.857606504790286106, 2.857606504790286994, 19.93749999863440436 ) ) ;
#914 = CARTESIAN_POINT ( 'NONE',  ( 4.041265874999998786, 1.673947134580575868, 22.87499999863441147 ) ) ;
#915 = CARTESIAN_POINT ( 'NONE',  ( 2.857606504790286994, -2.857606504790286994, 20.68749999863440436 ) ) ;
#916 = CARTESIAN_POINT ( 'NONE',  ( 4.041265874999998786, 1.673947134580575868, 28.99999999863440792 ) ) ;
#917 = ORIENTED_EDGE ( 'NONE', *, *, #130, .T. ) ;
#918 = ORIENTED_EDGE ( 'NONE', *, *, #2276, .F. ) ;
#919 = CARTESIAN_POINT ( 'NONE',  ( -2.857606504790286994, 2.857606504790286550, 31.18749999863440436 ) ) ;
#920 = EDGE_CURVE ( 'NONE', #551, #428, #1522, .T. ) ;
#921 = CARTESIAN_POINT ( 'NONE',  ( 3.499999999999999556, 1.449747468305835341, 21.31249999726880517 ) ) ;
#922 = CARTESIAN_POINT ( 'NONE',  ( -2.474873734152917226, 2.474873734152916338, 28.87500000000000000 ) ) ;
#923 = CARTESIAN_POINT ( 'NONE',  ( -4.041265874999999674, -1.673947134580573648, 31.37499999863440436 ) ) ;
#924 = CARTESIAN_POINT ( 'NONE',  ( -4.041265874999999674, -1.673947134580573870, 29.37499999863440792 ) ) ;
#925 = CARTESIAN_POINT ( 'NONE',  ( 0.000000000000000000, 0.000000000000000000, 19.00000000000000355 ) ) ;
#926 = CARTESIAN_POINT ( 'NONE',  ( 1.673947134580574092, 4.041265874999998786, 23.12499999863440792 ) ) ;
#927 = ORIENTED_EDGE ( 'NONE', *, *, #1138, .F. ) ;
#928 = CARTESIAN_POINT ( 'NONE',  ( 3.500000000000000000, 0.000000000000000000, 25.50000000000000355 ) ) ;
#929 = CARTESIAN_POINT ( 'NONE',  ( -4.041265875000001451, 1.673947134580572538, 23.37499999863441147 ) ) ;
#930 = CARTESIAN_POINT ( 'NONE',  ( 0.000000000000000000, 0.000000000000000000, 19.00000000000000355 ) ) ;
#931 = CARTESIAN_POINT ( 'NONE',  ( 4.041265874999999674, -1.673947134580573426, 19.87499999863441147 ) ) ;
#932 = CARTESIAN_POINT ( 'NONE',  ( -4.041265874999999674, -4.949123318322177694E-16, 19.43749999863440436 ) ) ;
#933 = CARTESIAN_POINT ( 'NONE',  ( -1.241843620414985638, 5.870101538635535299, 14.16438057335064649 ) ) ;
#934 =( BOUNDED_SURFACE ( )  B_SPLINE_SURFACE ( 1, 2, ( 
 ( #2075, #3269, #1226, #3313, #2472, #2543, #173, #2786, #1881, #1645, #3744, #3101, #2220, #2802, #1065, #3370, #134, #1336, #1591, #1899, #2254, #2819, #101, #2526, #3426, #2197, #1318, #3725, #1285, #425, #116, #1918, #2506, #3118, #3445, #2179, #3674, #772, #1608, #1301, #3061, #1028, #1045, #3708, #3409, #719, #1572, #388, #462, #2838, #1938, #3134, #699, #738, #2769, #445, #994, #1627, #3082, #408, #2490, #1355, #3690, #1009, #3391, #152, #2238, #754, #1458, #3259, #2273, #477, #790, #497, #2581, #28, #3237, #1109, #296, #2982, #1684, #277, #611, #3586, #3280, #3155, #1218, #2655, #2854, #3468, #3782, #592, #2360, #3561, #2291, #2379, #210, #1196, #3170, #879, #1481, #903, #2085, #189, #810, #2873, #2063, #3855, #1778, #2405, #1089, #1370, #1501, #571, #1391, #1959, #1178, #4, #2964, #2046, #3487, #1666, #2696, #1798, #315, #3605, #2561, #1978, #1756, #3762, #2944, #2674, #3644, #3625, #1524, #1820, #710, #3683, #2189, #3383, #3092, #926, #2125, #377, #2170, #1237, #3303, #944, #3321, #1546, #2793, #2148, #71, #3072, #1891, #653, #3050, #416, #2482, #1599, #2105, #124, #1565, #3002, #2423, #2737, #3364, #1277, #2464, #1256, #1294, #3030, #109, #1841, #3666, #400, #1002, #1309, #2497, #360, #2441, #965, #3344, #632, #692, #339, #2716, #53, #2760, #673, #1857, #90, #985, #1873, #1583, #2779, #3480, #3697, #3753, #802, #1346 ),
 ( #3434, #1101, #181, #1403, #1948, #761, #469, #2553, #1362, #1676, #1926, #3145, #3734, #1695, #3416, #2810, #3162, #222, #1636, #1656, #2847, #142, #1074, #2210, #2882, #1327, #2830, #3181, #3774, #2263, #2228, #1991, #2573, #488, #3126, #1381, #3458, #782, #1968, #2863, #2533, #508, #1019, #3398, #199, #728, #164, #1907, #2517, #2284, #3717, #1037, #746, #1054, #3108, #452, #2245, #434, #1615, #310, #1140, #1424, #3235, #1158, #2593, #899, #2922, #857, #3219, #1121, #1193, #2938, #3814, #3794, #2044, #2318, #528, #2670, #1438, #568, #2338, #2651, #1753, #3580, #1717, #3275, #3539, #548, #2027, #273, #2616, #3870, #3200, #2357, #256, #822, #1793, #2300, #606, #3499, #2060, #3517, #2081, #841, #3852, #2008, #3558, #589, #1733, #2978, #1455, #2633, #2902, #240, #3833, #1476, #1175, #875, #3254, #1776, #2960, #2376, #292, #3087, #3638, #1250, #2142, #371, #1852, #3359, #3619, #2435, #1542, #3376, #1231, #627, #980, #1886, #3317, #3340, #669, #1815, #3046, #1560, #2418, #2751, #85, #2164, #1578, #1837, #2731, #1271, #332, #2775, #2100, #2460, #3024, #3601, #704, #1497, #2184, #1214, #688, #2712, #2476, #939, #3662, #2691, #1868, #3068, #2118, #22, #959, #356, #2398, #921, #3297, #394, #998, #105, #1289, #3679, #2998, #1519, #47, #646, #67, #159, #1050, #3140, #758, #2259, #2511, #1342, #449, #2280, #138, #3395, #3749, #797, #2224 ) ),
 .UNSPECIFIED., .F., .F., .F. ) 
 B_SPLINE_SURFACE_WITH_KNOTS ( ( 2, 2 ),
 ( 3, 2, 2, 2, 2, 2, 2, 2, 2, 2, 2, 2, 2, 2, 2, 2, 2, 2, 2, 2, 2, 2, 2, 2, 2, 2, 2, 2, 2, 2, 2, 2, 2, 2, 2, 2, 2, 2, 2, 2, 2, 2, 2, 2, 2, 2, 2, 2, 2, 2, 2, 2, 2, 2, 2, 2, 2, 2, 2, 2, 2, 2, 2, 2, 2, 2, 2, 2, 2, 2, 2, 2, 2, 2, 2, 2, 2, 2, 2, 2, 2, 2, 2, 2, 2, 2, 2, 2, 2, 2, 2, 2, 2, 2, 2, 2, 2, 2, 2, 2, 3 ),
 ( 0.000000000000000000, 1.000000000000000000 ),
 ( 0.000000000000000000, 0.009615384615384615918, 0.01923076923076923184, 0.02884615384615384776, 0.03846153846153846367, 0.04807692307692307959, 0.05769230769230769551, 0.06730769230769230449, 0.07692307692307692735, 0.08653846153846153633, 0.09615384615384615918, 0.1057692307692307682, 0.1153846153846153910, 0.1250000000000000000, 0.1346153846153846090, 0.1442307692307692180, 0.1538461538461538547, 0.1634615384615384637, 0.1730769230769230727, 0.1826923076923076816, 0.1923076923076923184, 0.2019230769230769273, 0.2115384615384615363, 0.2211538461538461453, 0.2307692307692307820, 0.2403846153846153910, 0.2500000000000000000, 0.2596153846153846367, 0.2692307692307692180, 0.2788461538461538547, 0.2884615384615384359, 0.2980769230769230727, 0.3076923076923077094, 0.3173076923076922906, 0.3269230769230769273, 0.3365384615384615641, 0.3461538461538461453, 0.3557692307692307820, 0.3653846153846153633, 0.3750000000000000000, 0.3846153846153846367, 0.3942307692307692180, 0.4038461538461538547, 0.4134615384615384359, 0.4230769230769230727, 0.4326923076923077094, 0.4423076923076922906, 0.4519230769230769273, 0.4615384615384615641, 0.4711538461538461453, 0.4807692307692307820, 0.4903846153846153633, 0.5000000000000000000, 0.5096153846153845812, 0.5192307692307692735, 0.5288461538461538547, 0.5384615384615384359, 0.5480769230769231282, 0.5576923076923077094, 0.5673076923076922906, 0.5769230769230768718, 0.5865384615384615641, 0.5961538461538461453, 0.6057692307692307265, 0.6153846153846154188, 0.6250000000000000000, 0.6346153846153845812, 0.6442307692307692735, 0.6538461538461538547, 0.6634615384615384359, 0.6730769230769231282, 0.6826923076923077094, 0.6923076923076922906, 0.7019230769230768718, 0.7115384615384615641, 0.7211538461538461453, 0.7307692307692307265, 0.7403846153846154188, 0.7500000000000000000, 0.7596153846153845812, 0.7692307692307692735, 0.7788461538461538547, 0.7884615384615384359, 0.7980769230769231282, 0.8076923076923077094, 0.8173076923076922906, 0.8269230769230768718, 0.8365384615384615641, 0.8461538461538461453, 0.8557692307692307265, 0.8653846153846154188, 0.8750000000000000000, 0.8846153846153845812, 0.8942307692307692735, 0.9038461538461538547, 0.9134615384615384359, 0.9230769230769231282, 0.9326923076923077094, 0.9423076923076922906, 0.9519230769230768718, 0.9615384615384615641 ),
 .UNSPECIFIED. ) 
 GEOMETRIC_REPRESENTATION_ITEM ( )  RATIONAL_B_SPLINE_SURFACE ( (
 ( 1.000000000000000000, 0.9238795325112867385, 1.000000000000000000, 0.9238795325112867385, 1.000000000000000000, 0.9238795325112867385, 1.000000000000000000, 0.9238795325112867385, 1.000000000000000000, 0.9238795325112867385, 1.000000000000000000, 0.9238795325112867385, 1.000000000000000000, 0.9238795325112867385, 1.000000000000000000, 0.9238795325112867385, 1.000000000000000000, 0.9238795325112867385, 1.000000000000000000, 0.9238795325112867385, 1.000000000000000000, 0.9238795325112867385, 1.000000000000000000, 0.9238795325112867385, 1.000000000000000000, 0.9238795325112867385, 1.000000000000000000, 0.9238795325112867385, 1.000000000000000000, 0.9238795325112867385, 1.000000000000000000, 0.9238795325112867385, 1.000000000000000000, 0.9238795325112867385, 1.000000000000000000, 0.9238795325112867385, 1.000000000000000000, 0.9238795325112867385, 1.000000000000000000, 0.9238795325112867385, 1.000000000000000000, 0.9238795325112867385, 1.000000000000000000, 0.9238795325112867385, 1.000000000000000000, 0.9238795325112867385, 1.000000000000000000, 0.9238795325112867385, 1.000000000000000000, 0.9238795325112867385, 1.000000000000000000, 0.9238795325112867385, 1.000000000000000000, 0.9238795325112867385, 1.000000000000000000, 0.9238795325112867385, 1.000000000000000000, 0.9238795325112867385, 1.000000000000000000, 0.9238795325112867385, 1.000000000000000000, 0.9238795325112867385, 1.000000000000000000, 0.9238795325112867385, 1.000000000000000000, 0.9238795325112867385, 1.000000000000000000, 0.9238795325112867385, 1.000000000000000000, 0.9238795325112867385, 1.000000000000000000, 0.9238795325112867385, 1.000000000000000000, 0.9238795325112867385, 1.000000000000000000, 0.9238795325112867385, 1.000000000000000000, 0.9238795325112867385, 1.000000000000000000, 0.9238795325112867385, 1.000000000000000000, 0.9238795325112867385, 1.000000000000000000, 0.9238795325112867385, 1.000000000000000000, 0.9238795325112867385, 1.000000000000000000, 0.9238795325112867385, 1.000000000000000000, 0.9238795325112867385, 1.000000000000000000, 0.9238795325112867385, 1.000000000000000000, 0.9238795325112867385, 1.000000000000000000, 0.9238795325112867385, 1.000000000000000000, 0.9238795325112867385, 1.000000000000000000, 0.9238795325112867385, 1.000000000000000000, 0.9238795325112867385, 1.000000000000000000, 0.9238795325112867385, 1.000000000000000000, 0.9238795325112867385, 1.000000000000000000, 0.9238795325112867385, 1.000000000000000000, 0.9238795325112867385, 1.000000000000000000, 0.9238795325112867385, 1.000000000000000000, 0.9238795325112867385, 1.000000000000000000, 0.9238795325112867385, 1.000000000000000000, 0.9238795325112867385, 1.000000000000000000, 0.9238795325112867385, 1.000000000000000000, 0.9238795325112867385, 1.000000000000000000, 0.9238795325112867385, 1.000000000000000000, 0.9238795325112867385, 1.000000000000000000, 0.9238795325112867385, 1.000000000000000000, 0.9238795325112867385, 1.000000000000000000, 0.9238795325112867385, 1.000000000000000000, 0.9238795325112867385, 1.000000000000000000, 0.9238795325112867385, 1.000000000000000000, 0.9238795325112867385, 1.000000000000000000, 0.9238795325112867385, 1.000000000000000000, 0.9238795325112867385, 1.000000000000000000, 0.9238795325112867385, 1.000000000000000000, 0.9238795325112867385, 1.000000000000000000, 0.9238795325112867385, 1.000000000000000000, 0.9238795325112867385, 1.000000000000000000, 0.9238795325112867385, 1.000000000000000000, 0.9238795325112867385, 1.000000000000000000, 0.9238795325112867385, 1.000000000000000000, 0.9238795325112867385, 1.000000000000000000, 0.9238795325112867385, 1.000000000000000000, 0.9238795325112867385, 1.000000000000000000, 0.9238795325112867385, 1.000000000000000000, 0.9238795325112867385, 1.000000000000000000, 0.9238795325112867385, 1.000000000000000000, 0.9238795325112867385, 1.000000000000000000, 0.9238795325112867385, 1.000000000000000000, 0.9238795325112867385, 1.000000000000000000, 0.9238795325112867385, 1.000000000000000000, 0.9238795325112867385, 1.000000000000000000, 0.9238795325112867385, 1.000000000000000000, 0.9238795325112867385, 1.000000000000000000, 0.9238795325112867385, 1.000000000000000000, 0.9238795325112867385, 1.000000000000000000, 0.9238795325112867385, 1.000000000000000000, 0.9238795325112867385, 1.000000000000000000, 0.9238795325112867385, 1.000000000000000000, 0.9238795325112867385, 1.000000000000000000, 0.9238795325112867385, 1.000000000000000000, 0.9238795325112867385, 1.000000000000000000, 0.9238795325112867385, 1.000000000000000000),
 ( 1.000000000000000000, 0.9238795325112867385, 1.000000000000000000, 0.9238795325112867385, 1.000000000000000000, 0.9238795325112867385, 1.000000000000000000, 0.9238795325112867385, 1.000000000000000000, 0.9238795325112867385, 1.000000000000000000, 0.9238795325112867385, 1.000000000000000000, 0.9238795325112867385, 1.000000000000000000, 0.9238795325112867385, 1.000000000000000000, 0.9238795325112867385, 1.000000000000000000, 0.9238795325112867385, 1.000000000000000000, 0.9238795325112867385, 1.000000000000000000, 0.9238795325112867385, 1.000000000000000000, 0.9238795325112867385, 1.000000000000000000, 0.9238795325112867385, 1.000000000000000000, 0.9238795325112867385, 1.000000000000000000, 0.9238795325112867385, 1.000000000000000000, 0.9238795325112867385, 1.000000000000000000, 0.9238795325112867385, 1.000000000000000000, 0.9238795325112867385, 1.000000000000000000, 0.9238795325112867385, 1.000000000000000000, 0.9238795325112867385, 1.000000000000000000, 0.9238795325112867385, 1.000000000000000000, 0.9238795325112867385, 1.000000000000000000, 0.9238795325112867385, 1.000000000000000000, 0.9238795325112867385, 1.000000000000000000, 0.9238795325112867385, 1.000000000000000000, 0.9238795325112867385, 1.000000000000000000, 0.9238795325112867385, 1.000000000000000000, 0.9238795325112867385, 1.000000000000000000, 0.9238795325112867385, 1.000000000000000000, 0.9238795325112867385, 1.000000000000000000, 0.9238795325112867385, 1.000000000000000000, 0.9238795325112867385, 1.000000000000000000, 0.9238795325112867385, 1.000000000000000000, 0.9238795325112867385, 1.000000000000000000, 0.9238795325112867385, 1.000000000000000000, 0.9238795325112867385, 1.000000000000000000, 0.9238795325112867385, 1.000000000000000000, 0.9238795325112867385, 1.000000000000000000, 0.9238795325112867385, 1.000000000000000000, 0.9238795325112867385, 1.000000000000000000, 0.9238795325112867385, 1.000000000000000000, 0.9238795325112867385, 1.000000000000000000, 0.9238795325112867385, 1.000000000000000000, 0.9238795325112867385, 1.000000000000000000, 0.9238795325112867385, 1.000000000000000000, 0.9238795325112867385, 1.000000000000000000, 0.9238795325112867385, 1.000000000000000000, 0.9238795325112867385, 1.000000000000000000, 0.9238795325112867385, 1.000000000000000000, 0.9238795325112867385, 1.000000000000000000, 0.9238795325112867385, 1.000000000000000000, 0.9238795325112867385, 1.000000000000000000, 0.9238795325112867385, 1.000000000000000000, 0.9238795325112867385, 1.000000000000000000, 0.9238795325112867385, 1.000000000000000000, 0.9238795325112867385, 1.000000000000000000, 0.9238795325112867385, 1.000000000000000000, 0.9238795325112867385, 1.000000000000000000, 0.9238795325112867385, 1.000000000000000000, 0.9238795325112867385, 1.000000000000000000, 0.9238795325112867385, 1.000000000000000000, 0.9238795325112867385, 1.000000000000000000, 0.9238795325112867385, 1.000000000000000000, 0.9238795325112867385, 1.000000000000000000, 0.9238795325112867385, 1.000000000000000000, 0.9238795325112867385, 1.000000000000000000, 0.9238795325112867385, 1.000000000000000000, 0.9238795325112867385, 1.000000000000000000, 0.9238795325112867385, 1.000000000000000000, 0.9238795325112867385, 1.000000000000000000, 0.9238795325112867385, 1.000000000000000000, 0.9238795325112867385, 1.000000000000000000, 0.9238795325112867385, 1.000000000000000000, 0.9238795325112867385, 1.000000000000000000, 0.9238795325112867385, 1.000000000000000000, 0.9238795325112867385, 1.000000000000000000, 0.9238795325112867385, 1.000000000000000000, 0.9238795325112867385, 1.000000000000000000, 0.9238795325112867385, 1.000000000000000000, 0.9238795325112867385, 1.000000000000000000, 0.9238795325112867385, 1.000000000000000000, 0.9238795325112867385, 1.000000000000000000, 0.9238795325112867385, 1.000000000000000000, 0.9238795325112867385, 1.000000000000000000, 0.9238795325112867385, 1.000000000000000000, 0.9238795325112867385, 1.000000000000000000, 0.9238795325112867385, 1.000000000000000000, 0.9238795325112867385, 1.000000000000000000, 0.9238795325112867385, 1.000000000000000000, 0.9238795325112867385, 1.000000000000000000, 0.9238795325112867385, 1.000000000000000000, 0.9238795325112867385, 1.000000000000000000, 0.9238795325112867385, 1.000000000000000000, 0.9238795325112867385, 1.000000000000000000, 0.9238795325112867385, 1.000000000000000000, 0.9238795325112867385, 1.000000000000000000, 0.9238795325112867385, 1.000000000000000000, 0.9238795325112867385, 1.000000000000000000, 0.9238795325112867385, 1.000000000000000000) ) ) 
 REPRESENTATION_ITEM ( '' )  SURFACE ( )  );
#935 = CARTESIAN_POINT ( 'NONE',  ( -4.041265874999999674, -4.949123318322177694E-16, 23.31249999863440436 ) ) ;
#936 = CARTESIAN_POINT ( 'NONE',  ( 2.857606504790286106, 2.857606504790286994, 19.93749999863440436 ) ) ;
#937 = CARTESIAN_POINT ( 'NONE',  ( -4.041265875000000563, 1.673947134580572538, 29.37499999863440792 ) ) ;
#938 = CARTESIAN_POINT ( 'NONE',  ( 1.449747468305833342, -3.500000000000000444, 19.31250000000000000 ) ) ;
#939 = CARTESIAN_POINT ( 'NONE',  ( -1.449747468305832898, -3.500000000000000444, 21.93749999726880873 ) ) ;
#940 = ADVANCED_FACE ( 'NONE', ( #639 ), #647, .T. ) ;
#941 = CARTESIAN_POINT ( 'NONE',  ( -2.474873734152916338, -2.474873734152916782, 28.12500000000000000 ) ) ;
#942 = CARTESIAN_POINT ( 'NONE',  ( 1.673947134580573870, -4.041265874999999674, 29.62499999863440436 ) ) ;
#943 = CARTESIAN_POINT ( 'NONE',  ( 1.949358868961793556, -0.7810249675906638656, 11.00000000000000000 ) ) ;
#944 = CARTESIAN_POINT ( 'NONE',  ( 1.673947134580573870, -4.041265874999999674, 22.74999999863440436 ) ) ;
#945 = ORIENTED_EDGE ( 'NONE', *, *, #1415, .F. ) ;
#946 = VECTOR ( 'NONE', #3266, 1000.000000000000114 ) ;
#947 = CARTESIAN_POINT ( 'NONE',  ( 1.217298626417388618, 5.875563839680872924, 13.67229832393783617 ) ) ;
#948 = CARTESIAN_POINT ( 'NONE',  ( 4.041265874999999674, -1.673947134580573648, 19.87499999863440792 ) ) ;
#949 = DIRECTION ( 'NONE',  ( -0.000000000000000000, 0.000000000000000000, 1.000000000000000000 ) ) ;
#950 = CARTESIAN_POINT ( 'NONE',  ( 2.857606504790286106, 2.857606504790286994, 20.06249999863440436 ) ) ;
#951 = FACE_OUTER_BOUND ( 'NONE', #1813, .T. ) ;
#952 = CARTESIAN_POINT ( 'NONE',  ( 3.500000000000000000, 0.000000000000000000, 22.24999999726880873 ) ) ;
#953 = CARTESIAN_POINT ( 'NONE',  ( -4.041265874999999674, -1.673947134580573870, 31.49999999863440436 ) ) ;
#954 = DIRECTION ( 'NONE',  ( 0.000000000000000000, 0.000000000000000000, -1.000000000000000000 ) ) ;
#955 = CARTESIAN_POINT ( 'NONE',  ( -4.041265874999999674, -4.949123318322177694E-16, 30.43749999863440436 ) ) ;
#956 = EDGE_LOOP ( 'NONE', ( #2880, #1878, #1883, #927 ) ) ;
#957 =( BOUNDED_CURVE ( )  B_SPLINE_CURVE ( 2, ( #3634, #2992, #327, #3865, #1245, #2372, #2137, #367, #2707 ),
 .UNSPECIFIED., .F., .F. ) 
 B_SPLINE_CURVE_WITH_KNOTS ( ( 3, 2, 2, 2, 3 ),
 ( 0.3461538461538461453, 0.3557692307692307820, 0.3653846153846153633, 0.3750000000000000000, 0.3846153846153846367 ),
 .UNSPECIFIED. ) 
 CURVE ( )  GEOMETRIC_REPRESENTATION_ITEM ( )  RATIONAL_B_SPLINE_CURVE ( ( 1.000000000000000000, 0.9238795325112867385, 1.000000000000000000, 0.9238795325112867385, 1.000000000000000000, 0.9238795325112867385, 1.000000000000000000, 0.9238795325112867385, 1.000000000000000000 ) ) 
 REPRESENTATION_ITEM ( '' )  );
#958 = CARTESIAN_POINT ( 'NONE',  ( -2.857606504790286994, 2.857606504790286550, 27.18749999863440436 ) ) ;
#959 = CARTESIAN_POINT ( 'NONE',  ( -6.429395695523603167E-16, 3.500000000000000000, 21.49999999726880873 ) ) ;
#960 = AXIS2_PLACEMENT_3D ( 'NONE', #12, #1552, #78 ) ;
#961 = CARTESIAN_POINT ( 'NONE',  ( -2.474873734152917226, 2.474873734152916338, 25.87500000000000355 ) ) ;
#962 = CARTESIAN_POINT ( 'NONE',  ( -2.857606504790286550, -2.857606504790286994, 31.43749999863440436 ) ) ;
#963 = CARTESIAN_POINT ( 'NONE',  ( 2.857606504790286106, 2.857606504790286994, 30.93749999863440436 ) ) ;
#964 = CARTESIAN_POINT ( 'NONE',  ( 1.449747468305833564, -3.500000000000000000, 27.31250000000000000 ) ) ;
#965 = CARTESIAN_POINT ( 'NONE',  ( -1.673947134580573426, -4.041265874999999674, 20.62499999863441147 ) ) ;
#966 = EDGE_CURVE ( 'NONE', #2023, #2771, #333, .T. ) ;
#967 = CONICAL_SURFACE ( 'NONE', #774, 2.500000000000002220, 0.7853981633974461696 ) ;
#968 = ORIENTED_EDGE ( 'NONE', *, *, #2342, .T. ) ;
#969 = CARTESIAN_POINT ( 'NONE',  ( 0.3300052203812331997, 5.992815780368902168, 12.78340218123242344 ) ) ;
#970 = CARTESIAN_POINT ( 'NONE',  ( -3.500000000000000000, -4.286263797015736595E-16, 20.00000000000000000 ) ) ;
#971 = CARTESIAN_POINT ( 'NONE',  ( -3.500000000000001332, 1.449747468305832454, 19.93750000000000000 ) ) ;
#972 = FACE_OUTER_BOUND ( 'NONE', #1691, .T. ) ;
#973 = FACE_OUTER_BOUND ( 'NONE', #2396, .T. ) ;
#974 = CARTESIAN_POINT ( 'NONE',  ( -2.474873734152917226, 2.474873734152916338, 21.87500000000000000 ) ) ;
#975 = CARTESIAN_POINT ( 'NONE',  ( -1.673947134580575424, 4.041265874999998786, 30.24999999863440436 ) ) ;
#976 = LINE ( 'NONE', #683, #455 ) ;
#977 = CARTESIAN_POINT ( 'NONE',  ( 1.673947134580574092, 4.041265874999998786, 31.12499999863440436 ) ) ;
#978 = ORIENTED_EDGE ( 'NONE', *, *, #2436, .T. ) ;
#979 = CARTESIAN_POINT ( 'NONE',  ( -4.041265874999999674, -4.949123318322177694E-16, 25.31249999863440792 ) ) ;
#980 = CARTESIAN_POINT ( 'NONE',  ( -3.500000000000000000, -4.286263797015736595E-16, 23.74999999726880873 ) ) ;
#981 = CARTESIAN_POINT ( 'NONE',  ( 1.449747468305833564, 3.500000000000000000, 24.68750000000000355 ) ) ;
#982 = DIRECTION ( 'NONE',  ( 0.8660254037844408170, 0.000000000000000000, 0.4999999999999961697 ) ) ;
#983 = CARTESIAN_POINT ( 'NONE',  ( -1.673947134580575424, 4.041265874999998786, 29.12499999863440792 ) ) ;
#984 = CARTESIAN_POINT ( 'NONE',  ( -0.3306816871973095040, 2.075420378092508678, 3.791674933112773260 ) ) ;
#985 = CARTESIAN_POINT ( 'NONE',  ( 4.041265874999999674, 0.000000000000000000, 19.93749999863440436 ) ) ;
#986 = EDGE_LOOP ( 'NONE', ( #1421, #2995, #885, #2380 ) ) ;
#987 = CARTESIAN_POINT ( 'NONE',  ( -3.500000000000000000, 4.286263797015736595E-16, 19.00000000000000355 ) ) ;
#988 = CARTESIAN_POINT ( 'NONE',  ( 2.857606504790286106, 2.857606504790286994, 21.06249999863440436 ) ) ;
#989 = CARTESIAN_POINT ( 'NONE',  ( 3.500000000000000000, 0.000000000000000000, 25.24999999726881228 ) ) ;
#990 = ORIENTED_EDGE ( 'NONE', *, *, #1540, .F. ) ;
#991 = ADVANCED_FACE ( 'NONE', ( #36, #973 ), #2368, .T. ) ;
#992 = CARTESIAN_POINT ( 'NONE',  ( -1.449747468305834897, 3.499999999999999112, 28.56249999726881228 ) ) ;
#993 = CARTESIAN_POINT ( 'NONE',  ( 4.041265874999998786, 1.673947134580575868, 19.87499999863440792 ) ) ;
#994 = CARTESIAN_POINT ( 'NONE',  ( -4.041265874999999674, -4.949123318322177694E-16, 28.43749999863440436 ) ) ;
#995 = CARTESIAN_POINT ( 'NONE',  ( -1.673947134580573204, -4.041265874999999674, 26.62499999863440792 ) ) ;
#996 = ORIENTED_EDGE ( 'NONE', *, *, #2319, .T. ) ;
#997 = CARTESIAN_POINT ( 'NONE',  ( -2.857606504790286550, -2.857606504790286994, 27.43749999863440436 ) ) ;
#998 = CARTESIAN_POINT ( 'NONE',  ( 2.474873734152916782, -2.474873734152916782, 21.12499999726881228 ) ) ;
#999 = CARTESIAN_POINT ( 'NONE',  ( 1.449747468305833564, 3.500000000000000000, 27.68750000000000355 ) ) ;
#1000 = CARTESIAN_POINT ( 'NONE',  ( -4.041265875000001451, 1.673947134580572538, 31.24999999863440081 ) ) ;
#1001 = CARTESIAN_POINT ( 'NONE',  ( -1.449747468305832898, -3.500000000000000000, 25.93749999726880873 ) ) ;
#1002 = CARTESIAN_POINT ( 'NONE',  ( 4.041265874999999674, 0.000000000000000000, 20.93749999863440436 ) ) ;
#1003 = ORIENTED_EDGE ( 'NONE', *, *, #2934, .F. ) ;
#1004 = CARTESIAN_POINT ( 'NONE',  ( 0.000000000000000000, 0.000000000000000000, 18.50000000000000711 ) ) ;
#1005 = CARTESIAN_POINT ( 'NONE',  ( 3.500000000000000000, 0.000000000000000000, 21.50000000000000000 ) ) ;
#1006 = ORIENTED_EDGE ( 'NONE', *, *, #2151, .F. ) ;
#1007 = CARTESIAN_POINT ( 'NONE',  ( 3.500000000000000000, 0.000000000000000000, 21.50000000000000000 ) ) ;
#1008 = CARTESIAN_POINT ( 'NONE',  ( -4.041265874999999674, -1.673947134580573870, 29.49999999863440436 ) ) ;
#1009 = CARTESIAN_POINT ( 'NONE',  ( 4.041265874999998786, 1.673947134580575868, 27.99999999863440081 ) ) ;
#1010 = CARTESIAN_POINT ( 'NONE',  ( -2.857606504790286550, -2.857606504790286994, 24.56249999863440436 ) ) ;
#1011 = ADVANCED_FACE ( 'NONE', ( #951 ), #2070, .T. ) ;
#1012 = CARTESIAN_POINT ( 'NONE',  ( 1.673947134580574092, 4.041265874999998786, 27.99999999863440081 ) ) ;
#1013 = CARTESIAN_POINT ( 'NONE',  ( -5.499999999999999112, 7.041719095097280880E-16, 0.000000000000000000 ) ) ;
#1014 = ADVANCED_FACE ( 'NONE', ( #2702, #3309 ), #3013, .F. ) ;
#1015 = B_SPLINE_CURVE_WITH_KNOTS ( 'NONE', 1,
 ( #1201, #3609 ),
 .UNSPECIFIED., .F., .F.,
 ( 2, 2 ),
 ( 0.000000000000000000, 1.000000000000000000 ),
 .UNSPECIFIED. ) ;
#1016 = CARTESIAN_POINT ( 'NONE',  ( 1.449747468305833342, -3.500000000000000444, 26.31250000000000000 ) ) ;
#1017 = AXIS2_PLACEMENT_3D ( 'NONE', #1386, #2815, #1061 ) ;
#1018 = CARTESIAN_POINT ( 'NONE',  ( -0.9978523008356172674, 1.851971217944700765, 5.769647391785102997 ) ) ;
#1019 = CARTESIAN_POINT ( 'NONE',  ( -2.474873734152917226, 2.474873734152916338, 29.62499999726881228 ) ) ;
#1020 = EDGE_LOOP ( 'NONE', ( #1973, #2458, #103, #2631 ) ) ;
#1021 = CARTESIAN_POINT ( 'NONE',  ( 3.500000000000000000, 0.000000000000000000, 19.50000000000000000 ) ) ;
#1022 = CARTESIAN_POINT ( 'NONE',  ( 1.673947134580574092, 4.041265874999998786, 20.12499999863441147 ) ) ;
#1023 = AXIS2_PLACEMENT_3D ( 'NONE', #2344, #3542, #1179 ) ;
#1024 = VERTEX_POINT ( 'NONE', #1530 ) ;
#1025 = DIRECTION ( 'NONE',  ( 1.000000000000000000, 0.000000000000000000, 0.000000000000000000 ) ) ;
#1026 = CARTESIAN_POINT ( 'NONE',  ( -1.250032309329060620, 5.868340415034848156, 5.081285371658047723 ) ) ;
#1027 = CARTESIAN_POINT ( 'NONE',  ( -7.423684977483266541E-16, 4.041265874999999674, 20.06249999863440436 ) ) ;
#1028 = CARTESIAN_POINT ( 'NONE',  ( -4.041265875000001451, 1.673947134580572538, 29.37499999863440792 ) ) ;
#1029 = CARTESIAN_POINT ( 'NONE',  ( -1.673947134580573204, -4.041265874999999674, 24.62499999863440792 ) ) ;
#1030 = ORIENTED_EDGE ( 'NONE', *, *, #776, .F. ) ;
#1031 = CARTESIAN_POINT ( 'NONE',  ( -1.449747468305832898, -3.500000000000000000, 29.93749999726881938 ) ) ;
#1032 = VECTOR ( 'NONE', #1963, 1000.000000000000000 ) ;
#1033 = CARTESIAN_POINT ( 'NONE',  ( 2.474561659161088847E-16, -4.041265874999999674, 28.56249999863440436 ) ) ;
#1034 = DIRECTION ( 'NONE',  ( -0.000000000000000000, -0.000000000000000000, -1.000000000000000000 ) ) ;
#1035 = CARTESIAN_POINT ( 'NONE',  ( -1.449747468305832898, -3.500000000000000444, 25.18750000000000000 ) ) ;
#1036 = CARTESIAN_POINT ( 'NONE',  ( -2.474873734152917226, 2.474873734152916338, 26.62499999726881228 ) ) ;
#1037 = CARTESIAN_POINT ( 'NONE',  ( 1.449747468305833342, -3.500000000000000444, 29.06249999726880873 ) ) ;
#1038 = CARTESIAN_POINT ( 'NONE',  ( 0.9992252543351201055, 5.917348716280396381, 4.231604851894952724 ) ) ;
#1039 = CARTESIAN_POINT ( 'NONE',  ( 1.449747468305833564, -3.500000000000000000, 28.06249999726880873 ) ) ;
#1040 = ORIENTED_EDGE ( 'NONE', *, *, #316, .T. ) ;
#1041 = CARTESIAN_POINT ( 'NONE',  ( 2.143131898507868297E-16, -3.500000000000000000, 26.25000000000000000 ) ) ;
#1042 = CARTESIAN_POINT ( 'NONE',  ( 1.449747468305833564, -3.500000000000000000, 25.06249999726881228 ) ) ;
#1043 = PLANE ( 'NONE',  #3011 ) ;
#1044 = CARTESIAN_POINT ( 'NONE',  ( -2.857606504790286550, -2.857606504790286994, 27.56249999863440436 ) ) ;
#1045 = CARTESIAN_POINT ( 'NONE',  ( -2.857606504790286994, 2.857606504790286550, 29.31249999863440792 ) ) ;
#1046 = CARTESIAN_POINT ( 'NONE',  ( 1.673947134580573648, -4.041265874999999674, 27.74999999863440436 ) ) ;
#1047 = CARTESIAN_POINT ( 'NONE',  ( 1.449747468305833564, -3.500000000000000000, 30.06249999726880873 ) ) ;
#1048 = CARTESIAN_POINT ( 'NONE',  ( -2.857606504790286550, -2.857606504790286994, 25.43749999863440792 ) ) ;
#1049 = CARTESIAN_POINT ( 'NONE',  ( -2.857606504790286550, -2.857606504790286994, 21.43749999863440436 ) ) ;
#1050 = CARTESIAN_POINT ( 'NONE',  ( -6.429395695523603167E-16, 3.500000000000000000, 20.49999999726881228 ) ) ;
#1051 = CARTESIAN_POINT ( 'NONE',  ( -3.500000000000000444, -1.449747468305833342, 23.06250000000000000 ) ) ;
#1052 =( BOUNDED_CURVE ( )  B_SPLINE_CURVE ( 2, ( #1737, #1759, #574, #1426, #2947, #614, #279, #1144, #2015 ),
 .UNSPECIFIED., .F., .F. ) 
 B_SPLINE_CURVE_WITH_KNOTS ( ( 3, 2, 2, 2, 3 ),
 ( 0.5769230769230768718, 0.5865384615384615641, 0.5961538461538461453, 0.6057692307692307265, 0.6153846153846154188 ),
 .UNSPECIFIED. ) 
 CURVE ( )  GEOMETRIC_REPRESENTATION_ITEM ( )  RATIONAL_B_SPLINE_CURVE ( ( 1.000000000000000000, 0.9238795325112867385, 1.000000000000000000, 0.9238795325112867385, 1.000000000000000000, 0.9238795325112867385, 1.000000000000000000, 0.9238795325112867385, 1.000000000000000000 ) ) 
 REPRESENTATION_ITEM ( '' )  );
#1053 = DIRECTION ( 'NONE',  ( 1.000000000000000000, 0.000000000000000000, 0.000000000000000000 ) ) ;
#1054 = CARTESIAN_POINT ( 'NONE',  ( -1.449747468305832898, -3.500000000000000444, 28.93749999726881583 ) ) ;
#1055 = ADVANCED_FACE ( 'NONE', ( #2722 ), #597, .F. ) ;
#1056 = CARTESIAN_POINT ( 'NONE',  ( 3.500000000000000000, 0.000000000000000000, 19.00000000000000355 ) ) ;
#1057 = LINE ( 'NONE', #1330, #2072 ) ;
#1058 = CYLINDRICAL_SURFACE ( 'NONE', #1634, 3.500000000000000000 ) ;
#1059 = EDGE_CURVE ( 'NONE', #2557, #1435, #3077, .T. ) ;
#1060 = ORIENTED_EDGE ( 'NONE', *, *, #2342, .F. ) ;
#1061 = DIRECTION ( 'NONE',  ( 1.000000000000000000, 0.000000000000000000, 0.000000000000000000 ) ) ;
#1062 = CARTESIAN_POINT ( 'NONE',  ( -1.949358868961793556, 0.7810249675906638656, 11.00000000000000000 ) ) ;
#1063 = CARTESIAN_POINT ( 'NONE',  ( -5.989023754804995825, -0.4152230219290547475, 10.92109820224749939 ) ) ;
#1064 = CARTESIAN_POINT ( 'NONE',  ( 4.041265874999999674, 0.000000000000000000, 27.93749999863440436 ) ) ;
#1065 = CARTESIAN_POINT ( 'NONE',  ( 2.857606504790286106, 2.857606504790286994, 31.06249999863440436 ) ) ;
#1066 = CARTESIAN_POINT ( 'NONE',  ( 4.041265874999998786, 1.673947134580575868, 27.99999999863440792 ) ) ;
#1067 = ORIENTED_EDGE ( 'NONE', *, *, #1408, .T. ) ;
#1068 = CARTESIAN_POINT ( 'NONE',  ( -2.474873734152916338, -2.474873734152916782, 29.87499999726881228 ) ) ;
#1069 = CARTESIAN_POINT ( 'NONE',  ( -4.041265875000001451, 1.673947134580572538, 21.24999999863440081 ) ) ;
#1070 = CARTESIAN_POINT ( 'NONE',  ( -1.673947134580573426, -4.041265874999999674, 27.49999999863440436 ) ) ;
#1071 = AXIS2_PLACEMENT_3D ( 'NONE', #3428, #1372, #2563 ) ;
#1072 = CARTESIAN_POINT ( 'NONE',  ( 2.143131898507868297E-16, -3.500000000000000000, 22.25000000000000000 ) ) ;
#1073 = LINE ( 'NONE', #2208, #29 ) ;
#1074 = CARTESIAN_POINT ( 'NONE',  ( -2.474873734152916338, -2.474873734152916782, 30.87499999726880873 ) ) ;
#1075 = AXIS2_PLACEMENT_3D ( 'NONE', #1922, #2567, #3769 ) ;
#1076 =( BOUNDED_CURVE ( )  B_SPLINE_CURVE ( 2, ( #381, #678, #2068, #660, #1202, #1782, #364, #1861, #3651 ),
 .UNSPECIFIED., .F., .F. ) 
 B_SPLINE_CURVE_WITH_KNOTS ( ( 3, 2, 2, 2, 3 ),
 ( 0.1153846153846153910, 0.1250000000000000000, 0.1346153846153846090, 0.1442307692307692180, 0.1538461538461538547 ),
 .UNSPECIFIED. ) 
 CURVE ( )  GEOMETRIC_REPRESENTATION_ITEM ( )  RATIONAL_B_SPLINE_CURVE ( ( 1.000000000000000000, 0.9238795325112867385, 1.000000000000000000, 0.9238795325112867385, 1.000000000000000000, 0.9238795325112867385, 1.000000000000000000, 0.9238795325112867385, 1.000000000000000000 ) ) 
 REPRESENTATION_ITEM ( '' )  );
#1077 = DIRECTION ( 'NONE',  ( -0.000000000000000000, -0.000000000000000000, 1.000000000000000000 ) ) ;
#1078 = ADVANCED_FACE ( 'NONE', ( #2968 ), #2681, .F. ) ;
#1079 = DIRECTION ( 'NONE',  ( -0.000000000000000000, 0.000000000000000000, 1.000000000000000000 ) ) ;
#1080 = AXIS2_PLACEMENT_3D ( 'NONE', #3779, #186, #3151 ) ;
#1081 = ORIENTED_EDGE ( 'NONE', *, *, #1112, .T. ) ;
#1082 = FACE_OUTER_BOUND ( 'NONE', #1892, .T. ) ;
#1083 = CARTESIAN_POINT ( 'NONE',  ( 3.500000000000000000, -1.449747468305833120, 25.18749999726880873 ) ) ;
#1084 = AXIS2_PLACEMENT_3D ( 'NONE', #1365, #1104, #183 ) ;
#1085 = CARTESIAN_POINT ( 'NONE',  ( -5.367166739705482748, -2.684921420755304933, 12.43753372133780211 ) ) ;
#1086 = EDGE_CURVE ( 'NONE', #3021, #282, #336, .T. ) ;
#1087 = CARTESIAN_POINT ( 'NONE',  ( -2.857606504790286994, 2.857606504790286550, 27.31249999863440436 ) ) ;
#1088 = CARTESIAN_POINT ( 'NONE',  ( -5.947774448066541098, 0.8157439999189664004, 11.00212434524298821 ) ) ;
#1089 = CARTESIAN_POINT ( 'NONE',  ( 2.857606504790286106, 2.857606504790286994, 25.06249999863440792 ) ) ;
#1090 = CARTESIAN_POINT ( 'NONE',  ( -1.673947134580573204, -4.041265874999999674, 21.62499999863440436 ) ) ;
#1091 = EDGE_LOOP ( 'NONE', ( #1173, #1932, #473, #1366 ) ) ;
#1092 = CARTESIAN_POINT ( 'NONE',  ( 1.449747468305833564, -3.500000000000000000, 29.06249999726881583 ) ) ;
#1093 = CARTESIAN_POINT ( 'NONE',  ( -2.857606504790286550, -2.857606504790286994, 22.43749999863440436 ) ) ;
#1094 = CARTESIAN_POINT ( 'NONE',  ( 1.673947134580573870, -4.041265874999999674, 27.62499999863440436 ) ) ;
#1095 = CARTESIAN_POINT ( 'NONE',  ( 2.857606504790286106, 2.857606504790286994, 21.93749999863440436 ) ) ;
#1096 = FILL_AREA_STYLE_COLOUR ( '', #1576 ) ;
#1097 = VERTEX_POINT ( 'NONE', #2122 ) ;
#1098 = CARTESIAN_POINT ( 'NONE',  ( 2.474873734152915894, 2.474873734152917226, 23.62500000000000000 ) ) ;
#1099 = CARTESIAN_POINT ( 'NONE',  ( 2.474873734152916782, -2.474873734152916782, 20.12499999726880873 ) ) ;
#1100 = CARTESIAN_POINT ( 'NONE',  ( 2.857606504790286994, -2.857606504790286994, 29.68749999863440436 ) ) ;
#1101 = CARTESIAN_POINT ( 'NONE',  ( 3.500000000000000444, -1.449747468305833120, 32.18749999726880873 ) ) ;
#1102 = AXIS2_PLACEMENT_3D ( 'NONE', #2823, #2840, #519 ) ;
#1103 = DIRECTION ( 'NONE',  ( 1.000000000000000000, 0.000000000000000000, 0.000000000000000000 ) ) ;
#1104 = DIRECTION ( 'NONE',  ( -0.000000000000000000, -0.000000000000000000, 1.000000000000000000 ) ) ;
#1105 = CARTESIAN_POINT ( 'NONE',  ( -5.794812114934006608, 1.565451959552476513, 16.68328163770106443 ) ) ;
#1106 = CARTESIAN_POINT ( 'NONE',  ( 3.500000000000000000, 0.000000000000000000, 29.24999999726881228 ) ) ;
#1107 = CARTESIAN_POINT ( 'NONE',  ( -5.917103046188111115, -1.012437528270096143, 11.06283833703549213 ) ) ;
#1108 = CARTESIAN_POINT ( 'NONE',  ( 4.041265874999998786, 1.673947134580575868, 28.99999999863440436 ) ) ;
#1109 = CARTESIAN_POINT ( 'NONE',  ( 1.673947134580574092, 4.041265874999998786, 27.12499999863440436 ) ) ;
#1110 = CARTESIAN_POINT ( 'NONE',  ( -2.857606504790286550, -2.857606504790286994, 21.56249999863440436 ) ) ;
#1111 = PRODUCT_RELATED_PRODUCT_CATEGORY ( 'part', '', ( #3550 ) ) ;
#1112 = EDGE_CURVE ( 'NONE', #2149, #3021, #1252, .T. ) ;
#1113 = CARTESIAN_POINT ( 'NONE',  ( -2.474873734152916338, -2.474873734152916782, 28.87499999726881228 ) ) ;
#1114 = CARTESIAN_POINT ( 'NONE',  ( -2.857606504790286550, -2.857606504790286994, 23.43749999863440436 ) ) ;
#1115 = CARTESIAN_POINT ( 'NONE',  ( -4.041265874999999674, -4.949123318322177694E-16, 25.31249999863440792 ) ) ;
#1116 = CARTESIAN_POINT ( 'NONE',  ( 1.673947134580573648, -4.041265874999999674, 21.62499999863440436 ) ) ;
#1117 = CARTESIAN_POINT ( 'NONE',  ( 1.529190219174742497E-16, 2.100000000000000089, 6.250000000000000888 ) ) ;
#1118 = ORIENTED_EDGE ( 'NONE', *, *, #2513, .F. ) ;
#1119 = CARTESIAN_POINT ( 'NONE',  ( 1.449747468305833564, 3.500000000000000000, 22.68749999999999645 ) ) ;
#1120 =( NAMED_UNIT ( * ) SI_UNIT ( $, .STERADIAN. ) SOLID_ANGLE_UNIT ( ) );
#1121 = CARTESIAN_POINT ( 'NONE',  ( -1.449747468305832898, -3.500000000000000444, 27.93749999726881583 ) ) ;
#1122 = CARTESIAN_POINT ( 'NONE',  ( 1.449747468305833564, -3.500000000000000000, 23.06249999726880517 ) ) ;
#1123 = CARTESIAN_POINT ( 'NONE',  ( 2.143131898507868297E-16, -3.500000000000000000, 20.99999999726881228 ) ) ;
#1124 = CARTESIAN_POINT ( 'NONE',  ( 2.474873734152915894, 2.474873734152917226, 29.62500000000000000 ) ) ;
#1125 = CARTESIAN_POINT ( 'NONE',  ( -3.500000000000000000, -4.286263797015736595E-16, 31.74999999726880873 ) ) ;
#1126 = CARTESIAN_POINT ( 'NONE',  ( -4.041265874999999674, -1.673947134580573870, 28.49999999863440436 ) ) ;
#1127 = CARTESIAN_POINT ( 'NONE',  ( 4.041265874999998786, 1.673947134580575868, 20.99999999863440436 ) ) ;
#1128 = ORIENTED_EDGE ( 'NONE', *, *, #3856, .T. ) ;
#1129 = DIRECTION ( 'NONE',  ( -0.000000000000000000, -0.000000000000000000, 1.000000000000000000 ) ) ;
#1130 = CARTESIAN_POINT ( 'NONE',  ( -1.673947134580573426, -4.041265874999999674, 24.49999999863440436 ) ) ;
#1131 = CARTESIAN_POINT ( 'NONE',  ( -7.423684977483266541E-16, 4.041265874999999674, 26.06249999863440792 ) ) ;
#1132 = EDGE_CURVE ( 'NONE', #729, #2035, #553, .T. ) ;
#1133 = CARTESIAN_POINT ( 'NONE',  ( -4.041265874999999674, -1.673947134580573648, 21.37499999863440792 ) ) ;
#1134 = CARTESIAN_POINT ( 'NONE',  ( -6.429395695523603167E-16, 3.500000000000000000, 28.75000000000000000 ) ) ;
#1135 = ORIENTED_EDGE ( 'NONE', *, *, #2934, .T. ) ;
#1136 = EDGE_LOOP ( 'NONE', ( #701, #2894, #990, #2424 ) ) ;
#1137 = CARTESIAN_POINT ( 'NONE',  ( -2.474873734152916338, -2.474873734152916782, 23.12500000000000000 ) ) ;
#1138 = EDGE_CURVE ( 'NONE', #2895, #1516, #3622, .T. ) ;
#1139 = DIRECTION ( 'NONE',  ( -0.000000000000000000, -0.000000000000000000, -1.000000000000000000 ) ) ;
#1140 = CARTESIAN_POINT ( 'NONE',  ( -6.429395695523603167E-16, 3.500000000000000000, 28.49999999726881228 ) ) ;
#1141 = LINE ( 'NONE', #3837, #2945 ) ;
#1142 = CARTESIAN_POINT ( 'NONE',  ( -3.500000000000000000, -1.449747468305833564, 23.81249999726880873 ) ) ;
#1143 = CARTESIAN_POINT ( 'NONE',  ( 2.857606504790286106, 2.857606504790286994, 27.93749999863440436 ) ) ;
#1144 = CARTESIAN_POINT ( 'NONE',  ( 3.499999999999999112, 1.449747468305835341, 24.31249999726880873 ) ) ;
#1145 = CARTESIAN_POINT ( 'NONE',  ( 4.041265874999998786, 1.673947134580575868, 24.99999999863440436 ) ) ;
#1146 = CARTESIAN_POINT ( 'NONE',  ( 1.673947134580574092, 4.041265874999998786, 23.12499999863440792 ) ) ;
#1147 = LINE ( 'NONE', #2349, #3405 ) ;
#1148 = AXIS2_PLACEMENT_3D ( 'NONE', #1460, #3800, #2986 ) ;
#1149 = DIRECTION ( 'NONE',  ( -0.000000000000000000, -0.000000000000000000, 1.000000000000000000 ) ) ;
#1150 = CARTESIAN_POINT ( 'NONE',  ( 2.857606504790286994, -2.857606504790286994, 21.68749999863440436 ) ) ;
#1151 = CARTESIAN_POINT ( 'NONE',  ( -2.857606504790286994, 2.857606504790286550, 25.18749999863440792 ) ) ;
#1152 = VECTOR ( 'NONE', #1456, 1000.000000000000000 ) ;
#1153 = ORIENTED_EDGE ( 'NONE', *, *, #3201, .F. ) ;
#1154 = CARTESIAN_POINT ( 'NONE',  ( -3.500000000000001332, 1.449747468305832454, 20.68749999726881228 ) ) ;
#1155 = ORIENTED_EDGE ( 'NONE', *, *, #1181, .T. ) ;
#1156 = CARTESIAN_POINT ( 'NONE',  ( -3.500000000000000444, -1.449747468305833342, 19.06250000000000000 ) ) ;
#1157 = CARTESIAN_POINT ( 'NONE',  ( -6.429395695523603167E-16, 3.500000000000000000, 20.74999999999999645 ) ) ;
#1158 = CARTESIAN_POINT ( 'NONE',  ( 3.499999999999999556, 1.449747468305835341, 28.31249999726880873 ) ) ;
#1159 = EDGE_CURVE ( 'NONE', #282, #428, #1998, .T. ) ;
#1160 = CARTESIAN_POINT ( 'NONE',  ( 1.449747468305833786, 3.499999999999999556, 24.68750000000000355 ) ) ;
#1161 = CARTESIAN_POINT ( 'NONE',  ( -3.500000000000000000, -1.449747468305833564, 30.81249999726880873 ) ) ;
#1162 = EDGE_LOOP ( 'NONE', ( #3536, #3063, #3438, #54 ) ) ;
#1163 = CARTESIAN_POINT ( 'NONE',  ( -4.041265874999999674, -4.949123318322177694E-16, 19.40624999863440436 ) ) ;
#1164 = CARTESIAN_POINT ( 'NONE',  ( -7.423684977483266541E-16, 4.041265874999999674, 23.18749999863440436 ) ) ;
#1165 = CARTESIAN_POINT ( 'NONE',  ( 2.857606504790286994, -2.857606504790286994, 21.81249999863440436 ) ) ;
#1166 = VERTEX_POINT ( 'NONE', #3574 ) ;
#1167 = DIRECTION ( 'NONE',  ( 1.000000000000000000, -0.000000000000000000, -0.000000000000000000 ) ) ;
#1168 = CARTESIAN_POINT ( 'NONE',  ( -1.673947134580573426, -4.041265874999999674, 19.49999999863440436 ) ) ;
#1169 = CARTESIAN_POINT ( 'NONE',  ( -7.423684977483266541E-16, 4.041265874999999674, 22.06249999863440436 ) ) ;
#1170 = CARTESIAN_POINT ( 'NONE',  ( 4.041265874999999674, 0.000000000000000000, 23.81249999863440436 ) ) ;
#1171 = CARTESIAN_POINT ( 'NONE',  ( 1.449747468305833786, 3.499999999999999556, 27.43749999726880873 ) ) ;
#1172 = ORIENTED_EDGE ( 'NONE', *, *, #966, .T. ) ;
#1173 = ORIENTED_EDGE ( 'NONE', *, *, #2727, .F. ) ;
#1174 = CARTESIAN_POINT ( 'NONE',  ( 2.474873734152915894, 2.474873734152917226, 19.62500000000000000 ) ) ;
#1175 = CARTESIAN_POINT ( 'NONE',  ( 2.143131898507868297E-16, -3.500000000000000000, 24.99999999726881228 ) ) ;
#1176 = CARTESIAN_POINT ( 'NONE',  ( 6.000000000000000888, 7.347880794884120722E-16, 0.5000000000000004441 ) ) ;
#1177 = CARTESIAN_POINT ( 'NONE',  ( 0.000000000000000000, 0.000000000000000000, 32.24999999726880873 ) ) ;
#1178 = CARTESIAN_POINT ( 'NONE',  ( 2.474561659161088847E-16, -4.041265874999999674, 24.68749999863440436 ) ) ;
#1179 = DIRECTION ( 'NONE',  ( 1.000000000000000000, 0.000000000000000000, 0.000000000000000000 ) ) ;
#1180 = CARTESIAN_POINT ( 'NONE',  ( 2.857606504790286106, 2.857606504790286994, 24.06249999863440436 ) ) ;
#1181 = EDGE_CURVE ( 'NONE', #3057, #3323, #2509, .T. ) ;
#1182 =( BOUNDED_CURVE ( )  B_SPLINE_CURVE ( 2, ( #1222, #971, #1487, #2409, #3629, #3328, #2678, #1550, #636 ),
 .UNSPECIFIED., .F., .F. ) 
 B_SPLINE_CURVE_WITH_KNOTS ( ( 3, 2, 2, 2, 3 ),
 ( 0.8846153846153845812, 0.8942307692307692735, 0.9038461538461538547, 0.9134615384615384359, 0.9230769230769231282 ),
 .UNSPECIFIED. ) 
 CURVE ( )  GEOMETRIC_REPRESENTATION_ITEM ( )  RATIONAL_B_SPLINE_CURVE ( ( 1.000000000000000000, 0.9238795325112867385, 1.000000000000000000, 0.9238795325112867385, 1.000000000000000000, 0.9238795325112867385, 1.000000000000000000, 0.9238795325112867385, 1.000000000000000000 ) ) 
 REPRESENTATION_ITEM ( '' )  );
#1183 = LINE ( 'NONE', #2741, #2512 ) ;
#1184 = ORIENTED_EDGE ( 'NONE', *, *, #3178, .F. ) ;
#1185 = DIRECTION ( 'NONE',  ( -0.000000000000000000, -0.000000000000000000, -1.000000000000000000 ) ) ;
#1186 = CARTESIAN_POINT ( 'NONE',  ( 0.000000000000000000, 0.000000000000000000, 19.00000000000000355 ) ) ;
#1187 = CARTESIAN_POINT ( 'NONE',  ( 2.857606504790286106, 2.857606504790286994, 21.93749999863440436 ) ) ;
#1188 = CARTESIAN_POINT ( 'NONE',  ( 4.041265874999998786, 1.673947134580575868, 19.87499999863441147 ) ) ;
#1189 = CARTESIAN_POINT ( 'NONE',  ( 0.7715236709059931641, 1.957144258141034321, 4.003466625489979336 ) ) ;
#1190 = VERTEX_POINT ( 'NONE', #62 ) ;
#1191 = CARTESIAN_POINT ( 'NONE',  ( 3.500000000000000444, -1.449747468305833120, 19.43750000000000000 ) ) ;
#1192 = CARTESIAN_POINT ( 'NONE',  ( 1.449747468305833564, -3.500000000000000000, 24.31250000000000000 ) ) ;
#1193 = CARTESIAN_POINT ( 'NONE',  ( -2.474873734152916338, -2.474873734152916782, 27.87499999726880873 ) ) ;
#1194 = FACE_OUTER_BOUND ( 'NONE', #3861, .T. ) ;
#1195 = CARTESIAN_POINT ( 'NONE',  ( 3.500000000000000000, 0.000000000000000000, 23.24999999726880873 ) ) ;
#1196 = CARTESIAN_POINT ( 'NONE',  ( 4.041265874999999674, -1.673947134580573648, 25.87499999863441147 ) ) ;
#1197 = ORIENTED_EDGE ( 'NONE', *, *, #2627, .F. ) ;
#1198 = CARTESIAN_POINT ( 'NONE',  ( 0.000000000000000000, 0.000000000000000000, 19.00000000000000355 ) ) ;
#1199 = CARTESIAN_POINT ( 'NONE',  ( 3.499999999999999112, 1.449747468305835341, 31.31249999726881228 ) ) ;
#1200 = CARTESIAN_POINT ( 'NONE',  ( -2.857606504790286994, 2.857606504790286550, 21.31249999863440436 ) ) ;
#1201 = CARTESIAN_POINT ( 'NONE',  ( -3.500000000000000000, -4.286263797015736595E-16, 19.74999999726880873 ) ) ;
#1202 = CARTESIAN_POINT ( 'NONE',  ( -6.429395695523603167E-16, 3.500000000000000000, 29.75000000000000000 ) ) ;
#1203 = ORIENTED_EDGE ( 'NONE', *, *, #3571, .F. ) ;
#1204 = DIRECTION ( 'NONE',  ( 0.000000000000000000, 0.000000000000000000, 1.000000000000000000 ) ) ;
#1205 = CARTESIAN_POINT ( 'NONE',  ( -3.500000000000000000, 4.286263797015736595E-16, 19.00000000000000355 ) ) ;
#1206 = CARTESIAN_POINT ( 'NONE',  ( -1.673947134580575424, 4.041265874999998786, 24.12499999863441147 ) ) ;
#1207 = DIRECTION ( 'NONE',  ( -0.000000000000000000, 0.000000000000000000, 1.000000000000000000 ) ) ;
#1208 = CARTESIAN_POINT ( 'NONE',  ( 4.041265874999999674, 0.000000000000000000, 31.93749999863440436 ) ) ;
#1209 = VERTEX_POINT ( 'NONE', #81 ) ;
#1210 = AXIS2_PLACEMENT_3D ( 'NONE', #1186, #2073, #3267 ) ;
#1211 = ORIENTED_EDGE ( 'NONE', *, *, #154, .T. ) ;
#1212 = CARTESIAN_POINT ( 'NONE',  ( 1.673947134580573870, -4.041265874999999674, 30.62499999863440436 ) ) ;
#1213 = CIRCLE ( 'NONE', #1836, 3.500000000000000000 ) ;
#1214 = CARTESIAN_POINT ( 'NONE',  ( 3.500000000000000444, -1.449747468305833120, 22.18749999726880517 ) ) ;
#1215 = CARTESIAN_POINT ( 'NONE',  ( -6.429395695523603167E-16, 3.500000000000000000, 29.75000000000000000 ) ) ;
#1216 = CARTESIAN_POINT ( 'NONE',  ( 2.857606504790286994, -2.857606504790286994, 28.68749999863440436 ) ) ;
#1217 = CARTESIAN_POINT ( 'NONE',  ( 3.500000000000000000, -1.449747468305833120, 26.18749999726880873 ) ) ;
#1218 = CARTESIAN_POINT ( 'NONE',  ( -2.857606504790286550, -2.857606504790286994, 26.56249999863440436 ) ) ;
#1219 = ORIENTED_EDGE ( 'NONE', *, *, #2225, .F. ) ;
#1220 = CARTESIAN_POINT ( 'NONE',  ( 1.217283505800180077, 5.875572544199750169, 5.328199954778642500 ) ) ;
#1221 = CARTESIAN_POINT ( 'NONE',  ( 4.041265874999999674, 0.000000000000000000, 24.93749999863440792 ) ) ;
#1222 = CARTESIAN_POINT ( 'NONE',  ( -3.500000000000000000, -4.286263797015736595E-16, 20.00000000000000000 ) ) ;
#1223 = CARTESIAN_POINT ( 'NONE',  ( -2.474873734152916338, -2.474873734152916782, 22.12500000000000000 ) ) ;
#1224 = CARTESIAN_POINT ( 'NONE',  ( -2.857606504790286550, -2.857606504790286994, 20.43749999863440436 ) ) ;
#1225 = CARTESIAN_POINT ( 'NONE',  ( 1.673947134580574092, 4.041265874999998786, 23.99999999863440436 ) ) ;
#1226 = CARTESIAN_POINT ( 'NONE',  ( 2.857606504790286994, -2.857606504790286994, 31.81249999863440436 ) ) ;
#1227 = CARTESIAN_POINT ( 'NONE',  ( 1.673947134580573648, -4.041265874999999674, 28.74999999863440436 ) ) ;
#1228 = EDGE_CURVE ( 'NONE', #1166, #3687, #3656, .T. ) ;
#1229 = VERTEX_POINT ( 'NONE', #2113 ) ;
#1230 = CARTESIAN_POINT ( 'NONE',  ( -1.449747468305834674, 3.499999999999999556, 19.81250000000000000 ) ) ;
#1231 = CARTESIAN_POINT ( 'NONE',  ( -2.474873734152916338, -2.474873734152916782, 23.87499999726880873 ) ) ;
#1232 = EDGE_CURVE ( 'NONE', #236, #1209, #2134, .T. ) ;
#1233 = CARTESIAN_POINT ( 'NONE',  ( 2.143131898507868297E-16, -3.500000000000000000, 28.25000000000000000 ) ) ;
#1234 = CARTESIAN_POINT ( 'NONE',  ( -1.449747468305834897, 3.499999999999999112, 22.81250000000000000 ) ) ;
#1235 = CARTESIAN_POINT ( 'NONE',  ( -4.041265874999999674, -4.949123318322177694E-16, 30.31249999863440436 ) ) ;
#1236 = CARTESIAN_POINT ( 'NONE',  ( 3.499999999999999112, 1.449747468305835341, 21.31249999726880873 ) ) ;
#1237 = CARTESIAN_POINT ( 'NONE',  ( 4.041265874999999674, -1.673947134580573648, 22.87499999863441147 ) ) ;
#1238 = ORIENTED_EDGE ( 'NONE', *, *, #531, .T. ) ;
#1239 = CARTESIAN_POINT ( 'NONE',  ( -2.500000000000002220, 0.000000000000000000, 35.00000000000000000 ) ) ;
#1240 = CARTESIAN_POINT ( 'NONE',  ( 3.500000000000000000, 0.000000000000000000, 20.50000000000000000 ) ) ;
#1241 = FACE_OUTER_BOUND ( 'NONE', #2935, .T. ) ;
#1242 = CARTESIAN_POINT ( 'NONE',  ( -3.500000000000000000, -4.286263797015736595E-16, 25.74999999726881228 ) ) ;
#1243 = DIRECTION ( 'NONE',  ( 1.000000000000000000, 0.000000000000000000, 0.000000000000000000 ) ) ;
#1244 = CARTESIAN_POINT ( 'NONE',  ( 4.041265874999999674, -1.673947134580573648, 31.87499999863440436 ) ) ;
#1245 = CARTESIAN_POINT ( 'NONE',  ( -6.429395695523603167E-16, 3.500000000000000000, 26.75000000000000000 ) ) ;
#1246 = CARTESIAN_POINT ( 'NONE',  ( 2.474561659161088847E-16, -4.041265874999999674, 29.68749999863440436 ) ) ;
#1247 = ORIENTED_EDGE ( 'NONE', *, *, #3417, .F. ) ;
#1248 = EDGE_CURVE ( 'NONE', #2353, #3064, #976, .T. ) ;
#1249 = CARTESIAN_POINT ( 'NONE',  ( 2.857606504790286106, 2.857606504790286994, 25.93749999863440792 ) ) ;
#1250 = CARTESIAN_POINT ( 'NONE',  ( 1.449747468305833564, 3.500000000000000000, 24.43749999726881228 ) ) ;
#1251 = DIRECTION ( 'NONE',  ( 0.000000000000000000, 0.000000000000000000, 1.000000000000000000 ) ) ;
#1252 = LINE ( 'NONE', #1291, #1944 ) ;
#1253 = CARTESIAN_POINT ( 'NONE',  ( -4.041265875000001451, 1.673947134580572538, 30.24999999863440436 ) ) ;
#1254 = CARTESIAN_POINT ( 'NONE',  ( -3.500000000000000000, -4.286263797015736595E-16, 27.74999999726880873 ) ) ;
#1255 = CARTESIAN_POINT ( 'NONE',  ( -1.673947134580573204, -4.041265874999999674, 30.49999999863440081 ) ) ;
#1256 = CARTESIAN_POINT ( 'NONE',  ( -4.041265875000001451, 1.673947134580572538, 21.37499999863440792 ) ) ;
#1257 = VERTEX_POINT ( 'NONE', #305 ) ;
#1258 = DIRECTION ( 'NONE',  ( 0.000000000000000000, 0.000000000000000000, -1.000000000000000000 ) ) ;
#1259 = CARTESIAN_POINT ( 'NONE',  ( -2.474873734152916338, -2.474873734152916782, 20.12500000000000000 ) ) ;
#1260 = CARTESIAN_POINT ( 'NONE',  ( 2.474873734152916782, -2.474873734152916782, 23.37500000000000000 ) ) ;
#1261 = CARTESIAN_POINT ( 'NONE',  ( -1.449747468305834897, 3.499999999999999112, 25.56249999726881228 ) ) ;
#1262 = CARTESIAN_POINT ( 'NONE',  ( 3.500000000000000000, 0.000000000000000000, 25.50000000000000355 ) ) ;
#1263 =( BOUNDED_CURVE ( )  B_SPLINE_CURVE ( 2, ( #1005, #3700, #1602, #3686, #1587, #2783, #2192, #2797, #3347 ),
 .UNSPECIFIED., .F., .F. ) 
 B_SPLINE_CURVE_WITH_KNOTS ( ( 3, 2, 2, 2, 3 ),
 ( 0.7692307692307692735, 0.7788461538461538547, 0.7884615384615384359, 0.7980769230769231282, 0.8076923076923077094 ),
 .UNSPECIFIED. ) 
 CURVE ( )  GEOMETRIC_REPRESENTATION_ITEM ( )  RATIONAL_B_SPLINE_CURVE ( ( 1.000000000000000000, 0.9238795325112867385, 1.000000000000000000, 0.9238795325112867385, 1.000000000000000000, 0.9238795325112867385, 1.000000000000000000, 0.9238795325112867385, 1.000000000000000000 ) ) 
 REPRESENTATION_ITEM ( '' )  );
#1264 = CARTESIAN_POINT ( 'NONE',  ( -6.429395695523603167E-16, 3.500000000000000000, 21.75000000000000000 ) ) ;
#1265 = CARTESIAN_POINT ( 'NONE',  ( 2.857606504790286106, 2.857606504790286994, 31.06249999863440436 ) ) ;
#1266 = CARTESIAN_POINT ( 'NONE',  ( -2.857606504790286550, -2.857606504790286994, 20.43749999863440436 ) ) ;
#1267 = CARTESIAN_POINT ( 'NONE',  ( -2.857606504790286994, 2.857606504790286550, 30.31249999863440436 ) ) ;
#1268 = ORIENTED_EDGE ( 'NONE', *, *, #3298, .F. ) ;
#1269 = CARTESIAN_POINT ( 'NONE',  ( -4.041265874999999674, -1.673947134580573648, 25.37499999863441147 ) ) ;
#1270 = CARTESIAN_POINT ( 'NONE',  ( 1.673947134580574092, 4.041265874999998786, 26.99999999863440436 ) ) ;
#1271 = CARTESIAN_POINT ( 'NONE',  ( -3.500000000000000444, -1.449747468305833342, 22.81249999726880873 ) ) ;
#1272 = AXIS2_PLACEMENT_3D ( 'NONE', #1877, #696, #1569 ) ;
#1273 = VECTOR ( 'NONE', #2083, 1000.000000000000000 ) ;
#1274 = CARTESIAN_POINT ( 'NONE',  ( 3.500000000000000444, -1.449747468305833120, 27.43750000000000711 ) ) ;
#1275 = CARTESIAN_POINT ( 'NONE',  ( 4.041265874999998786, 1.673947134580575868, 30.87499999863440436 ) ) ;
#1276 = CARTESIAN_POINT ( 'NONE',  ( 3.500000000000000000, -1.449747468305833120, 27.43750000000000355 ) ) ;
#1277 = CARTESIAN_POINT ( 'NONE',  ( -4.041265874999999674, -1.673947134580573870, 21.49999999863440436 ) ) ;
#1278 = EDGE_CURVE ( 'NONE', #1593, #1097, #957, .T. ) ;
#1279 = ORIENTED_EDGE ( 'NONE', *, *, #584, .F. ) ;
#1280 = CARTESIAN_POINT ( 'NONE',  ( 0.3282665342002866748, 5.992915249958480572, 6.217079017640590344 ) ) ;
#1281 = CARTESIAN_POINT ( 'NONE',  ( 2.857606504790286994, -2.857606504790286994, 20.81249999863440436 ) ) ;
#1282 = FACE_OUTER_BOUND ( 'NONE', #382, .T. ) ;
#1283 = CARTESIAN_POINT ( 'NONE',  ( 1.216189528961316046, 3.085974902334734704, 13.66852322225835792 ) ) ;
#1284 = CARTESIAN_POINT ( 'NONE',  ( 2.474561659161088847E-16, -4.041265874999999674, 31.68749999863440436 ) ) ;
#1285 = CARTESIAN_POINT ( 'NONE',  ( -7.423684977483266541E-16, 4.041265874999999674, 30.18749999863440436 ) ) ;
#1286 = CARTESIAN_POINT ( 'NONE',  ( 2.857606504790286994, -2.857606504790286994, 31.81249999863440436 ) ) ;
#1287 = CARTESIAN_POINT ( 'NONE',  ( -1.673947134580575424, 4.041265874999998786, 26.12499999863441147 ) ) ;
#1288 = CARTESIAN_POINT ( 'NONE',  ( 1.673947134580573870, -4.041265874999999674, 28.62499999863440436 ) ) ;
#1289 = CARTESIAN_POINT ( 'NONE',  ( 2.143131898507868297E-16, -3.500000000000000000, 20.99999999726881228 ) ) ;
#1290 = CARTESIAN_POINT ( 'NONE',  ( -3.500000000000000444, -1.449747468305833342, 24.06250000000000000 ) ) ;
#1291 = CARTESIAN_POINT ( 'NONE',  ( 3.500000000000000000, 0.000000000000000000, 19.00000000000000355 ) ) ;
#1292 = CARTESIAN_POINT ( 'NONE',  ( -3.500000000000000000, -1.449747468305833564, 22.81249999726880873 ) ) ;
#1293 = CARTESIAN_POINT ( 'NONE',  ( -0.9977091072959859419, 1.852003678455065305, 4.230330349473744533 ) ) ;
#1294 = CARTESIAN_POINT ( 'NONE',  ( -2.857606504790286994, 2.857606504790286550, 21.31249999863440436 ) ) ;
#1295 = ORIENTED_EDGE ( 'NONE', *, *, #3672, .T. ) ;
#1296 = CARTESIAN_POINT ( 'NONE',  ( 3.500000000000000000, 0.000000000000000000, 27.24999999726880873 ) ) ;
#1297 = ADVANCED_FACE ( 'NONE', ( #41 ), #934, .T. ) ;
#1298 = CARTESIAN_POINT ( 'NONE',  ( -4.041265874999999674, -1.673947134580573870, 19.49999999863440436 ) ) ;
#1299 = CARTESIAN_POINT ( 'NONE',  ( -1.482709772347050549E-16, 6.000000000000000888, 3.749999999999999112 ) ) ;
#1300 = CARTESIAN_POINT ( 'NONE',  ( 4.041265874999999674, 0.000000000000000000, 30.93749999863440436 ) ) ;
#1301 = CARTESIAN_POINT ( 'NONE',  ( -4.041265874999999674, -1.673947134580573870, 29.49999999863440436 ) ) ;
#1302 = CARTESIAN_POINT ( 'NONE',  ( -4.041265874999999674, -1.673947134580573648, 26.49999999863440436 ) ) ;
#1303 = ORIENTED_EDGE ( 'NONE', *, *, #1603, .F. ) ;
#1304 = CARTESIAN_POINT ( 'NONE',  ( -1.673947134580575424, 4.041265874999998786, 28.12499999863440436 ) ) ;
#1305 =( NAMED_UNIT ( * ) SI_UNIT ( $, .STERADIAN. ) SOLID_ANGLE_UNIT ( ) );
#1306 = CARTESIAN_POINT ( 'NONE',  ( 1.449747468305833564, 3.500000000000000000, 25.68750000000000355 ) ) ;
#1307 = CARTESIAN_POINT ( 'NONE',  ( 4.041265874999999674, 0.000000000000000000, 27.81249999863440436 ) ) ;
#1308 = CARTESIAN_POINT ( 'NONE',  ( -3.500000000000001332, 1.449747468305832454, 26.68749999726880873 ) ) ;
#1309 = CARTESIAN_POINT ( 'NONE',  ( 4.041265874999999674, -1.673947134580573648, 20.87499999863441147 ) ) ;
#1310 = ORIENTED_EDGE ( 'NONE', *, *, #2822, .F. ) ;
#1311 = CARTESIAN_POINT ( 'NONE',  ( -7.071417364016626228E-16, 6.000000000000000888, 12.74999999999999822 ) ) ;
#1312 = CARTESIAN_POINT ( 'NONE',  ( 2.857606504790286994, -2.857606504790286994, 26.68749999863440436 ) ) ;
#1313 = CARTESIAN_POINT ( 'NONE',  ( -3.500000000000000000, -4.286263797015736595E-16, 24.00000000000000000 ) ) ;
#1314 = EDGE_LOOP ( 'NONE', ( #204, #518, #2794, #2717 ) ) ;
#1315 = CARTESIAN_POINT ( 'NONE',  ( 1.449747468305833564, -3.500000000000000000, 22.06249999726880873 ) ) ;
#1316 = DIRECTION ( 'NONE',  ( -0.000000000000000000, -0.000000000000000000, 1.000000000000000000 ) ) ;
#1317 = CARTESIAN_POINT ( 'NONE',  ( 2.474561659161088847E-16, -4.041265874999999674, 19.56249999863440436 ) ) ;
#1318 = CARTESIAN_POINT ( 'NONE',  ( -2.857606504790286994, 2.857606504790286550, 30.31249999863440436 ) ) ;
#1319 = CARTESIAN_POINT ( 'NONE',  ( 4.041265874999999674, 0.000000000000000000, 26.93749999863440436 ) ) ;
#1320 = ADVANCED_FACE ( 'NONE', ( #195 ), #3413, .T. ) ;
#1321 = ORIENTED_EDGE ( 'NONE', *, *, #3756, .F. ) ;
#1322 = CARTESIAN_POINT ( 'NONE',  ( -4.041265874999999674, -1.673947134580573870, 26.37499999863440436 ) ) ;
#1323 = FACE_OUTER_BOUND ( 'NONE', #3659, .T. ) ;
#1324 = CARTESIAN_POINT ( 'NONE',  ( -2.474873734152917226, 2.474873734152916338, 26.87500000000000000 ) ) ;
#1325 =( BOUNDED_CURVE ( )  B_SPLINE_CURVE ( 2, ( #1681, #2578, #3098, #441, #768, #474, #3406, #1605, #3115 ),
 .UNSPECIFIED., .F., .F. ) 
 B_SPLINE_CURVE_WITH_KNOTS ( ( 3, 2, 2, 2, 3 ),
 ( 0.1153846153846153910, 0.1250000000000000000, 0.1346153846153846090, 0.1442307692307692180, 0.1538461538461538547 ),
 .UNSPECIFIED. ) 
 CURVE ( )  GEOMETRIC_REPRESENTATION_ITEM ( )  RATIONAL_B_SPLINE_CURVE ( ( 1.000000000000000000, 0.9238795325112867385, 1.000000000000000000, 0.9238795325112867385, 1.000000000000000000, 0.9238795325112867385, 1.000000000000000000, 0.9238795325112867385, 1.000000000000000000 ) ) 
 REPRESENTATION_ITEM ( '' )  );
#1326 = CARTESIAN_POINT ( 'NONE',  ( -1.449747468305832898, -3.500000000000000000, 19.93749999726880873 ) ) ;
#1327 = CARTESIAN_POINT ( 'NONE',  ( -3.500000000000001332, 1.449747468305832010, 30.68749999726881583 ) ) ;
#1328 = VECTOR ( 'NONE', #1485, 1000.000000000000114 ) ;
#1329 = CARTESIAN_POINT ( 'NONE',  ( -0.6323141787866436436, 2.902607874067269833, 15.09063191864153985 ) ) ;
#1330 = CARTESIAN_POINT ( 'NONE',  ( -3.500000000000000000, 4.286263797015736595E-16, 19.00000000000000355 ) ) ;
#1331 = CIRCLE ( 'NONE', #218, 2.100000000000000089 ) ;
#1332 = ORIENTED_EDGE ( 'NONE', *, *, #203, .T. ) ;
#1333 = CARTESIAN_POINT ( 'NONE',  ( -2.474873734152916338, -2.474873734152916782, 24.87499999726881228 ) ) ;
#1334 = CARTESIAN_POINT ( 'NONE',  ( -5.794395711216222544, -1.566855740395197927, 11.31764366213339379 ) ) ;
#1335 = CARTESIAN_POINT ( 'NONE',  ( -1.673947134580575424, 4.041265874999998786, 28.24999999863440436 ) ) ;
#1336 = CARTESIAN_POINT ( 'NONE',  ( 4.041265874999999674, -1.673947134580573648, 30.87499999863440436 ) ) ;
#1337 = CARTESIAN_POINT ( 'NONE',  ( -4.041265875000000563, 1.673947134580572538, 26.37499999863441147 ) ) ;
#1338 = ORIENTED_EDGE ( 'NONE', *, *, #2225, .T. ) ;
#1339 = DIRECTION ( 'NONE',  ( 1.000000000000000000, 0.000000000000000000, 0.000000000000000000 ) ) ;
#1340 = CARTESIAN_POINT ( 'NONE',  ( 4.041265874999999674, -1.673947134580573648, 23.74999999863440436 ) ) ;
#1341 = EDGE_CURVE ( 'NONE', #421, #2951, #1376, .T. ) ;
#1342 = CARTESIAN_POINT ( 'NONE',  ( 3.500000000000000444, -1.449747468305833120, 20.18749999726880873 ) ) ;
#1343 = CARTESIAN_POINT ( 'NONE',  ( -2.474873734152917226, 2.474873734152916338, 27.87500000000000000 ) ) ;
#1344 = ADVANCED_FACE ( 'NONE', ( #743 ), #2242, .T. ) ;
#1345 = CARTESIAN_POINT ( 'NONE',  ( 0.000000000000000000, 0.000000000000000000, 32.24999999726880873 ) ) ;
#1346 = CARTESIAN_POINT ( 'NONE',  ( -4.041265874999999674, -4.949123318322177694E-16, 19.43749999863440436 ) ) ;
#1347 =( BOUNDED_CURVE ( )  B_SPLINE_CURVE ( 2, ( #3404, #1914, #766, #1702, #1041, #3758, #1955, #2234, #2888 ),
 .UNSPECIFIED., .F., .F. ) 
 B_SPLINE_CURVE_WITH_KNOTS ( ( 3, 2, 2, 2, 3 ),
 ( 0.3846153846153846367, 0.3942307692307692180, 0.4038461538461538547, 0.4134615384615384359, 0.4230769230769230727 ),
 .UNSPECIFIED. ) 
 CURVE ( )  GEOMETRIC_REPRESENTATION_ITEM ( )  RATIONAL_B_SPLINE_CURVE ( ( 1.000000000000000000, 0.9238795325112867385, 1.000000000000000000, 0.9238795325112867385, 1.000000000000000000, 0.9238795325112867385, 1.000000000000000000, 0.9238795325112867385, 1.000000000000000000 ) ) 
 REPRESENTATION_ITEM ( '' )  );
#1348 = CARTESIAN_POINT ( 'NONE',  ( 0.000000000000000000, 6.000000000000000888, 14.00000000000000000 ) ) ;
#1349 = CARTESIAN_POINT ( 'NONE',  ( 3.499999999999999112, 1.449747468305835341, 27.56250000000000000 ) ) ;
#1350 = ORIENTED_EDGE ( 'NONE', *, *, #1630, .T. ) ;
#1351 = CYLINDRICAL_SURFACE ( 'NONE', #1946, 2.100000000000000089 ) ;
#1352 = FACE_OUTER_BOUND ( 'NONE', #1020, .T. ) ;
#1353 = CARTESIAN_POINT ( 'NONE',  ( -5.693684122649933066, -1.900528746340949704, 16.45725023469204373 ) ) ;
#1354 = CARTESIAN_POINT ( 'NONE',  ( -4.041265874999999674, -1.673947134580573870, 27.49999999863440436 ) ) ;
#1355 = CARTESIAN_POINT ( 'NONE',  ( 1.673947134580574092, 4.041265874999998786, 28.12499999863440436 ) ) ;
#1356 = CARTESIAN_POINT ( 'NONE',  ( 2.857606504790286106, 2.857606504790286994, 25.06249999863440792 ) ) ;
#1357 = CARTESIAN_POINT ( 'NONE',  ( 4.041265874999999674, 0.000000000000000000, 24.81249999863440436 ) ) ;
#1358 =( LENGTH_UNIT ( ) NAMED_UNIT ( * ) SI_UNIT ( .MILLI., .METRE. ) );
#1359 = ADVANCED_FACE ( 'NONE', ( #1323 ), #3430, .T. ) ;
#1360 = CARTESIAN_POINT ( 'NONE',  ( -1.449747468305834674, 3.499999999999999556, 22.81250000000000000 ) ) ;
#1361 = CARTESIAN_POINT ( 'NONE',  ( 2.474873734152915894, 2.474873734152917226, 30.62500000000000000 ) ) ;
#1362 = CARTESIAN_POINT ( 'NONE',  ( -3.500000000000000000, -4.286263797015736595E-16, 31.74999999726880873 ) ) ;
#1363 = CARTESIAN_POINT ( 'NONE',  ( -1.673947134580573204, -4.041265874999999674, 28.49999999863440436 ) ) ;
#1364 = CARTESIAN_POINT ( 'NONE',  ( -1.482709772347050549E-16, 6.000000000000000888, 3.749999999999999112 ) ) ;
#1365 = CARTESIAN_POINT ( 'NONE',  ( 0.000000000000000000, 0.000000000000000000, 19.00000000000000355 ) ) ;
#1366 = ORIENTED_EDGE ( 'NONE', *, *, #1504, .F. ) ;
#1367 = FACE_BOUND ( 'NONE', #1483, .T. ) ;
#1368 = CARTESIAN_POINT ( 'NONE',  ( -5.916495409047759502, -1.015507678686289550, 16.93591700870164374 ) ) ;
#1369 = CARTESIAN_POINT ( 'NONE',  ( 2.474561659161088847E-16, -4.041265874999999674, 25.68749999863440792 ) ) ;
#1370 = CARTESIAN_POINT ( 'NONE',  ( 4.041265874999998786, 1.673947134580575868, 24.99999999863440436 ) ) ;
#1371 = CARTESIAN_POINT ( 'NONE',  ( -4.041265874999999674, -4.949123318322177694E-16, 25.43749999863440792 ) ) ;
#1372 = DIRECTION ( 'NONE',  ( -0.000000000000000000, 0.000000000000000000, 1.000000000000000000 ) ) ;
#1373 = CARTESIAN_POINT ( 'NONE',  ( -1.673947134580575424, 4.041265874999998786, 24.12499999863441147 ) ) ;
#1374 = CARTESIAN_POINT ( 'NONE',  ( -7.423684977483266541E-16, 4.041265874999999674, 28.06249999863440436 ) ) ;
#1375 = CARTESIAN_POINT ( 'NONE',  ( -1.673947134580573204, -4.041265874999999674, 22.49999999863440081 ) ) ;
#1376 = LINE ( 'NONE', #2530, #3387 ) ;
#1377 = EDGE_LOOP ( 'NONE', ( #866, #297 ) ) ;
#1378 = CARTESIAN_POINT ( 'NONE',  ( 1.449747468305833564, 3.500000000000000000, 21.68749999999999645 ) ) ;
#1379 = DIRECTION ( 'NONE',  ( -0.000000000000000000, -0.000000000000000000, 1.000000000000000000 ) ) ;
#1380 = CARTESIAN_POINT ( 'NONE',  ( 4.041265874999999674, -1.673947134580573426, 29.74999999863440436 ) ) ;
#1381 = CARTESIAN_POINT ( 'NONE',  ( 1.449747468305833342, -3.500000000000000444, 30.06249999726880873 ) ) ;
#1382 = AXIS2_PLACEMENT_3D ( 'NONE', #3207, #1757, #2047 ) ;
#1383 = CARTESIAN_POINT ( 'NONE',  ( -0.3293484099497609452, 2.851926951934522947, 12.78295890884884578 ) ) ;
#1384 = CARTESIAN_POINT ( 'NONE',  ( 1.449747468305833564, -3.500000000000000000, 21.06249999726881228 ) ) ;
#1385 = EDGE_CURVE ( 'NONE', #3403, #1473, #1612, .T. ) ;
#1386 = CARTESIAN_POINT ( 'NONE',  ( 0.000000000000000000, 0.000000000000000000, 19.00000000000000355 ) ) ;
#1387 = CYLINDRICAL_SURFACE ( 'NONE', #3516, 1.250000000000002887 ) ;
#1388 = VECTOR ( 'NONE', #3643, 1000.000000000000000 ) ;
#1389 = CARTESIAN_POINT ( 'NONE',  ( -5.694252425798467243, -1.898828028194914808, 11.54143851940937715 ) ) ;
#1390 = CARTESIAN_POINT ( 'NONE',  ( -4.041265874999999674, -4.949123318322177694E-16, 28.43749999863440436 ) ) ;
#1391 = CARTESIAN_POINT ( 'NONE',  ( 2.857606504790286994, -2.857606504790286994, 24.81249999863440436 ) ) ;
#1392 = CARTESIAN_POINT ( 'NONE',  ( -4.041265875000000563, 1.673947134580572538, 21.37499999863440792 ) ) ;
#1393 = CARTESIAN_POINT ( 'NONE',  ( 2.000000000000000000, 3.796405077356795411E-16, 10.90000000000000036 ) ) ;
#1394 = CARTESIAN_POINT ( 'NONE',  ( -7.423684977483266541E-16, 4.041265874999999674, 21.06249999863440436 ) ) ;
#1395 = MANIFOLD_SOLID_BREP ( 'µ¹½Ç1', #572 ) ;
#1396 = CARTESIAN_POINT ( 'NONE',  ( 1.673947134580573870, -4.041265874999999674, 24.62499999863441147 ) ) ;
#1397 = CARTESIAN_POINT ( 'NONE',  ( 2.857606504790286994, -2.857606504790286994, 21.68749999863440436 ) ) ;
#1398 = CARTESIAN_POINT ( 'NONE',  ( 3.500000000000000000, 0.000000000000000000, 20.24999999726880873 ) ) ;
#1399 = VERTEX_POINT ( 'NONE', #483 ) ;
#1400 = CIRCLE ( 'NONE', #40, 6.000000000000000888 ) ;
#1401 = CARTESIAN_POINT ( 'NONE',  ( 3.499999999999999556, 1.449747468305835341, 22.56250000000000000 ) ) ;
#1402 = CARTESIAN_POINT ( 'NONE',  ( -3.500000000000000000, -4.286263797015736595E-16, 24.00000000000000000 ) ) ;
#1403 = CARTESIAN_POINT ( 'NONE',  ( 1.449747468305833342, -3.500000000000000444, 32.06249999726880873 ) ) ;
#1404 = CARTESIAN_POINT ( 'NONE',  ( -1.673947134580575424, 4.041265874999998786, 29.12499999863440792 ) ) ;
#1405 = CARTESIAN_POINT ( 'NONE',  ( -3.500000000000001332, 1.449747468305832454, 24.93750000000000355 ) ) ;
#1406 = CARTESIAN_POINT ( 'NONE',  ( 2.474873734152916782, -2.474873734152916782, 28.12499999726880873 ) ) ;
#1407 = DIRECTION ( 'NONE',  ( 1.000000000000000000, 0.000000000000000000, 0.000000000000000000 ) ) ;
#1408 = EDGE_CURVE ( 'NONE', #307, #64, #3694, .T. ) ;
#1409 = CARTESIAN_POINT ( 'NONE',  ( 3.499999999999999556, 1.449747468305835341, 30.56250000000000000 ) ) ;
#1410 = CARTESIAN_POINT ( 'NONE',  ( -5.639137269008836384, -2.054963024627177948, 11.67048490474648581 ) ) ;
#1411 = CARTESIAN_POINT ( 'NONE',  ( -7.423684977483266541E-16, 4.041265874999999674, 27.18749999863440436 ) ) ;
#1412 = CARTESIAN_POINT ( 'NONE',  ( -4.041265874999999674, -4.949123318322177694E-16, 22.43749999863440436 ) ) ;
#1413 = ORIENTED_EDGE ( 'NONE', *, *, #3712, .F. ) ;
#1414 = ORIENTED_EDGE ( 'NONE', *, *, #730, .T. ) ;
#1415 = EDGE_CURVE ( 'NONE', #421, #3057, #2542, .T. ) ;
#1416 = CARTESIAN_POINT ( 'NONE',  ( 4.041265874999999674, -1.673947134580573648, 24.74999999863440792 ) ) ;
#1417 = CARTESIAN_POINT ( 'NONE',  ( -2.857606504790286994, 2.857606504790286550, 26.18749999863440792 ) ) ;
#1418 = CARTESIAN_POINT ( 'NONE',  ( 1.673947134580574092, 4.041265874999998786, 22.99999999863440436 ) ) ;
#1419 = CARTESIAN_POINT ( 'NONE',  ( -1.449747468305834897, 3.499999999999999112, 27.56249999726880873 ) ) ;
#1420 = ORIENTED_EDGE ( 'NONE', *, *, #1477, .F. ) ;
#1421 = ORIENTED_EDGE ( 'NONE', *, *, #1531, .F. ) ;
#1422 = CARTESIAN_POINT ( 'NONE',  ( -1.449747468305832898, -3.500000000000000444, 23.18750000000000000 ) ) ;
#1423 =( NAMED_UNIT ( * ) PLANE_ANGLE_UNIT ( ) SI_UNIT ( $, .RADIAN. ) );
#1424 = CARTESIAN_POINT ( 'NONE',  ( 1.449747468305833564, 3.500000000000000000, 28.43749999726881583 ) ) ;
#1425 = CARTESIAN_POINT ( 'NONE',  ( -2.474873734152916338, -2.474873734152916782, 31.87499999726880873 ) ) ;
#1426 = CARTESIAN_POINT ( 'NONE',  ( -1.449747468305834897, 3.499999999999999112, 24.56249999726881228 ) ) ;
#1427 = CARTESIAN_POINT ( 'NONE',  ( -4.041265875000001451, 1.673947134580572538, 22.37499999863440792 ) ) ;
#1428 = CARTESIAN_POINT ( 'NONE',  ( -2.857606504790286550, -2.857606504790286994, 22.56249999863440436 ) ) ;
#1429 = EDGE_LOOP ( 'NONE', ( #317, #2502, #838 ) ) ;
#1430 = CARTESIAN_POINT ( 'NONE',  ( 2.474873734152916782, -2.474873734152916782, 30.37500000000000000 ) ) ;
#1431 = CARTESIAN_POINT ( 'NONE',  ( -0.1634114241445048521, 6.000000000000002665, 15.25000000000000355 ) ) ;
#1432 = CARTESIAN_POINT ( 'NONE',  ( 2.474561659161088847E-16, -4.041265874999999674, 27.56249999863440436 ) ) ;
#1433 = CARTESIAN_POINT ( 'NONE',  ( -2.857606504790286550, -2.857606504790286994, 24.43749999863440436 ) ) ;
#1434 = CYLINDRICAL_SURFACE ( 'NONE', #2204, 3.500000000000000000 ) ;
#1435 = VERTEX_POINT ( 'NONE', #1013 ) ;
#1436 = EDGE_LOOP ( 'NONE', ( #1791, #3676, #2667, #2106 ) ) ;
#1437 = CARTESIAN_POINT ( 'NONE',  ( 3.500000000000000444, -1.449747468305833120, 21.43749999999999289 ) ) ;
#1438 = CARTESIAN_POINT ( 'NONE',  ( 2.474873734152915894, 2.474873734152917226, 27.37499999726880873 ) ) ;
#1439 = CARTESIAN_POINT ( 'NONE',  ( -1.449747468305832898, -3.500000000000000000, 19.18749999999999645 ) ) ;
#1440 = CARTESIAN_POINT ( 'NONE',  ( 1.449747468305833564, -3.500000000000000000, 29.31250000000000000 ) ) ;
#1441 = CARTESIAN_POINT ( 'NONE',  ( -3.500000000000001332, 1.449747468305832454, 23.68749999726880873 ) ) ;
#1442 = CARTESIAN_POINT ( 'NONE',  ( -3.500000000000000000, -1.449747468305833564, 26.81249999726880873 ) ) ;
#1443 = CARTESIAN_POINT ( 'NONE',  ( 2.857606504790286994, -2.857606504790286994, 24.81249999863440436 ) ) ;
#1444 = CONICAL_SURFACE ( 'NONE', #3255, 6.000000000000000888, 0.7853981633974500554 ) ;
#1445 = CARTESIAN_POINT ( 'NONE',  ( 1.673947134580573648, -4.041265874999999674, 22.74999999863440436 ) ) ;
#1446 = CYLINDRICAL_SURFACE ( 'NONE', #2961, 3.500000000000000000 ) ;
#1447 = AXIS2_PLACEMENT_3D ( 'NONE', #299, #1488, #638 ) ;
#1448 = CARTESIAN_POINT ( 'NONE',  ( -0.6307756332871490290, 5.968681298996449947, 12.90846068898061461 ) ) ;
#1449 = CARTESIAN_POINT ( 'NONE',  ( -2.857606504790286550, -2.857606504790286994, 24.43749999863440436 ) ) ;
#1450 = CARTESIAN_POINT ( 'NONE',  ( 1.673947134580574092, 4.041265874999998786, 23.99999999863440436 ) ) ;
#1451 = CARTESIAN_POINT ( 'NONE',  ( 1.528722718240420924E-16, 2.836811590500855740, 15.25000000000000355 ) ) ;
#1452 = EDGE_LOOP ( 'NONE', ( #545, #2182, #3345, #3044 ) ) ;
#1453 = ADVANCED_FACE ( 'NONE', ( #431 ), #2825, .F. ) ;
#1454 = CARTESIAN_POINT ( 'NONE',  ( -2.474873734152917226, 2.474873734152916338, 19.87500000000000000 ) ) ;
#1455 = CARTESIAN_POINT ( 'NONE',  ( 2.474873734152915894, 2.474873734152917226, 25.37499999726881228 ) ) ;
#1456 = DIRECTION ( 'NONE',  ( -0.000000000000000000, -0.000000000000000000, 1.000000000000000000 ) ) ;
#1457 = CARTESIAN_POINT ( 'NONE',  ( 3.500000000000000000, -1.449747468305833120, 32.18749999726880873 ) ) ;
#1458 = CARTESIAN_POINT ( 'NONE',  ( 2.474561659161088847E-16, -4.041265874999999674, 27.68749999863440436 ) ) ;
#1459 = EDGE_LOOP ( 'NONE', ( #2486, #2040 ) ) ;
#1460 = CARTESIAN_POINT ( 'NONE',  ( 0.000000000000000000, 0.000000000000000000, 19.00000000000000355 ) ) ;
#1461 = CARTESIAN_POINT ( 'NONE',  ( 2.474561659161088847E-16, -4.041265874999999674, 23.68749999863440436 ) ) ;
#1462 = CARTESIAN_POINT ( 'NONE',  ( -1.449747468305832898, -3.500000000000000000, 23.18749999999999645 ) ) ;
#1463 = CARTESIAN_POINT ( 'NONE',  ( 1.673947134580574092, 4.041265874999998786, 22.12499999863440792 ) ) ;
#1464 = EDGE_LOOP ( 'NONE', ( #155, #300, #587, #2483 ) ) ;
#1465 = CARTESIAN_POINT ( 'NONE',  ( -3.500000000000000000, -4.286263797015736595E-16, 30.00000000000000000 ) ) ;
#1466 = B_SPLINE_CURVE_WITH_KNOTS ( 'NONE', 3,
 ( #750, #3150, #3483, #2577, #457, #3777, #1105, #2287, #806, #1994, #1641, #169, #3740, #3527, #2949, #789, #515, #1707, #2050, #2892, #3225, #1739, #2346, #3544, #3467, #864, #3242, #2560, #1088, #2272, #1977, #595 ),
 .UNSPECIFIED., .F., .F.,
 ( 4, 2, 2, 2, 2, 2, 2, 2, 2, 2, 2, 2, 2, 2, 2, 4 ),
 ( 4.230936432233981257E-19, 0.0006171252694665898273, 0.001234250538933179655, 0.001851375808399769373, 0.002468501077866359309, 0.003085626347332948594, 0.003702751616799538313, 0.004319876886266127598, 0.004937002155732716883, 0.005554127425199306169, 0.006171252694665895454, 0.006788377964132484739, 0.007405503233599074892, 0.008639753772532251727, 0.009256879041998841012, 0.009874004311465428563 ),
 .UNSPECIFIED. ) ;
#1467 = CARTESIAN_POINT ( 'NONE',  ( -7.423684977483266541E-16, 4.041265874999999674, 20.06249999863440436 ) ) ;
#1468 =( BOUNDED_SURFACE ( )  B_SPLINE_SURFACE ( 1, 2, ( 
 ( #3185, #3503, #3208, #512, #2733, #1703, #534, #826, #2692, #608, #2889, #357, #3583, #311, #1, #1409, #649, #2401, #1720, #2599, #1498, #2907, #3799, #2121, #901, #25, #1795, #2102, #1215, #3025, #1124, #68, #2979, #2082, #1478, #3602, #2013, #3318, #2304, #1817, #3277, #243, #922, #3299, #629, #2999, #1520, #335, #2713, #2419, #49, #1543, #1233, #3621, #941, #1838, #3089, #2477, #1343, #3047, #1633, #999, #121, #705, #450, #1274, #1889, #3105, #3360, #3680, #2828, #726, #1854, #432, #1324, #106, #413, #1613, #373, #2185, #1870, #3695, #1596, #1016, #161, #87, #1561, #2531, #3378, #689, #961, #2790, #2807, #1306, #2495, #2206, #3341, #2143, #2226, #744, #3714, #1035, #2461, #3397, #670, #1905, #2754, #139, #3663, #981, #2166, #1923, #3414, #3123, #3069, #396, #1580, #2776, #2515, #1290, #179, #2243, #2550, #2261, #484, #1732, #1098, #2861, #2007, #840, #3455, #1988, #2317, #1422, #1137, #1051, #2920, #3179, #759, #1360, #1673, #1119, #220, #1401, #196, #238, #1966, #2901, #1072, #2590, #3198, #2614, #3812, #255, #3160, #3751, #780, #1378, #2025, #2299, #3431, #1437, #3732, #1692, #1653, #3791, #2881, #2570, #2282, #2844, #3497, #3515, #1945, #820, #3218, #3772, #526, #800, #3143, #546, #467, #3477, #506, #1716, #3618, #2355, #1454, #1230, #3316, #355, #1174, #2650, #3272, #1191, #2632, #938, #2958, #896, #3252, #1156, #2417 ),
 ( #588, #20, #2977, #309, #1773, #2996, #874, #1814, #3851, #1496, #919, #330, #1518, #645, #2059, #3556, #290, #1474, #2117, #1212, #2336, #3829, #3538, #605, #566, #2690, #1792, #2668, #3868, #1752, #2397, #1835, #856, #3600, #3023, #2375, #2099, #3578, #2042, #46, #3233, #2936, #2080, #271, #3296, #625, #2711, #137, #2223, #1577, #702, #1288, #1033, #1851, #2475, #3693, #84, #393, #3412, #1304, #2434, #1012, #1903, #687, #3678, #2201, #3636, #2774, #2459, #411, #997, #1595, #742, #668, #958, #1921, #104, #1270, #1541, #3375, #3394, #2183, #1885, #3065, #65, #3121, #2805, #1322, #430, #1611, #3045, #3086, #2730, #2789, #1249, #119, #370, #2141, #3339, #2510, #3711, #1558, #2750, #3661, #979, #2163, #2494, #723, #3358, #3104, #1867, #2896, #1357, #1416, #177, #3139, #232, #1130, #480, #3472, #193, #3805, #757, #1373, #2585, #2841, #3158, #2310, #213, #1340, #3786, #814, #3450, #2564, #1114, #2529, #1669, #2547, #3173, #3766, #501, #3508, #3429, #3729, #833, #2858, #3747, #448, #2277, #2294, #1093, #794, #1964, #2824, #2019, #1711, #2607, #3191, #520, #1942, #1982, #1631, #1687, #158, #2876, #465, #1049, #2241, #1650, #1069, #2257, #777, #1394, #3490, #2002, #2663, #599, #3531, #1726, #2036, #1744, #3845, #1224, #580, #2350, #1490, #325, #2930, #1467, #1809, #913, #619, #541, #2412, #3863, #249, #851, #1168, #1786, #3572, #890 ) ),
 .UNSPECIFIED., .F., .F., .F. ) 
 B_SPLINE_SURFACE_WITH_KNOTS ( ( 2, 2 ),
 ( 3, 2, 2, 2, 2, 2, 2, 2, 2, 2, 2, 2, 2, 2, 2, 2, 2, 2, 2, 2, 2, 2, 2, 2, 2, 2, 2, 2, 2, 2, 2, 2, 2, 2, 2, 2, 2, 2, 2, 2, 2, 2, 2, 2, 2, 2, 2, 2, 2, 2, 2, 2, 2, 2, 2, 2, 2, 2, 2, 2, 2, 2, 2, 2, 2, 2, 2, 2, 2, 2, 2, 2, 2, 2, 2, 2, 2, 2, 2, 2, 2, 2, 2, 2, 2, 2, 2, 2, 2, 2, 2, 2, 2, 2, 2, 2, 2, 2, 2, 2, 3 ),
 ( 0.000000000000000000, 1.000000000000000000 ),
 ( 0.000000000000000000, 0.009615384615384615918, 0.01923076923076923184, 0.02884615384615384776, 0.03846153846153846367, 0.04807692307692307959, 0.05769230769230769551, 0.06730769230769230449, 0.07692307692307692735, 0.08653846153846153633, 0.09615384615384615918, 0.1057692307692307682, 0.1153846153846153910, 0.1250000000000000000, 0.1346153846153846090, 0.1442307692307692180, 0.1538461538461538547, 0.1634615384615384637, 0.1730769230769230727, 0.1826923076923076816, 0.1923076923076923184, 0.2019230769230769273, 0.2115384615384615363, 0.2211538461538461453, 0.2307692307692307820, 0.2403846153846153910, 0.2500000000000000000, 0.2596153846153846367, 0.2692307692307692180, 0.2788461538461538547, 0.2884615384615384359, 0.2980769230769230727, 0.3076923076923077094, 0.3173076923076922906, 0.3269230769230769273, 0.3365384615384615641, 0.3461538461538461453, 0.3557692307692307820, 0.3653846153846153633, 0.3750000000000000000, 0.3846153846153846367, 0.3942307692307692180, 0.4038461538461538547, 0.4134615384615384359, 0.4230769230769230727, 0.4326923076923077094, 0.4423076923076922906, 0.4519230769230769273, 0.4615384615384615641, 0.4711538461538461453, 0.4807692307692307820, 0.4903846153846153633, 0.5000000000000000000, 0.5096153846153845812, 0.5192307692307692735, 0.5288461538461538547, 0.5384615384615384359, 0.5480769230769231282, 0.5576923076923077094, 0.5673076923076922906, 0.5769230769230768718, 0.5865384615384615641, 0.5961538461538461453, 0.6057692307692307265, 0.6153846153846154188, 0.6250000000000000000, 0.6346153846153845812, 0.6442307692307692735, 0.6538461538461538547, 0.6634615384615384359, 0.6730769230769231282, 0.6826923076923077094, 0.6923076923076922906, 0.7019230769230768718, 0.7115384615384615641, 0.7211538461538461453, 0.7307692307692307265, 0.7403846153846154188, 0.7500000000000000000, 0.7596153846153845812, 0.7692307692307692735, 0.7788461538461538547, 0.7884615384615384359, 0.7980769230769231282, 0.8076923076923077094, 0.8173076923076922906, 0.8269230769230768718, 0.8365384615384615641, 0.8461538461538461453, 0.8557692307692307265, 0.8653846153846154188, 0.8750000000000000000, 0.8846153846153845812, 0.8942307692307692735, 0.9038461538461538547, 0.9134615384615384359, 0.9230769230769231282, 0.9326923076923077094, 0.9423076923076922906, 0.9519230769230768718, 0.9615384615384615641 ),
 .UNSPECIFIED. ) 
 GEOMETRIC_REPRESENTATION_ITEM ( )  RATIONAL_B_SPLINE_SURFACE ( (
 ( 1.000000000000000000, 0.9238795325112867385, 1.000000000000000000, 0.9238795325112867385, 1.000000000000000000, 0.9238795325112867385, 1.000000000000000000, 0.9238795325112867385, 1.000000000000000000, 0.9238795325112867385, 1.000000000000000000, 0.9238795325112867385, 1.000000000000000000, 0.9238795325112867385, 1.000000000000000000, 0.9238795325112867385, 1.000000000000000000, 0.9238795325112867385, 1.000000000000000000, 0.9238795325112867385, 1.000000000000000000, 0.9238795325112867385, 1.000000000000000000, 0.9238795325112867385, 1.000000000000000000, 0.9238795325112867385, 1.000000000000000000, 0.9238795325112867385, 1.000000000000000000, 0.9238795325112867385, 1.000000000000000000, 0.9238795325112867385, 1.000000000000000000, 0.9238795325112867385, 1.000000000000000000, 0.9238795325112867385, 1.000000000000000000, 0.9238795325112867385, 1.000000000000000000, 0.9238795325112867385, 1.000000000000000000, 0.9238795325112867385, 1.000000000000000000, 0.9238795325112867385, 1.000000000000000000, 0.9238795325112867385, 1.000000000000000000, 0.9238795325112867385, 1.000000000000000000, 0.9238795325112867385, 1.000000000000000000, 0.9238795325112867385, 1.000000000000000000, 0.9238795325112867385, 1.000000000000000000, 0.9238795325112867385, 1.000000000000000000, 0.9238795325112867385, 1.000000000000000000, 0.9238795325112867385, 1.000000000000000000, 0.9238795325112867385, 1.000000000000000000, 0.9238795325112867385, 1.000000000000000000, 0.9238795325112867385, 1.000000000000000000, 0.9238795325112867385, 1.000000000000000000, 0.9238795325112867385, 1.000000000000000000, 0.9238795325112867385, 1.000000000000000000, 0.9238795325112867385, 1.000000000000000000, 0.9238795325112867385, 1.000000000000000000, 0.9238795325112867385, 1.000000000000000000, 0.9238795325112867385, 1.000000000000000000, 0.9238795325112867385, 1.000000000000000000, 0.9238795325112867385, 1.000000000000000000, 0.9238795325112867385, 1.000000000000000000, 0.9238795325112867385, 1.000000000000000000, 0.9238795325112867385, 1.000000000000000000, 0.9238795325112867385, 1.000000000000000000, 0.9238795325112867385, 1.000000000000000000, 0.9238795325112867385, 1.000000000000000000, 0.9238795325112867385, 1.000000000000000000, 0.9238795325112867385, 1.000000000000000000, 0.9238795325112867385, 1.000000000000000000, 0.9238795325112867385, 1.000000000000000000, 0.9238795325112867385, 1.000000000000000000, 0.9238795325112867385, 1.000000000000000000, 0.9238795325112867385, 1.000000000000000000, 0.9238795325112867385, 1.000000000000000000, 0.9238795325112867385, 1.000000000000000000, 0.9238795325112867385, 1.000000000000000000, 0.9238795325112867385, 1.000000000000000000, 0.9238795325112867385, 1.000000000000000000, 0.9238795325112867385, 1.000000000000000000, 0.9238795325112867385, 1.000000000000000000, 0.9238795325112867385, 1.000000000000000000, 0.9238795325112867385, 1.000000000000000000, 0.9238795325112867385, 1.000000000000000000, 0.9238795325112867385, 1.000000000000000000, 0.9238795325112867385, 1.000000000000000000, 0.9238795325112867385, 1.000000000000000000, 0.9238795325112867385, 1.000000000000000000, 0.9238795325112867385, 1.000000000000000000, 0.9238795325112867385, 1.000000000000000000, 0.9238795325112867385, 1.000000000000000000, 0.9238795325112867385, 1.000000000000000000, 0.9238795325112867385, 1.000000000000000000, 0.9238795325112867385, 1.000000000000000000, 0.9238795325112867385, 1.000000000000000000, 0.9238795325112867385, 1.000000000000000000, 0.9238795325112867385, 1.000000000000000000, 0.9238795325112867385, 1.000000000000000000, 0.9238795325112867385, 1.000000000000000000, 0.9238795325112867385, 1.000000000000000000, 0.9238795325112867385, 1.000000000000000000, 0.9238795325112867385, 1.000000000000000000, 0.9238795325112867385, 1.000000000000000000, 0.9238795325112867385, 1.000000000000000000, 0.9238795325112867385, 1.000000000000000000, 0.9238795325112867385, 1.000000000000000000, 0.9238795325112867385, 1.000000000000000000, 0.9238795325112867385, 1.000000000000000000, 0.9238795325112867385, 1.000000000000000000, 0.9238795325112867385, 1.000000000000000000, 0.9238795325112867385, 1.000000000000000000, 0.9238795325112867385, 1.000000000000000000, 0.9238795325112867385, 1.000000000000000000, 0.9238795325112867385, 1.000000000000000000, 0.9238795325112867385, 1.000000000000000000, 0.9238795325112867385, 1.000000000000000000, 0.9238795325112867385, 1.000000000000000000, 0.9238795325112867385, 1.000000000000000000, 0.9238795325112867385, 1.000000000000000000),
 ( 1.000000000000000000, 0.9238795325112867385, 1.000000000000000000, 0.9238795325112867385, 1.000000000000000000, 0.9238795325112867385, 1.000000000000000000, 0.9238795325112867385, 1.000000000000000000, 0.9238795325112867385, 1.000000000000000000, 0.9238795325112867385, 1.000000000000000000, 0.9238795325112867385, 1.000000000000000000, 0.9238795325112867385, 1.000000000000000000, 0.9238795325112867385, 1.000000000000000000, 0.9238795325112867385, 1.000000000000000000, 0.9238795325112867385, 1.000000000000000000, 0.9238795325112867385, 1.000000000000000000, 0.9238795325112867385, 1.000000000000000000, 0.9238795325112867385, 1.000000000000000000, 0.9238795325112867385, 1.000000000000000000, 0.9238795325112867385, 1.000000000000000000, 0.9238795325112867385, 1.000000000000000000, 0.9238795325112867385, 1.000000000000000000, 0.9238795325112867385, 1.000000000000000000, 0.9238795325112867385, 1.000000000000000000, 0.9238795325112867385, 1.000000000000000000, 0.9238795325112867385, 1.000000000000000000, 0.9238795325112867385, 1.000000000000000000, 0.9238795325112867385, 1.000000000000000000, 0.9238795325112867385, 1.000000000000000000, 0.9238795325112867385, 1.000000000000000000, 0.9238795325112867385, 1.000000000000000000, 0.9238795325112867385, 1.000000000000000000, 0.9238795325112867385, 1.000000000000000000, 0.9238795325112867385, 1.000000000000000000, 0.9238795325112867385, 1.000000000000000000, 0.9238795325112867385, 1.000000000000000000, 0.9238795325112867385, 1.000000000000000000, 0.9238795325112867385, 1.000000000000000000, 0.9238795325112867385, 1.000000000000000000, 0.9238795325112867385, 1.000000000000000000, 0.9238795325112867385, 1.000000000000000000, 0.9238795325112867385, 1.000000000000000000, 0.9238795325112867385, 1.000000000000000000, 0.9238795325112867385, 1.000000000000000000, 0.9238795325112867385, 1.000000000000000000, 0.9238795325112867385, 1.000000000000000000, 0.9238795325112867385, 1.000000000000000000, 0.9238795325112867385, 1.000000000000000000, 0.9238795325112867385, 1.000000000000000000, 0.9238795325112867385, 1.000000000000000000, 0.9238795325112867385, 1.000000000000000000, 0.9238795325112867385, 1.000000000000000000, 0.9238795325112867385, 1.000000000000000000, 0.9238795325112867385, 1.000000000000000000, 0.9238795325112867385, 1.000000000000000000, 0.9238795325112867385, 1.000000000000000000, 0.9238795325112867385, 1.000000000000000000, 0.9238795325112867385, 1.000000000000000000, 0.9238795325112867385, 1.000000000000000000, 0.9238795325112867385, 1.000000000000000000, 0.9238795325112867385, 1.000000000000000000, 0.9238795325112867385, 1.000000000000000000, 0.9238795325112867385, 1.000000000000000000, 0.9238795325112867385, 1.000000000000000000, 0.9238795325112867385, 1.000000000000000000, 0.9238795325112867385, 1.000000000000000000, 0.9238795325112867385, 1.000000000000000000, 0.9238795325112867385, 1.000000000000000000, 0.9238795325112867385, 1.000000000000000000, 0.9238795325112867385, 1.000000000000000000, 0.9238795325112867385, 1.000000000000000000, 0.9238795325112867385, 1.000000000000000000, 0.9238795325112867385, 1.000000000000000000, 0.9238795325112867385, 1.000000000000000000, 0.9238795325112867385, 1.000000000000000000, 0.9238795325112867385, 1.000000000000000000, 0.9238795325112867385, 1.000000000000000000, 0.9238795325112867385, 1.000000000000000000, 0.9238795325112867385, 1.000000000000000000, 0.9238795325112867385, 1.000000000000000000, 0.9238795325112867385, 1.000000000000000000, 0.9238795325112867385, 1.000000000000000000, 0.9238795325112867385, 1.000000000000000000, 0.9238795325112867385, 1.000000000000000000, 0.9238795325112867385, 1.000000000000000000, 0.9238795325112867385, 1.000000000000000000, 0.9238795325112867385, 1.000000000000000000, 0.9238795325112867385, 1.000000000000000000, 0.9238795325112867385, 1.000000000000000000, 0.9238795325112867385, 1.000000000000000000, 0.9238795325112867385, 1.000000000000000000, 0.9238795325112867385, 1.000000000000000000, 0.9238795325112867385, 1.000000000000000000, 0.9238795325112867385, 1.000000000000000000, 0.9238795325112867385, 1.000000000000000000, 0.9238795325112867385, 1.000000000000000000, 0.9238795325112867385, 1.000000000000000000, 0.9238795325112867385, 1.000000000000000000, 0.9238795325112867385, 1.000000000000000000, 0.9238795325112867385, 1.000000000000000000, 0.9238795325112867385, 1.000000000000000000, 0.9238795325112867385, 1.000000000000000000, 0.9238795325112867385, 1.000000000000000000, 0.9238795325112867385, 1.000000000000000000) ) ) 
 REPRESENTATION_ITEM ( '' )  SURFACE ( )  );
#1469 = CARTESIAN_POINT ( 'NONE',  ( 2.857606504790286106, 2.857606504790286994, 23.93749999863440436 ) ) ;
#1470 = CARTESIAN_POINT ( 'NONE',  ( -7.423684977483266541E-16, 4.041265874999999674, 20.06249999863440436 ) ) ;
#1471 = CARTESIAN_POINT ( 'NONE',  ( 0.6371287258144432419, 2.007007337859007645, 6.087816467797160236 ) ) ;
#1472 = ORIENTED_EDGE ( 'NONE', *, *, #2181, .T. ) ;
#1473 = VERTEX_POINT ( 'NONE', #1451 ) ;
#1474 = CARTESIAN_POINT ( 'NONE',  ( 4.041265874999999674, -1.673947134580573648, 30.74999999863440081 ) ) ;
#1475 = LINE ( 'NONE', #239, #3454 ) ;
#1476 = CARTESIAN_POINT ( 'NONE',  ( 1.449747468305833342, -3.500000000000000444, 25.06249999726881228 ) ) ;
#1477 = EDGE_CURVE ( 'NONE', #1209, #236, #1699, .T. ) ;
#1478 = CARTESIAN_POINT ( 'NONE',  ( 2.474873734152916782, -2.474873734152916782, 29.37500000000000000 ) ) ;
#1479 = CARTESIAN_POINT ( 'NONE',  ( -3.500000000000000000, 4.286263797015736595E-16, 19.00000000000000355 ) ) ;
#1480 = CARTESIAN_POINT ( 'NONE',  ( 2.474873734152916782, -2.474873734152916782, 29.37500000000000000 ) ) ;
#1481 = CARTESIAN_POINT ( 'NONE',  ( 2.474561659161088847E-16, -4.041265874999999674, 25.68749999863440792 ) ) ;
#1482 = EDGE_CURVE ( 'NONE', #1762, #236, #2666, .T. ) ;
#1483 = EDGE_LOOP ( 'NONE', ( #2521, #17 ) ) ;
#1484 = CARTESIAN_POINT ( 'NONE',  ( 0.000000000000000000, 0.000000000000000000, 19.00000000000000355 ) ) ;
#1485 = DIRECTION ( 'NONE',  ( -0.7071067811865460184, 0.000000000000000000, -0.7071067811865489050 ) ) ;
#1486 = CARTESIAN_POINT ( 'NONE',  ( 4.041265874999999674, -1.673947134580573648, 22.87499999863441147 ) ) ;
#1487 = CARTESIAN_POINT ( 'NONE',  ( -2.474873734152917226, 2.474873734152916338, 19.87500000000000000 ) ) ;
#1488 = DIRECTION ( 'NONE',  ( -0.000000000000000000, 0.000000000000000000, 1.000000000000000000 ) ) ;
#1489 = DIRECTION ( 'NONE',  ( -0.000000000000000000, -0.000000000000000000, 1.000000000000000000 ) ) ;
#1490 = CARTESIAN_POINT ( 'NONE',  ( -4.041265875000001451, 1.673947134580572538, 20.24999999863440436 ) ) ;
#1491 = CARTESIAN_POINT ( 'NONE',  ( 4.041265874999999674, 0.000000000000000000, 20.81249999863440436 ) ) ;
#1492 = CARTESIAN_POINT ( 'NONE',  ( -1.673947134580575424, 4.041265874999998786, 21.12499999863440792 ) ) ;
#1493 = CARTESIAN_POINT ( 'NONE',  ( 4.041265874999999674, 0.000000000000000000, 28.93749999863440792 ) ) ;
#1494 = ORIENTED_EDGE ( 'NONE', *, *, #1408, .F. ) ;
#1495 = ORIENTED_EDGE ( 'NONE', *, *, #1647, .T. ) ;
#1496 = CARTESIAN_POINT ( 'NONE',  ( -4.041265875000001451, 1.673947134580572538, 31.24999999863440081 ) ) ;
#1497 = CARTESIAN_POINT ( 'NONE',  ( 3.499999999999999556, 1.449747468305835341, 22.31249999726880873 ) ) ;
#1498 = CARTESIAN_POINT ( 'NONE',  ( 2.143131898507868297E-16, -3.500000000000000000, 30.25000000000000000 ) ) ;
#1499 = CARTESIAN_POINT ( 'NONE',  ( 4.041265874999998786, 1.673947134580575868, 28.87499999863440792 ) ) ;
#1500 = CARTESIAN_POINT ( 'NONE',  ( -3.500000000000000000, -4.286263797015736595E-16, 29.00000000000000000 ) ) ;
#1501 = CARTESIAN_POINT ( 'NONE',  ( 4.041265874999999674, 0.000000000000000000, 24.93749999863440792 ) ) ;
#1502 = VERTEX_POINT ( 'NONE', #2056 ) ;
#1503 = CARTESIAN_POINT ( 'NONE',  ( 3.500000000000000000, 0.000000000000000000, 27.24999999726880873 ) ) ;
#1504 = EDGE_CURVE ( 'NONE', #3109, #184, #3239, .T. ) ;
#1505 = CARTESIAN_POINT ( 'NONE',  ( -7.423684977483266541E-16, 4.041265874999999674, 24.18749999863440436 ) ) ;
#1506 = FACE_OUTER_BOUND ( 'NONE', #1162, .T. ) ;
#1507 = CARTESIAN_POINT ( 'NONE',  ( 2.474561659161088847E-16, -4.041265874999999674, 19.68749999863440436 ) ) ;
#1508 = CARTESIAN_POINT ( 'NONE',  ( 3.500000000000000000, -1.449747468305833120, 25.43750000000000355 ) ) ;
#1509 = APPLICATION_CONTEXT ( 'automotive_design' ) ;
#1510 = AXIS2_PLACEMENT_3D ( 'NONE', #1198, #573, #2343 ) ;
#1511 = CARTESIAN_POINT ( 'NONE',  ( -0.3282050358826035241, 5.992938828568171061, 12.78278291933165356 ) ) ;
#1512 = CARTESIAN_POINT ( 'NONE',  ( 2.474561659161088847E-16, -4.041265874999999674, 20.56249999863440436 ) ) ;
#1513 = CARTESIAN_POINT ( 'NONE',  ( 2.474561659161088847E-16, -4.041265874999999674, 20.56249999863440436 ) ) ;
#1514 = CARTESIAN_POINT ( 'NONE',  ( -1.673947134580575424, 4.041265874999998786, 30.24999999863440436 ) ) ;
#1515 = AXIS2_PLACEMENT_3D ( 'NONE', #132, #1316, #2723 ) ;
#1516 = VERTEX_POINT ( 'NONE', #2022 ) ;
#1517 = CARTESIAN_POINT ( 'NONE',  ( 2.474561659161088847E-16, -4.041265874999999674, 25.56249999863440792 ) ) ;
#1518 = CARTESIAN_POINT ( 'NONE',  ( -7.423684977483266541E-16, 4.041265874999999674, 31.06249999863440436 ) ) ;
#1519 = CARTESIAN_POINT ( 'NONE',  ( -3.500000000000000444, -1.449747468305833342, 20.81249999726880873 ) ) ;
#1520 = CARTESIAN_POINT ( 'NONE',  ( 2.474873734152915894, 2.474873734152917226, 28.62500000000000000 ) ) ;
#1522 = B_SPLINE_CURVE_WITH_KNOTS ( 'NONE', 1,
 ( #932, #1826 ),
 .UNSPECIFIED., .F., .F.,
 ( 2, 2 ),
 ( 0.000000000000000000, 1.000000000000000000 ),
 .UNSPECIFIED. ) ;
#1521 = CARTESIAN_POINT ( 'NONE',  ( 4.041265874999999674, 0.000000000000000000, 30.81249999863440436 ) ) ;
#1523 = CARTESIAN_POINT ( 'NONE',  ( -3.500000000000000000, -4.286263797015736595E-16, 21.74999999726880873 ) ) ;
#1524 = CARTESIAN_POINT ( 'NONE',  ( -2.857606504790286550, -2.857606504790286994, 23.56249999863440436 ) ) ;
#1525 = VERTEX_POINT ( 'NONE', #3494 ) ;
#1526 = CARTESIAN_POINT ( 'NONE',  ( -1.449747468305834897, 3.499999999999999112, 25.81250000000000355 ) ) ;
#1527 = CARTESIAN_POINT ( 'NONE',  ( 1.449747468305833786, 3.499999999999999556, 23.68750000000000355 ) ) ;
#1528 = CARTESIAN_POINT ( 'NONE',  ( -3.500000000000000000, -1.449747468305833564, 23.06250000000000000 ) ) ;
#1529 = CARTESIAN_POINT ( 'NONE',  ( -2.857606504790286550, -2.857606504790286994, 19.56249999863440436 ) ) ;
#1530 = CARTESIAN_POINT ( 'NONE',  ( 3.500000000000000000, 0.000000000000000000, 23.50000000000000000 ) ) ;
#1531 = EDGE_CURVE ( 'NONE', #3576, #2611, #2940, .T. ) ;
#1532 =( BOUNDED_CURVE ( )  B_SPLINE_CURVE ( 2, ( #1313, #420, #3009, #3033, #344, #1527, #2719, #75, #56 ),
 .UNSPECIFIED., .F., .F. ) 
 B_SPLINE_CURVE_WITH_KNOTS ( ( 3, 2, 2, 2, 3 ),
 ( 0.5769230769230768718, 0.5865384615384615641, 0.5961538461538461453, 0.6057692307692307265, 0.6153846153846154188 ),
 .UNSPECIFIED. ) 
 CURVE ( )  GEOMETRIC_REPRESENTATION_ITEM ( )  RATIONAL_B_SPLINE_CURVE ( ( 1.000000000000000000, 0.9238795325112867385, 1.000000000000000000, 0.9238795325112867385, 1.000000000000000000, 0.9238795325112867385, 1.000000000000000000, 0.9238795325112867385, 1.000000000000000000 ) ) 
 REPRESENTATION_ITEM ( '' )  );
#1533 = CARTESIAN_POINT ( 'NONE',  ( -2.474873734152917226, 2.474873734152916338, 22.62499999726880873 ) ) ;
#1534 = CARTESIAN_POINT ( 'NONE',  ( 4.041265874999998786, 1.673947134580575868, 21.87499999863440792 ) ) ;
#1535 = CARTESIAN_POINT ( 'NONE',  ( 1.673947134580574092, 4.041265874999998786, 20.99999999863440436 ) ) ;
#1536 = CARTESIAN_POINT ( 'NONE',  ( -1.673947134580573204, -4.041265874999999674, 30.62499999863440436 ) ) ;
#1537 = VERTEX_POINT ( 'NONE', #1398 ) ;
#1538 = PRODUCT_DEFINITION_CONTEXT ( 'detailed design', #1588, 'design' ) ;
#1539 = CARTESIAN_POINT ( 'NONE',  ( -3.500000000000000000, -4.286263797015736595E-16, 20.74999999726881228 ) ) ;
#1540 = EDGE_CURVE ( 'NONE', #2709, #3021, #3789, .T. ) ;
#1541 = CARTESIAN_POINT ( 'NONE',  ( 2.857606504790286106, 2.857606504790286994, 26.93749999863440436 ) ) ;
#1542 = CARTESIAN_POINT ( 'NONE',  ( 2.143131898507868297E-16, -3.500000000000000000, 23.99999999726880873 ) ) ;
#1543 = CARTESIAN_POINT ( 'NONE',  ( 1.449747468305833342, -3.500000000000000444, 28.31250000000000355 ) ) ;
#1544 = CARTESIAN_POINT ( 'NONE',  ( -2.857606504790286994, 2.857606504790286550, 31.18749999863440436 ) ) ;
#1545 = CARTESIAN_POINT ( 'NONE',  ( 2.143131898507868297E-16, -3.500000000000000000, 25.99999999726881228 ) ) ;
#1546 = CARTESIAN_POINT ( 'NONE',  ( -1.673947134580573426, -4.041265874999999674, 22.62499999863440792 ) ) ;
#1547 = ORIENTED_EDGE ( 'NONE', *, *, #685, .F. ) ;
#1548 = CARTESIAN_POINT ( 'NONE',  ( 3.500000000000000000, 0.000000000000000000, 25.24999999726881228 ) ) ;
#1549 = CARTESIAN_POINT ( 'NONE',  ( 2.474561659161088847E-16, -4.041265874999999674, 19.68749999863440436 ) ) ;
#1550 = CARTESIAN_POINT ( 'NONE',  ( 3.499999999999999112, 1.449747468305835341, 19.56250000000000000 ) ) ;
#1551 = DIRECTION ( 'NONE',  ( 0.000000000000000000, 0.000000000000000000, -1.000000000000000000 ) ) ;
#1552 = DIRECTION ( 'NONE',  ( 0.000000000000000000, -1.000000000000000000, 0.000000000000000000 ) ) ;
#1553 = CARTESIAN_POINT ( 'NONE',  ( -1.449747468305834897, 3.499999999999999112, 22.56249999726880873 ) ) ;
#1554 = CARTESIAN_POINT ( 'NONE',  ( 4.041265874999999674, -1.673947134580573648, 29.87499999863440081 ) ) ;
#1555 = CARTESIAN_POINT ( 'NONE',  ( -1.673947134580575424, 4.041265874999998786, 20.12499999863441147 ) ) ;
#1556 = VERTEX_POINT ( 'NONE', #3808 ) ;
#1557 = ORIENTED_EDGE ( 'NONE', *, *, #2387, .T. ) ;
#1558 = CARTESIAN_POINT ( 'NONE',  ( -1.673947134580573426, -4.041265874999999674, 25.49999999863440436 ) ) ;
#1559 = EDGE_CURVE ( 'NONE', #2006, #2018, #3350, .T. ) ;
#1560 = CARTESIAN_POINT ( 'NONE',  ( 3.499999999999999556, 1.449747468305835341, 23.31249999726880873 ) ) ;
#1561 = CARTESIAN_POINT ( 'NONE',  ( -2.474873734152916338, -2.474873734152916782, 26.12500000000000000 ) ) ;
#1562 = CARTESIAN_POINT ( 'NONE',  ( 2.474873734152915894, 2.474873734152917226, 22.62500000000000000 ) ) ;
#1563 = CARTESIAN_POINT ( 'NONE',  ( 1.673947134580573870, -4.041265874999999674, 31.62499999863440792 ) ) ;
#1564 = LINE ( 'NONE', #3029, #2389 ) ;
#1565 = CARTESIAN_POINT ( 'NONE',  ( 2.857606504790286994, -2.857606504790286994, 21.81249999863440436 ) ) ;
#1566 = ORIENTED_EDGE ( 'NONE', *, *, #1138, .T. ) ;
#1567 = CARTESIAN_POINT ( 'NONE',  ( 0.9986844538568135921, 5.917449923182283023, 14.76920740344454686 ) ) ;
#1568 = CARTESIAN_POINT ( 'NONE',  ( 1.673947134580574092, 4.041265874999998786, 21.12499999863440792 ) ) ;
#1569 = DIRECTION ( 'NONE',  ( 1.000000000000000000, 0.000000000000000000, 0.000000000000000000 ) ) ;
#1570 = CARTESIAN_POINT ( 'NONE',  ( -3.500000000000001332, 1.449747468305832454, 21.93749999999999645 ) ) ;
#1571 = CARTESIAN_POINT ( 'NONE',  ( 2.474561659161088847E-16, -4.041265874999999674, 29.68749999863440436 ) ) ;
#1572 = CARTESIAN_POINT ( 'NONE',  ( 2.857606504790286106, 2.857606504790286994, 29.06249999863440792 ) ) ;
#1573 = CARTESIAN_POINT ( 'NONE',  ( 2.857606504790286106, 2.857606504790286994, 31.06249999863440436 ) ) ;
#1574 = ORIENTED_EDGE ( 'NONE', *, *, #3778, .F. ) ;
#1575 = ORIENTED_EDGE ( 'NONE', *, *, #1059, .F. ) ;
#1576 = COLOUR_RGB ( '',0.7921568627450980005, 0.8196078431372548767, 0.9333333333333333481 ) ;
#1577 = CARTESIAN_POINT ( 'NONE',  ( 4.041265874999999674, -1.673947134580573648, 28.74999999863440436 ) ) ;
#1578 = CARTESIAN_POINT ( 'NONE',  ( 2.143131898507868297E-16, -3.500000000000000000, 22.99999999726880873 ) ) ;
#1579 = AXIS2_PLACEMENT_3D ( 'NONE', #1993, #1079, #748 ) ;
#1580 = CARTESIAN_POINT ( 'NONE',  ( 2.143131898507868297E-16, -3.500000000000000000, 24.25000000000000000 ) ) ;
#1581 = CARTESIAN_POINT ( 'NONE',  ( 2.857606504790286106, 2.857606504790286994, 28.93749999863440792 ) ) ;
#1582 = CARTESIAN_POINT ( 'NONE',  ( -0.7730846652287504117, 1.956446060636631623, 4.004934708619222405 ) ) ;
#1583 = CARTESIAN_POINT ( 'NONE',  ( 2.857606504790286994, -2.857606504790286994, 19.81249999863440436 ) ) ;
#1584 = ORIENTED_EDGE ( 'NONE', *, *, #2753, .F. ) ;
#1585 = ADVANCED_FACE ( 'NONE', ( #2917 ), #1434, .T. ) ;
#1586 = CARTESIAN_POINT ( 'NONE',  ( 5.499999999999999112, 0.000000000000000000, 0.000000000000000000 ) ) ;
#1587 = CARTESIAN_POINT ( 'NONE',  ( 2.143131898507868297E-16, -3.500000000000000000, 21.24999999999999645 ) ) ;
#1588 = APPLICATION_CONTEXT ( 'automotive_design' ) ;
#1589 = CARTESIAN_POINT ( 'NONE',  ( 1.185296244904628704, 3.074338575699822496, 14.40545835817410669 ) ) ;
#1590 = CARTESIAN_POINT ( 'NONE',  ( 2.857606504790286994, -2.857606504790286994, 29.81249999863440436 ) ) ;
#1591 = CARTESIAN_POINT ( 'NONE',  ( 2.857606504790286994, -2.857606504790286994, 30.81249999863440436 ) ) ;
#1592 = CARTESIAN_POINT ( 'NONE',  ( 2.857606504790286106, 2.857606504790286994, 27.06249999863440436 ) ) ;
#1593 = VERTEX_POINT ( 'NONE', #3270 ) ;
#1594 = CARTESIAN_POINT ( 'NONE',  ( -4.041265874999999674, -4.949123318322177694E-16, 25.31249999863440792 ) ) ;
#1595 = CARTESIAN_POINT ( 'NONE',  ( -4.041265874999999674, -1.673947134580573870, 27.37499999863440436 ) ) ;
#1596 = CARTESIAN_POINT ( 'NONE',  ( 2.474873734152916782, -2.474873734152916782, 26.37500000000000000 ) ) ;
#1597 = CARTESIAN_POINT ( 'NONE',  ( 2.474561659161088847E-16, -4.041265874999999674, 25.56249999863440792 ) ) ;
#1598 = CYLINDRICAL_SURFACE ( 'NONE', #340, 3.500000000000000000 ) ;
#1599 = CARTESIAN_POINT ( 'NONE',  ( 4.041265874999998786, 1.673947134580575868, 21.99999999863440436 ) ) ;
#1600 = VERTEX_POINT ( 'NONE', #3675 ) ;
#1601 = DIRECTION ( 'NONE',  ( 0.000000000000000000, 0.000000000000000000, -1.000000000000000000 ) ) ;
#1602 = CARTESIAN_POINT ( 'NONE',  ( 2.474873734152916782, -2.474873734152916782, 21.37499999999999645 ) ) ;
#1603 = EDGE_CURVE ( 'NONE', #3315, #551, #3750, .T. ) ;
#1604 = ORIENTED_EDGE ( 'NONE', *, *, #247, .F. ) ;
#1605 = CARTESIAN_POINT ( 'NONE',  ( 3.499999999999999112, 1.449747468305835341, 30.31249999726880873 ) ) ;
#1606 = CARTESIAN_POINT ( 'NONE',  ( 2.474873734152915894, 2.474873734152917226, 22.37499999726880873 ) ) ;
#1607 = CARTESIAN_POINT ( 'NONE',  ( 2.857606504790286106, 2.857606504790286994, 30.06249999863440436 ) ) ;
#1608 = CARTESIAN_POINT ( 'NONE',  ( -2.857606504790286550, -2.857606504790286994, 29.56249999863440792 ) ) ;
#1609 = CARTESIAN_POINT ( 'NONE',  ( -4.041265874999999674, -1.673947134580573648, 24.49999999863440436 ) ) ;
#1610 = ORIENTED_EDGE ( 'NONE', *, *, #2098, .T. ) ;
#1611 = CARTESIAN_POINT ( 'NONE',  ( -4.041265875000001451, 1.673947134580572538, 26.24999999863440436 ) ) ;
#1612 = LINE ( 'NONE', #466, #2765 ) ;
#1613 = CARTESIAN_POINT ( 'NONE',  ( 1.449747468305833564, 3.500000000000000000, 26.68750000000000355 ) ) ;
#1614 = CARTESIAN_POINT ( 'NONE',  ( -2.857606504790286550, -2.857606504790286994, 29.43749999863440792 ) ) ;
#1615 = CARTESIAN_POINT ( 'NONE',  ( -2.474873734152917226, 2.474873734152916338, 28.62499999726881228 ) ) ;
#1616 = ORIENTED_EDGE ( 'NONE', *, *, #3372, .F. ) ;
#1617 = DIRECTION ( 'NONE',  ( 0.000000000000000000, 0.000000000000000000, -1.000000000000000000 ) ) ;
#1618 = CARTESIAN_POINT ( 'NONE',  ( -4.041265874999999674, -4.949123318322177694E-16, 26.31249999863440792 ) ) ;
#1619 = FACE_OUTER_BOUND ( 'NONE', #2821, .T. ) ;
#1620 = ORIENTED_EDGE ( 'NONE', *, *, #3420, .F. ) ;
#1621 = DIRECTION ( 'NONE',  ( -0.000000000000000000, -0.000000000000000000, 1.000000000000000000 ) ) ;
#1622 = VECTOR ( 'NONE', #1649, 1000.000000000000000 ) ;
#1623 = ADVANCED_FACE ( 'NONE', ( #972 ), #3349, .T. ) ;
#1624 = DIRECTION ( 'NONE',  ( 0.000000000000000000, 0.000000000000000000, -1.000000000000000000 ) ) ;
#1625 = CARTESIAN_POINT ( 'NONE',  ( -5.149568834345239488, -3.079635771832017532, 14.41006033903542694 ) ) ;
#1626 = CARTESIAN_POINT ( 'NONE',  ( 4.041265874999998786, 1.673947134580575868, 29.99999999863440081 ) ) ;
#1627 = CARTESIAN_POINT ( 'NONE',  ( -4.041265875000001451, 1.673947134580572538, 28.37499999863440792 ) ) ;
#1628 = CARTESIAN_POINT ( 'NONE',  ( 2.474561659161088847E-16, -4.041265874999999674, 27.68749999863440436 ) ) ;
#1629 = CARTESIAN_POINT ( 'NONE',  ( 3.500000000000000000, 0.000000000000000000, 19.00000000000000355 ) ) ;
#1630 = EDGE_CURVE ( 'NONE', #3064, #3588, #1076, .T. ) ;
#1631 = CARTESIAN_POINT ( 'NONE',  ( 4.041265874999999674, -1.673947134580573648, 21.74999999863440081 ) ) ;
#1632 = CARTESIAN_POINT ( 'NONE',  ( -6.000000000000000888, 0.000000000000000000, 35.00000000000000000 ) ) ;
#1633 = CARTESIAN_POINT ( 'NONE',  ( -6.429395695523603167E-16, 3.500000000000000000, 27.75000000000000000 ) ) ;
#1634 = AXIS2_PLACEMENT_3D ( 'NONE', #2193, #2428, #2154 ) ;
#1635 = CARTESIAN_POINT ( 'NONE',  ( -3.500000000000000000, -1.449747468305833564, 19.81249999726880873 ) ) ;
#1636 = CARTESIAN_POINT ( 'NONE',  ( 2.474873734152916782, -2.474873734152916782, 31.12499999726880873 ) ) ;
#1637 = CARTESIAN_POINT ( 'NONE',  ( -0.1644170496010389781, 2.836811590500856184, 15.25000000000000888 ) ) ;
#1638 = CARTESIAN_POINT ( 'NONE',  ( 1.984736897505240627, 0.6879863464372443227, 10.97691401412786227 ) ) ;
#1639 = AXIS2_PLACEMENT_3D ( 'NONE', #1177, #3522, #1719 ) ;
#1640 = ORIENTED_EDGE ( 'NONE', *, *, #7, .F. ) ;
#1641 = CARTESIAN_POINT ( 'NONE',  ( -5.472673906130421706, 2.462746766644256180, 15.89342361103443224 ) ) ;
#1642 = CARTESIAN_POINT ( 'NONE',  ( -3.500000000000000000, -1.449747468305833564, 21.81249999726880873 ) ) ;
#1643 = CARTESIAN_POINT ( 'NONE',  ( 6.000000000000000888, 7.347880794884120722E-16, 18.50000000000000711 ) ) ;
#1644 = CARTESIAN_POINT ( 'NONE',  ( 1.673947134580573870, -4.041265874999999674, 26.74999999863440081 ) ) ;
#1645 = CARTESIAN_POINT ( 'NONE',  ( -4.041265875000001451, 1.673947134580572538, 31.37499999863440436 ) ) ;
#1646 = CARTESIAN_POINT ( 'NONE',  ( -2.857606504790286550, -2.857606504790286994, 25.56249999863440792 ) ) ;
#1647 = EDGE_CURVE ( 'NONE', #2035, #2680, #3196, .T. ) ;
#1648 = VERTEX_POINT ( 'NONE', #2090 ) ;
#1649 = DIRECTION ( 'NONE',  ( -0.000000000000000000, -0.000000000000000000, 1.000000000000000000 ) ) ;
#1650 = CARTESIAN_POINT ( 'NONE',  ( -4.041265874999999674, -4.949123318322177694E-16, 21.31249999863440436 ) ) ;
#1651 = SURFACE_SIDE_STYLE ('',( #412 ) ) ;
#1652 = EDGE_CURVE ( 'NONE', #2850, #1866, #586, .T. ) ;
#1653 = CARTESIAN_POINT ( 'NONE',  ( 2.143131898507868297E-16, -3.500000000000000000, 21.24999999999999645 ) ) ;
#1654 =( BOUNDED_CURVE ( )  B_SPLINE_CURVE ( 2, ( #2147, #1217, #3682, #2404, #1545, #1001, #2736, #2188, #2792 ),
 .UNSPECIFIED., .F., .F. ) 
 B_SPLINE_CURVE_WITH_KNOTS ( ( 3, 2, 2, 2, 3 ),
 ( 0.4615384615384615641, 0.4711538461538461453, 0.4807692307692307820, 0.4903846153846153633, 0.5000000000000000000 ),
 .UNSPECIFIED. ) 
 CURVE ( )  GEOMETRIC_REPRESENTATION_ITEM ( )  RATIONAL_B_SPLINE_CURVE ( ( 1.000000000000000000, 0.9238795325112867385, 1.000000000000000000, 0.9238795325112867385, 1.000000000000000000, 0.9238795325112867385, 1.000000000000000000, 0.9238795325112867385, 1.000000000000000000 ) ) 
 REPRESENTATION_ITEM ( '' )  );
#1655 = CARTESIAN_POINT ( 'NONE',  ( 3.500000000000000000, 0.000000000000000000, 30.50000000000000000 ) ) ;
#1656 = CARTESIAN_POINT ( 'NONE',  ( 1.449747468305833342, -3.500000000000000444, 31.06249999726880873 ) ) ;
#1657 = CARTESIAN_POINT ( 'NONE',  ( -0.9983928384826078473, 3.005378063110811571, 13.23057820236546611 ) ) ;
#1658 = CARTESIAN_POINT ( 'NONE',  ( 2.857606504790286106, 2.857606504790286994, 26.93749999863440436 ) ) ;
#1659 = CARTESIAN_POINT ( 'NONE',  ( 3.500000000000000000, -1.449747468305833120, 28.18749999726881938 ) ) ;
#1660 = CARTESIAN_POINT ( 'NONE',  ( 4.041265874999998786, 1.673947134580575868, 27.87499999863440436 ) ) ;
#1661 = ORIENTED_EDGE ( 'NONE', *, *, #3492, .F. ) ;
#1662 = CYLINDRICAL_SURFACE ( 'NONE', #1017, 3.500000000000000000 ) ;
#1663 = CARTESIAN_POINT ( 'NONE',  ( 2.143131898507868297E-16, -3.500000000000000000, 24.99999999726881228 ) ) ;
#1664 = CARTESIAN_POINT ( 'NONE',  ( -5.793911244223015622, -1.568643011730311176, 16.68131447863022032 ) ) ;
#1665 = CARTESIAN_POINT ( 'NONE',  ( 2.857606504790286106, 2.857606504790286994, 26.06249999863440792 ) ) ;
#1666 = CARTESIAN_POINT ( 'NONE',  ( -4.041265875000001451, 1.673947134580572538, 24.37499999863441147 ) ) ;
#1667 = CARTESIAN_POINT ( 'NONE',  ( -4.041265874999999674, -1.673947134580573648, 27.49999999863440436 ) ) ;
#1668 = CARTESIAN_POINT ( 'NONE',  ( 0.000000000000000000, 0.000000000000000000, 0.5000000000000004441 ) ) ;
#1669 = CARTESIAN_POINT ( 'NONE',  ( -4.041265874999999674, -4.949123318322177694E-16, 23.31249999863440436 ) ) ;
#1670 = CARTESIAN_POINT ( 'NONE',  ( -1.673947134580575424, 4.041265874999998786, 25.12499999863441147 ) ) ;
#1671 = CARTESIAN_POINT ( 'NONE',  ( 0.000000000000000000, 0.000000000000000000, 19.00000000000000355 ) ) ;
#1672 = ADVANCED_FACE ( 'NONE', ( #3286 ), #92, .T. ) ;
#1673 = CARTESIAN_POINT ( 'NONE',  ( -6.429395695523603167E-16, 3.500000000000000000, 22.75000000000000000 ) ) ;
#1674 = CARTESIAN_POINT ( 'NONE',  ( 1.449747468305833786, 3.499999999999999556, 30.68750000000000355 ) ) ;
#1675 = CARTESIAN_POINT ( 'NONE',  ( -4.041265875000000563, 1.673947134580572538, 30.24999999863440436 ) ) ;
#1676 = CARTESIAN_POINT ( 'NONE',  ( -3.500000000000001332, 1.449747468305832010, 31.68749999726881228 ) ) ;
#1677 = CARTESIAN_POINT ( 'NONE',  ( 0.000000000000000000, 0.000000000000000000, 35.00000000000000000 ) ) ;
#1678 = CARTESIAN_POINT ( 'NONE',  ( -1.449747468305832898, -3.500000000000000000, 27.93749999726881583 ) ) ;
#1679 = CARTESIAN_POINT ( 'NONE',  ( -1.673947134580573204, -4.041265874999999674, 27.49999999863440436 ) ) ;
#1680 = ORIENTED_EDGE ( 'NONE', *, *, #3492, .T. ) ;
#1681 = CARTESIAN_POINT ( 'NONE',  ( -3.500000000000000000, -4.286263797015736595E-16, 30.74999999726880873 ) ) ;
#1682 = FACE_OUTER_BOUND ( 'NONE', #1091, .T. ) ;
#1683 = CARTESIAN_POINT ( 'NONE',  ( 2.857606504790286106, 2.857606504790286994, 29.06249999863440792 ) ) ;
#1684 = CARTESIAN_POINT ( 'NONE',  ( 4.041265874999999674, 0.000000000000000000, 26.93749999863440436 ) ) ;
#1685 = CARTESIAN_POINT ( 'NONE',  ( -1.673947134580575424, 4.041265874999998786, 20.24999999863440436 ) ) ;
#1686 = CARTESIAN_POINT ( 'NONE',  ( 3.500000000000000000, 0.000000000000000000, 30.24999999726880873 ) ) ;
#1687 = CARTESIAN_POINT ( 'NONE',  ( 2.857606504790286994, -2.857606504790286994, 21.68749999863440436 ) ) ;
#1688 = CARTESIAN_POINT ( 'NONE',  ( -1.673947134580573426, -4.041265874999999674, 25.49999999863440436 ) ) ;
#1689 = CARTESIAN_POINT ( 'NONE',  ( -2.857606504790286994, 2.857606504790286550, 24.18749999863440436 ) ) ;
#1690 = CARTESIAN_POINT ( 'NONE',  ( 1.250027170630405138, 1.687433576123949397, 4.832221618655933248 ) ) ;
#1691 = EDGE_LOOP ( 'NONE', ( #2911, #3529, #2798, #918, #1067, #2856 ) ) ;
#1692 = CARTESIAN_POINT ( 'NONE',  ( 1.449747468305833342, -3.500000000000000444, 21.31250000000000000 ) ) ;
#1693 = CARTESIAN_POINT ( 'NONE',  ( -5.500000000000001776, 0.000000000000000000, 19.00000000000000355 ) ) ;
#1694 = CARTESIAN_POINT ( 'NONE',  ( -1.673947134580573204, -4.041265874999999674, 29.49999999863440792 ) ) ;
#1695 = CARTESIAN_POINT ( 'NONE',  ( 1.449747468305833564, 3.500000000000000000, 31.43749999726880873 ) ) ;
#1696 = CARTESIAN_POINT ( 'NONE',  ( -1.998465199581722196, 0.6584605617286770629, 10.96809137962795866 ) ) ;
#1697 = CARTESIAN_POINT ( 'NONE',  ( 3.500000000000000000, 0.000000000000000000, 21.24999999726881228 ) ) ;
#1698 = B_SPLINE_CURVE_WITH_KNOTS ( 'NONE', 3,
 ( #634, #32, #1280, #3667, #2172, #694, #1875, #1220, #2407, #3607, #2107, #3418, #1038, #3435, #436, #2864, #2212, #1364 ),
 .UNSPECIFIED., .F., .F.,
 ( 4, 2, 2, 2, 2, 2, 2, 2, 4 ),
 ( 0.003918822340149863762, 0.004408547516782008319, 0.004898272693414153743, 0.005387997870046298300, 0.005877723046678443725, 0.006367448223310588282, 0.006857173399942732839, 0.007346898576574877396, 0.007836623753207023688 ),
 .UNSPECIFIED. ) ;
#1699 = CIRCLE ( 'NONE', #3141, 3.000000000000000444 ) ;
#1700 = EDGE_CURVE ( 'NONE', #1399, #2680, #1183, .T. ) ;
#1701 =( BOUNDED_CURVE ( )  B_SPLINE_CURVE ( 2, ( #2673, #1735, #1480, #1440, #2359, #591, #3, #2904, #1500 ),
 .UNSPECIFIED., .F., .F. ) 
 B_SPLINE_CURVE_WITH_KNOTS ( ( 3, 2, 2, 2, 3 ),
 ( 0.1538461538461538547, 0.1634615384615384637, 0.1730769230769230727, 0.1826923076923076816, 0.1923076923076923184 ),
 .UNSPECIFIED. ) 
 CURVE ( )  GEOMETRIC_REPRESENTATION_ITEM ( )  RATIONAL_B_SPLINE_CURVE ( ( 1.000000000000000000, 0.9238795325112867385, 1.000000000000000000, 0.9238795325112867385, 1.000000000000000000, 0.9238795325112867385, 1.000000000000000000, 0.9238795325112867385, 1.000000000000000000 ) ) 
 REPRESENTATION_ITEM ( '' )  );
#1702 = CARTESIAN_POINT ( 'NONE',  ( 1.449747468305833564, -3.500000000000000000, 26.31250000000000000 ) ) ;
#1703 = CARTESIAN_POINT ( 'NONE',  ( -1.449747468305832898, -3.500000000000000444, 31.18750000000000355 ) ) ;
#1704 = AXIS2_PLACEMENT_3D ( 'NONE', #419, #2698, #3346 ) ;
#1705 = CARTESIAN_POINT ( 'NONE',  ( -0.6299628033887905154, 5.968761835731647203, 6.091969684348564229 ) ) ;
#1706 = CARTESIAN_POINT ( 'NONE',  ( 4.041265874999999674, -1.673947134580573648, 28.87499999863440792 ) ) ;
#1707 = CARTESIAN_POINT ( 'NONE',  ( -5.136988358046869152, 3.100217843163962428, 13.79665410859088581 ) ) ;
#1708 = CARTESIAN_POINT ( 'NONE',  ( -4.041265875000000563, 1.673947134580572538, 20.37499999863441147 ) ) ;
#1709 = ORIENTED_EDGE ( 'NONE', *, *, #1159, .T. ) ;
#1710 = CYLINDRICAL_SURFACE ( 'NONE', #3459, 3.000000000000000444 ) ;
#1711 = CARTESIAN_POINT ( 'NONE',  ( -1.673947134580575424, 4.041265874999998786, 22.12499999863440792 ) ) ;
#1712 = CARTESIAN_POINT ( 'NONE',  ( 4.041265874999998786, 1.673947134580575868, 27.87499999863440792 ) ) ;
#1713 = CARTESIAN_POINT ( 'NONE',  ( -1.673947134580575424, 4.041265874999998786, 24.12499999863440792 ) ) ;
#1714 = CARTESIAN_POINT ( 'NONE',  ( -1.449747468305834897, 3.499999999999999112, 28.81250000000000355 ) ) ;
#1715 = ORIENTED_EDGE ( 'NONE', *, *, #730, .F. ) ;
#1716 = CARTESIAN_POINT ( 'NONE',  ( -3.500000000000000444, -1.449747468305833342, 20.06250000000000355 ) ) ;
#1717 = CARTESIAN_POINT ( 'NONE',  ( 2.143131898507868297E-16, -3.500000000000000000, 26.99999999726880873 ) ) ;
#1718 = CARTESIAN_POINT ( 'NONE',  ( 2.474873734152916782, -2.474873734152916782, 23.12499999726880873 ) ) ;
#1719 = DIRECTION ( 'NONE',  ( 1.000000000000000000, 0.000000000000000000, 0.000000000000000000 ) ) ;
#1720 = CARTESIAN_POINT ( 'NONE',  ( 2.474873734152916782, -2.474873734152916782, 30.37500000000000000 ) ) ;
#1721 = CARTESIAN_POINT ( 'NONE',  ( 3.500000000000000000, -1.449747468305833120, 27.18749999726880517 ) ) ;
#1722 = CARTESIAN_POINT ( 'NONE',  ( 1.673947134580573870, -4.041265874999999674, 24.74999999863440792 ) ) ;
#1723 =( BOUNDED_CURVE ( )  B_SPLINE_CURVE ( 2, ( #2905, #1441, #242, #613, #2087, #552, #3562, #3589, #2985 ),
 .UNSPECIFIED., .F., .T. ) 
 B_SPLINE_CURVE_WITH_KNOTS ( ( 3, 2, 2, 2, 3 ),
 ( 0.6538461538461538547, 0.6634615384615384359, 0.6730769230769231282, 0.6826923076923077094, 0.6923076923076922906 ),
 .UNSPECIFIED. ) 
 CURVE ( )  GEOMETRIC_REPRESENTATION_ITEM ( )  RATIONAL_B_SPLINE_CURVE ( ( 1.000000000000000000, 0.9238795325112867385, 1.000000000000000000, 0.9238795325112867385, 1.000000000000000000, 0.9238795325112867385, 1.000000000000000000, 0.9238795325112867385, 1.000000000000000000 ) ) 
 REPRESENTATION_ITEM ( '' )  );
#1724 = CARTESIAN_POINT ( 'NONE',  ( -1.673947134580573204, -4.041265874999999674, 22.62499999863440792 ) ) ;
#1725 = CARTESIAN_POINT ( 'NONE',  ( 3.500000000000000000, 0.000000000000000000, 30.50000000000000000 ) ) ;
#1726 = CARTESIAN_POINT ( 'NONE',  ( 2.857606504790286994, -2.857606504790286994, 20.68749999863440436 ) ) ;
#1727 = CARTESIAN_POINT ( 'NONE',  ( -4.041265875000001451, 1.673947134580572538, 28.24999999863440436 ) ) ;
#1728 = CARTESIAN_POINT ( 'NONE',  ( -7.423684977483266541E-16, 4.041265874999999674, 22.06249999863440436 ) ) ;
#1729 = CARTESIAN_POINT ( 'NONE',  ( 3.500000000000000000, 0.000000000000000000, 28.50000000000000000 ) ) ;
#1730 = VERTEX_POINT ( 'NONE', #322 ) ;
#1731 = EDGE_LOOP ( 'NONE', ( #945, #2000, #1741, #3304, #1211, #895, #1135 ) ) ;
#1732 = CARTESIAN_POINT ( 'NONE',  ( 1.449747468305833564, 3.500000000000000000, 23.68750000000000355 ) ) ;
#1733 = CARTESIAN_POINT ( 'NONE',  ( -6.429395695523603167E-16, 3.500000000000000000, 25.49999999726881228 ) ) ;
#1734 = LINE ( 'NONE', #2672, #3142 ) ;
#1735 = CARTESIAN_POINT ( 'NONE',  ( 3.500000000000000000, -1.449747468305833120, 29.43750000000000355 ) ) ;
#1736 = FACE_BOUND ( 'NONE', #2918, .T. ) ;
#1737 = CARTESIAN_POINT ( 'NONE',  ( -3.500000000000000000, -4.286263797015736595E-16, 24.74999999726881228 ) ) ;
#1738 = CARTESIAN_POINT ( 'NONE',  ( 1.673947134580574092, 4.041265874999998786, 22.12499999863440792 ) ) ;
#1739 = CARTESIAN_POINT ( 'NONE',  ( -5.317721157680296962, 2.780258083047693951, 12.61382278769973020 ) ) ;
#1740 = CARTESIAN_POINT ( 'NONE',  ( -7.423684977483266541E-16, 4.041265874999999674, 22.18749999863440436 ) ) ;
#1741 = ORIENTED_EDGE ( 'NONE', *, *, #2276, .T. ) ;
#1742 = ADVANCED_FACE ( 'NONE', ( #77 ), #596, .F. ) ;
#1743 = DIRECTION ( 'NONE',  ( 0.000000000000000000, -1.000000000000000000, 0.000000000000000000 ) ) ;
#1744 = CARTESIAN_POINT ( 'NONE',  ( 2.474561659161088847E-16, -4.041265874999999674, 20.56249999863440436 ) ) ;
#1745 =( BOUNDED_CURVE ( )  B_SPLINE_CURVE ( 2, ( #540, #248, #3288, #3227, #324, #3844, #263, #888, #2606 ),
 .UNSPECIFIED., .F., .F. ) 
 B_SPLINE_CURVE_WITH_KNOTS ( ( 3, 2, 2, 2, 3 ),
 ( 0.2307692307692307820, 0.2403846153846153910, 0.2500000000000000000, 0.2596153846153846367, 0.2692307692307692180 ),
 .UNSPECIFIED. ) 
 CURVE ( )  GEOMETRIC_REPRESENTATION_ITEM ( )  RATIONAL_B_SPLINE_CURVE ( ( 1.000000000000000000, 0.9238795325112867385, 1.000000000000000000, 0.9238795325112867385, 1.000000000000000000, 0.9238795325112867385, 1.000000000000000000, 0.9238795325112867385, 1.000000000000000000 ) ) 
 REPRESENTATION_ITEM ( '' )  );
#1746 = CARTESIAN_POINT ( 'NONE',  ( 2.857606504790286994, -2.857606504790286994, 20.68749999863440436 ) ) ;
#1747 = CARTESIAN_POINT ( 'NONE',  ( 1.673947134580574092, 4.041265874999998786, 24.99999999863440792 ) ) ;
#1748 = CARTESIAN_POINT ( 'NONE',  ( 3.500000000000000000, 0.000000000000000000, 27.24999999726880873 ) ) ;
#1749 = CARTESIAN_POINT ( 'NONE',  ( 1.449747468305833786, 3.499999999999999556, 20.43749999726881228 ) ) ;
#1750 = EDGE_CURVE ( 'NONE', #1600, #2537, #2399, .T. ) ;
#1751 = ORIENTED_EDGE ( 'NONE', *, *, #3377, .F. ) ;
#1752 = CARTESIAN_POINT ( 'NONE',  ( 1.673947134580574092, 4.041265874999998786, 29.99999999863440081 ) ) ;
#1753 = CARTESIAN_POINT ( 'NONE',  ( 2.474873734152916782, -2.474873734152916782, 27.12499999726880873 ) ) ;
#1754 = DIRECTION ( 'NONE',  ( -0.000000000000000000, -0.000000000000000000, 1.000000000000000000 ) ) ;
#1755 = CARTESIAN_POINT ( 'NONE',  ( -2.474873734152917226, 2.474873734152916338, 29.62499999726881228 ) ) ;
#1756 = CARTESIAN_POINT ( 'NONE',  ( 4.041265874999999674, 0.000000000000000000, 23.93749999863440436 ) ) ;
#1757 = DIRECTION ( 'NONE',  ( -0.000000000000000000, -0.000000000000000000, -1.000000000000000000 ) ) ;
#1758 = AXIS2_PLACEMENT_3D ( 'NONE', #1484, #3222, #1801 ) ;
#1759 = CARTESIAN_POINT ( 'NONE',  ( -3.500000000000001332, 1.449747468305832454, 24.68749999726881228 ) ) ;
#1760 = CARTESIAN_POINT ( 'NONE',  ( 2.857606504790286994, -2.857606504790286994, 23.81249999863440436 ) ) ;
#1761 = CARTESIAN_POINT ( 'NONE',  ( -2.857606504790286550, -2.857606504790286994, 23.56249999863440436 ) ) ;
#1762 = VERTEX_POINT ( 'NONE', #3670 ) ;
#1763 = CARTESIAN_POINT ( 'NONE',  ( 2.143131898507868297E-16, -3.500000000000000000, 30.25000000000000000 ) ) ;
#1764 = AXIS2_PLACEMENT_3D ( 'NONE', #1910, #1077, #3110 ) ;
#1765 = CYLINDRICAL_SURFACE ( 'NONE', #1210, 3.500000000000000000 ) ;
#1766 = CARTESIAN_POINT ( 'NONE',  ( -1.673947134580573426, -4.041265874999999674, 21.49999999863440436 ) ) ;
#1767 = ADVANCED_FACE ( 'NONE', ( #1282 ), #97, .T. ) ;
#1768 = CARTESIAN_POINT ( 'NONE',  ( 4.041265874999999674, -1.673947134580573426, 22.74999999863440436 ) ) ;
#1769 = CARTESIAN_POINT ( 'NONE',  ( 1.249972796626939830, 1.687473854267776519, 5.168182996326379453 ) ) ;
#1770 = VECTOR ( 'NONE', #1139, 1000.000000000000000 ) ;
#1771 = ORIENTED_EDGE ( 'NONE', *, *, #887, .T. ) ;
#1772 = ORIENTED_EDGE ( 'NONE', *, *, #2887, .F. ) ;
#1773 = CARTESIAN_POINT ( 'NONE',  ( 2.474561659161088847E-16, -4.041265874999999674, 31.56249999863440436 ) ) ;
#1774 = EDGE_CURVE ( 'NONE', #812, #289, #2701, .T. ) ;
#1775 = LINE ( 'NONE', #547, #1770 ) ;
#1776 = CARTESIAN_POINT ( 'NONE',  ( -3.500000000000000444, -1.449747468305833342, 24.81249999726881228 ) ) ;
#1777 = CARTESIAN_POINT ( 'NONE',  ( 1.449747468305833564, -3.500000000000000000, 31.31250000000000000 ) ) ;
#1778 = CARTESIAN_POINT ( 'NONE',  ( -7.423684977483266541E-16, 4.041265874999999674, 25.18749999863440792 ) ) ;
#1779 = EDGE_LOOP ( 'NONE', ( #3003, #799, #168, #2416, #3684, #793, #2598, #1268 ) ) ;
#1780 = CARTESIAN_POINT ( 'NONE',  ( 0.000000000000000000, 6.000000000000000888, 5.000000000000000000 ) ) ;
#1781 = CARTESIAN_POINT ( 'NONE',  ( -1.673947134580573426, -4.041265874999999674, 23.62499999863440792 ) ) ;
#1782 = CARTESIAN_POINT ( 'NONE',  ( 1.449747468305833786, 3.499999999999999556, 29.68750000000000355 ) ) ;
#1783 = ORIENTED_EDGE ( 'NONE', *, *, #845, .T. ) ;
#1784 = CARTESIAN_POINT ( 'NONE',  ( 4.041265874999999674, 0.000000000000000000, 31.87499999863440436 ) ) ;
#1785 = FACE_OUTER_BOUND ( 'NONE', #2984, .T. ) ;
#1786 = CARTESIAN_POINT ( 'NONE',  ( -2.857606504790286550, -2.857606504790286994, 19.43749999863440436 ) ) ;
#1787 = CARTESIAN_POINT ( 'NONE',  ( -4.041265874999999674, -1.673947134580573870, 21.37499999863440792 ) ) ;
#1788 = CARTESIAN_POINT ( 'NONE',  ( 4.041265874999999674, 0.000000000000000000, 19.81249999863440436 ) ) ;
#1789 = CARTESIAN_POINT ( 'NONE',  ( 2.857606504790286106, 2.857606504790286994, 29.06249999863440792 ) ) ;
#1790 = ORIENTED_EDGE ( 'NONE', *, *, #203, .F. ) ;
#1791 = ORIENTED_EDGE ( 'NONE', *, *, #2913, .T. ) ;
#1792 = CARTESIAN_POINT ( 'NONE',  ( -2.857606504790286994, 2.857606504790286550, 30.18749999863440436 ) ) ;
#1793 = CARTESIAN_POINT ( 'NONE',  ( 3.500000000000000000, 0.000000000000000000, 26.24999999726881228 ) ) ;
#1794 = EDGE_CURVE ( 'NONE', #1762, #656, #24, .T. ) ;
#1795 = CARTESIAN_POINT ( 'NONE',  ( -2.474873734152917226, 2.474873734152916338, 29.87500000000000000 ) ) ;
#1796 = CARTESIAN_POINT ( 'NONE',  ( -1.673947134580573426, -4.041265874999999674, 29.49999999863440436 ) ) ;
#1797 = CARTESIAN_POINT ( 'NONE',  ( 3.500000000000000000, 0.000000000000000000, 31.24999999726880873 ) ) ;
#1798 = CARTESIAN_POINT ( 'NONE',  ( -1.673947134580575424, 4.041265874999998786, 24.24999999863440436 ) ) ;
#1799 = CARTESIAN_POINT ( 'NONE',  ( 2.857606504790286106, 2.857606504790286994, 25.93749999863440792 ) ) ;
#1800 = ORIENTED_EDGE ( 'NONE', *, *, #2395, .F. ) ;
#1801 = DIRECTION ( 'NONE',  ( 1.000000000000000000, 0.000000000000000000, -0.000000000000000000 ) ) ;
#1802 = CARTESIAN_POINT ( 'NONE',  ( 0.000000000000000000, 0.000000000000000000, 32.24999999726880873 ) ) ;
#1803 = CARTESIAN_POINT ( 'NONE',  ( 4.041265874999999674, -1.673947134580573648, 23.87499999863441147 ) ) ;
#1804 = FACE_OUTER_BOUND ( 'NONE', #361, .T. ) ;
#1805 = CARTESIAN_POINT ( 'NONE',  ( 4.041265874999999674, 0.000000000000000000, 19.93749999863440436 ) ) ;
#1806 = CARTESIAN_POINT ( 'NONE',  ( 0.000000000000000000, 0.000000000000000000, 32.24999999726880873 ) ) ;
#1807 = CARTESIAN_POINT ( 'NONE',  ( 5.500000000000001776, 7.041719095097282852E-16, 19.00000000000000355 ) ) ;
#1808 =( BOUNDED_SURFACE ( )  B_SPLINE_SURFACE ( 1, 2, ( 
 ( #3681, #2168, #107, #1563, #88, #2479, #3623, #358, #3641, #1000, #1544, #3028, #69, #2145, #963, #1275, #1521, #2735, #3319, #3278, #337, #2403, #2462, #609, #1235, #1253, #2439, #3603, #3342, #671, #51, #1855, #3048, #3664, #3361, #942, #651, #1796, #2980, #924, #1839, #313, #1871, #983, #1818, #3070, #1581, #1499, #2694, #26, #1216, #2103, #3301, #630, #3767, #542, #2020, #1727, #2897, #3822, #1374, #2915, #2548, #1712, #1307, #3748, #3159, #1094, #1432, #1070, #3451, #2626, #250, #2187, #778, #2258, #3192, #2311, #3509, #1965, #2608, #3380, #3213, #233, #2295, #3174, #3491, #707, #2278, #481, #1417, #1890, #1131, #3090, #521, #3806, #414, #2565, #502, #2586, #1597, #1688, #1983, #2877, #1115, #3787, #834, #1670, #214, #3473, #2791, #2859, #194, #122, #795, #1396, #815, #2003, #1449, #2971, #14, #869, #2684, #1206, #1810, #1225, #1469, #2371, #3532, #349, #265, #285, #641, #2413, #2391, #3551, #935, #39, #2991, #3247, #2706, #3596, #304, #914, #3268, #2664, #3312, #2112, #1829, #326, #2724, #3864, #3018, #2644, #620, #3846, #1169, #2054, #1187, #1534, #2351, #581, #1150, #2330, #852, #1766, #2954, #1787, #3573, #2037, #3229, #891, #600, #2074, #561, #3613, #1491, #2093, #1746, #3290, #1512, #2931, #133, #2768, #3369, #3673, #115, #698, #1027, #3039, #737, #993, #1863, #3354, #1880, #2744, #1317, #665, #3689, #387, #2136 ),
 ( #100, #1244, #2178, #2430, #1284, #80, #1847, #953, #3707, #2801, #2505, #2219, #3408, #61, #1265, #3081, #1300, #366, #3633, #2453, #3655, #682, #1917, #2471, #3060, #2196, #3117, #975, #407, #444, #1607, #1626, #3336, #1554, #1590, #2158, #1571, #2785, #2489, #1008, #3390, #718, #424, #1898, #3100, #172, #1683, #1108, #514, #1706, #828, #2253, #2837, #2541, #3743, #1126, #1390, #3724, #188, #1335, #3210, #753, #2872, #1976, #1064, #228, #3760, #536, #2525, #2290, #1044, #1354, #771, #3486, #1087, #2818, #1411, #151, #3443, #2602, #1958, #3801, #3154, #1644, #2306, #3505, #2853, #3169, #2559, #2016, #3133, #2271, #809, #476, #1665, #2237, #2580, #3425, #1997, #3187, #1369, #3466, #2891, #1937, #788, #496, #208, #3781, #461, #3608, #847, #1145, #1221, #280, #1443, #1722, #3565, #3591, #3858, #575, #3241, #244, #2408, #2987, #1505, #2909, #1180, #2638, #3526, #1803, #1760, #2364, #1461, #1781, #882, #2699, #2032, #929, #2658, #3543, #1164, #2067, #556, #319, #2326, #1486, #2049, #3818, #2108, #3307, #2948, #2677, #33, #1427, #3224, #2088, #2620, #1738, #907, #2966, #3261, #298, #2926, #594, #261, #3284, #3840, #615, #2345, #8, #1200, #863, #2383, #1568, #988, #2214, #2763, #380, #1281, #3366, #2173, #2485, #2740, #95, #676, #2501, #363, #3628, #112, #1022, #2445, #2468, #3669, #948, #695, #1876, #1549, #3075, #404, #1298, #714 ) ),
 .UNSPECIFIED., .F., .F., .F. ) 
 B_SPLINE_SURFACE_WITH_KNOTS ( ( 2, 2 ),
 ( 3, 2, 2, 2, 2, 2, 2, 2, 2, 2, 2, 2, 2, 2, 2, 2, 2, 2, 2, 2, 2, 2, 2, 2, 2, 2, 2, 2, 2, 2, 2, 2, 2, 2, 2, 2, 2, 2, 2, 2, 2, 2, 2, 2, 2, 2, 2, 2, 2, 2, 2, 2, 2, 2, 2, 2, 2, 2, 2, 2, 2, 2, 2, 2, 2, 2, 2, 2, 2, 2, 2, 2, 2, 2, 2, 2, 2, 2, 2, 2, 2, 2, 2, 2, 2, 2, 2, 2, 2, 2, 2, 2, 2, 2, 2, 2, 2, 2, 2, 2, 3 ),
 ( 0.000000000000000000, 1.000000000000000000 ),
 ( 0.000000000000000000, 0.009615384615384615918, 0.01923076923076923184, 0.02884615384615384776, 0.03846153846153846367, 0.04807692307692307959, 0.05769230769230769551, 0.06730769230769230449, 0.07692307692307692735, 0.08653846153846153633, 0.09615384615384615918, 0.1057692307692307682, 0.1153846153846153910, 0.1250000000000000000, 0.1346153846153846090, 0.1442307692307692180, 0.1538461538461538547, 0.1634615384615384637, 0.1730769230769230727, 0.1826923076923076816, 0.1923076923076923184, 0.2019230769230769273, 0.2115384615384615363, 0.2211538461538461453, 0.2307692307692307820, 0.2403846153846153910, 0.2500000000000000000, 0.2596153846153846367, 0.2692307692307692180, 0.2788461538461538547, 0.2884615384615384359, 0.2980769230769230727, 0.3076923076923077094, 0.3173076923076922906, 0.3269230769230769273, 0.3365384615384615641, 0.3461538461538461453, 0.3557692307692307820, 0.3653846153846153633, 0.3750000000000000000, 0.3846153846153846367, 0.3942307692307692180, 0.4038461538461538547, 0.4134615384615384359, 0.4230769230769230727, 0.4326923076923077094, 0.4423076923076922906, 0.4519230769230769273, 0.4615384615384615641, 0.4711538461538461453, 0.4807692307692307820, 0.4903846153846153633, 0.5000000000000000000, 0.5096153846153845812, 0.5192307692307692735, 0.5288461538461538547, 0.5384615384615384359, 0.5480769230769231282, 0.5576923076923077094, 0.5673076923076922906, 0.5769230769230768718, 0.5865384615384615641, 0.5961538461538461453, 0.6057692307692307265, 0.6153846153846154188, 0.6250000000000000000, 0.6346153846153845812, 0.6442307692307692735, 0.6538461538461538547, 0.6634615384615384359, 0.6730769230769231282, 0.6826923076923077094, 0.6923076923076922906, 0.7019230769230768718, 0.7115384615384615641, 0.7211538461538461453, 0.7307692307692307265, 0.7403846153846154188, 0.7500000000000000000, 0.7596153846153845812, 0.7692307692307692735, 0.7788461538461538547, 0.7884615384615384359, 0.7980769230769231282, 0.8076923076923077094, 0.8173076923076922906, 0.8269230769230768718, 0.8365384615384615641, 0.8461538461538461453, 0.8557692307692307265, 0.8653846153846154188, 0.8750000000000000000, 0.8846153846153845812, 0.8942307692307692735, 0.9038461538461538547, 0.9134615384615384359, 0.9230769230769231282, 0.9326923076923077094, 0.9423076923076922906, 0.9519230769230768718, 0.9615384615384615641 ),
 .UNSPECIFIED. ) 
 GEOMETRIC_REPRESENTATION_ITEM ( )  RATIONAL_B_SPLINE_SURFACE ( (
 ( 1.000000000000000000, 0.9238795325112867385, 1.000000000000000000, 0.9238795325112867385, 1.000000000000000000, 0.9238795325112867385, 1.000000000000000000, 0.9238795325112867385, 1.000000000000000000, 0.9238795325112867385, 1.000000000000000000, 0.9238795325112867385, 1.000000000000000000, 0.9238795325112867385, 1.000000000000000000, 0.9238795325112867385, 1.000000000000000000, 0.9238795325112867385, 1.000000000000000000, 0.9238795325112867385, 1.000000000000000000, 0.9238795325112867385, 1.000000000000000000, 0.9238795325112867385, 1.000000000000000000, 0.9238795325112867385, 1.000000000000000000, 0.9238795325112867385, 1.000000000000000000, 0.9238795325112867385, 1.000000000000000000, 0.9238795325112867385, 1.000000000000000000, 0.9238795325112867385, 1.000000000000000000, 0.9238795325112867385, 1.000000000000000000, 0.9238795325112867385, 1.000000000000000000, 0.9238795325112867385, 1.000000000000000000, 0.9238795325112867385, 1.000000000000000000, 0.9238795325112867385, 1.000000000000000000, 0.9238795325112867385, 1.000000000000000000, 0.9238795325112867385, 1.000000000000000000, 0.9238795325112867385, 1.000000000000000000, 0.9238795325112867385, 1.000000000000000000, 0.9238795325112867385, 1.000000000000000000, 0.9238795325112867385, 1.000000000000000000, 0.9238795325112867385, 1.000000000000000000, 0.9238795325112867385, 1.000000000000000000, 0.9238795325112867385, 1.000000000000000000, 0.9238795325112867385, 1.000000000000000000, 0.9238795325112867385, 1.000000000000000000, 0.9238795325112867385, 1.000000000000000000, 0.9238795325112867385, 1.000000000000000000, 0.9238795325112867385, 1.000000000000000000, 0.9238795325112867385, 1.000000000000000000, 0.9238795325112867385, 1.000000000000000000, 0.9238795325112867385, 1.000000000000000000, 0.9238795325112867385, 1.000000000000000000, 0.9238795325112867385, 1.000000000000000000, 0.9238795325112867385, 1.000000000000000000, 0.9238795325112867385, 1.000000000000000000, 0.9238795325112867385, 1.000000000000000000, 0.9238795325112867385, 1.000000000000000000, 0.9238795325112867385, 1.000000000000000000, 0.9238795325112867385, 1.000000000000000000, 0.9238795325112867385, 1.000000000000000000, 0.9238795325112867385, 1.000000000000000000, 0.9238795325112867385, 1.000000000000000000, 0.9238795325112867385, 1.000000000000000000, 0.9238795325112867385, 1.000000000000000000, 0.9238795325112867385, 1.000000000000000000, 0.9238795325112867385, 1.000000000000000000, 0.9238795325112867385, 1.000000000000000000, 0.9238795325112867385, 1.000000000000000000, 0.9238795325112867385, 1.000000000000000000, 0.9238795325112867385, 1.000000000000000000, 0.9238795325112867385, 1.000000000000000000, 0.9238795325112867385, 1.000000000000000000, 0.9238795325112867385, 1.000000000000000000, 0.9238795325112867385, 1.000000000000000000, 0.9238795325112867385, 1.000000000000000000, 0.9238795325112867385, 1.000000000000000000, 0.9238795325112867385, 1.000000000000000000, 0.9238795325112867385, 1.000000000000000000, 0.9238795325112867385, 1.000000000000000000, 0.9238795325112867385, 1.000000000000000000, 0.9238795325112867385, 1.000000000000000000, 0.9238795325112867385, 1.000000000000000000, 0.9238795325112867385, 1.000000000000000000, 0.9238795325112867385, 1.000000000000000000, 0.9238795325112867385, 1.000000000000000000, 0.9238795325112867385, 1.000000000000000000, 0.9238795325112867385, 1.000000000000000000, 0.9238795325112867385, 1.000000000000000000, 0.9238795325112867385, 1.000000000000000000, 0.9238795325112867385, 1.000000000000000000, 0.9238795325112867385, 1.000000000000000000, 0.9238795325112867385, 1.000000000000000000, 0.9238795325112867385, 1.000000000000000000, 0.9238795325112867385, 1.000000000000000000, 0.9238795325112867385, 1.000000000000000000, 0.9238795325112867385, 1.000000000000000000, 0.9238795325112867385, 1.000000000000000000, 0.9238795325112867385, 1.000000000000000000, 0.9238795325112867385, 1.000000000000000000, 0.9238795325112867385, 1.000000000000000000, 0.9238795325112867385, 1.000000000000000000, 0.9238795325112867385, 1.000000000000000000, 0.9238795325112867385, 1.000000000000000000, 0.9238795325112867385, 1.000000000000000000, 0.9238795325112867385, 1.000000000000000000, 0.9238795325112867385, 1.000000000000000000, 0.9238795325112867385, 1.000000000000000000, 0.9238795325112867385, 1.000000000000000000, 0.9238795325112867385, 1.000000000000000000, 0.9238795325112867385, 1.000000000000000000, 0.9238795325112867385, 1.000000000000000000, 0.9238795325112867385, 1.000000000000000000),
 ( 1.000000000000000000, 0.9238795325112867385, 1.000000000000000000, 0.9238795325112867385, 1.000000000000000000, 0.9238795325112867385, 1.000000000000000000, 0.9238795325112867385, 1.000000000000000000, 0.9238795325112867385, 1.000000000000000000, 0.9238795325112867385, 1.000000000000000000, 0.9238795325112867385, 1.000000000000000000, 0.9238795325112867385, 1.000000000000000000, 0.9238795325112867385, 1.000000000000000000, 0.9238795325112867385, 1.000000000000000000, 0.9238795325112867385, 1.000000000000000000, 0.9238795325112867385, 1.000000000000000000, 0.9238795325112867385, 1.000000000000000000, 0.9238795325112867385, 1.000000000000000000, 0.9238795325112867385, 1.000000000000000000, 0.9238795325112867385, 1.000000000000000000, 0.9238795325112867385, 1.000000000000000000, 0.9238795325112867385, 1.000000000000000000, 0.9238795325112867385, 1.000000000000000000, 0.9238795325112867385, 1.000000000000000000, 0.9238795325112867385, 1.000000000000000000, 0.9238795325112867385, 1.000000000000000000, 0.9238795325112867385, 1.000000000000000000, 0.9238795325112867385, 1.000000000000000000, 0.9238795325112867385, 1.000000000000000000, 0.9238795325112867385, 1.000000000000000000, 0.9238795325112867385, 1.000000000000000000, 0.9238795325112867385, 1.000000000000000000, 0.9238795325112867385, 1.000000000000000000, 0.9238795325112867385, 1.000000000000000000, 0.9238795325112867385, 1.000000000000000000, 0.9238795325112867385, 1.000000000000000000, 0.9238795325112867385, 1.000000000000000000, 0.9238795325112867385, 1.000000000000000000, 0.9238795325112867385, 1.000000000000000000, 0.9238795325112867385, 1.000000000000000000, 0.9238795325112867385, 1.000000000000000000, 0.9238795325112867385, 1.000000000000000000, 0.9238795325112867385, 1.000000000000000000, 0.9238795325112867385, 1.000000000000000000, 0.9238795325112867385, 1.000000000000000000, 0.9238795325112867385, 1.000000000000000000, 0.9238795325112867385, 1.000000000000000000, 0.9238795325112867385, 1.000000000000000000, 0.9238795325112867385, 1.000000000000000000, 0.9238795325112867385, 1.000000000000000000, 0.9238795325112867385, 1.000000000000000000, 0.9238795325112867385, 1.000000000000000000, 0.9238795325112867385, 1.000000000000000000, 0.9238795325112867385, 1.000000000000000000, 0.9238795325112867385, 1.000000000000000000, 0.9238795325112867385, 1.000000000000000000, 0.9238795325112867385, 1.000000000000000000, 0.9238795325112867385, 1.000000000000000000, 0.9238795325112867385, 1.000000000000000000, 0.9238795325112867385, 1.000000000000000000, 0.9238795325112867385, 1.000000000000000000, 0.9238795325112867385, 1.000000000000000000, 0.9238795325112867385, 1.000000000000000000, 0.9238795325112867385, 1.000000000000000000, 0.9238795325112867385, 1.000000000000000000, 0.9238795325112867385, 1.000000000000000000, 0.9238795325112867385, 1.000000000000000000, 0.9238795325112867385, 1.000000000000000000, 0.9238795325112867385, 1.000000000000000000, 0.9238795325112867385, 1.000000000000000000, 0.9238795325112867385, 1.000000000000000000, 0.9238795325112867385, 1.000000000000000000, 0.9238795325112867385, 1.000000000000000000, 0.9238795325112867385, 1.000000000000000000, 0.9238795325112867385, 1.000000000000000000, 0.9238795325112867385, 1.000000000000000000, 0.9238795325112867385, 1.000000000000000000, 0.9238795325112867385, 1.000000000000000000, 0.9238795325112867385, 1.000000000000000000, 0.9238795325112867385, 1.000000000000000000, 0.9238795325112867385, 1.000000000000000000, 0.9238795325112867385, 1.000000000000000000, 0.9238795325112867385, 1.000000000000000000, 0.9238795325112867385, 1.000000000000000000, 0.9238795325112867385, 1.000000000000000000, 0.9238795325112867385, 1.000000000000000000, 0.9238795325112867385, 1.000000000000000000, 0.9238795325112867385, 1.000000000000000000, 0.9238795325112867385, 1.000000000000000000, 0.9238795325112867385, 1.000000000000000000, 0.9238795325112867385, 1.000000000000000000, 0.9238795325112867385, 1.000000000000000000, 0.9238795325112867385, 1.000000000000000000, 0.9238795325112867385, 1.000000000000000000, 0.9238795325112867385, 1.000000000000000000, 0.9238795325112867385, 1.000000000000000000, 0.9238795325112867385, 1.000000000000000000, 0.9238795325112867385, 1.000000000000000000, 0.9238795325112867385, 1.000000000000000000, 0.9238795325112867385, 1.000000000000000000, 0.9238795325112867385, 1.000000000000000000, 0.9238795325112867385, 1.000000000000000000, 0.9238795325112867385, 1.000000000000000000, 0.9238795325112867385, 1.000000000000000000) ) ) 
 REPRESENTATION_ITEM ( '' )  SURFACE ( )  );
#1809 = CARTESIAN_POINT ( 'NONE',  ( 1.673947134580574092, 4.041265874999998786, 19.99999999863440436 ) ) ;
#1810 = CARTESIAN_POINT ( 'NONE',  ( -7.423684977483266541E-16, 4.041265874999999674, 24.06249999863440436 ) ) ;
#1811 = CARTESIAN_POINT ( 'NONE',  ( 4.041265874999998786, 1.673947134580575868, 29.99999999863440436 ) ) ;
#1812 = ORIENTED_EDGE ( 'NONE', *, *, #66, .F. ) ;
#1813 = EDGE_LOOP ( 'NONE', ( #3042, #893, #492, #19 ) ) ;
#1814 = CARTESIAN_POINT ( 'NONE',  ( -4.041265874999999674, -1.673947134580573870, 31.37499999863440436 ) ) ;
#1815 = CARTESIAN_POINT ( 'NONE',  ( 1.449747468305833564, 3.500000000000000000, 23.43749999726880873 ) ) ;
#1816 = CARTESIAN_POINT ( 'NONE',  ( -2.857606504790286994, 2.857606504790286550, 27.18749999863440436 ) ) ;
#1817 = CARTESIAN_POINT ( 'NONE',  ( -3.500000000000000444, -1.449747468305833342, 29.06250000000000000 ) ) ;
#1818 = CARTESIAN_POINT ( 'NONE',  ( -7.423684977483266541E-16, 4.041265874999999674, 29.06249999863440792 ) ) ;
#1819 = CARTESIAN_POINT ( 'NONE',  ( -3.500000000000000000, -4.286263797015736595E-16, 27.00000000000000000 ) ) ;
#1820 = CARTESIAN_POINT ( 'NONE',  ( -4.041265874999999674, -1.673947134580573870, 23.49999999863440436 ) ) ;
#1821 = ORIENTED_EDGE ( 'NONE', *, *, #3498, .T. ) ;
#1822 = CARTESIAN_POINT ( 'NONE',  ( 0.000000000000000000, 0.000000000000000000, 19.00000000000000355 ) ) ;
#1823 = DIRECTION ( 'NONE',  ( -0.000000000000000000, -0.000000000000000000, 1.000000000000000000 ) ) ;
#1824 = ADVANCED_FACE ( 'NONE', ( #1352 ), #1387, .F. ) ;
#1825 = CARTESIAN_POINT ( 'NONE',  ( 1.449747468305833786, 3.499999999999999556, 25.43749999726880873 ) ) ;
#1826 = CARTESIAN_POINT ( 'NONE',  ( -4.041265874999999674, -4.949123318322177694E-16, 19.31249999863440436 ) ) ;
#1827 = CIRCLE ( 'NONE', #398, 2.500000000000002220 ) ;
#1828 = CARTESIAN_POINT ( 'NONE',  ( -3.500000000000000000, -4.286263797015736595E-16, 22.74999999726880873 ) ) ;
#1829 = CARTESIAN_POINT ( 'NONE',  ( 2.474561659161088847E-16, -4.041265874999999674, 22.56249999863440436 ) ) ;
#1830 = CARTESIAN_POINT ( 'NONE',  ( 2.474561659161088847E-16, -4.041265874999999674, 19.56249999863440436 ) ) ;
#1831 = CARTESIAN_POINT ( 'NONE',  ( 2.857606504790286994, -2.857606504790286994, 30.81249999863440436 ) ) ;
#1832 = ORIENTED_EDGE ( 'NONE', *, *, #776, .T. ) ;
#1833 = AXIS2_PLACEMENT_3D ( 'NONE', #1802, #3525, #2908 ) ;
#1834 = ORIENTED_EDGE ( 'NONE', *, *, #2249, .F. ) ;
#1835 = CARTESIAN_POINT ( 'NONE',  ( 4.041265874999998786, 1.673947134580575868, 29.87499999863440081 ) ) ;
#1836 = AXIS2_PLACEMENT_3D ( 'NONE', #1345, #3144, #1053 ) ;
#1837 = CARTESIAN_POINT ( 'NONE',  ( -1.449747468305832898, -3.500000000000000444, 22.93749999726880873 ) ) ;
#1838 = CARTESIAN_POINT ( 'NONE',  ( -3.500000000000000444, -1.449747468305833342, 28.06250000000000000 ) ) ;
#1839 = CARTESIAN_POINT ( 'NONE',  ( -4.041265874999999674, -4.949123318322177694E-16, 29.31249999863440792 ) ) ;
#1840 = CARTESIAN_POINT ( 'NONE',  ( 2.000000000000000000, -0.6403124237432857857, 11.00000000000000000 ) ) ;
#1841 = CARTESIAN_POINT ( 'NONE',  ( 1.673947134580574092, 4.041265874999998786, 21.12499999863440792 ) ) ;
#1842 = VERTEX_POINT ( 'NONE', #3464 ) ;
#1843 = DIRECTION ( 'NONE',  ( -0.000000000000000000, -0.000000000000000000, 1.000000000000000000 ) ) ;
#1844 = CARTESIAN_POINT ( 'NONE',  ( -1.449747468305832898, -3.500000000000000000, 20.18750000000000000 ) ) ;
#1845 = CARTESIAN_POINT ( 'NONE',  ( 0.000000000000000000, 0.000000000000000000, 35.00000000000000000 ) ) ;
#1846 = CARTESIAN_POINT ( 'NONE',  ( 3.499999999999999112, 1.449747468305835341, 22.31249999726880873 ) ) ;
#1847 = CARTESIAN_POINT ( 'NONE',  ( -2.857606504790286550, -2.857606504790286994, 31.56249999863440436 ) ) ;
#1848 = CARTESIAN_POINT ( 'NONE',  ( -2.857606504790286994, 2.857606504790286550, 20.18749999863440436 ) ) ;
#1849 = CARTESIAN_POINT ( 'NONE',  ( 2.474561659161088847E-16, -4.041265874999999674, 31.68749999863440436 ) ) ;
#1850 = UNCERTAINTY_MEASURE_WITH_UNIT (LENGTH_MEASURE( 1.000000000000000082E-05 ), #1358, 'distance_accuracy_value', 'NONE');
#1851 = CARTESIAN_POINT ( 'NONE',  ( -1.673947134580573426, -4.041265874999999674, 28.49999999863440436 ) ) ;
#1852 = CARTESIAN_POINT ( 'NONE',  ( 3.500000000000000000, 0.000000000000000000, 24.24999999726880873 ) ) ;
#1853 =( BOUNDED_CURVE ( )  B_SPLINE_CURVE ( 2, ( #1503, #1721, #881, #260, #3209, #3817, #2325, #1442, #2066 ),
 .UNSPECIFIED., .F., .F. ) 
 B_SPLINE_CURVE_WITH_KNOTS ( ( 3, 2, 2, 2, 3 ),
 ( 0.3846153846153846367, 0.3942307692307692180, 0.4038461538461538547, 0.4134615384615384359, 0.4230769230769230727 ),
 .UNSPECIFIED. ) 
 CURVE ( )  GEOMETRIC_REPRESENTATION_ITEM ( )  RATIONAL_B_SPLINE_CURVE ( ( 1.000000000000000000, 0.9238795325112867385, 1.000000000000000000, 0.9238795325112867385, 1.000000000000000000, 0.9238795325112867385, 1.000000000000000000, 0.9238795325112867385, 1.000000000000000000 ) ) 
 REPRESENTATION_ITEM ( '' )  );
#1854 = CARTESIAN_POINT ( 'NONE',  ( -3.500000000000000000, -4.286263797015736595E-16, 27.00000000000000000 ) ) ;
#1855 = CARTESIAN_POINT ( 'NONE',  ( 4.041265874999998786, 1.673947134580575868, 29.87499999863440081 ) ) ;
#1856 = CARTESIAN_POINT ( 'NONE',  ( 2.474873734152916782, -2.474873734152916782, 27.37500000000000000 ) ) ;
#1857 = CARTESIAN_POINT ( 'NONE',  ( 2.857606504790286106, 2.857606504790286994, 20.06249999863440436 ) ) ;
#1858 = ORIENTED_EDGE ( 'NONE', *, *, #1929, .F. ) ;
#1859 = CARTESIAN_POINT ( 'NONE',  ( 0.7696664105633581610, 5.951561186396122416, 13.00175362310550753 ) ) ;
#1860 = FACE_OUTER_BOUND ( 'NONE', #2687, .T. ) ;
#1861 = CARTESIAN_POINT ( 'NONE',  ( 3.499999999999999112, 1.449747468305835341, 29.56250000000000000 ) ) ;
#1862 = CARTESIAN_POINT ( 'NONE',  ( -3.500000000000000000, -1.449747468305833564, 25.06250000000000000 ) ) ;
#1863 = CARTESIAN_POINT ( 'NONE',  ( 4.041265874999999674, 0.000000000000000000, 19.81249999863440436 ) ) ;
#1864 = DIRECTION ( 'NONE',  ( -0.000000000000000000, -0.000000000000000000, 1.000000000000000000 ) ) ;
#1865 = CARTESIAN_POINT ( 'NONE',  ( 1.673947134580574092, 4.041265874999998786, 29.12499999863440792 ) ) ;
#1866 = VERTEX_POINT ( 'NONE', #1062 ) ;
#1867 = CARTESIAN_POINT ( 'NONE',  ( 2.857606504790286106, 2.857606504790286994, 24.93749999863440792 ) ) ;
#1868 = CARTESIAN_POINT ( 'NONE',  ( -3.500000000000000000, -4.286263797015736595E-16, 21.74999999726880873 ) ) ;
#1869 = ADVANCED_FACE ( 'NONE', ( #1915 ), #807, .T. ) ;
#1870 = CARTESIAN_POINT ( 'NONE',  ( 3.500000000000000000, 0.000000000000000000, 26.50000000000000000 ) ) ;
#1871 = CARTESIAN_POINT ( 'NONE',  ( -2.857606504790286994, 2.857606504790286550, 29.18749999863440792 ) ) ;
#1872 = DIRECTION ( 'NONE',  ( -0.000000000000000000, -0.000000000000000000, 1.000000000000000000 ) ) ;
#1873 = CARTESIAN_POINT ( 'NONE',  ( 4.041265874999999674, -1.673947134580573648, 19.87499999863440792 ) ) ;
#1874 = ORIENTED_EDGE ( 'NONE', *, *, #1232, .T. ) ;
#1875 = CARTESIAN_POINT ( 'NONE',  ( 1.091125582612481271, 5.900303112435465458, 5.631616423771936830 ) ) ;
#1876 = CARTESIAN_POINT ( 'NONE',  ( 1.673947134580573870, -4.041265874999999674, 19.74999999863440792 ) ) ;
#1877 = CARTESIAN_POINT ( 'NONE',  ( 0.000000000000000000, 0.000000000000000000, 19.00000000000000355 ) ) ;
#1878 = ORIENTED_EDGE ( 'NONE', *, *, #2513, .T. ) ;
#1879 = CARTESIAN_POINT ( 'NONE',  ( 1.449747468305833786, 3.499999999999999556, 28.43749999726881938 ) ) ;
#1880 = CARTESIAN_POINT ( 'NONE',  ( 2.857606504790286994, -2.857606504790286994, 19.68749999863440436 ) ) ;
#1881 = CARTESIAN_POINT ( 'NONE',  ( -4.041265874999999674, -4.949123318322177694E-16, 31.43749999863440436 ) ) ;
#1882 = CARTESIAN_POINT ( 'NONE',  ( 4.041265874999999674, -1.673947134580573426, 24.87499999863440792 ) ) ;
#1883 = ORIENTED_EDGE ( 'NONE', *, *, #2887, .T. ) ;
#1884 = AXIS2_PLACEMENT_3D ( 'NONE', #1784, #2132, #3332 ) ;
#1885 = CARTESIAN_POINT ( 'NONE',  ( 2.857606504790286994, -2.857606504790286994, 26.68749999863440436 ) ) ;
#1886 = CARTESIAN_POINT ( 'NONE',  ( -3.500000000000001332, 1.449747468305832010, 23.68749999726880873 ) ) ;
#1887 = VECTOR ( 'NONE', #2899, 1000.000000000000000 ) ;
#1888 = VECTOR ( 'NONE', #709, 1000.000000000000000 ) ;
#1889 = CARTESIAN_POINT ( 'NONE',  ( 2.474873734152916782, -2.474873734152916782, 27.37500000000000000 ) ) ;
#1890 = CARTESIAN_POINT ( 'NONE',  ( -1.673947134580575424, 4.041265874999998786, 26.12499999863441147 ) ) ;
#1891 = CARTESIAN_POINT ( 'NONE',  ( -2.857606504790286994, 2.857606504790286550, 22.31249999863440436 ) ) ;
#1892 = EDGE_LOOP ( 'NONE', ( #740, #2689, #2057, #674 ) ) ;
#1893 = CYLINDRICAL_SURFACE ( 'NONE', #3653, 3.500000000000000000 ) ;
#1894 = CARTESIAN_POINT ( 'NONE',  ( 1.529190219174742497E-16, 2.100000000000000089, 6.250000000000000888 ) ) ;
#1895 = ORIENTED_EDGE ( 'NONE', *, *, #3563, .F. ) ;
#1896 = CARTESIAN_POINT ( 'NONE',  ( -2.100000000000000089, -3.840884861430584379E-23, 10.90000000000000036 ) ) ;
#1897 = CARTESIAN_POINT ( 'NONE',  ( -3.500000000000001332, 1.449747468305832454, 22.68749999726880873 ) ) ;
#1898 = CARTESIAN_POINT ( 'NONE',  ( -1.673947134580575424, 4.041265874999998786, 29.24999999863440436 ) ) ;
#1899 = CARTESIAN_POINT ( 'NONE',  ( 1.673947134580573870, -4.041265874999999674, 30.74999999863440081 ) ) ;
#1900 = CARTESIAN_POINT ( 'NONE',  ( -2.857606504790286994, 2.857606504790286550, 26.31249999863440792 ) ) ;
#1901 = EDGE_LOOP ( 'NONE', ( #3495, #3626, #1414, #3287, #1172 ) ) ;
#1902 = EDGE_LOOP ( 'NONE', ( #1003, #532 ) ) ;
#1903 = CARTESIAN_POINT ( 'NONE',  ( 2.857606504790286106, 2.857606504790286994, 27.93749999863440436 ) ) ;
#1904 = CARTESIAN_POINT ( 'NONE',  ( -1.949358868961793556, -0.7810249675906638656, 11.00000000000000000 ) ) ;
#1905 = CARTESIAN_POINT ( 'NONE',  ( -3.500000000000001332, 1.449747468305832010, 24.93750000000000355 ) ) ;
#1906 = CARTESIAN_POINT ( 'NONE',  ( 3.500000000000000000, 0.000000000000000000, 21.50000000000000000 ) ) ;
#1907 = CARTESIAN_POINT ( 'NONE',  ( 3.499999999999999556, 1.449747468305835341, 29.31249999726881228 ) ) ;
#1908 = ADVANCED_FACE ( 'NONE', ( #1956 ), #2766, .T. ) ;
#1909 = VERTEX_POINT ( 'NONE', #1106 ) ;
#1910 = CARTESIAN_POINT ( 'NONE',  ( 0.000000000000000000, 0.000000000000000000, 19.00000000000000355 ) ) ;
#1911 = CARTESIAN_POINT ( 'NONE',  ( 1.949358868961793556, 0.7810249675906638656, 11.00000000000000000 ) ) ;
#1912 = ADVANCED_FACE ( 'NONE', ( #786 ), #3440, .T. ) ;
#1913 = ORIENTED_EDGE ( 'NONE', *, *, #845, .F. ) ;
#1914 = CARTESIAN_POINT ( 'NONE',  ( 3.500000000000000000, -1.449747468305833120, 26.43750000000000711 ) ) ;
#1915 = FACE_OUTER_BOUND ( 'NONE', #1314, .T. ) ;
#1916 = CARTESIAN_POINT ( 'NONE',  ( -5.198308166785444939, -2.996644519652638561, 13.17965288156365133 ) ) ;
#1917 = CARTESIAN_POINT ( 'NONE',  ( -2.857606504790286550, -2.857606504790286994, 30.56249999863440436 ) ) ;
#1918 = CARTESIAN_POINT ( 'NONE',  ( 4.041265874999998786, 1.673947134580575868, 29.99999999863440081 ) ) ;
#1919 = CARTESIAN_POINT ( 'NONE',  ( -4.041265874999999674, -4.949123318322177694E-16, 27.43749999863440436 ) ) ;
#1920 = CARTESIAN_POINT ( 'NONE',  ( 2.000000000000000000, 0.000000000000000000, 17.10000000000000142 ) ) ;
#1921 = CARTESIAN_POINT ( 'NONE',  ( -1.673947134580575424, 4.041265874999998786, 27.12499999863440436 ) ) ;
#1922 = CARTESIAN_POINT ( 'NONE',  ( 0.000000000000000000, 0.000000000000000000, 19.00000000000000355 ) ) ;
#1923 = CARTESIAN_POINT ( 'NONE',  ( 3.499999999999999556, 1.449747468305835341, 24.56250000000000000 ) ) ;
#1924 =( BOUNDED_CURVE ( )  B_SPLINE_CURVE ( 2, ( #801, #1308, #1036, #2808, #760, #2532, #3696, #3478, #451 ),
 .UNSPECIFIED., .F., .F. ) 
 B_SPLINE_CURVE_WITH_KNOTS ( ( 3, 2, 2, 2, 3 ),
 ( 0.4230769230769230727, 0.4326923076923077094, 0.4423076923076922906, 0.4519230769230769273, 0.4615384615384615641 ),
 .UNSPECIFIED. ) 
 CURVE ( )  GEOMETRIC_REPRESENTATION_ITEM ( )  RATIONAL_B_SPLINE_CURVE ( ( 1.000000000000000000, 0.9238795325112867385, 1.000000000000000000, 0.9238795325112867385, 1.000000000000000000, 0.9238795325112867385, 1.000000000000000000, 0.9238795325112867385, 1.000000000000000000 ) ) 
 REPRESENTATION_ITEM ( '' )  );
#1925 = DIRECTION ( 'NONE',  ( 0.000000000000000000, 0.000000000000000000, 1.000000000000000000 ) ) ;
#1926 = CARTESIAN_POINT ( 'NONE',  ( -2.474873734152917226, 2.474873734152916338, 31.62499999726880873 ) ) ;
#1927 = CARTESIAN_POINT ( 'NONE',  ( -7.423684977483266541E-16, 4.041265874999999674, 29.06249999863440792 ) ) ;
#1928 = CARTESIAN_POINT ( 'NONE',  ( 1.530808498934192310E-16, 6.000000000000000888, 6.250000000000000888 ) ) ;
#1929 = EDGE_CURVE ( 'NONE', #3537, #1730, #1325, .T. ) ;
#1930 = CARTESIAN_POINT ( 'NONE',  ( 2.474873734152915894, 2.474873734152917226, 27.62500000000000000 ) ) ;
#1931 = CARTESIAN_POINT ( 'NONE',  ( 2.474561659161088847E-16, -4.041265874999999674, 27.56249999863440436 ) ) ;
#1932 = ORIENTED_EDGE ( 'NONE', *, *, #2679, .T. ) ;
#1933 = CARTESIAN_POINT ( 'NONE',  ( 3.500000000000000000, 0.000000000000000000, 19.00000000000000355 ) ) ;
#1934 = DIRECTION ( 'NONE',  ( -0.000000000000000000, -0.000000000000000000, 1.000000000000000000 ) ) ;
#1935 = CARTESIAN_POINT ( 'NONE',  ( 0.000000000000000000, 0.000000000000000000, 35.00000000000000000 ) ) ;
#1936 = ADVANCED_FACE ( 'NONE', ( #2269 ), #1974, .F. ) ;
#1937 = CARTESIAN_POINT ( 'NONE',  ( -4.041265874999999674, -1.673947134580573870, 25.49999999863440436 ) ) ;
#1938 = CARTESIAN_POINT ( 'NONE',  ( 2.857606504790286994, -2.857606504790286994, 28.81249999863440792 ) ) ;
#1939 = CARTESIAN_POINT ( 'NONE',  ( 1.673947134580574092, 4.041265874999998786, 26.12499999863441147 ) ) ;
#1940 = ORIENTED_EDGE ( 'NONE', *, *, #485, .T. ) ;
#1941 = DIRECTION ( 'NONE',  ( -1.000000000000000000, 0.000000000000000000, 0.000000000000000000 ) ) ;
#1942 = CARTESIAN_POINT ( 'NONE',  ( 4.041265874999998786, 1.673947134580575868, 21.87499999863440792 ) ) ;
#1943 = DIRECTION ( 'NONE',  ( -0.000000000000000000, -0.000000000000000000, 1.000000000000000000 ) ) ;
#1944 = VECTOR ( 'NONE', #2478, 1000.000000000000000 ) ;
#1945 = CARTESIAN_POINT ( 'NONE',  ( -6.429395695523603167E-16, 3.500000000000000000, 20.74999999999999645 ) ) ;
#1946 = AXIS2_PLACEMENT_3D ( 'NONE', #2834, #3798, #3439 ) ;
#1947 = CARTESIAN_POINT ( 'NONE',  ( 3.499999999999999112, 1.449747468305835341, 30.56250000000000000 ) ) ;
#1948 = CARTESIAN_POINT ( 'NONE',  ( 2.143131898507868297E-16, -3.500000000000000000, 31.99999999726880873 ) ) ;
#1949 = AXIS2_PLACEMENT_3D ( 'NONE', #2816, #458, #1025 ) ;
#1950 = CARTESIAN_POINT ( 'NONE',  ( -4.041265874999999674, -1.673947134580573648, 28.37499999863440436 ) ) ;
#1951 = CARTESIAN_POINT ( 'NONE',  ( -1.209133691162133983, 3.083712356011356182, 14.32750686464290624 ) ) ;
#1952 = DIRECTION ( 'NONE',  ( 1.000000000000000000, 0.000000000000000000, 0.000000000000000000 ) ) ;
#1953 = AXIS2_PLACEMENT_3D ( 'NONE', #731, #747, #1103 ) ;
#1954 = ORIENTED_EDGE ( 'NONE', *, *, #3436, .T. ) ;
#1955 = CARTESIAN_POINT ( 'NONE',  ( -2.474873734152916338, -2.474873734152916782, 26.12500000000000000 ) ) ;
#1956 = FACE_OUTER_BOUND ( 'NONE', #288, .T. ) ;
#1957 = CARTESIAN_POINT ( 'NONE',  ( -5.317213259781096824, -2.781193767495672819, 12.61607258767137552 ) ) ;
#1958 = CARTESIAN_POINT ( 'NONE',  ( 4.041265874999999674, 0.000000000000000000, 26.93749999863440436 ) ) ;
#1959 = CARTESIAN_POINT ( 'NONE',  ( 1.673947134580573870, -4.041265874999999674, 24.74999999863440792 ) ) ;
#1960 = CARTESIAN_POINT ( 'NONE',  ( -1.673947134580573204, -4.041265874999999674, 27.62499999863440436 ) ) ;
#1961 = ORIENTED_EDGE ( 'NONE', *, *, #842, .F. ) ;
#1962 = ADVANCED_FACE ( 'NONE', ( #2217, #1367 ), #422, .F. ) ;
#1963 = DIRECTION ( 'NONE',  ( -1.000000000000000000, 0.000000000000000000, 0.000000000000000000 ) ) ;
#1964 = CARTESIAN_POINT ( 'NONE',  ( -4.041265874999999674, -4.949123318322177694E-16, 22.31249999863440436 ) ) ;
#1965 = CARTESIAN_POINT ( 'NONE',  ( 4.041265874999998786, 1.673947134580575868, 26.87499999863440436 ) ) ;
#1966 = CARTESIAN_POINT ( 'NONE',  ( 2.474873734152916782, -2.474873734152916782, 22.37500000000000000 ) ) ;
#1967 = CARTESIAN_POINT ( 'NONE',  ( -6.000000000000000888, -3.668587026591679189E-16, 17.10000000000000142 ) ) ;
#1968 = CARTESIAN_POINT ( 'NONE',  ( -2.474873734152916338, -2.474873734152916782, 29.87499999726881228 ) ) ;
#1969 = CARTESIAN_POINT ( 'NONE',  ( -7.423684977483266541E-16, 4.041265874999999674, 28.06249999863440436 ) ) ;
#1970 = DIRECTION ( 'NONE',  ( -1.000000000000000000, 0.000000000000000000, 0.000000000000000000 ) ) ;
#1971 = DIRECTION ( 'NONE',  ( -0.000000000000000000, -0.000000000000000000, 1.000000000000000000 ) ) ;
#1972 = CARTESIAN_POINT ( 'NONE',  ( 2.857606504790286994, -2.857606504790286994, 27.68749999863440436 ) ) ;
#1973 = ORIENTED_EDGE ( 'NONE', *, *, #2077, .T. ) ;
#1974 = PLANE ( 'NONE',  #1080 ) ;
#1975 = CARTESIAN_POINT ( 'NONE',  ( -5.947528103181775272, -0.8171445131807570927, 11.00261425860432674 ) ) ;
#1976 = CARTESIAN_POINT ( 'NONE',  ( 4.041265874999998786, 1.673947134580575868, 27.99999999863440081 ) ) ;
#1977 = CARTESIAN_POINT ( 'NONE',  ( -6.000000000000000000, 0.2062497159920622936, 10.89999999999999680 ) ) ;
#1978 = CARTESIAN_POINT ( 'NONE',  ( 4.041265874999998786, 1.673947134580575868, 23.99999999863440436 ) ) ;
#1979 = CARTESIAN_POINT ( 'NONE',  ( -1.673947134580573204, -4.041265874999999674, 20.62499999863441147 ) ) ;
#1980 = ORIENTED_EDGE ( 'NONE', *, *, #2679, .F. ) ;
#1981 = CARTESIAN_POINT ( 'NONE',  ( 2.474873734152916782, -2.474873734152916782, 29.12499999726881228 ) ) ;
#1982 = CARTESIAN_POINT ( 'NONE',  ( 4.041265874999999674, 0.000000000000000000, 21.81249999863440436 ) ) ;
#1983 = CARTESIAN_POINT ( 'NONE',  ( -2.857606504790286550, -2.857606504790286994, 25.43749999863440792 ) ) ;
#1984 = EDGE_CURVE ( 'NONE', #2537, #623, #2119, .T. ) ;
#1985 = CARTESIAN_POINT ( 'NONE',  ( 4.041265874999998786, 1.673947134580575868, 22.87499999863440792 ) ) ;
#1986 = DIRECTION ( 'NONE',  ( 1.000000000000000000, 0.000000000000000000, 0.000000000000000000 ) ) ;
#1987 = ORIENTED_EDGE ( 'NONE', *, *, #3138, .T. ) ;
#1988 = CARTESIAN_POINT ( 'NONE',  ( 1.449747468305833342, -3.500000000000000444, 23.31249999999999645 ) ) ;
#1989 = EDGE_CURVE ( 'NONE', #2314, #1399, #2520, .T. ) ;
#1990 = CARTESIAN_POINT ( 'NONE',  ( -1.215162229938042238, 1.714375225747181375, 5.335178876804118175 ) ) ;
#1991 = CARTESIAN_POINT ( 'NONE',  ( 3.499999999999999556, 1.449747468305835341, 30.31249999726880873 ) ) ;
#1992 = CARTESIAN_POINT ( 'NONE',  ( -1.090748946960638843, 3.038721778060235135, 14.63209623642974222 ) ) ;
#1993 = CARTESIAN_POINT ( 'NONE',  ( 0.000000000000000000, 0.000000000000000000, 0.000000000000000000 ) ) ;
#1994 = CARTESIAN_POINT ( 'NONE',  ( -5.529060849430087465, 2.334991494243948029, 16.04871595563460929 ) ) ;
#1995 = CARTESIAN_POINT ( 'NONE',  ( 3.500000000000000000, 0.000000000000000000, 19.00000000000000355 ) ) ;
#1996 = CARTESIAN_POINT ( 'NONE',  ( -5.528782573534040345, -2.335659526963556942, 11.95202339229589050 ) ) ;
#1997 = CARTESIAN_POINT ( 'NONE',  ( 2.857606504790286994, -2.857606504790286994, 25.81249999863440792 ) ) ;
#1998 =( BOUNDED_CURVE ( )  B_SPLINE_CURVE ( 2, ( #2438, #2693, #2402, #3026, #3640, #2755, #962, #923, #3300, #2144, #626, #21, #3637, #331, #52, #3363, #2481, #2759, #3382, #123, #359, #1255, #3457, #2552, #487, #1675, #3433, #3125, #163, #2592, #3793, #2209, #198, #1380, #1100, #3479, #3107, #1694, #1614, #2809, #141, #223, #2884, #1404, #1927, #2301, #783, #165, #2534, #3146, #2594, #489, #3795, #1363, #3500, #1950, #2230, #2264, #3736, #2246, #1969, #3163, #1143, #1660, #2597, #3462, #1972, #3523, #1931, #1679, #825, #900, #2941, #628, #1816, #3518, #3701, #471, #1658, #128, #3017, #3632, #1312, #2500, #3699, #2213, #732, #3111, #1618, #2162, #354, #1287, #2474, #2493, #1799, #278, #30, #341, #655, #308, #1517, #2710, #1048, #1269, #1594, #3496, #1151, #2279, #3533, #1747, #522, #3510, #853, #3474, #234, #2296, #251, #835, #1433, #3248, #503, #582, #1689, #1713, #870, #1450, #2628, #3788, #1170, #267, #2038, #3493, #2932, #3823, #3214, #2916, #2021, #2898, #3552, #2352, #2055, #1418, #215, #1985, #796, #1768, #2645, #3847, #2955, #1375, #2566, #2587, #3768, #2331, #543, #3230, #1728, #2609, #1095, #3175, #2878, #3807, #1397, #1116, #816, #2004, #3193, #1133, #2312, #562, #286, #1492, #3614, #1535, #601, #2665, #2972, #2685, #915, #2159, #1513, #2431, #1266, #15, #2414, #2745, #1848, #1555, #1470, #3355, #936, #1188, #1788, #2094, #2725, #642, #1830, #3291, #666, #2392, #3337 ),
 .UNSPECIFIED., .F., .F. ) 
 B_SPLINE_CURVE_WITH_KNOTS ( ( 3, 2, 2, 2, 2, 2, 2, 2, 2, 2, 2, 2, 2, 2, 2, 2, 2, 2, 2, 2, 2, 2, 2, 2, 2, 2, 2, 2, 2, 2, 2, 2, 2, 2, 2, 2, 2, 2, 2, 2, 2, 2, 2, 2, 2, 2, 2, 2, 2, 2, 2, 2, 2, 2, 2, 2, 2, 2, 2, 2, 2, 2, 2, 2, 2, 2, 2, 2, 2, 2, 2, 2, 2, 2, 2, 2, 2, 2, 2, 2, 2, 2, 2, 2, 2, 2, 2, 2, 2, 2, 2, 2, 2, 2, 2, 2, 2, 2, 2, 2, 3 ),
 ( 0.000000000000000000, 0.009615384615384615918, 0.01923076923076923184, 0.02884615384615384776, 0.03846153846153846367, 0.04807692307692307959, 0.05769230769230769551, 0.06730769230769230449, 0.07692307692307692735, 0.08653846153846153633, 0.09615384615384615918, 0.1057692307692307682, 0.1153846153846153910, 0.1250000000000000000, 0.1346153846153846090, 0.1442307692307692180, 0.1538461538461538547, 0.1634615384615384637, 0.1730769230769230727, 0.1826923076923076816, 0.1923076923076923184, 0.2019230769230769273, 0.2115384615384615363, 0.2211538461538461453, 0.2307692307692307820, 0.2403846153846153910, 0.2500000000000000000, 0.2596153846153846367, 0.2692307692307692180, 0.2788461538461538547, 0.2884615384615384359, 0.2980769230769230727, 0.3076923076923077094, 0.3173076923076922906, 0.3269230769230769273, 0.3365384615384615641, 0.3461538461538461453, 0.3557692307692307820, 0.3653846153846153633, 0.3750000000000000000, 0.3846153846153846367, 0.3942307692307692180, 0.4038461538461538547, 0.4134615384615384359, 0.4230769230769230727, 0.4326923076923077094, 0.4423076923076922906, 0.4519230769230769273, 0.4615384615384615641, 0.4711538461538461453, 0.4807692307692307820, 0.4903846153846153633, 0.5000000000000000000, 0.5096153846153845812, 0.5192307692307692735, 0.5288461538461538547, 0.5384615384615384359, 0.5480769230769231282, 0.5576923076923077094, 0.5673076923076924016, 0.5769230769230768718, 0.5865384615384615641, 0.5961538461538461453, 0.6057692307692307265, 0.6153846153846154188, 0.6250000000000000000, 0.6346153846153845812, 0.6442307692307692735, 0.6538461538461538547, 0.6634615384615384359, 0.6730769230769231282, 0.6826923076923077094, 0.6923076923076922906, 0.7019230769230768718, 0.7115384615384615641, 0.7211538461538461453, 0.7307692307692307265, 0.7403846153846154188, 0.7500000000000000000, 0.7596153846153845812, 0.7692307692307692735, 0.7788461538461538547, 0.7884615384615384359, 0.7980769230769231282, 0.8076923076923077094, 0.8173076923076922906, 0.8269230769230768718, 0.8365384615384615641, 0.8461538461538461453, 0.8557692307692307265, 0.8653846153846154188, 0.8750000000000000000, 0.8846153846153845812, 0.8942307692307692735, 0.9038461538461538547, 0.9134615384615384359, 0.9230769230769231282, 0.9326923076923077094, 0.9423076923076922906, 0.9519230769230768718, 0.9615384615384615641 ),
 .UNSPECIFIED. ) 
 CURVE ( )  GEOMETRIC_REPRESENTATION_ITEM ( )  RATIONAL_B_SPLINE_CURVE ( ( 1.000000000000000000, 0.9238795325112867385, 1.000000000000000000, 0.9238795325112867385, 1.000000000000000000, 0.9238795325112867385, 1.000000000000000000, 0.9238795325112867385, 1.000000000000000000, 0.9238795325112867385, 1.000000000000000000, 0.9238795325112867385, 1.000000000000000000, 0.9238795325112867385, 1.000000000000000000, 0.9238795325112867385, 1.000000000000000000, 0.9238795325112867385, 1.000000000000000000, 0.9238795325112867385, 1.000000000000000000, 0.9238795325112867385, 1.000000000000000000, 0.9238795325112867385, 1.000000000000000000, 0.9238795325112867385, 1.000000000000000000, 0.9238795325112867385, 1.000000000000000000, 0.9238795325112867385, 1.000000000000000000, 0.9238795325112867385, 1.000000000000000000, 0.9238795325112867385, 1.000000000000000000, 0.9238795325112867385, 1.000000000000000000, 0.9238795325112867385, 1.000000000000000000, 0.9238795325112867385, 1.000000000000000000, 0.9238795325112867385, 1.000000000000000000, 0.9238795325112867385, 1.000000000000000000, 0.9238795325112867385, 1.000000000000000000, 0.9238795325112867385, 1.000000000000000000, 0.9238795325112867385, 1.000000000000000000, 0.9238795325112867385, 1.000000000000000000, 0.9238795325112867385, 1.000000000000000000, 0.9238795325112867385, 1.000000000000000000, 0.9238795325112867385, 1.000000000000000000, 0.9238795325112867385, 1.000000000000000000, 0.9238795325112867385, 1.000000000000000000, 0.9238795325112867385, 1.000000000000000000, 0.9238795325112867385, 1.000000000000000000, 0.9238795325112867385, 1.000000000000000000, 0.9238795325112867385, 1.000000000000000000, 0.9238795325112867385, 1.000000000000000000, 0.9238795325112867385, 1.000000000000000000, 0.9238795325112867385, 1.000000000000000000, 0.9238795325112867385, 1.000000000000000000, 0.9238795325112867385, 1.000000000000000000, 0.9238795325112867385, 1.000000000000000000, 0.9238795325112867385, 1.000000000000000000, 0.9238795325112867385, 1.000000000000000000, 0.9238795325112867385, 1.000000000000000000, 0.9238795325112867385, 1.000000000000000000, 0.9238795325112867385, 1.000000000000000000, 0.9238795325112867385, 1.000000000000000000, 0.9238795325112867385, 1.000000000000000000, 0.9238795325112867385, 1.000000000000000000, 0.9238795325112867385, 1.000000000000000000, 0.9238795325112867385, 1.000000000000000000, 0.9238795325112867385, 1.000000000000000000, 0.9238795325112867385, 1.000000000000000000, 0.9238795325112867385, 1.000000000000000000, 0.9238795325112867385, 1.000000000000000000, 0.9238795325112867385, 1.000000000000000000, 0.9238795325112867385, 1.000000000000000000, 0.9238795325112867385, 1.000000000000000000, 0.9238795325112867385, 1.000000000000000000, 0.9238795325112867385, 1.000000000000000000, 0.9238795325112867385, 1.000000000000000000, 0.9238795325112867385, 1.000000000000000000, 0.9238795325112867385, 1.000000000000000000, 0.9238795325112867385, 1.000000000000000000, 0.9238795325112867385, 1.000000000000000000, 0.9238795325112867385, 1.000000000000000000, 0.9238795325112867385, 1.000000000000000000, 0.9238795325112867385, 1.000000000000000000, 0.9238795325112867385, 1.000000000000000000, 0.9238795325112867385, 1.000000000000000000, 0.9238795325112867385, 1.000000000000000000, 0.9238795325112867385, 1.000000000000000000, 0.9238795325112867385, 1.000000000000000000, 0.9238795325112867385, 1.000000000000000000, 0.9238795325112867385, 1.000000000000000000, 0.9238795325112867385, 1.000000000000000000, 0.9238795325112867385, 1.000000000000000000, 0.9238795325112867385, 1.000000000000000000, 0.9238795325112867385, 1.000000000000000000, 0.9238795325112867385, 1.000000000000000000, 0.9238795325112867385, 1.000000000000000000, 0.9238795325112867385, 1.000000000000000000, 0.9238795325112867385, 1.000000000000000000, 0.9238795325112867385, 1.000000000000000000, 0.9238795325112867385, 1.000000000000000000, 0.9238795325112867385, 1.000000000000000000, 0.9238795325112867385, 1.000000000000000000, 0.9238795325112867385, 1.000000000000000000, 0.9238795325112867385, 1.000000000000000000, 0.9238795325112867385, 1.000000000000000000, 0.9238795325112867385, 1.000000000000000000, 0.9238795325112867385, 1.000000000000000000, 0.9238795325112867385, 1.000000000000000000, 0.9238795325112867385, 1.000000000000000000, 0.9238795325112867385, 1.000000000000000000, 0.9238795325112867385, 1.000000000000000000, 0.9238795325112867385, 1.000000000000000000, 0.9238795325112867385, 1.000000000000000000, 0.9238795325112867385, 1.000000000000000000, 0.9238795325112867385, 1.000000000000000000 ) ) 
 REPRESENTATION_ITEM ( '' )  );
#1999 = CARTESIAN_POINT ( 'NONE',  ( 2.857606504790286994, -2.857606504790286994, 22.81249999863440436 ) ) ;
#2000 = ORIENTED_EDGE ( 'NONE', *, *, #178, .T. ) ;
#2001 = FACE_OUTER_BOUND ( 'NONE', #612, .T. ) ;
#2002 = CARTESIAN_POINT ( 'NONE',  ( 2.857606504790286106, 2.857606504790286994, 20.93749999863440436 ) ) ;
#2003 = CARTESIAN_POINT ( 'NONE',  ( -1.673947134580573426, -4.041265874999999674, 24.49999999863440436 ) ) ;
#2004 = CARTESIAN_POINT ( 'NONE',  ( -1.673947134580573204, -4.041265874999999674, 21.49999999863440436 ) ) ;
#2005 = CARTESIAN_POINT ( 'NONE',  ( 0.4102124574160417314, 2.061025970813439745, 3.816348677381581123 ) ) ;
#2006 = VERTEX_POINT ( 'NONE', #2671 ) ;
#2007 = CARTESIAN_POINT ( 'NONE',  ( 3.500000000000000000, 0.000000000000000000, 23.50000000000000000 ) ) ;
#2008 = CARTESIAN_POINT ( 'NONE',  ( -3.500000000000001332, 1.449747468305832010, 25.68749999726881228 ) ) ;
#2009 = EDGE_CURVE ( 'NONE', #289, #812, #712, .T. ) ;
#2010 = CARTESIAN_POINT ( 'NONE',  ( -1.449747468305832898, -3.500000000000000000, 22.93749999726880873 ) ) ;
#2011 = CARTESIAN_POINT ( 'NONE',  ( 3.500000000000000000, 0.000000000000000000, 31.50000000000000000 ) ) ;
#2012 = AXIS2_PLACEMENT_3D ( 'NONE', #3706, #3688, #1243 ) ;
#2013 = CARTESIAN_POINT ( 'NONE',  ( 2.143131898507868297E-16, -3.500000000000000000, 29.25000000000000000 ) ) ;
#2014 = VECTOR ( 'NONE', #843, 1000.000000000000000 ) ;
#2015 = CARTESIAN_POINT ( 'NONE',  ( 3.500000000000000000, 0.000000000000000000, 24.24999999726880873 ) ) ;
#2016 = CARTESIAN_POINT ( 'NONE',  ( -4.041265875000001451, 1.673947134580572538, 26.37499999863441147 ) ) ;
#2017 = CARTESIAN_POINT ( 'NONE',  ( 2.857606504790286106, 2.857606504790286994, 24.06249999863440436 ) ) ;
#2018 = VERTEX_POINT ( 'NONE', #2437 ) ;
#2019 = CARTESIAN_POINT ( 'NONE',  ( -2.857606504790286994, 2.857606504790286550, 22.18749999863440436 ) ) ;
#2020 = CARTESIAN_POINT ( 'NONE',  ( -4.041265874999999674, -4.949123318322177694E-16, 28.31249999863440436 ) ) ;
#2021 = CARTESIAN_POINT ( 'NONE',  ( -4.041265874999999674, -4.949123318322177694E-16, 23.31249999863440436 ) ) ;
#2022 = CARTESIAN_POINT ( 'NONE',  ( 3.500000000000000000, 0.000000000000000000, 24.50000000000000000 ) ) ;
#2023 = VERTEX_POINT ( 'NONE', #1995 ) ;
#2024 = ORIENTED_EDGE ( 'NONE', *, *, #767, .T. ) ;
#2025 = CARTESIAN_POINT ( 'NONE',  ( 2.474873734152915894, 2.474873734152917226, 21.62500000000000000 ) ) ;
#2026 =( LENGTH_UNIT ( ) NAMED_UNIT ( * ) SI_UNIT ( .MILLI., .METRE. ) );
#2027 = CARTESIAN_POINT ( 'NONE',  ( -3.500000000000000000, -4.286263797015736595E-16, 26.74999999726881228 ) ) ;
#2028 = CARTESIAN_POINT ( 'NONE',  ( -3.500000000000000000, 4.286263797015736595E-16, 19.00000000000000355 ) ) ;
#2029 = CARTESIAN_POINT ( 'NONE',  ( 1.530810862291726090E-16, 6.000000000000000888, 15.25000000000000355 ) ) ;
#2030 = ADVANCED_FACE ( 'NONE', ( #1194 ), #1468, .T. ) ;
#2031 = DIRECTION ( 'NONE',  ( -1.224646799147352961E-16, 1.000000000000000000, 0.000000000000000000 ) ) ;
#2032 = CARTESIAN_POINT ( 'NONE',  ( -4.041265874999999674, -4.949123318322177694E-16, 23.43749999863440436 ) ) ;
#2033 = EDGE_CURVE ( 'NONE', #456, #2348, #3228, .T. ) ;
#2034 = CARTESIAN_POINT ( 'NONE',  ( 4.041265874999998786, 1.673947134580575868, 23.99999999863440436 ) ) ;
#2035 = VERTEX_POINT ( 'NONE', #868 ) ;
#2036 = CARTESIAN_POINT ( 'NONE',  ( 1.673947134580573870, -4.041265874999999674, 20.62499999863441147 ) ) ;
#2037 = CARTESIAN_POINT ( 'NONE',  ( -4.041265875000001451, 1.673947134580572538, 21.24999999863440081 ) ) ;
#2038 = CARTESIAN_POINT ( 'NONE',  ( 2.857606504790286994, -2.857606504790286994, 23.68749999863440436 ) ) ;
#2039 = CARTESIAN_POINT ( 'NONE',  ( 3.500000000000000000, 0.000000000000000000, 31.87499999863440436 ) ) ;
#2040 = ORIENTED_EDGE ( 'NONE', *, *, #3778, .T. ) ;
#2041 = ORIENTED_EDGE ( 'NONE', *, *, #685, .T. ) ;
#2042 = CARTESIAN_POINT ( 'NONE',  ( -2.857606504790286550, -2.857606504790286994, 29.43749999863440792 ) ) ;
#2043 = CARTESIAN_POINT ( 'NONE',  ( -3.500000000000001332, 1.449747468305832454, 20.93749999999999289 ) ) ;
#2044 = CARTESIAN_POINT ( 'NONE',  ( -2.474873734152917226, 2.474873734152916338, 27.62499999726880873 ) ) ;
#2045 = CARTESIAN_POINT ( 'NONE',  ( 5.500000000000001776, 6.735557395310443995E-16, 19.00000000000000355 ) ) ;
#2046 = CARTESIAN_POINT ( 'NONE',  ( -4.041265874999999674, -1.673947134580573870, 24.49999999863440436 ) ) ;
#2047 = DIRECTION ( 'NONE',  ( -1.000000000000000000, 0.000000000000000000, 0.000000000000000000 ) ) ;
#2048 = LINE ( 'NONE', #2305, #1328 ) ;
#2049 = CARTESIAN_POINT ( 'NONE',  ( 2.857606504790286994, -2.857606504790286994, 22.81249999863440436 ) ) ;
#2050 = CARTESIAN_POINT ( 'NONE',  ( -5.149803761263396673, 3.079241796099344786, 13.58742077053769393 ) ) ;
#2051 = CARTESIAN_POINT ( 'NONE',  ( -4.041265875000000563, 1.673947134580572538, 22.37499999863440792 ) ) ;
#2052 = EDGE_LOOP ( 'NONE', ( #3189, #633 ) ) ;
#2053 = CARTESIAN_POINT ( 'NONE',  ( -0.7676516456877636729, 5.951848298472884657, 15.00009069290421415 ) ) ;
#2054 = CARTESIAN_POINT ( 'NONE',  ( 1.673947134580574092, 4.041265874999998786, 21.99999999863440436 ) ) ;
#2055 = CARTESIAN_POINT ( 'NONE',  ( -7.423684977483266541E-16, 4.041265874999999674, 23.06249999863440436 ) ) ;
#2056 = CARTESIAN_POINT ( 'NONE',  ( 3.500000000000000000, 0.000000000000000000, 27.50000000000000000 ) ) ;
#2057 = ORIENTED_EDGE ( 'NONE', *, *, #2796, .T. ) ;
#2058 = EDGE_LOOP ( 'NONE', ( #3399, #2589, #2116, #3547, #1834 ) ) ;
#2059 = CARTESIAN_POINT ( 'NONE',  ( 2.857606504790286106, 2.857606504790286994, 30.93749999863440436 ) ) ;
#2060 = CARTESIAN_POINT ( 'NONE',  ( 2.143131898507868297E-16, -3.500000000000000000, 25.99999999726881228 ) ) ;
#2061 = CARTESIAN_POINT ( 'NONE',  ( -3.500000000000000000, 4.286263797015736595E-16, 19.00000000000000355 ) ) ;
#2062 = CARTESIAN_POINT ( 'NONE',  ( 1.449747468305833564, -3.500000000000000000, 32.06249999726880873 ) ) ;
#2063 = CARTESIAN_POINT ( 'NONE',  ( -2.857606504790286994, 2.857606504790286550, 25.31249999863440792 ) ) ;
#2064 = DIRECTION ( 'NONE',  ( 0.000000000000000000, 0.000000000000000000, -1.000000000000000000 ) ) ;
#2065 = AXIS2_PLACEMENT_3D ( 'NONE', #2538, #1621, #1407 ) ;
#2066 = CARTESIAN_POINT ( 'NONE',  ( -3.500000000000000000, -4.286263797015736595E-16, 26.74999999726881228 ) ) ;
#2067 = CARTESIAN_POINT ( 'NONE',  ( 1.673947134580574092, 4.041265874999998786, 23.12499999863440792 ) ) ;
#2068 = CARTESIAN_POINT ( 'NONE',  ( -2.474873734152917226, 2.474873734152916338, 29.87500000000000000 ) ) ;
#2069 = ORIENTED_EDGE ( 'NONE', *, *, #3420, .T. ) ;
#2070 = CYLINDRICAL_SURFACE ( 'NONE', #2568, 3.000000000000000444 ) ;
#2071 = DIRECTION ( 'NONE',  ( -0.000000000000000000, -0.000000000000000000, 1.000000000000000000 ) ) ;
#2072 = VECTOR ( 'NONE', #3419, 1000.000000000000000 ) ;
#2073 = DIRECTION ( 'NONE',  ( -0.000000000000000000, -0.000000000000000000, 1.000000000000000000 ) ) ;
#2074 = CARTESIAN_POINT ( 'NONE',  ( 1.673947134580574092, 4.041265874999998786, 20.99999999863440436 ) ) ;
#2075 = CARTESIAN_POINT ( 'NONE',  ( 4.041265874999999674, 0.000000000000000000, 31.93749999863440436 ) ) ;
#2076 = CARTESIAN_POINT ( 'NONE',  ( -7.423684977483266541E-16, 4.041265874999999674, 31.18749999863440436 ) ) ;
#2077 = EDGE_CURVE ( 'NONE', #2788, #3403, #2584, .T. ) ;
#2078 = ORIENTED_EDGE ( 'NONE', *, *, #1112, .F. ) ;
#2079 = EDGE_LOOP ( 'NONE', ( #3843, #1610, #439, #1279 ) ) ;
#2080 = CARTESIAN_POINT ( 'NONE',  ( -2.857606504790286994, 2.857606504790286550, 29.18749999863440792 ) ) ;
#2081 = CARTESIAN_POINT ( 'NONE',  ( -2.474873734152916338, -2.474873734152916782, 25.87499999726881228 ) ) ;
#2082 = CARTESIAN_POINT ( 'NONE',  ( 3.500000000000000444, -1.449747468305833120, 29.43750000000000355 ) ) ;
#2083 = DIRECTION ( 'NONE',  ( 0.000000000000000000, -1.000000000000000000, 0.000000000000000000 ) ) ;
#2084 = CARTESIAN_POINT ( 'NONE',  ( 2.474873734152916782, -2.474873734152916782, 24.12499999726880873 ) ) ;
#2085 = CARTESIAN_POINT ( 'NONE',  ( -2.857606504790286550, -2.857606504790286994, 25.56249999863440792 ) ) ;
#2086 = ORIENTED_EDGE ( 'NONE', *, *, #293, .T. ) ;
#2087 = CARTESIAN_POINT ( 'NONE',  ( -6.429395695523603167E-16, 3.500000000000000000, 23.49999999726880873 ) ) ;
#2088 = CARTESIAN_POINT ( 'NONE',  ( -1.673947134580575424, 4.041265874999998786, 22.24999999863440436 ) ) ;
#2089 = CARTESIAN_POINT ( 'NONE',  ( -5.500000000000001776, 0.000000000000000000, 19.00000000000000355 ) ) ;
#2090 = CARTESIAN_POINT ( 'NONE',  ( -3.500000000000000000, -4.286263797015736595E-16, 31.00000000000000000 ) ) ;
#2091 = CARTESIAN_POINT ( 'NONE',  ( 4.041265874999999674, 0.000000000000000000, 31.81249999863440436 ) ) ;
#2092 = CARTESIAN_POINT ( 'NONE',  ( 0.6325924882726527976, 2.902679480241401766, 12.90955968487655525 ) ) ;
#2093 = CARTESIAN_POINT ( 'NONE',  ( 4.041265874999999674, -1.673947134580573648, 20.74999999863440436 ) ) ;
#2094 = CARTESIAN_POINT ( 'NONE',  ( 4.041265874999999674, -1.673947134580573426, 19.74999999863440081 ) ) ;
#2095 = CARTESIAN_POINT ( 'NONE',  ( -4.041265874999999674, -1.673947134580573648, 28.49999999863440436 ) ) ;
#2096 = ORIENTED_EDGE ( 'NONE', *, *, #2508, .F. ) ;
#2097 = VERTEX_POINT ( 'NONE', #2914 ) ;
#2098 = EDGE_CURVE ( 'NONE', #1257, #1593, #2625, .T. ) ;
#2099 = CARTESIAN_POINT ( 'NONE',  ( 2.474561659161088847E-16, -4.041265874999999674, 29.56249999863440436 ) ) ;
#2100 = CARTESIAN_POINT ( 'NONE',  ( -2.474873734152917226, 2.474873734152916338, 22.62499999726880873 ) ) ;
#2101 = ADVANCED_FACE ( 'NONE', ( #2329 ), #1765, .T. ) ;
#2102 = CARTESIAN_POINT ( 'NONE',  ( -1.449747468305834674, 3.499999999999999556, 29.81249999999999645 ) ) ;
#2103 = CARTESIAN_POINT ( 'NONE',  ( 1.673947134580573870, -4.041265874999999674, 28.62499999863440436 ) ) ;
#2104 = DIRECTION ( 'NONE',  ( 1.000000000000000000, 0.000000000000000000, 0.000000000000000000 ) ) ;
#2105 = CARTESIAN_POINT ( 'NONE',  ( 4.041265874999999674, 0.000000000000000000, 21.93749999863440436 ) ) ;
#2106 = ORIENTED_EDGE ( 'NONE', *, *, #1159, .F. ) ;
#2107 = CARTESIAN_POINT ( 'NONE',  ( 1.217298626417388396, 5.875563839680872924, 4.672298323937840614 ) ) ;
#2108 = CARTESIAN_POINT ( 'NONE',  ( 2.474561659161088847E-16, -4.041265874999999674, 22.68749999863440436 ) ) ;
#2109 = CARTESIAN_POINT ( 'NONE',  ( -4.041265874999999674, -1.673947134580573648, 19.49999999863440436 ) ) ;
#2110 = DIRECTION ( 'NONE',  ( 0.000000000000000000, 0.000000000000000000, 1.000000000000000000 ) ) ;
#2111 = CARTESIAN_POINT ( 'NONE',  ( 1.249914042830687855, 3.099965339854993118, 13.83417049925344422 ) ) ;
#2112 = CARTESIAN_POINT ( 'NONE',  ( 1.673947134580573870, -4.041265874999999674, 22.62499999863440792 ) ) ;
#2113 = CARTESIAN_POINT ( 'NONE',  ( -3.500000000000000000, -4.286263797015736595E-16, 25.00000000000000000 ) ) ;
#2114 = CARTESIAN_POINT ( 'NONE',  ( 1.673947134580574092, 4.041265874999998786, 30.12499999863440436 ) ) ;
#2115 = ORIENTED_EDGE ( 'NONE', *, *, #3008, .F. ) ;
#2116 = ORIENTED_EDGE ( 'NONE', *, *, #531, .F. ) ;
#2117 = CARTESIAN_POINT ( 'NONE',  ( 2.857606504790286994, -2.857606504790286994, 30.68749999863440436 ) ) ;
#2118 = CARTESIAN_POINT ( 'NONE',  ( -2.474873734152917226, 2.474873734152916338, 21.62499999726880873 ) ) ;
#2119 =( BOUNDED_CURVE ( )  B_SPLINE_CURVE ( 2, ( #735, #1083, #3484, #1042, #1663, #2851, #1333, #3167, #494 ),
 .UNSPECIFIED., .F., .F. ) 
 B_SPLINE_CURVE_WITH_KNOTS ( ( 3, 2, 2, 2, 3 ),
 ( 0.5384615384615384359, 0.5480769230769231282, 0.5576923076923077094, 0.5673076923076922906, 0.5769230769230768718 ),
 .UNSPECIFIED. ) 
 CURVE ( )  GEOMETRIC_REPRESENTATION_ITEM ( )  RATIONAL_B_SPLINE_CURVE ( ( 1.000000000000000000, 0.9238795325112867385, 1.000000000000000000, 0.9238795325112867385, 1.000000000000000000, 0.9238795325112867385, 1.000000000000000000, 0.9238795325112867385, 1.000000000000000000 ) ) 
 REPRESENTATION_ITEM ( '' )  );
#2120 = VECTOR ( 'NONE', #3530, 1000.000000000000000 ) ;
#2121 = CARTESIAN_POINT ( 'NONE',  ( -3.500000000000000444, -1.449747468305833342, 30.06250000000000000 ) ) ;
#2122 = CARTESIAN_POINT ( 'NONE',  ( 3.500000000000000000, 0.000000000000000000, 26.50000000000000000 ) ) ;
#2123 = CARTESIAN_POINT ( 'NONE',  ( -3.500000000000000000, 4.286263797015736595E-16, 19.00000000000000355 ) ) ;
#2124 = CARTESIAN_POINT ( 'NONE',  ( 1.967817314006560014, -0.7349545664532221023, 10.98800595548157943 ) ) ;
#2125 = CARTESIAN_POINT ( 'NONE',  ( 2.857606504790286106, 2.857606504790286994, 23.06249999863440436 ) ) ;
#2126 = EDGE_CURVE ( 'NONE', #3577, #1473, #2682, .T. ) ;
#2127 = EDGE_LOOP ( 'NONE', ( #1616, #353, #1413 ) ) ;
#2128 = CARTESIAN_POINT ( 'NONE',  ( -3.500000000000001332, 1.449747468305832454, 25.93750000000000711 ) ) ;
#2129 = CARTESIAN_POINT ( 'NONE',  ( 3.500000000000000000, -1.449747468305833120, 20.43750000000000000 ) ) ;
#2130 = CARTESIAN_POINT ( 'NONE',  ( 3.500000000000000000, 0.000000000000000000, 19.00000000000000355 ) ) ;
#2131 = CARTESIAN_POINT ( 'NONE',  ( 2.857606504790286994, -2.857606504790286994, 19.81249999863440436 ) ) ;
#2132 = DIRECTION ( 'NONE',  ( 0.000000000000000000, -1.000000000000000000, 0.000000000000000000 ) ) ;
#2133 = FACE_BOUND ( 'NONE', #603, .T. ) ;
#2134 = CIRCLE ( 'NONE', #2381, 3.000000000000000444 ) ;
#2135 = CARTESIAN_POINT ( 'NONE',  ( 3.500000000000000000, 0.000000000000000000, 19.00000000000000355 ) ) ;
#2136 = CARTESIAN_POINT ( 'NONE',  ( -4.041265874999999674, -4.949123318322177694E-16, 19.31249999863440436 ) ) ;
#2137 = CARTESIAN_POINT ( 'NONE',  ( 2.474873734152915894, 2.474873734152917226, 26.62500000000000000 ) ) ;
#2138 = CARTESIAN_POINT ( 'NONE',  ( 4.041265874999999674, 0.000000000000000000, 30.93749999863440436 ) ) ;
#2139 = VECTOR ( 'NONE', #2579, 1000.000000000000000 ) ;
#2140 = VERTEX_POINT ( 'NONE', #3015 ) ;
#2141 = CARTESIAN_POINT ( 'NONE',  ( 4.041265874999999674, -1.673947134580573648, 25.74999999863440436 ) ) ;
#2142 = CARTESIAN_POINT ( 'NONE',  ( 2.474873734152915894, 2.474873734152917226, 24.37499999726881228 ) ) ;
#2143 = CARTESIAN_POINT ( 'NONE',  ( 3.500000000000000444, -1.449747468305833120, 25.43750000000000355 ) ) ;
#2144 = CARTESIAN_POINT ( 'NONE',  ( -4.041265875000000563, 1.673947134580572538, 31.24999999863440081 ) ) ;
#2145 = CARTESIAN_POINT ( 'NONE',  ( 1.673947134580574092, 4.041265874999998786, 30.99999999863440436 ) ) ;
#2146 =( BOUNDED_CURVE ( )  B_SPLINE_CURVE ( 2, ( #3262, #345, #1260, #76, #3649, #1462, #3859, #1528, #2720 ),
 .UNSPECIFIED., .F., .F. ) 
 B_SPLINE_CURVE_WITH_KNOTS ( ( 3, 2, 2, 2, 3 ),
 ( 0.6153846153846154188, 0.6250000000000000000, 0.6346153846153845812, 0.6442307692307692735, 0.6538461538461538547 ),
 .UNSPECIFIED. ) 
 CURVE ( )  GEOMETRIC_REPRESENTATION_ITEM ( )  RATIONAL_B_SPLINE_CURVE ( ( 1.000000000000000000, 0.9238795325112867385, 1.000000000000000000, 0.9238795325112867385, 1.000000000000000000, 0.9238795325112867385, 1.000000000000000000, 0.9238795325112867385, 1.000000000000000000 ) ) 
 REPRESENTATION_ITEM ( '' )  );
#2147 = CARTESIAN_POINT ( 'NONE',  ( 3.500000000000000000, 0.000000000000000000, 26.24999999726881228 ) ) ;
#2148 = CARTESIAN_POINT ( 'NONE',  ( -4.041265874999999674, -1.673947134580573870, 22.49999999863440081 ) ) ;
#2149 = VERTEX_POINT ( 'NONE', #2429 ) ;
#2150 = CYLINDRICAL_SURFACE ( 'NONE', #1704, 3.500000000000000000 ) ;
#2151 = EDGE_CURVE ( 'NONE', #3790, #2314, #386, .T. ) ;
#2152 = DIRECTION ( 'NONE',  ( -0.000000000000000000, -0.000000000000000000, 1.000000000000000000 ) ) ;
#2153 = CARTESIAN_POINT ( 'NONE',  ( -1.449747468305832898, -3.500000000000000000, 22.18749999999999645 ) ) ;
#2154 = DIRECTION ( 'NONE',  ( 1.000000000000000000, 0.000000000000000000, 0.000000000000000000 ) ) ;
#2155 = VECTOR ( 'NONE', #1185, 1000.000000000000000 ) ;
#2156 = CARTESIAN_POINT ( 'NONE',  ( -1.449747468305834897, 3.499999999999999112, 21.81250000000000000 ) ) ;
#2157 = ADVANCED_FACE ( 'NONE', ( #79 ), #2799, .T. ) ;
#2158 = CARTESIAN_POINT ( 'NONE',  ( 1.673947134580573870, -4.041265874999999674, 29.74999999863440436 ) ) ;
#2159 = CARTESIAN_POINT ( 'NONE',  ( 1.673947134580573648, -4.041265874999999674, 20.62499999863441147 ) ) ;
#2160 = CARTESIAN_POINT ( 'NONE',  ( -1.673947134580575424, 4.041265874999998786, 29.24999999863440792 ) ) ;
#2161 = ORIENTED_EDGE ( 'NONE', *, *, #966, .F. ) ;
#2162 = CARTESIAN_POINT ( 'NONE',  ( -4.041265875000000563, 1.673947134580572538, 26.24999999863440792 ) ) ;
#2163 = CARTESIAN_POINT ( 'NONE',  ( -4.041265875000001451, 1.673947134580572538, 25.24999999863440792 ) ) ;
#2164 = CARTESIAN_POINT ( 'NONE',  ( 1.449747468305833342, -3.500000000000000444, 23.06249999726881228 ) ) ;
#2165 = B_SPLINE_CURVE_WITH_KNOTS ( 'NONE', 3,
 ( #943, #2124, #3320, #3381 ),
 .UNSPECIFIED., .F., .F.,
 ( 4, 4 ),
 ( 0.000000000000000000, 0.0001531779306072114904 ),
 .UNSPECIFIED. ) ;
#2166 = CARTESIAN_POINT ( 'NONE',  ( 2.474873734152915894, 2.474873734152917226, 24.62500000000000000 ) ) ;
#2167 = CARTESIAN_POINT ( 'NONE',  ( -6.429395695523603167E-16, 3.500000000000000000, 22.75000000000000000 ) ) ;
#2168 = CARTESIAN_POINT ( 'NONE',  ( 4.041265874999999674, -1.673947134580573648, 31.74999999863440081 ) ) ;
#2169 = CARTESIAN_POINT ( 'NONE',  ( -0.4111418969202661478, 2.060819050996618884, 3.816712844326506815 ) ) ;
#2170 = CARTESIAN_POINT ( 'NONE',  ( 4.041265874999999674, 0.000000000000000000, 22.93749999863440436 ) ) ;
#2171 = ORIENTED_EDGE ( 'NONE', *, *, #1989, .T. ) ;
#2172 = CARTESIAN_POINT ( 'NONE',  ( 0.7681220519353006981, 5.951770555479772185, 5.999519475157878645 ) ) ;
#2173 = CARTESIAN_POINT ( 'NONE',  ( 2.474561659161088847E-16, -4.041265874999999674, 20.68749999863440436 ) ) ;
#2174 = DIRECTION ( 'NONE',  ( -0.000000000000000000, -0.000000000000000000, 1.000000000000000000 ) ) ;
#2175 = EDGE_LOOP ( 'NONE', ( #2738, #1620, #1081, #2728 ) ) ;
#2176 = ADVANCED_FACE ( 'NONE', ( #2504 ), #385, .T. ) ;
#2177 = CARTESIAN_POINT ( 'NONE',  ( 1.090746260119790589, 3.038725313589572430, 13.36812467956738359 ) ) ;
#2178 = CARTESIAN_POINT ( 'NONE',  ( 2.857606504790286994, -2.857606504790286994, 31.81249999863440436 ) ) ;
#2179 = CARTESIAN_POINT ( 'NONE',  ( 1.673947134580573870, -4.041265874999999674, 29.74999999863440436 ) ) ;
#2180 = CARTESIAN_POINT ( 'NONE',  ( 4.041265874999998786, 1.673947134580575868, 25.99999999863440792 ) ) ;
#2181 = EDGE_CURVE ( 'NONE', #1537, #2140, #3631, .T. ) ;
#2182 = ORIENTED_EDGE ( 'NONE', *, *, #1774, .F. ) ;
#2183 = CARTESIAN_POINT ( 'NONE',  ( 4.041265874999999674, -1.673947134580573648, 26.74999999863440081 ) ) ;
#2184 = CARTESIAN_POINT ( 'NONE',  ( 3.500000000000000000, 0.000000000000000000, 22.24999999726880873 ) ) ;
#2185 = CARTESIAN_POINT ( 'NONE',  ( 3.499999999999999556, 1.449747468305835341, 26.56249999999999645 ) ) ;
#2186 = CARTESIAN_POINT ( 'NONE',  ( 3.499999999999999112, 1.449747468305835341, 22.56250000000000000 ) ) ;
#2187 = CARTESIAN_POINT ( 'NONE',  ( -4.041265875000001451, 1.673947134580572538, 27.24999999863440436 ) ) ;
#2188 = CARTESIAN_POINT ( 'NONE',  ( -3.500000000000000000, -1.449747468305833564, 25.81249999726881228 ) ) ;
#2189 = CARTESIAN_POINT ( 'NONE',  ( -2.857606504790286994, 2.857606504790286550, 23.31249999863440436 ) ) ;
#2190 = ORIENTED_EDGE ( 'NONE', *, *, #1700, .F. ) ;
#2191 = DIRECTION ( 'NONE',  ( 1.000000000000000000, 0.000000000000000000, 0.000000000000000000 ) ) ;
#2192 = CARTESIAN_POINT ( 'NONE',  ( -2.474873734152916338, -2.474873734152916782, 21.12499999999999645 ) ) ;
#2193 = CARTESIAN_POINT ( 'NONE',  ( 0.000000000000000000, 0.000000000000000000, 19.00000000000000355 ) ) ;
#2194 = ORIENTED_EDGE ( 'NONE', *, *, #37, .T. ) ;
#2195 = CARTESIAN_POINT ( 'NONE',  ( -0.3282050358826025804, 5.992938828568170173, 3.782782919331651783 ) ) ;
#2196 = CARTESIAN_POINT ( 'NONE',  ( -4.041265875000001451, 1.673947134580572538, 30.37499999863440436 ) ) ;
#2197 = CARTESIAN_POINT ( 'NONE',  ( -4.041265875000001451, 1.673947134580572538, 30.37499999863440436 ) ) ;
#2198 = CARTESIAN_POINT ( 'NONE',  ( -4.041265874999999674, -4.949123318322177694E-16, 24.43749999863440436 ) ) ;
#2199 = ORIENTED_EDGE ( 'NONE', *, *, #1248, .F. ) ;
#2200 = AXIS2_PLACEMENT_3D ( 'NONE', #3348, #2700, #616 ) ;
#2201 = CARTESIAN_POINT ( 'NONE',  ( 4.041265874999999674, -1.673947134580573648, 27.74999999863440436 ) ) ;
#2202 = EDGE_CURVE ( 'NONE', #2680, #3687, #3728, .T. ) ;
#2203 = CARTESIAN_POINT ( 'NONE',  ( -2.100000000000000089, -0.2679330505265786200, 10.90000000000000036 ) ) ;
#2204 = AXIS2_PLACEMENT_3D ( 'NONE', #3824, #2332, #2746 ) ;
#2205 = AXIS2_PLACEMENT_3D ( 'NONE', #379, #74, #3074 ) ;
#2206 = CARTESIAN_POINT ( 'NONE',  ( 3.499999999999999556, 1.449747468305835341, 25.56250000000000355 ) ) ;
#2207 =( BOUNDED_CURVE ( )  B_SPLINE_CURVE ( 2, ( #824, #314, #1755, #3204, #3816, #2924, #3560, #2654, #3854 ),
 .UNSPECIFIED., .F., .F. ) 
 B_SPLINE_CURVE_WITH_KNOTS ( ( 3, 2, 2, 2, 3 ),
 ( 0.1923076923076923184, 0.2019230769230769273, 0.2115384615384615363, 0.2211538461538461453, 0.2307692307692307820 ),
 .UNSPECIFIED. ) 
 CURVE ( )  GEOMETRIC_REPRESENTATION_ITEM ( )  RATIONAL_B_SPLINE_CURVE ( ( 1.000000000000000000, 0.9238795325112867385, 1.000000000000000000, 0.9238795325112867385, 1.000000000000000000, 0.9238795325112867385, 1.000000000000000000, 0.9238795325112867385, 1.000000000000000000 ) ) 
 REPRESENTATION_ITEM ( '' )  );
#2208 = CARTESIAN_POINT ( 'NONE',  ( 3.000000000000000444, 0.000000000000000000, 32.24999999726880873 ) ) ;
#2209 = CARTESIAN_POINT ( 'NONE',  ( 4.041265874999998786, 1.673947134580575868, 29.87499999863440436 ) ) ;
#2210 = CARTESIAN_POINT ( 'NONE',  ( -3.500000000000000444, -1.449747468305833342, 30.81249999726880873 ) ) ;
#2211 = VERTEX_POINT ( 'NONE', #2767 ) ;
#2212 = CARTESIAN_POINT ( 'NONE',  ( 0.1656262679825009909, 6.000000000000000888, 3.749999999999999556 ) ) ;
#2213 = CARTESIAN_POINT ( 'NONE',  ( -1.673947134580573204, -4.041265874999999674, 26.49999999863440436 ) ) ;
#2214 = CARTESIAN_POINT ( 'NONE',  ( 4.041265874999998786, 1.673947134580575868, 20.99999999863440436 ) ) ;
#2215 = ORIENTED_EDGE ( 'NONE', *, *, #316, .F. ) ;
#2216 = FACE_OUTER_BOUND ( 'NONE', #722, .T. ) ;
#2217 = FACE_OUTER_BOUND ( 'NONE', #1779, .T. ) ;
#2218 = CARTESIAN_POINT ( 'NONE',  ( -6.000000000000001776, -0.2058442074416458878, 10.89999999999999503 ) ) ;
#2219 = CARTESIAN_POINT ( 'NONE',  ( -1.673947134580575424, 4.041265874999998786, 31.24999999863440081 ) ) ;
#2220 = CARTESIAN_POINT ( 'NONE',  ( -7.423684977483266541E-16, 4.041265874999999674, 31.18749999863440436 ) ) ;
#2221 = CARTESIAN_POINT ( 'NONE',  ( -1.673947134580575424, 4.041265874999998786, 26.24999999863440792 ) ) ;
#2222 = LINE ( 'NONE', #1393, #877 ) ;
#2223 = CARTESIAN_POINT ( 'NONE',  ( 4.041265874999999674, 0.000000000000000000, 28.81249999863440792 ) ) ;
#2224 = CARTESIAN_POINT ( 'NONE',  ( -3.500000000000000000, -4.286263797015736595E-16, 19.74999999726880873 ) ) ;
#2225 = EDGE_CURVE ( 'NONE', #1556, #3113, #257, .T. ) ;
#2226 = CARTESIAN_POINT ( 'NONE',  ( 2.474873734152916782, -2.474873734152916782, 25.37500000000000000 ) ) ;
#2227 = CARTESIAN_POINT ( 'NONE',  ( -6.429395695523603167E-16, 3.500000000000000000, 30.75000000000000000 ) ) ;
#2228 = CARTESIAN_POINT ( 'NONE',  ( 2.474873734152915894, 2.474873734152917226, 30.37499999726880873 ) ) ;
#2229 = EDGE_CURVE ( 'NONE', #3093, #230, #2451, .T. ) ;
#2230 = CARTESIAN_POINT ( 'NONE',  ( -4.041265874999999674, -4.949123318322177694E-16, 28.31249999863440436 ) ) ;
#2231 = LINE ( 'NONE', #1056, #3202 ) ;
#2232 = LINE ( 'NONE', #2266, #654 ) ;
#2233 = VERTEX_POINT ( 'NONE', #2270 ) ;
#2234 = CARTESIAN_POINT ( 'NONE',  ( -3.500000000000000000, -1.449747468305833564, 26.06250000000000355 ) ) ;
#2235 = CARTESIAN_POINT ( 'NONE',  ( 2.474873734152916782, -2.474873734152916782, 22.12499999726880873 ) ) ;
#2236 = CARTESIAN_POINT ( 'NONE',  ( -5.137279935793064745, -3.099734658888105177, 13.79075229286630488 ) ) ;
#2237 = CARTESIAN_POINT ( 'NONE',  ( 4.041265874999998786, 1.673947134580575868, 25.99999999863440792 ) ) ;
#2238 = CARTESIAN_POINT ( 'NONE',  ( 2.857606504790286994, -2.857606504790286994, 27.81249999863440436 ) ) ;
#2239 = CARTESIAN_POINT ( 'NONE',  ( -4.041265874999999674, -4.949123318322177694E-16, 26.43749999863440792 ) ) ;
#2240 = CARTESIAN_POINT ( 'NONE',  ( 3.500000000000000000, -1.449747468305833120, 30.18749999726881228 ) ) ;
#2241 = CARTESIAN_POINT ( 'NONE',  ( -4.041265874999999674, -1.673947134580573870, 21.37499999863440792 ) ) ;
#2242 = CYLINDRICAL_SURFACE ( 'NONE', #2939, 3.500000000000000000 ) ;
#2243 = CARTESIAN_POINT ( 'NONE',  ( -3.500000000000001332, 1.449747468305832010, 23.93750000000000000 ) ) ;
#2244 = CARTESIAN_POINT ( 'NONE',  ( -0.1692266577791236848, 2.100000000000000089, 6.249999999999999112 ) ) ;
#2245 = CARTESIAN_POINT ( 'NONE',  ( -3.500000000000000000, -4.286263797015736595E-16, 28.74999999726881228 ) ) ;
#2246 = CARTESIAN_POINT ( 'NONE',  ( -1.673947134580575424, 4.041265874999998786, 28.12499999863440436 ) ) ;
#2247 = CARTESIAN_POINT ( 'NONE',  ( -1.241622648495962711, 3.096595616604122192, 14.16624749090877167 ) ) ;
#2248 = CARTESIAN_POINT ( 'NONE',  ( -3.500000000000000000, -1.449747468305833564, 27.81249999726880873 ) ) ;
#2249 = EDGE_CURVE ( 'NONE', #2333, #2348, #475, .T. ) ;
#2250 = VERTEX_POINT ( 'NONE', #1643 ) ;
#2251 = DIRECTION ( 'NONE',  ( 1.000000000000000000, 0.000000000000000000, 0.000000000000000000 ) ) ;
#2252 = CARTESIAN_POINT ( 'NONE',  ( -5.149890533468952647, -3.079109232768352022, 13.58535062453717934 ) ) ;
#2253 = CARTESIAN_POINT ( 'NONE',  ( 1.673947134580573870, -4.041265874999999674, 28.74999999863440436 ) ) ;
#2254 = CARTESIAN_POINT ( 'NONE',  ( 2.474561659161088847E-16, -4.041265874999999674, 30.68749999863440436 ) ) ;
#2255 = CARTESIAN_POINT ( 'NONE',  ( 1.673947134580574092, 4.041265874999998786, 27.12499999863440436 ) ) ;
#2256 = CARTESIAN_POINT ( 'NONE',  ( -6.000000000000000888, 0.000000000000000000, 0.5000000000000004441 ) ) ;
#2257 = CARTESIAN_POINT ( 'NONE',  ( -2.857606504790286994, 2.857606504790286550, 21.18749999863440436 ) ) ;
#2258 = CARTESIAN_POINT ( 'NONE',  ( -1.673947134580575424, 4.041265874999998786, 27.12499999863440436 ) ) ;
#2259 = CARTESIAN_POINT ( 'NONE',  ( 3.499999999999999556, 1.449747468305835341, 20.31249999726881228 ) ) ;
#2260 = AXIS2_PLACEMENT_3D ( 'NONE', #905, #3282, #2064 ) ;
#2261 = CARTESIAN_POINT ( 'NONE',  ( -1.449747468305834674, 3.499999999999999556, 23.81250000000000000 ) ) ;
#2262 = CARTESIAN_POINT ( 'NONE',  ( -1.214634994357284059, 1.714740165333849209, 4.663250571012617307 ) ) ;
#2263 = CARTESIAN_POINT ( 'NONE',  ( 1.449747468305833564, 3.500000000000000000, 30.43749999726881583 ) ) ;
#2264 = CARTESIAN_POINT ( 'NONE',  ( -4.041265875000000563, 1.673947134580572538, 28.24999999863440436 ) ) ;
#2265 = CARTESIAN_POINT ( 'NONE',  ( -0.9992501536784559324, 3.005646180818168478, 14.76846792323329893 ) ) ;
#2266 = CARTESIAN_POINT ( 'NONE',  ( 3.500000000000000000, 0.000000000000000000, 19.00000000000000355 ) ) ;
#2267 = VERTEX_POINT ( 'NONE', #770 ) ;
#2268 = ADVANCED_FACE ( 'NONE', ( #2600 ), #1043, .T. ) ;
#2269 = FACE_OUTER_BOUND ( 'NONE', #3554, .T. ) ;
#2270 = CARTESIAN_POINT ( 'NONE',  ( -3.500000000000000000, -4.286263797015736595E-16, 23.74999999726880873 ) ) ;
#2271 = CARTESIAN_POINT ( 'NONE',  ( -1.673947134580575424, 4.041265874999998786, 26.24999999863440436 ) ) ;
#2272 = CARTESIAN_POINT ( 'NONE',  ( -5.989393054309222642, 0.4106458321589362970, 10.92037880327481858 ) ) ;
#2273 = CARTESIAN_POINT ( 'NONE',  ( -2.857606504790286550, -2.857606504790286994, 27.56249999863440436 ) ) ;
#2274 = CARTESIAN_POINT ( 'NONE',  ( -2.857606504790286994, 2.857606504790286550, 21.31249999863440436 ) ) ;
#2275 = CARTESIAN_POINT ( 'NONE',  ( -3.500000000000000000, -1.449747468305833564, 28.81249999726881228 ) ) ;
#2276 = EDGE_CURVE ( 'NONE', #307, #3646, #3004, .T. ) ;
#2277 = CARTESIAN_POINT ( 'NONE',  ( 2.474561659161088847E-16, -4.041265874999999674, 22.56249999863440436 ) ) ;
#2278 = CARTESIAN_POINT ( 'NONE',  ( -4.041265874999999674, -4.949123318322177694E-16, 26.31249999863440792 ) ) ;
#2279 = CARTESIAN_POINT ( 'NONE',  ( -1.673947134580575424, 4.041265874999998786, 25.12499999863441147 ) ) ;
#2280 = CARTESIAN_POINT ( 'NONE',  ( 1.449747468305833342, -3.500000000000000444, 20.06249999726880873 ) ) ;
#2281 = EDGE_LOOP ( 'NONE', ( #192, #1980 ) ) ;
#2282 = CARTESIAN_POINT ( 'NONE',  ( -3.500000000000000000, -4.286263797015736595E-16, 20.99999999999999645 ) ) ;
#2283 = PLANE ( 'NONE',  #3393 ) ;
#2284 = CARTESIAN_POINT ( 'NONE',  ( 3.500000000000000444, -1.449747468305833120, 29.18749999726881583 ) ) ;
#2285 = FACE_OUTER_BOUND ( 'NONE', #564, .T. ) ;
#2286 = CARTESIAN_POINT ( 'NONE',  ( 1.967817314006560458, 0.7349545664532224354, 10.98800595548157943 ) ) ;
#2287 = CARTESIAN_POINT ( 'NONE',  ( -5.693970141553374553, 1.899787175488685254, 16.45793589679207969 ) ) ;
#2288 = DIRECTION ( 'NONE',  ( 1.000000000000000000, 0.000000000000000000, 0.000000000000000000 ) ) ;
#2289 = CARTESIAN_POINT ( 'NONE',  ( -0.3278061979690366501, 5.992955371259923503, 6.217289621151371293 ) ) ;
#2290 = CARTESIAN_POINT ( 'NONE',  ( -1.673947134580573426, -4.041265874999999674, 27.62499999863440436 ) ) ;
#2291 = CARTESIAN_POINT ( 'NONE',  ( 2.857606504790286106, 2.857606504790286994, 26.06249999863440792 ) ) ;
#2292 = CARTESIAN_POINT ( 'NONE',  ( 2.857606504790286106, 2.857606504790286994, 23.06249999863440436 ) ) ;
#2293 = CARTESIAN_POINT ( 'NONE',  ( 0.000000000000000000, 0.000000000000000000, 11.00000000000000000 ) ) ;
#2294 = CARTESIAN_POINT ( 'NONE',  ( -1.673947134580573426, -4.041265874999999674, 22.49999999863440081 ) ) ;
#2295 = CARTESIAN_POINT ( 'NONE',  ( 2.474561659161088847E-16, -4.041265874999999674, 26.56249999863440436 ) ) ;
#2296 = CARTESIAN_POINT ( 'NONE',  ( 1.673947134580573648, -4.041265874999999674, 24.62499999863440792 ) ) ;
#2297 = CARTESIAN_POINT ( 'NONE',  ( -3.000000000000000444, 3.673940397442060361E-16, 32.24999999726880873 ) ) ;
#2298 = ORIENTED_EDGE ( 'NONE', *, *, #658, .F. ) ;
#2299 = CARTESIAN_POINT ( 'NONE',  ( 3.499999999999999556, 1.449747468305835341, 21.56249999999999645 ) ) ;
#2300 = CARTESIAN_POINT ( 'NONE',  ( 3.500000000000000444, -1.449747468305833120, 26.18749999726881228 ) ) ;
#2301 = CARTESIAN_POINT ( 'NONE',  ( 1.673947134580574092, 4.041265874999998786, 28.99999999863440792 ) ) ;
#2302 = CARTESIAN_POINT ( 'NONE',  ( 2.143131898507868297E-16, -3.500000000000000000, 22.99999999726880873 ) ) ;
#2303 = CARTESIAN_POINT ( 'NONE',  ( -1.449747468305832898, -3.500000000000000000, 31.18750000000000355 ) ) ;
#2304 = CARTESIAN_POINT ( 'NONE',  ( -2.474873734152916338, -2.474873734152916782, 29.12500000000000000 ) ) ;
#2305 = CARTESIAN_POINT ( 'NONE',  ( -2.500000000000002220, 0.000000000000000000, 35.00000000000000000 ) ) ;
#2306 = CARTESIAN_POINT ( 'NONE',  ( 2.474561659161088847E-16, -4.041265874999999674, 26.68749999863440436 ) ) ;
#2307 = CARTESIAN_POINT ( 'NONE',  ( -2.857606504790286994, 2.857606504790286550, 23.31249999863440436 ) ) ;
#2308 = ORIENTED_EDGE ( 'NONE', *, *, #1482, .T. ) ;
#2309 = DIRECTION ( 'NONE',  ( 1.000000000000000000, 0.000000000000000000, 0.000000000000000000 ) ) ;
#2310 = CARTESIAN_POINT ( 'NONE',  ( 4.041265874999998786, 1.673947134580575868, 23.87499999863441147 ) ) ;
#2311 = CARTESIAN_POINT ( 'NONE',  ( 1.673947134580574092, 4.041265874999998786, 26.99999999863440436 ) ) ;
#2312 = CARTESIAN_POINT ( 'NONE',  ( -4.041265874999999674, -4.949123318322177694E-16, 21.31249999863440436 ) ) ;
#2313 = CARTESIAN_POINT ( 'NONE',  ( 2.474873734152915894, 2.474873734152917226, 28.62500000000000000 ) ) ;
#2314 = VERTEX_POINT ( 'NONE', #495 ) ;
#2315 = EDGE_LOOP ( 'NONE', ( #1604, #1661, #1566, #3031 ) ) ;
#2316 = ADVANCED_FACE ( 'NONE', ( #1682 ), #906, .F. ) ;
#2317 = CARTESIAN_POINT ( 'NONE',  ( 2.143131898507868297E-16, -3.500000000000000000, 23.25000000000000000 ) ) ;
#2318 = CARTESIAN_POINT ( 'NONE',  ( -1.449747468305834674, 3.499999999999999556, 27.56249999726881228 ) ) ;
#2319 = EDGE_CURVE ( 'NONE', #2709, #342, #334, .T. ) ;
#2320 = CARTESIAN_POINT ( 'NONE',  ( 1.949358868961793556, 0.7810249675906638656, 11.00000000000000000 ) ) ;
#2321 = CARTESIAN_POINT ( 'NONE',  ( -3.500000000000000000, -4.286263797015736595E-16, 23.74999999726880873 ) ) ;
#2322 = VECTOR ( 'NONE', #3283, 1000.000000000000000 ) ;
#2323 = CYLINDRICAL_SURFACE ( 'NONE', #1382, 6.000000000000000888 ) ;
#2324 = AXIS2_PLACEMENT_3D ( 'NONE', #1004, #1258, #55 ) ;
#2325 = CARTESIAN_POINT ( 'NONE',  ( -2.474873734152916338, -2.474873734152916782, 26.87499999726880873 ) ) ;
#2326 = CARTESIAN_POINT ( 'NONE',  ( 4.041265874999999674, 0.000000000000000000, 22.93749999863440436 ) ) ;
#2327 = CARTESIAN_POINT ( 'NONE',  ( 2.474561659161088847E-16, -4.041265874999999674, 22.68749999863440436 ) ) ;
#2328 = LINE ( 'NONE', #559, #48 ) ;
#2329 = FACE_OUTER_BOUND ( 'NONE', #2127, .T. ) ;
#2330 = CARTESIAN_POINT ( 'NONE',  ( 1.673947134580573870, -4.041265874999999674, 21.62499999863441147 ) ) ;
#2331 = CARTESIAN_POINT ( 'NONE',  ( -4.041265875000000563, 1.673947134580572538, 22.24999999863440436 ) ) ;
#2332 = DIRECTION ( 'NONE',  ( -0.000000000000000000, -0.000000000000000000, 1.000000000000000000 ) ) ;
#2333 = VERTEX_POINT ( 'NONE', #6 ) ;
#2334 = CARTESIAN_POINT ( 'NONE',  ( -1.449747468305834897, 3.499999999999999112, 20.56249999726881228 ) ) ;
#2335 = VERTEX_POINT ( 'NONE', #2965 ) ;
#2336 = CARTESIAN_POINT ( 'NONE',  ( 2.474561659161088847E-16, -4.041265874999999674, 30.56249999863440436 ) ) ;
#2337 = DIRECTION ( 'NONE',  ( 0.000000000000000000, 0.000000000000000000, 1.000000000000000000 ) ) ;
#2338 = CARTESIAN_POINT ( 'NONE',  ( 3.500000000000000000, 0.000000000000000000, 27.24999999726880873 ) ) ;
#2339 = EDGE_CURVE ( 'NONE', #2833, #2149, #664, .T. ) ;
#2340 = CARTESIAN_POINT ( 'NONE',  ( -3.500000000000000000, -4.286263797015736595E-16, 31.74999999726880873 ) ) ;
#2341 = CARTESIAN_POINT ( 'NONE',  ( 3.500000000000000000, 0.000000000000000000, 32.24999999726880873 ) ) ;
#2342 = EDGE_CURVE ( 'NONE', #2528, #236, #2048, .T. ) ;
#2343 = DIRECTION ( 'NONE',  ( 1.000000000000000000, 0.000000000000000000, 0.000000000000000000 ) ) ;
#2344 = CARTESIAN_POINT ( 'NONE',  ( 0.000000000000000000, 0.000000000000000000, 19.00000000000000355 ) ) ;
#2345 = CARTESIAN_POINT ( 'NONE',  ( -4.041265874999999674, -4.949123318322177694E-16, 21.43749999863440436 ) ) ;
#2346 = CARTESIAN_POINT ( 'NONE',  ( -5.367189839240057658, 2.684881708039497994, 12.43743967845636433 ) ) ;
#2347 = CARTESIAN_POINT ( 'NONE',  ( 1.673947134580573648, -4.041265874999999674, 21.74999999863440436 ) ) ;
#2348 = VERTEX_POINT ( 'NONE', #3223 ) ;
#2349 = CARTESIAN_POINT ( 'NONE',  ( 2.000000000000000000, 0.7810249675906638656, 11.00000000000000000 ) ) ;
#2350 = CARTESIAN_POINT ( 'NONE',  ( -4.041265874999999674, -4.949123318322177694E-16, 20.31249999863440436 ) ) ;
#2351 = CARTESIAN_POINT ( 'NONE',  ( 4.041265874999999674, 0.000000000000000000, 21.81249999863440436 ) ) ;
#2352 = CARTESIAN_POINT ( 'NONE',  ( -1.673947134580575424, 4.041265874999998786, 23.12499999863440792 ) ) ;
#2353 = VERTEX_POINT ( 'NONE', #3564 ) ;
#2354 = ORIENTED_EDGE ( 'NONE', *, *, #93, .T. ) ;
#2355 = CARTESIAN_POINT ( 'NONE',  ( -3.500000000000001332, 1.449747468305832010, 19.93750000000000000 ) ) ;
#2356 = CARTESIAN_POINT ( 'NONE',  ( -3.500000000000000000, -4.286263797015736595E-16, 22.74999999726880873 ) ) ;
#2357 = CARTESIAN_POINT ( 'NONE',  ( 1.449747468305833564, 3.500000000000000000, 26.43749999726880873 ) ) ;
#2358 = CARTESIAN_POINT ( 'NONE',  ( 1.449747468305833564, -3.500000000000000000, 19.31250000000000000 ) ) ;
#2359 = CARTESIAN_POINT ( 'NONE',  ( 2.143131898507868297E-16, -3.500000000000000000, 29.25000000000000000 ) ) ;
#2360 = CARTESIAN_POINT ( 'NONE',  ( -7.423684977483266541E-16, 4.041265874999999674, 26.18749999863440792 ) ) ;
#2361 = CYLINDRICAL_SURFACE ( 'NONE', #1510, 3.500000000000000000 ) ;
#2362 = LINE ( 'NONE', #3260, #524 ) ;
#2363 = EDGE_CURVE ( 'NONE', #3103, #2211, #3240, .T. ) ;
#2364 = CARTESIAN_POINT ( 'NONE',  ( 1.673947134580573870, -4.041265874999999674, 23.74999999863440436 ) ) ;
#2365 = DIRECTION ( 'NONE',  ( 0.000000000000000000, 0.000000000000000000, -1.000000000000000000 ) ) ;
#2366 = CARTESIAN_POINT ( 'NONE',  ( 0.000000000000000000, 0.000000000000000000, 35.00000000000000000 ) ) ;
#2367 = ORIENTED_EDGE ( 'NONE', *, *, #2202, .F. ) ;
#2368 = PLANE ( 'NONE',  #3826 ) ;
#2369 = LINE ( 'NONE', #3570, #50 ) ;
#2370 = CARTESIAN_POINT ( 'NONE',  ( -1.249935086906631021, 5.868361124105374138, 13.83594323370176760 ) ) ;
#2371 = CARTESIAN_POINT ( 'NONE',  ( 4.041265874999998786, 1.673947134580575868, 23.87499999863441147 ) ) ;
#2372 = CARTESIAN_POINT ( 'NONE',  ( 1.449747468305833786, 3.499999999999999556, 26.68750000000000355 ) ) ;
#2373 = CARTESIAN_POINT ( 'NONE',  ( 0.3317140748884314649, 2.075244260414197850, 3.791977159983155321 ) ) ;
#2374 = ORIENTED_EDGE ( 'NONE', *, *, #2077, .F. ) ;
#2375 = CARTESIAN_POINT ( 'NONE',  ( 1.673947134580573870, -4.041265874999999674, 29.62499999863440436 ) ) ;
#2376 = CARTESIAN_POINT ( 'NONE',  ( -3.500000000000001332, 1.449747468305832010, 24.68749999726880873 ) ) ;
#2377 = CARTESIAN_POINT ( 'NONE',  ( -3.500000000000000000, -1.449747468305833564, 19.06250000000000000 ) ) ;
#2378 = CARTESIAN_POINT ( 'NONE',  ( 3.500000000000000000, -1.449747468305833120, 24.18749999726880873 ) ) ;
#2379 = CARTESIAN_POINT ( 'NONE',  ( 4.041265874999998786, 1.673947134580575868, 25.99999999863440792 ) ) ;
#2380 = ORIENTED_EDGE ( 'NONE', *, *, #2796, .F. ) ;
#2381 = AXIS2_PLACEMENT_3D ( 'NONE', #3040, #954, #621 ) ;
#2382 = CARTESIAN_POINT ( 'NONE',  ( 3.500000000000000000, 0.000000000000000000, 31.24999999726880873 ) ) ;
#2383 = CARTESIAN_POINT ( 'NONE',  ( -7.423684977483266541E-16, 4.041265874999999674, 21.18749999863440436 ) ) ;
#2384 = CARTESIAN_POINT ( 'NONE',  ( 0.000000000000000000, 0.000000000000000000, 0.5000000000000004441 ) ) ;
#2385 = ORIENTED_EDGE ( 'NONE', *, *, #293, .F. ) ;
#2386 = CARTESIAN_POINT ( 'NONE',  ( 0.000000000000000000, 0.000000000000000000, 0.000000000000000000 ) ) ;
#2387 = EDGE_CURVE ( 'NONE', #623, #2895, #1052, .T. ) ;
#2388 = DIRECTION ( 'NONE',  ( 1.000000000000000000, 0.000000000000000000, 0.000000000000000000 ) ) ;
#2389 = VECTOR ( 'NONE', #3343, 1000.000000000000000 ) ;
#2390 = CARTESIAN_POINT ( 'NONE',  ( 0.1671282996793991005, 2.836811590500856184, 12.74999999999999822 ) ) ;
#2391 = CARTESIAN_POINT ( 'NONE',  ( -2.857606504790286550, -2.857606504790286994, 23.43749999863440436 ) ) ;
#2392 = CARTESIAN_POINT ( 'NONE',  ( -4.041265874999999674, -1.673947134580573648, 19.37499999863440792 ) ) ;
#2393 = CARTESIAN_POINT ( 'NONE',  ( 4.041265874999999674, 0.000000000000000000, 29.93749999863440436 ) ) ;
#2394 = ORIENTED_EDGE ( 'NONE', *, *, #321, .T. ) ;
#2395 = EDGE_CURVE ( 'NONE', #2771, #2023, #2826, .T. ) ;
#2396 = EDGE_LOOP ( 'NONE', ( #996, #3555 ) ) ;
#2397 = CARTESIAN_POINT ( 'NONE',  ( 2.857606504790286106, 2.857606504790286994, 29.93749999863440436 ) ) ;
#2398 = CARTESIAN_POINT ( 'NONE',  ( 2.474873734152915894, 2.474873734152917226, 21.37499999726880873 ) ) ;
#2399 =( BOUNDED_CURVE ( )  B_SPLINE_CURVE ( 2, ( #1242, #35, #3610, #1261, #3012, #1825, #346, #3630, #989 ),
 .UNSPECIFIED., .F., .F. ) 
 B_SPLINE_CURVE_WITH_KNOTS ( ( 3, 2, 2, 2, 3 ),
 ( 0.5000000000000000000, 0.5096153846153845812, 0.5192307692307692735, 0.5288461538461538547, 0.5384615384615384359 ),
 .UNSPECIFIED. ) 
 CURVE ( )  GEOMETRIC_REPRESENTATION_ITEM ( )  RATIONAL_B_SPLINE_CURVE ( ( 1.000000000000000000, 0.9238795325112867385, 1.000000000000000000, 0.9238795325112867385, 1.000000000000000000, 0.9238795325112867385, 1.000000000000000000, 0.9238795325112867385, 1.000000000000000000 ) ) 
 REPRESENTATION_ITEM ( '' )  );
#2400 = B_SPLINE_CURVE_WITH_KNOTS ( 'NONE', 3,
 ( #3437, #1638, #2286, #1911 ),
 .UNSPECIFIED., .F., .F.,
 ( 4, 4 ),
 ( 0.000000000000000000, 0.0001531779306072114362 ),
 .UNSPECIFIED. ) ;
#2401 = CARTESIAN_POINT ( 'NONE',  ( 3.500000000000000444, -1.449747468305833120, 30.43750000000000355 ) ) ;
#2402 = CARTESIAN_POINT ( 'NONE',  ( 2.857606504790286994, -2.857606504790286994, 31.68749999863440436 ) ) ;
#2403 = CARTESIAN_POINT ( 'NONE',  ( -1.673947134580573426, -4.041265874999999674, 30.49999999863440081 ) ) ;
#2404 = CARTESIAN_POINT ( 'NONE',  ( 1.449747468305833564, -3.500000000000000000, 26.06249999726881228 ) ) ;
#2405 = CARTESIAN_POINT ( 'NONE',  ( 1.673947134580574092, 4.041265874999998786, 25.12499999863441147 ) ) ;
#2406 = ORIENTED_EDGE ( 'NONE', *, *, #372, .F. ) ;
#2407 = CARTESIAN_POINT ( 'NONE',  ( 1.249921918242510976, 5.868363929124337908, 5.165619519227383272 ) ) ;
#2408 = CARTESIAN_POINT ( 'NONE',  ( -2.857606504790286994, 2.857606504790286550, 24.31249999863440436 ) ) ;
#2409 = CARTESIAN_POINT ( 'NONE',  ( -1.449747468305834897, 3.499999999999999112, 19.81250000000000000 ) ) ;
#2410 = DIRECTION ( 'NONE',  ( -0.000000000000000000, 0.000000000000000000, 1.000000000000000000 ) ) ;
#2411 = CARTESIAN_POINT ( 'NONE',  ( 2.474873734152916782, -2.474873734152916782, 25.37500000000000000 ) ) ;
#2412 = CARTESIAN_POINT ( 'NONE',  ( 4.041265874999999674, -1.673947134580573648, 19.74999999863440792 ) ) ;
#2413 = CARTESIAN_POINT ( 'NONE',  ( -1.673947134580573426, -4.041265874999999674, 23.49999999863440436 ) ) ;
#2414 = CARTESIAN_POINT ( 'NONE',  ( -4.041265874999999674, -4.949123318322177694E-16, 20.31249999863440436 ) ) ;
#2415 = CARTESIAN_POINT ( 'NONE',  ( -2.857606504790286994, 2.857606504790286550, 28.31249999863440436 ) ) ;
#2416 = ORIENTED_EDGE ( 'NONE', *, *, #3305, .T. ) ;
#2417 = CARTESIAN_POINT ( 'NONE',  ( -3.500000000000000000, -4.286263797015736595E-16, 19.00000000000000000 ) ) ;
#2418 = CARTESIAN_POINT ( 'NONE',  ( 3.500000000000000000, 0.000000000000000000, 23.24999999726880873 ) ) ;
#2419 = CARTESIAN_POINT ( 'NONE',  ( 3.500000000000000444, -1.449747468305833120, 28.43750000000000355 ) ) ;
#2420 = CARTESIAN_POINT ( 'NONE',  ( 1.449747468305833786, 3.499999999999999556, 22.68749999999999645 ) ) ;
#2421 = CARTESIAN_POINT ( 'NONE',  ( 3.500000000000000000, 0.000000000000000000, 25.50000000000000355 ) ) ;
#2422 = CARTESIAN_POINT ( 'NONE',  ( 3.500000000000000000, 0.000000000000000000, 21.24999999726881228 ) ) ;
#2423 = CARTESIAN_POINT ( 'NONE',  ( 2.474561659161088847E-16, -4.041265874999999674, 21.68749999863440436 ) ) ;
#2424 = ORIENTED_EDGE ( 'NONE', *, *, #2842, .F. ) ;
#2425 = DIRECTION ( 'NONE',  ( -0.000000000000000000, -0.000000000000000000, 1.000000000000000000 ) ) ;
#2426 = CARTESIAN_POINT ( 'NONE',  ( 2.474873734152916782, -2.474873734152916782, 20.37500000000000000 ) ) ;
#2427 = CARTESIAN_POINT ( 'NONE',  ( -7.423684977483266541E-16, 4.041265874999999674, 20.18749999863440436 ) ) ;
#2428 = DIRECTION ( 'NONE',  ( -0.000000000000000000, -0.000000000000000000, 1.000000000000000000 ) ) ;
#2429 = CARTESIAN_POINT ( 'NONE',  ( 3.500000000000000000, 0.000000000000000000, 31.24999999726880873 ) ) ;
#2430 = CARTESIAN_POINT ( 'NONE',  ( 1.673947134580573870, -4.041265874999999674, 31.74999999863440081 ) ) ;
#2431 = CARTESIAN_POINT ( 'NONE',  ( -1.673947134580573204, -4.041265874999999674, 20.49999999863440436 ) ) ;
#2432 = CARTESIAN_POINT ( 'NONE',  ( 2.474561659161088847E-16, -4.041265874999999674, 30.68749999863440436 ) ) ;
#2433 = ORIENTED_EDGE ( 'NONE', *, *, #93, .F. ) ;
#2434 = CARTESIAN_POINT ( 'NONE',  ( -7.423684977483266541E-16, 4.041265874999999674, 28.06249999863440436 ) ) ;
#2435 = CARTESIAN_POINT ( 'NONE',  ( 1.449747468305833342, -3.500000000000000444, 24.06249999726880873 ) ) ;
#2436 = EDGE_CURVE ( 'NONE', #2611, #1257, #1853, .T. ) ;
#2437 = CARTESIAN_POINT ( 'NONE',  ( 3.500000000000000000, 0.000000000000000000, 28.50000000000000000 ) ) ;
#2438 = CARTESIAN_POINT ( 'NONE',  ( 4.041265874999999674, 0.000000000000000000, 31.81249999863440436 ) ) ;
#2439 = CARTESIAN_POINT ( 'NONE',  ( -2.857606504790286994, 2.857606504790286550, 30.18749999863440436 ) ) ;
#2440 = DIRECTION ( 'NONE',  ( 1.000000000000000000, 0.000000000000000000, 0.000000000000000000 ) ) ;
#2441 = CARTESIAN_POINT ( 'NONE',  ( 2.474561659161088847E-16, -4.041265874999999674, 20.68749999863440436 ) ) ;
#2442 = ORIENTED_EDGE ( 'NONE', *, *, #3138, .F. ) ;
#2443 = ADVANCED_FACE ( 'NONE', ( #846 ), #3839, .T. ) ;
#2444 = CARTESIAN_POINT ( 'NONE',  ( 0.3282665342002876185, 5.992915249958480572, 15.21707901764058946 ) ) ;
#2445 = CARTESIAN_POINT ( 'NONE',  ( 2.857606504790286106, 2.857606504790286994, 20.06249999863440436 ) ) ;
#2446 = LINE ( 'NONE', #908, #146 ) ;
#2447 = DIRECTION ( 'NONE',  ( -0.000000000000000000, -0.000000000000000000, 1.000000000000000000 ) ) ;
#2448 = AXIS2_PLACEMENT_3D ( 'NONE', #779, #3713, #3452 ) ;
#2449 = ORIENTED_EDGE ( 'NONE', *, *, #2126, .F. ) ;
#2450 = CARTESIAN_POINT ( 'NONE',  ( -3.500000000000000000, -4.286263797015736595E-16, 25.00000000000000000 ) ) ;
#2451 = B_SPLINE_CURVE_WITH_KNOTS ( 'NONE', 3,
 ( #1299, #2488, #2195, #2890, #150, #442, #513, #3441, #752, #1026, #2852, #2870, #3152, #3742, #2540, #3407, #1705, #2289, #808, #3780 ),
 .UNSPECIFIED., .F., .F.,
 ( 4, 2, 2, 2, 2, 2, 2, 2, 2, 4 ),
 ( 1.440323582161968503E-19, 0.0004898527925187347049, 0.0009797055850374689762, 0.001469558377556202814, 0.001959411170074936651, 0.002204337566334303462, 0.002449263962593670706, 0.002939116755112401291, 0.003428969547631132743, 0.003918822340149863762 ),
 .UNSPECIFIED. ) ;
#2452 = CARTESIAN_POINT ( 'NONE',  ( 1.449747468305833786, 3.499999999999999556, 21.68749999999999645 ) ) ;
#2453 = CARTESIAN_POINT ( 'NONE',  ( 1.673947134580573870, -4.041265874999999674, 30.74999999863440081 ) ) ;
#2454 = CARTESIAN_POINT ( 'NONE',  ( 3.500000000000000000, 0.000000000000000000, 19.00000000000000355 ) ) ;
#2455 = CARTESIAN_POINT ( 'NONE',  ( 4.041265874999999674, -1.673947134580573426, 31.87499999863440436 ) ) ;
#2456 = ORIENTED_EDGE ( 'NONE', *, *, #2229, .T. ) ;
#2457 = MECHANICAL_DESIGN_GEOMETRIC_PRESENTATION_REPRESENTATION (  '', ( #2636 ), #3650 ) ;
#2458 = ORIENTED_EDGE ( 'NONE', *, *, #1385, .T. ) ;
#2459 = CARTESIAN_POINT ( 'NONE',  ( 2.474561659161088847E-16, -4.041265874999999674, 27.56249999863440436 ) ) ;
#2460 = CARTESIAN_POINT ( 'NONE',  ( -1.449747468305834674, 3.499999999999999556, 22.56249999726880873 ) ) ;
#2461 = CARTESIAN_POINT ( 'NONE',  ( -2.474873734152916338, -2.474873734152916782, 25.12500000000000000 ) ) ;
#2462 = CARTESIAN_POINT ( 'NONE',  ( -2.857606504790286550, -2.857606504790286994, 30.43749999863440436 ) ) ;
#2463 = CARTESIAN_POINT ( 'NONE',  ( -6.646954245659623883E-17, 2.100000000000000089, 3.749999999999999112 ) ) ;
#2464 = CARTESIAN_POINT ( 'NONE',  ( -4.041265874999999674, -4.949123318322177694E-16, 21.43749999863440436 ) ) ;
#2465 = ADVANCED_FACE ( 'NONE', ( #2925 ), #2657, .T. ) ;
#2466 = ORIENTED_EDGE ( 'NONE', *, *, #887, .F. ) ;
#2467 = CARTESIAN_POINT ( 'NONE',  ( 2.474873734152915894, 2.474873734152917226, 25.62500000000000355 ) ) ;
#2468 = CARTESIAN_POINT ( 'NONE',  ( 4.041265874999998786, 1.673947134580575868, 19.99999999863440436 ) ) ;
#2469 = CARTESIAN_POINT ( 'NONE',  ( 0.000000000000000000, 0.000000000000000000, 19.00000000000000355 ) ) ;
#2470 = CARTESIAN_POINT ( 'NONE',  ( -3.500000000000001332, 1.449747468305832454, 28.68749999726881938 ) ) ;
#2471 = CARTESIAN_POINT ( 'NONE',  ( -4.041265874999999674, -1.673947134580573870, 30.49999999863440081 ) ) ;
#2472 = CARTESIAN_POINT ( 'NONE',  ( 2.474561659161088847E-16, -4.041265874999999674, 31.68749999863440436 ) ) ;
#2473 = CARTESIAN_POINT ( 'NONE',  ( -2.857606504790286994, 2.857606504790286550, 31.31249999863440436 ) ) ;
#2474 = CARTESIAN_POINT ( 'NONE',  ( -7.423684977483266541E-16, 4.041265874999999674, 26.06249999863440792 ) ) ;
#2475 = CARTESIAN_POINT ( 'NONE',  ( -2.857606504790286550, -2.857606504790286994, 28.43749999863440436 ) ) ;
#2476 = CARTESIAN_POINT ( 'NONE',  ( 2.143131898507868297E-16, -3.500000000000000000, 21.99999999726880873 ) ) ;
#2477 = CARTESIAN_POINT ( 'NONE',  ( -3.500000000000001332, 1.449747468305832010, 27.93750000000000711 ) ) ;
#2478 = DIRECTION ( 'NONE',  ( -0.000000000000000000, -0.000000000000000000, 1.000000000000000000 ) ) ;
#2479 = CARTESIAN_POINT ( 'NONE',  ( -1.673947134580573426, -4.041265874999999674, 31.49999999863440436 ) ) ;
#2480 = CARTESIAN_POINT ( 'NONE',  ( 2.000000000000000000, -0.6403124237432857857, 10.96684982237938044 ) ) ;
#2481 = CARTESIAN_POINT ( 'NONE',  ( 4.041265874999999674, 0.000000000000000000, 30.81249999863440436 ) ) ;
#2482 = CARTESIAN_POINT ( 'NONE',  ( 2.857606504790286106, 2.857606504790286994, 22.06249999863440436 ) ) ;
#2483 = ORIENTED_EDGE ( 'NONE', *, *, #2126, .T. ) ;
#2484 = CARTESIAN_POINT ( 'NONE',  ( 1.217283505800181187, 5.875572544199749281, 14.32819995477863984 ) ) ;
#2485 = CARTESIAN_POINT ( 'NONE',  ( -1.673947134580573426, -4.041265874999999674, 20.62499999863441147 ) ) ;
#2486 = ORIENTED_EDGE ( 'NONE', *, *, #658, .T. ) ;
#2487 = EDGE_CURVE ( 'NONE', #2771, #3703, #2362, .T. ) ;
#2488 = CARTESIAN_POINT ( 'NONE',  ( -0.1656694279915008616, 6.000000000000001776, 3.749999999999998668 ) ) ;
#2489 = CARTESIAN_POINT ( 'NONE',  ( -2.857606504790286550, -2.857606504790286994, 29.56249999863440792 ) ) ;
#2490 = CARTESIAN_POINT ( 'NONE',  ( -7.423684977483266541E-16, 4.041265874999999674, 28.18749999863440436 ) ) ;
#2491 = CARTESIAN_POINT ( 'NONE',  ( -7.423684977483266541E-16, 4.041265874999999674, 26.18749999863440792 ) ) ;
#2492 = ORIENTED_EDGE ( 'NONE', *, *, #1559, .F. ) ;
#2493 = CARTESIAN_POINT ( 'NONE',  ( 1.673947134580574092, 4.041265874999998786, 25.99999999863440792 ) ) ;
#2494 = CARTESIAN_POINT ( 'NONE',  ( -2.857606504790286994, 2.857606504790286550, 25.18749999863440792 ) ) ;
#2495 = CARTESIAN_POINT ( 'NONE',  ( 2.474873734152915894, 2.474873734152917226, 25.62500000000000355 ) ) ;
#2496 = CARTESIAN_POINT ( 'NONE',  ( -3.500000000000000000, -4.286263797015736595E-16, 20.74999999726881228 ) ) ;
#2497 = CARTESIAN_POINT ( 'NONE',  ( 2.857606504790286994, -2.857606504790286994, 20.81249999863440436 ) ) ;
#2498 = ORIENTED_EDGE ( 'NONE', *, *, #372, .T. ) ;
#2499 = DIRECTION ( 'NONE',  ( 0.000000000000000000, -1.000000000000000000, 0.000000000000000000 ) ) ;
#2500 = CARTESIAN_POINT ( 'NONE',  ( 1.673947134580573648, -4.041265874999999674, 26.62499999863440792 ) ) ;
#2501 = CARTESIAN_POINT ( 'NONE',  ( -4.041265875000001451, 1.673947134580572538, 20.37499999863441147 ) ) ;
#2502 = ORIENTED_EDGE ( 'NONE', *, *, #3322, .T. ) ;
#2503 = CARTESIAN_POINT ( 'NONE',  ( -3.500000000000000000, -4.286263797015736595E-16, 21.74999999726880873 ) ) ;
#2504 = FACE_OUTER_BOUND ( 'NONE', #3177, .T. ) ;
#2505 = CARTESIAN_POINT ( 'NONE',  ( -2.857606504790286994, 2.857606504790286550, 31.31249999863440436 ) ) ;
#2506 = CARTESIAN_POINT ( 'NONE',  ( 4.041265874999999674, 0.000000000000000000, 29.93749999863440436 ) ) ;
#2507 = CARTESIAN_POINT ( 'NONE',  ( 2.857606504790286994, -2.857606504790286994, 25.81249999863440792 ) ) ;
#2508 = EDGE_CURVE ( 'NONE', #3803, #3085, #3052, .T. ) ;
#2509 = CIRCLE ( 'NONE', #3005, 2.100000000000000089 ) ;
#2510 = CARTESIAN_POINT ( 'NONE',  ( 1.673947134580573870, -4.041265874999999674, 25.62499999863441147 ) ) ;
#2511 = CARTESIAN_POINT ( 'NONE',  ( 3.500000000000000000, 0.000000000000000000, 20.24999999726880873 ) ) ;
#2512 = VECTOR ( 'NONE', #2447, 1000.000000000000000 ) ;
#2513 = EDGE_CURVE ( 'NONE', #623, #1229, #2739, .T. ) ;
#2514 = VECTOR ( 'NONE', #3257, 1000.000000000000000 ) ;
#2515 = CARTESIAN_POINT ( 'NONE',  ( -2.474873734152916338, -2.474873734152916782, 24.12500000000000000 ) ) ;
#2516 = CARTESIAN_POINT ( 'NONE',  ( -1.249942764156295461, 1.687496101150218530, 4.830259638420967505 ) ) ;
#2517 = CARTESIAN_POINT ( 'NONE',  ( 3.500000000000000000, 0.000000000000000000, 29.24999999726881228 ) ) ;
#2518 = CARTESIAN_POINT ( 'NONE',  ( -1.249995657775717861, 3.099998249103113057, 14.08245157935012593 ) ) ;
#2519 = CARTESIAN_POINT ( 'NONE',  ( 0.000000000000000000, 0.000000000000000000, 11.00000000000000000 ) ) ;
#2520 =( BOUNDED_CURVE ( )  B_SPLINE_CURVE ( 2, ( #2869, #131, #2235, #1315, #2523, #206, #751, #1642, #2503 ),
 .UNSPECIFIED., .F., .F. ) 
 B_SPLINE_CURVE_WITH_KNOTS ( ( 3, 2, 2, 2, 3 ),
 ( 0.7692307692307692735, 0.7788461538461538547, 0.7884615384615384359, 0.7980769230769231282, 0.8076923076923077094 ),
 .UNSPECIFIED. ) 
 CURVE ( )  GEOMETRIC_REPRESENTATION_ITEM ( )  RATIONAL_B_SPLINE_CURVE ( ( 1.000000000000000000, 0.9238795325112867385, 1.000000000000000000, 0.9238795325112867385, 1.000000000000000000, 0.9238795325112867385, 1.000000000000000000, 0.9238795325112867385, 1.000000000000000000 ) ) 
 REPRESENTATION_ITEM ( '' )  );
#2521 = ORIENTED_EDGE ( 'NONE', *, *, #3645, .T. ) ;
#2522 = CARTESIAN_POINT ( 'NONE',  ( 3.500000000000000000, 0.000000000000000000, 20.24999999726880873 ) ) ;
#2523 = CARTESIAN_POINT ( 'NONE',  ( 2.143131898507868297E-16, -3.500000000000000000, 21.99999999726880873 ) ) ;
#2524 = CARTESIAN_POINT ( 'NONE',  ( -5.231832838546175424, -2.938688617254314295, 15.00772142198018599 ) ) ;
#2525 = CARTESIAN_POINT ( 'NONE',  ( 2.474561659161088847E-16, -4.041265874999999674, 27.68749999863440436 ) ) ;
#2526 = CARTESIAN_POINT ( 'NONE',  ( -4.041265874999999674, -1.673947134580573870, 30.49999999863440081 ) ) ;
#2527 = CARTESIAN_POINT ( 'NONE',  ( -4.041265875000000563, 1.673947134580572538, 25.37499999863441147 ) ) ;
#2528 = VERTEX_POINT ( 'NONE', #1239 ) ;
#2529 = CARTESIAN_POINT ( 'NONE',  ( -4.041265874999999674, -1.673947134580573870, 23.37499999863441147 ) ) ;
#2530 = CARTESIAN_POINT ( 'NONE',  ( -2.100000000000000089, 0.000000000000000000, 11.00000000000000000 ) ) ;
#2531 = CARTESIAN_POINT ( 'NONE',  ( -3.500000000000000444, -1.449747468305833342, 26.06249999999999645 ) ) ;
#2532 = CARTESIAN_POINT ( 'NONE',  ( 1.449747468305833786, 3.499999999999999556, 26.43749999726880873 ) ) ;
#2533 = CARTESIAN_POINT ( 'NONE',  ( -3.500000000000000000, -4.286263797015736595E-16, 29.74999999726881228 ) ) ;
#2534 = CARTESIAN_POINT ( 'NONE',  ( 4.041265874999999674, 0.000000000000000000, 28.81249999863440792 ) ) ;
#2535 = CARTESIAN_POINT ( 'NONE',  ( 1.528722718240420924E-16, 2.836811590500855740, 15.25000000000000355 ) ) ;
#2536 = CARTESIAN_POINT ( 'NONE',  ( -1.449747468305832898, -3.500000000000000000, 20.93749999726881228 ) ) ;
#2537 = VERTEX_POINT ( 'NONE', #1548 ) ;
#2538 = CARTESIAN_POINT ( 'NONE',  ( 0.000000000000000000, 0.000000000000000000, 19.00000000000000355 ) ) ;
#2539 = DIRECTION ( 'NONE',  ( 0.000000000000000000, -1.000000000000000000, 0.000000000000000000 ) ) ;
#2540 = CARTESIAN_POINT ( 'NONE',  ( -0.9999280223985105298, 5.917257064483838924, 5.767863525102583822 ) ) ;
#2541 = CARTESIAN_POINT ( 'NONE',  ( -1.673947134580573426, -4.041265874999999674, 28.62499999863440436 ) ) ;
#2542 = B_SPLINE_CURVE_WITH_KNOTS ( 'NONE', 3,
 ( #2806, #2203, #724, #1904 ),
 .UNSPECIFIED., .F., .F.,
 ( 4, 4 ),
 ( 0.0008043911161094167896, 0.001607678666151330467 ),
 .UNSPECIFIED. ) ;
#2543 = CARTESIAN_POINT ( 'NONE',  ( -1.673947134580573426, -4.041265874999999674, 31.62499999863440792 ) ) ;
#2544 =( BOUNDED_CURVE ( )  B_SPLINE_CURVE ( 2, ( #1262, #1508, #2411, #3569, #383, #301, #323, #1862, #2450 ),
 .UNSPECIFIED., .F., .F. ) 
 B_SPLINE_CURVE_WITH_KNOTS ( ( 3, 2, 2, 2, 3 ),
 ( 0.4615384615384615641, 0.4711538461538461453, 0.4807692307692307820, 0.4903846153846153633, 0.5000000000000000000 ),
 .UNSPECIFIED. ) 
 CURVE ( )  GEOMETRIC_REPRESENTATION_ITEM ( )  RATIONAL_B_SPLINE_CURVE ( ( 1.000000000000000000, 0.9238795325112867385, 1.000000000000000000, 0.9238795325112867385, 1.000000000000000000, 0.9238795325112867385, 1.000000000000000000, 0.9238795325112867385, 1.000000000000000000 ) ) 
 REPRESENTATION_ITEM ( '' )  );
#2545 = CARTESIAN_POINT ( 'NONE',  ( 4.041265874999998786, 1.673947134580575868, 24.99999999863440792 ) ) ;
#2546 = CARTESIAN_POINT ( 'NONE',  ( 0.000000000000000000, 0.000000000000000000, 32.24999999726880873 ) ) ;
#2547 = CARTESIAN_POINT ( 'NONE',  ( -4.041265875000001451, 1.673947134580572538, 23.24999999863440436 ) ) ;
#2548 = CARTESIAN_POINT ( 'NONE',  ( 2.857606504790286106, 2.857606504790286994, 27.93749999863440436 ) ) ;
#2549 = DIRECTION ( 'NONE',  ( 0.000000000000000000, -1.000000000000000000, 0.000000000000000000 ) ) ;
#2550 = CARTESIAN_POINT ( 'NONE',  ( -2.474873734152917226, 2.474873734152916338, 23.87500000000000000 ) ) ;
#2551 = FACE_BOUND ( 'NONE', #3811, .T. ) ;
#2552 = CARTESIAN_POINT ( 'NONE',  ( -4.041265874999999674, -1.673947134580573648, 30.37499999863440436 ) ) ;
#2553 = CARTESIAN_POINT ( 'NONE',  ( -3.500000000000000444, -1.449747468305833342, 31.81249999726880873 ) ) ;
#2554 = ADVANCED_FACE ( 'NONE', ( #362 ), #1893, .T. ) ;
#2555 = CARTESIAN_POINT ( 'NONE',  ( -6.000000000000000888, 0.000000000000000000, 18.50000000000000711 ) ) ;
#2556 = CARTESIAN_POINT ( 'NONE',  ( 3.500000000000000000, 0.000000000000000000, 28.24999999726881228 ) ) ;
#2557 = VERTEX_POINT ( 'NONE', #1586 ) ;
#2558 = CARTESIAN_POINT ( 'NONE',  ( -5.946931978406047925, -0.8217088487649328865, 16.99620721954035218 ) ) ;
#2559 = CARTESIAN_POINT ( 'NONE',  ( -4.041265874999999674, -4.949123318322177694E-16, 26.43749999863440792 ) ) ;
#2560 = CARTESIAN_POINT ( 'NONE',  ( -5.916869328174747089, 1.013280469844870524, 11.06333542949766979 ) ) ;
#2561 = CARTESIAN_POINT ( 'NONE',  ( 2.857606504790286106, 2.857606504790286994, 24.06249999863440436 ) ) ;
#2562 = CARTESIAN_POINT ( 'NONE',  ( 2.474561659161088847E-16, -4.041265874999999674, 26.68749999863440436 ) ) ;
#2563 = DIRECTION ( 'NONE',  ( 1.000000000000000000, 0.000000000000000000, 0.000000000000000000 ) ) ;
#2564 = CARTESIAN_POINT ( 'NONE',  ( -1.673947134580573426, -4.041265874999999674, 23.49999999863440436 ) ) ;
#2565 = CARTESIAN_POINT ( 'NONE',  ( 4.041265874999999674, -1.673947134580573648, 25.74999999863440436 ) ) ;
#2566 = CARTESIAN_POINT ( 'NONE',  ( -2.857606504790286550, -2.857606504790286994, 22.43749999863440436 ) ) ;
#2567 = DIRECTION ( 'NONE',  ( -0.000000000000000000, -0.000000000000000000, 1.000000000000000000 ) ) ;
#2568 = AXIS2_PLACEMENT_3D ( 'NONE', #3611, #2989, #59 ) ;
#2569 = ORIENTED_EDGE ( 'NONE', *, *, #3520, .T. ) ;
#2570 = CARTESIAN_POINT ( 'NONE',  ( -3.500000000000000444, -1.449747468305833342, 21.06249999999999645 ) ) ;
#2571 = AXIS2_PLACEMENT_3D ( 'NONE', #226, #1251, #3639 ) ;
#2572 = CARTESIAN_POINT ( 'NONE',  ( 3.500000000000000000, 0.000000000000000000, 20.24999999726880873 ) ) ;
#2573 = CARTESIAN_POINT ( 'NONE',  ( 3.500000000000000000, 0.000000000000000000, 30.24999999726880873 ) ) ;
#2574 = VECTOR ( 'NONE', #2425, 1000.000000000000000 ) ;
#2575 = DIRECTION ( 'NONE',  ( 0.000000000000000000, -1.000000000000000000, 0.000000000000000000 ) ) ;
#2576 = CARTESIAN_POINT ( 'NONE',  ( -3.500000000000000000, -4.286263797015736595E-16, 20.74999999726881228 ) ) ;
#2577 = CARTESIAN_POINT ( 'NONE',  ( -5.947773525594149291, 0.8153240918084014854, 16.99787125098464458 ) ) ;
#2578 = CARTESIAN_POINT ( 'NONE',  ( -3.500000000000001332, 1.449747468305832454, 30.68749999726881228 ) ) ;
#2579 = DIRECTION ( 'NONE',  ( 0.000000000000000000, 1.000000000000000000, -0.000000000000000000 ) ) ;
#2580 = CARTESIAN_POINT ( 'NONE',  ( 4.041265874999999674, 0.000000000000000000, 25.93749999863440792 ) ) ;
#2581 = CARTESIAN_POINT ( 'NONE',  ( -2.857606504790286994, 2.857606504790286550, 27.31249999863440436 ) ) ;
#2582 = CARTESIAN_POINT ( 'NONE',  ( -1.673947134580575424, 4.041265874999998786, 21.24999999863440436 ) ) ;
#2583 = CARTESIAN_POINT ( 'NONE',  ( 3.500000000000000000, 0.000000000000000000, 29.24999999726881228 ) ) ;
#2584 = B_SPLINE_CURVE_WITH_KNOTS ( 'NONE', 3,
 ( #2990, #264, #1511, #1448, #560, #2705, #38, #3246, #2370, #2953, #933, #2643, #284, #2683, #3549, #2053, #3212, #2970, #1431, #13 ),
 .UNSPECIFIED., .F., .F.,
 ( 4, 2, 2, 2, 2, 2, 2, 2, 2, 4 ),
 ( 6.869266918353316205E-19, 0.0004898527925187366565, 0.0009797055850374726624, 0.001469558377556208668, 0.001959411170074944891, 0.002204337566334310401, 0.002449263962593675910, 0.002939116755112406495, 0.003428969547631137513, 0.003918822340149868098 ),
 .UNSPECIFIED. ) ;
#2585 = CARTESIAN_POINT ( 'NONE',  ( -7.423684977483266541E-16, 4.041265874999999674, 24.06249999863440436 ) ) ;
#2586 = CARTESIAN_POINT ( 'NONE',  ( 1.673947134580573870, -4.041265874999999674, 25.62499999863441147 ) ) ;
#2587 = CARTESIAN_POINT ( 'NONE',  ( -4.041265874999999674, -1.673947134580573648, 22.37499999863440792 ) ) ;
#2588 = CARTESIAN_POINT ( 'NONE',  ( 1.089054860835533267, 1.797125429759022452, 4.365214467395731823 ) ) ;
#2589 = ORIENTED_EDGE ( 'NONE', *, *, #154, .F. ) ;
#2590 = CARTESIAN_POINT ( 'NONE',  ( -1.449747468305832898, -3.500000000000000444, 22.18749999999999645 ) ) ;
#2591 = CARTESIAN_POINT ( 'NONE',  ( 2.474873734152915894, 2.474873734152917226, 20.62499999999999645 ) ) ;
#2592 = CARTESIAN_POINT ( 'NONE',  ( 1.673947134580574092, 4.041265874999998786, 29.99999999863440436 ) ) ;
#2593 = CARTESIAN_POINT ( 'NONE',  ( 3.500000000000000000, 0.000000000000000000, 28.24999999726881228 ) ) ;
#2594 = CARTESIAN_POINT ( 'NONE',  ( 2.857606504790286994, -2.857606504790286994, 28.68749999863440436 ) ) ;
#2595 = CARTESIAN_POINT ( 'NONE',  ( 3.499999999999999112, 1.449747468305835341, 24.56250000000000000 ) ) ;
#2596 = CYLINDRICAL_SURFACE ( 'NONE', #897, 3.500000000000000000 ) ;
#2597 = CARTESIAN_POINT ( 'NONE',  ( 4.041265874999999674, 0.000000000000000000, 27.81249999863440436 ) ) ;
#2598 = ORIENTED_EDGE ( 'NONE', *, *, #1341, .T. ) ;
#2599 = CARTESIAN_POINT ( 'NONE',  ( 1.449747468305833342, -3.500000000000000444, 30.31249999999999645 ) ) ;
#2600 = FACE_OUTER_BOUND ( 'NONE', #1459, .T. ) ;
#2601 =( BOUNDED_CURVE ( )  B_SPLINE_CURVE ( 2, ( #1240, #2129, #2426, #3327, #659, #1844, #1259, #3648, #970 ),
 .UNSPECIFIED., .F., .F. ) 
 B_SPLINE_CURVE_WITH_KNOTS ( ( 3, 2, 2, 2, 3 ),
 ( 0.8461538461538461453, 0.8557692307692307265, 0.8653846153846154188, 0.8750000000000000000, 0.8846153846153845812 ),
 .UNSPECIFIED. ) 
 CURVE ( )  GEOMETRIC_REPRESENTATION_ITEM ( )  RATIONAL_B_SPLINE_CURVE ( ( 1.000000000000000000, 0.9238795325112867385, 1.000000000000000000, 0.9238795325112867385, 1.000000000000000000, 0.9238795325112867385, 1.000000000000000000, 0.9238795325112867385, 1.000000000000000000 ) ) 
 REPRESENTATION_ITEM ( '' )  );
#2602 = CARTESIAN_POINT ( 'NONE',  ( 4.041265874999998786, 1.673947134580575868, 26.99999999863440436 ) ) ;
#2603 = CARTESIAN_POINT ( 'NONE',  ( 4.041265874999999674, -1.673947134580573426, 23.87499999863440792 ) ) ;
#2604 = VERTEX_POINT ( 'NONE', #3007 ) ;
#2605 = ADVANCED_FACE ( 'NONE', ( #343 ), #3053, .F. ) ;
#2606 = CARTESIAN_POINT ( 'NONE',  ( -3.500000000000000000, -4.286263797015736595E-16, 28.00000000000000000 ) ) ;
#2607 = CARTESIAN_POINT ( 'NONE',  ( -7.423684977483266541E-16, 4.041265874999999674, 22.06249999863440436 ) ) ;
#2608 = CARTESIAN_POINT ( 'NONE',  ( 4.041265874999999674, 0.000000000000000000, 26.81249999863440436 ) ) ;
#2609 = CARTESIAN_POINT ( 'NONE',  ( 1.673947134580574092, 4.041265874999998786, 21.99999999863440436 ) ) ;
#2610 = CARTESIAN_POINT ( 'NONE',  ( 2.474873734152915894, 2.474873734152917226, 27.37499999726880873 ) ) ;
#2611 = VERTEX_POINT ( 'NONE', #1296 ) ;
#2612 = EDGE_CURVE ( 'NONE', #2811, #2250, #837, .T. ) ;
#2613 = ORIENTED_EDGE ( 'NONE', *, *, #3620, .F. ) ;
#2614 = CARTESIAN_POINT ( 'NONE',  ( -3.500000000000000444, -1.449747468305833342, 22.06249999999999645 ) ) ;
#2615 = CARTESIAN_POINT ( 'NONE',  ( -2.474873734152917226, 2.474873734152916338, 20.87499999999999645 ) ) ;
#2616 = CARTESIAN_POINT ( 'NONE',  ( -2.474873734152917226, 2.474873734152916338, 26.62499999726881228 ) ) ;
#2617 = CARTESIAN_POINT ( 'NONE',  ( 2.143131898507868297E-16, -3.500000000000000000, 19.25000000000000000 ) ) ;
#2618 = CARTESIAN_POINT ( 'NONE',  ( 3.500000000000000000, 0.000000000000000000, 24.24999999726880873 ) ) ;
#2619 = CARTESIAN_POINT ( 'NONE',  ( -2.474873734152917226, 2.474873734152916338, 31.62499999726880873 ) ) ;
#2620 = CARTESIAN_POINT ( 'NONE',  ( -7.423684977483266541E-16, 4.041265874999999674, 22.18749999863440436 ) ) ;
#2621 = CARTESIAN_POINT ( 'NONE',  ( 1.673947134580573648, -4.041265874999999674, 23.74999999863440436 ) ) ;
#2622 = VECTOR ( 'NONE', #1743, 1000.000000000000000 ) ;
#2623 = CARTESIAN_POINT ( 'NONE',  ( -1.449747468305832898, -3.500000000000000000, 30.18750000000000355 ) ) ;
#2624 =( BOUNDED_CURVE ( )  B_SPLINE_CURVE ( 2, ( #2618, #2378, #2084, #2635, #610, #2695, #27, #1142, #2321 ),
 .UNSPECIFIED., .F., .F. ) 
 B_SPLINE_CURVE_WITH_KNOTS ( ( 3, 2, 2, 2, 3 ),
 ( 0.6153846153846154188, 0.6250000000000000000, 0.6346153846153845812, 0.6442307692307692735, 0.6538461538461538547 ),
 .UNSPECIFIED. ) 
 CURVE ( )  GEOMETRIC_REPRESENTATION_ITEM ( )  RATIONAL_B_SPLINE_CURVE ( ( 1.000000000000000000, 0.9238795325112867385, 1.000000000000000000, 0.9238795325112867385, 1.000000000000000000, 0.9238795325112867385, 1.000000000000000000, 0.9238795325112867385, 1.000000000000000000 ) ) 
 REPRESENTATION_ITEM ( '' )  );
#2625 = LINE ( 'NONE', #1205, #894 ) ;
#2626 = CARTESIAN_POINT ( 'NONE',  ( -4.041265874999999674, -1.673947134580573870, 27.37499999863440436 ) ) ;
#2627 = EDGE_CURVE ( 'NONE', #3403, #2788, #176, .T. ) ;
#2628 = CARTESIAN_POINT ( 'NONE',  ( 2.857606504790286106, 2.857606504790286994, 23.93749999863440436 ) ) ;
#2629 = CARTESIAN_POINT ( 'NONE',  ( -3.500000000000001332, 1.449747468305832454, 28.93750000000000355 ) ) ;
#2630 = ORIENTED_EDGE ( 'NONE', *, *, #2249, .T. ) ;
#2631 = ORIENTED_EDGE ( 'NONE', *, *, #266, .F. ) ;
#2632 = CARTESIAN_POINT ( 'NONE',  ( 2.474873734152916782, -2.474873734152916782, 19.37500000000000000 ) ) ;
#2633 = CARTESIAN_POINT ( 'NONE',  ( 3.499999999999999556, 1.449747468305835341, 25.31249999726881228 ) ) ;
#2634 = DIRECTION ( 'NONE',  ( -0.8660254037844408170, 0.000000000000000000, 0.4999999999999961697 ) ) ;
#2635 = CARTESIAN_POINT ( 'NONE',  ( 1.449747468305833564, -3.500000000000000000, 24.06249999726880873 ) ) ;
#2636 = STYLED_ITEM ( 'NONE', ( #3122 ), #1395 ) ;
#2637 = CARTESIAN_POINT ( 'NONE',  ( -3.500000000000001332, 1.449747468305832454, 31.68749999726880873 ) ) ;
#2638 = CARTESIAN_POINT ( 'NONE',  ( 4.041265874999998786, 1.673947134580575868, 23.99999999863440436 ) ) ;
#2639 = CARTESIAN_POINT ( 'NONE',  ( 4.041265874999999674, 0.000000000000000000, 22.93749999863440436 ) ) ;
#2640 = B_SPLINE_CURVE_WITH_KNOTS ( 'NONE', 1,
 ( #3411, #741 ),
 .UNSPECIFIED., .F., .F.,
 ( 2, 2 ),
 ( 0.000000000000000000, 1.000000000000000000 ),
 .UNSPECIFIED. ) ;
#2641 = PRODUCT_DEFINITION_FORMATION_WITH_SPECIFIED_SOURCE ( 'ä»', '', #3550, .NOT_KNOWN. ) ;
#2642 = FACE_OUTER_BOUND ( 'NONE', #2661, .T. ) ;
#2643 = CARTESIAN_POINT ( 'NONE',  ( -1.209813661503295945, 5.876786414010353177, 14.32488067794264985 ) ) ;
#2644 = CARTESIAN_POINT ( 'NONE',  ( -4.041265875000001451, 1.673947134580572538, 22.24999999863440436 ) ) ;
#2645 = CARTESIAN_POINT ( 'NONE',  ( 2.857606504790286994, -2.857606504790286994, 22.68749999863440436 ) ) ;
#2646 = CARTESIAN_POINT ( 'NONE',  ( 0.9978624969567096992, 1.851938134009584180, 5.769536302151059282 ) ) ;
#2647 = ORIENTED_EDGE ( 'NONE', *, *, #3016, .T. ) ;
#2648 =( BOUNDED_CURVE ( )  B_SPLINE_CURVE ( 2, ( #1539, #1154, #44, #2334, #2688, #1749, #18, #3294, #2522 ),
 .UNSPECIFIED., .F., .F. ) 
 B_SPLINE_CURVE_WITH_KNOTS ( ( 3, 2, 2, 2, 3 ),
 ( 0.8846153846153845812, 0.8942307692307692735, 0.9038461538461538547, 0.9134615384615384359, 0.9230769230769231282 ),
 .UNSPECIFIED. ) 
 CURVE ( )  GEOMETRIC_REPRESENTATION_ITEM ( )  RATIONAL_B_SPLINE_CURVE ( ( 1.000000000000000000, 0.9238795325112867385, 1.000000000000000000, 0.9238795325112867385, 1.000000000000000000, 0.9238795325112867385, 1.000000000000000000, 0.9238795325112867385, 1.000000000000000000 ) ) 
 REPRESENTATION_ITEM ( '' )  );
#2649 = ORIENTED_EDGE ( 'NONE', *, *, #3130, .T. ) ;
#2650 = CARTESIAN_POINT ( 'NONE',  ( 3.499999999999999556, 1.449747468305835341, 19.56250000000000000 ) ) ;
#2651 = CARTESIAN_POINT ( 'NONE',  ( 3.500000000000000444, -1.449747468305833120, 27.18749999726881228 ) ) ;
#2652 = ADVANCED_FACE ( 'NONE', ( #3326 ), #2150, .T. ) ;
#2653 = CARTESIAN_POINT ( 'NONE',  ( -2.474873734152917226, 2.474873734152916338, 24.87500000000000000 ) ) ;
#2654 = CARTESIAN_POINT ( 'NONE',  ( 3.499999999999999112, 1.449747468305835341, 29.31249999726881228 ) ) ;
#2655 = CARTESIAN_POINT ( 'NONE',  ( -4.041265874999999674, -1.673947134580573870, 26.49999999863440436 ) ) ;
#2656 = ORIENTED_EDGE ( 'NONE', *, *, #554, .F. ) ;
#2657 = CYLINDRICAL_SURFACE ( 'NONE', #1023, 3.500000000000000000 ) ;
#2658 = CARTESIAN_POINT ( 'NONE',  ( -2.857606504790286994, 2.857606504790286550, 23.31249999863440436 ) ) ;
#2659 = LINE ( 'NONE', #2130, #3642 ) ;
#2660 = CARTESIAN_POINT ( 'NONE',  ( -3.500000000000000000, -4.286263797015736595E-16, 22.00000000000000000 ) ) ;
#2661 = EDGE_LOOP ( 'NONE', ( #2115, #1203, #91, #2041 ) ) ;
#2662 = LINE ( 'NONE', #3862, #2155 ) ;
#2663 = CARTESIAN_POINT ( 'NONE',  ( 4.041265874999998786, 1.673947134580575868, 20.87499999863440792 ) ) ;
#2664 = CARTESIAN_POINT ( 'NONE',  ( 4.041265874999999674, -1.673947134580573648, 22.74999999863440436 ) ) ;
#2665 = CARTESIAN_POINT ( 'NONE',  ( 4.041265874999998786, 1.673947134580575868, 20.87499999863440436 ) ) ;
#2666 = LINE ( 'NONE', #2297, #1887 ) ;
#2667 = ORIENTED_EDGE ( 'NONE', *, *, #920, .T. ) ;
#2668 = CARTESIAN_POINT ( 'NONE',  ( -1.673947134580575424, 4.041265874999998786, 30.12499999863440436 ) ) ;
#2669 = CARTESIAN_POINT ( 'NONE',  ( 3.500000000000000000, 0.000000000000000000, 24.50000000000000000 ) ) ;
#2670 = CARTESIAN_POINT ( 'NONE',  ( 1.449747468305833564, 3.500000000000000000, 27.43749999726881228 ) ) ;
#2671 = CARTESIAN_POINT ( 'NONE',  ( -3.500000000000000000, -4.286263797015736595E-16, 29.00000000000000000 ) ) ;
#2672 = CARTESIAN_POINT ( 'NONE',  ( 3.770632937499999837, 0.000000000000000000, 32.09374999795160477 ) ) ;
#2673 = CARTESIAN_POINT ( 'NONE',  ( 3.500000000000000000, 0.000000000000000000, 29.50000000000000000 ) ) ;
#2674 = CARTESIAN_POINT ( 'NONE',  ( 1.673947134580573870, -4.041265874999999674, 23.74999999863440436 ) ) ;
#2675 = ORIENTED_EDGE ( 'NONE', *, *, #1059, .T. ) ;
#2676 = CARTESIAN_POINT ( 'NONE',  ( 2.474873734152915894, 2.474873734152917226, 31.37499999726880873 ) ) ;
#2677 = CARTESIAN_POINT ( 'NONE',  ( -4.041265874999999674, -1.673947134580573870, 22.49999999863440081 ) ) ;
#2678 = CARTESIAN_POINT ( 'NONE',  ( 2.474873734152915894, 2.474873734152917226, 19.62500000000000000 ) ) ;
#2679 = EDGE_CURVE ( 'NONE', #230, #3093, #1698, .T. ) ;
#2680 = VERTEX_POINT ( 'NONE', #2812 ) ;
#2681 = CYLINDRICAL_SURFACE ( 'NONE', #960, 1.250000000000001110 ) ;
#2682 = B_SPLINE_CURVE_WITH_KNOTS ( 'NONE', 3,
 ( #303, #2390, #3595, #2092, #3289, #60, #2177, #1283, #2111, #3368, #3099, #3654, #1589, #3059, #3311, #3389, #640, #3038, #717, #365 ),
 .UNSPECIFIED., .F., .F.,
 ( 4, 2, 2, 2, 2, 2, 2, 2, 2, 4 ),
 ( 1.827220936701032274E-19, 0.0004937970076750926871, 0.0009875940153501851573, 0.001481391023025277519, 0.001975188030700369881, 0.002222086534537918556, 0.002468985038375467664, 0.002962782046050565013, 0.003456579053725663229, 0.003950376061400761446 ),
 .UNSPECIFIED. ) ;
#2683 = CARTESIAN_POINT ( 'NONE',  ( -1.091833514733748789, 5.900169758489262506, 14.63034993652940052 ) ) ;
#2684 = CARTESIAN_POINT ( 'NONE',  ( -2.857606504790286994, 2.857606504790286550, 24.18749999863440436 ) ) ;
#2685 = CARTESIAN_POINT ( 'NONE',  ( 4.041265874999999674, -1.673947134580573426, 20.74999999863440436 ) ) ;
#2686 = CARTESIAN_POINT ( 'NONE',  ( 2.474561659161088847E-16, -4.041265874999999674, 28.68749999863440436 ) ) ;
#2687 = EDGE_LOOP ( 'NONE', ( #3594, #3281 ) ) ;
#2688 = CARTESIAN_POINT ( 'NONE',  ( -6.429395695523603167E-16, 3.500000000000000000, 20.49999999726881228 ) ) ;
#2689 = ORIENTED_EDGE ( 'NONE', *, *, #2436, .F. ) ;
#2690 = CARTESIAN_POINT ( 'NONE',  ( -4.041265875000001451, 1.673947134580572538, 30.24999999863440436 ) ) ;
#2691 = CARTESIAN_POINT ( 'NONE',  ( -3.500000000000000444, -1.449747468305833342, 21.81249999726880873 ) ) ;
#2692 = CARTESIAN_POINT ( 'NONE',  ( -3.500000000000000000, -4.286263797015736595E-16, 31.00000000000000000 ) ) ;
#2693 = CARTESIAN_POINT ( 'NONE',  ( 4.041265874999999674, -1.673947134580573426, 31.74999999863440436 ) ) ;
#2694 = CARTESIAN_POINT ( 'NONE',  ( 4.041265874999999674, 0.000000000000000000, 28.81249999863440792 ) ) ;
#2695 = CARTESIAN_POINT ( 'NONE',  ( -1.449747468305832898, -3.500000000000000000, 23.93749999726880873 ) ) ;
#2696 = CARTESIAN_POINT ( 'NONE',  ( -2.857606504790286994, 2.857606504790286550, 24.31249999863440436 ) ) ;
#2697 = ORIENTED_EDGE ( 'NONE', *, *, #1750, .T. ) ;
#2698 = DIRECTION ( 'NONE',  ( -0.000000000000000000, -0.000000000000000000, 1.000000000000000000 ) ) ;
#2699 = CARTESIAN_POINT ( 'NONE',  ( -4.041265874999999674, -1.673947134580573870, 23.49999999863440436 ) ) ;
#2700 = DIRECTION ( 'NONE',  ( -0.000000000000000000, -0.000000000000000000, 1.000000000000000000 ) ) ;
#2701 = CIRCLE ( 'NONE', #1272, 5.500000000000001776 ) ;
#2702 = FACE_OUTER_BOUND ( 'NONE', #693, .T. ) ;
#2703 = VECTOR ( 'NONE', #2575, 1000.000000000000000 ) ;
#2704 = ADVANCED_FACE ( 'NONE', ( #2285 ), #803, .T. ) ;
#2705 = CARTESIAN_POINT ( 'NONE',  ( -0.9990562021281877980, 5.917380509007154288, 13.23134879431373712 ) ) ;
#2706 = CARTESIAN_POINT ( 'NONE',  ( -7.423684977483266541E-16, 4.041265874999999674, 23.06249999863440436 ) ) ;
#2707 = CARTESIAN_POINT ( 'NONE',  ( 3.500000000000000000, 0.000000000000000000, 26.50000000000000000 ) ) ;
#2708 = CARTESIAN_POINT ( 'NONE',  ( -4.041265875000000563, 1.673947134580572538, 28.37499999863440436 ) ) ;
#2709 = VERTEX_POINT ( 'NONE', #490 ) ;
#2710 = CARTESIAN_POINT ( 'NONE',  ( -1.673947134580573204, -4.041265874999999674, 25.49999999863440792 ) ) ;
#2711 = CARTESIAN_POINT ( 'NONE',  ( 2.857606504790286106, 2.857606504790286994, 28.93749999863440792 ) ) ;
#2712 = CARTESIAN_POINT ( 'NONE',  ( 1.449747468305833342, -3.500000000000000444, 22.06249999726880873 ) ) ;
#2713 = CARTESIAN_POINT ( 'NONE',  ( 3.500000000000000000, 0.000000000000000000, 28.50000000000000000 ) ) ;
#2714 = CARTESIAN_POINT ( 'NONE',  ( -3.500000000000000000, -4.286263797015736595E-16, 22.74999999726880873 ) ) ;
#2715 = CARTESIAN_POINT ( 'NONE',  ( -1.449747468305834897, 3.499999999999999112, 21.56249999726880873 ) ) ;
#2716 = CARTESIAN_POINT ( 'NONE',  ( -2.857606504790286994, 2.857606504790286550, 20.31249999863440436 ) ) ;
#2717 = ORIENTED_EDGE ( 'NONE', *, *, #3442, .T. ) ;
#2718 = CARTESIAN_POINT ( 'NONE',  ( 0.1633688523880727772, 6.000000000000001776, 15.25000000000000533 ) ) ;
#2719 = CARTESIAN_POINT ( 'NONE',  ( 2.474873734152915894, 2.474873734152917226, 23.62500000000000000 ) ) ;
#2720 = CARTESIAN_POINT ( 'NONE',  ( -3.500000000000000000, -4.286263797015736595E-16, 23.00000000000000000 ) ) ;
#2721 = CARTESIAN_POINT ( 'NONE',  ( -4.041265874999999674, -4.949123318322177694E-16, 19.43749999863440436 ) ) ;
#2722 = FACE_OUTER_BOUND ( 'NONE', #1136, .T. ) ;
#2723 = DIRECTION ( 'NONE',  ( 1.000000000000000000, 0.000000000000000000, 0.000000000000000000 ) ) ;
#2724 = CARTESIAN_POINT ( 'NONE',  ( -2.857606504790286550, -2.857606504790286994, 22.43749999863440436 ) ) ;
#2725 = CARTESIAN_POINT ( 'NONE',  ( 2.857606504790286994, -2.857606504790286994, 19.68749999863440436 ) ) ;
#2726 = CARTESIAN_POINT ( 'NONE',  ( -4.041265874999999674, -1.673947134580573648, 30.49999999863440081 ) ) ;
#2727 = EDGE_CURVE ( 'NONE', #230, #3109, #201, .T. ) ;
#2728 = ORIENTED_EDGE ( 'NONE', *, *, #3396, .T. ) ;
#2729 = ORIENTED_EDGE ( 'NONE', *, *, #1750, .F. ) ;
#2730 = CARTESIAN_POINT ( 'NONE',  ( -7.423684977483266541E-16, 4.041265874999999674, 26.06249999863440792 ) ) ;
#2731 = CARTESIAN_POINT ( 'NONE',  ( -2.474873734152916338, -2.474873734152916782, 22.87499999726880873 ) ) ;
#2732 = ADVANCED_FACE ( 'NONE', ( #762 ), #3775, .T. ) ;
#2733 = CARTESIAN_POINT ( 'NONE',  ( 2.143131898507868297E-16, -3.500000000000000000, 31.25000000000000000 ) ) ;
#2734 = CARTESIAN_POINT ( 'NONE',  ( 3.770632937499999837, 0.000000000000000000, 31.65624999931720396 ) ) ;
#2735 = CARTESIAN_POINT ( 'NONE',  ( 4.041265874999999674, -1.673947134580573648, 30.74999999863440081 ) ) ;
#2736 = CARTESIAN_POINT ( 'NONE',  ( -2.474873734152916338, -2.474873734152916782, 25.87499999726881228 ) ) ;
#2737 = CARTESIAN_POINT ( 'NONE',  ( -1.673947134580573426, -4.041265874999999674, 21.62499999863441147 ) ) ;
#2738 = ORIENTED_EDGE ( 'NONE', *, *, #3352, .F. ) ;
#2739 = LINE ( 'NONE', #987, #2574 ) ;
#2740 = CARTESIAN_POINT ( 'NONE',  ( -2.857606504790286550, -2.857606504790286994, 20.56249999863440436 ) ) ;
#2741 = CARTESIAN_POINT ( 'NONE',  ( -3.500000000000000000, 4.286263797015736595E-16, 19.00000000000000355 ) ) ;
#2742 = CARTESIAN_POINT ( 'NONE',  ( 0.000000000000000000, 0.000000000000000000, 19.00000000000000355 ) ) ;
#2743 = CARTESIAN_POINT ( 'NONE',  ( 1.449747468305833786, 3.499999999999999556, 22.43749999726880873 ) ) ;
#2744 = CARTESIAN_POINT ( 'NONE',  ( 1.673947134580573870, -4.041265874999999674, 19.62499999863441147 ) ) ;
#2745 = CARTESIAN_POINT ( 'NONE',  ( -4.041265875000000563, 1.673947134580572538, 20.24999999863440436 ) ) ;
#2746 = DIRECTION ( 'NONE',  ( 1.000000000000000000, 0.000000000000000000, 0.000000000000000000 ) ) ;
#2747 = ORIENTED_EDGE ( 'NONE', *, *, #2842, .T. ) ;
#2748 = ORIENTED_EDGE ( 'NONE', *, *, #3066, .F. ) ;
#2749 = ADVANCED_FACE ( 'NONE', ( #3737 ), #967, .T. ) ;
#2750 = CARTESIAN_POINT ( 'NONE',  ( -2.857606504790286550, -2.857606504790286994, 25.43749999863440792 ) ) ;
#2751 = CARTESIAN_POINT ( 'NONE',  ( 3.500000000000000444, -1.449747468305833120, 23.18749999726880873 ) ) ;
#2752 = CIRCLE ( 'NONE', #1071, 2.100000000000000089 ) ;
#2753 = EDGE_CURVE ( 'NONE', #1473, #3577, #3148, .T. ) ;
#2754 = CARTESIAN_POINT ( 'NONE',  ( -2.474873734152917226, 2.474873734152916338, 24.87500000000000000 ) ) ;
#2755 = CARTESIAN_POINT ( 'NONE',  ( -1.673947134580573204, -4.041265874999999674, 31.49999999863440436 ) ) ;
#2756 =( BOUNDED_CURVE ( )  B_SPLINE_CURVE ( 2, ( #1523, #691, #338, #2715, #652, #70, #415, #1236, #2422 ),
 .UNSPECIFIED., .F., .F. ) 
 B_SPLINE_CURVE_WITH_KNOTS ( ( 3, 2, 2, 2, 3 ),
 ( 0.8076923076923077094, 0.8173076923076922906, 0.8269230769230768718, 0.8365384615384615641, 0.8461538461538461453 ),
 .UNSPECIFIED. ) 
 CURVE ( )  GEOMETRIC_REPRESENTATION_ITEM ( )  RATIONAL_B_SPLINE_CURVE ( ( 1.000000000000000000, 0.9238795325112867385, 1.000000000000000000, 0.9238795325112867385, 1.000000000000000000, 0.9238795325112867385, 1.000000000000000000, 0.9238795325112867385, 1.000000000000000000 ) ) 
 REPRESENTATION_ITEM ( '' )  );
#2757 = DIRECTION ( 'NONE',  ( -0.000000000000000000, -0.000000000000000000, 1.000000000000000000 ) ) ;
#2758 = CARTESIAN_POINT ( 'NONE',  ( 3.500000000000000000, 0.000000000000000000, 27.50000000000000000 ) ) ;
#2759 = CARTESIAN_POINT ( 'NONE',  ( 4.041265874999999674, -1.673947134580573426, 30.74999999863440081 ) ) ;
#2760 = CARTESIAN_POINT ( 'NONE',  ( -7.423684977483266541E-16, 4.041265874999999674, 20.18749999863440436 ) ) ;
#2761 = ORIENTED_EDGE ( 'NONE', *, *, #395, .T. ) ;
#2762 = CARTESIAN_POINT ( 'NONE',  ( 0.6306622085690012369, 5.968668997490167882, 12.90854277372324077 ) ) ;
#2763 = CARTESIAN_POINT ( 'NONE',  ( 4.041265874999999674, 0.000000000000000000, 20.93749999863440436 ) ) ;
#2764 = CARTESIAN_POINT ( 'NONE',  ( 0.000000000000000000, 0.000000000000000000, 32.24999999726880873 ) ) ;
#2765 = VECTOR ( 'NONE', #2549, 1000.000000000000000 ) ;
#2766 = CONICAL_SURFACE ( 'NONE', #459, 6.000000000000000888, 0.7853981633974500554 ) ;
#2767 = CARTESIAN_POINT ( 'NONE',  ( 2.100000000000000089, 2.571758278209441957E-16, 0.000000000000000000 ) ) ;
#2768 = CARTESIAN_POINT ( 'NONE',  ( -4.041265874999999674, -1.673947134580573870, 20.37499999863441147 ) ) ;
#2769 = CARTESIAN_POINT ( 'NONE',  ( -2.857606504790286550, -2.857606504790286994, 28.56249999863440436 ) ) ;
#2770 = CARTESIAN_POINT ( 'NONE',  ( -4.041265874999999674, -1.673947134580573648, 31.49999999863440436 ) ) ;
#2771 = VERTEX_POINT ( 'NONE', #3182 ) ;
#2772 = CIRCLE ( 'NONE', #1579, 2.100000000000000089 ) ;
#2773 = DIRECTION ( 'NONE',  ( -0.000000000000000000, -0.000000000000000000, 1.000000000000000000 ) ) ;
#2774 = CARTESIAN_POINT ( 'NONE',  ( 1.673947134580573870, -4.041265874999999674, 27.62499999863440436 ) ) ;
#2775 = CARTESIAN_POINT ( 'NONE',  ( -3.500000000000001332, 1.449747468305832010, 22.68749999726880517 ) ) ;
#2776 = CARTESIAN_POINT ( 'NONE',  ( -1.449747468305832898, -3.500000000000000444, 24.18750000000000355 ) ) ;
#2777 = FACE_OUTER_BOUND ( 'NONE', #1436, .T. ) ;
#2778 = LINE ( 'NONE', #3049, #1888 ) ;
#2779 = CARTESIAN_POINT ( 'NONE',  ( 1.673947134580573870, -4.041265874999999674, 19.74999999863440792 ) ) ;
#2780 = EDGE_CURVE ( 'NONE', #2250, #2811, #156, .T. ) ;
#2781 = ORIENTED_EDGE ( 'NONE', *, *, #1700, .T. ) ;
#2782 = CARTESIAN_POINT ( 'NONE',  ( 0.7681220519353016973, 5.951770555479773073, 14.99951947515788220 ) ) ;
#2783 = CARTESIAN_POINT ( 'NONE',  ( -1.449747468305832898, -3.500000000000000000, 21.18749999999999289 ) ) ;
#2784 = CARTESIAN_POINT ( 'NONE',  ( 3.500000000000000000, 0.000000000000000000, 28.24999999726881228 ) ) ;
#2785 = CARTESIAN_POINT ( 'NONE',  ( -1.673947134580573426, -4.041265874999999674, 29.62499999863440792 ) ) ;
#2786 = CARTESIAN_POINT ( 'NONE',  ( -4.041265874999999674, -1.673947134580573870, 31.49999999863440436 ) ) ;
#2787 = CARTESIAN_POINT ( 'NONE',  ( 2.857606504790286106, 2.857606504790286994, 28.06249999863440436 ) ) ;
#2788 = VERTEX_POINT ( 'NONE', #1311 ) ;
#2789 = CARTESIAN_POINT ( 'NONE',  ( 1.673947134580574092, 4.041265874999998786, 25.99999999863440792 ) ) ;
#2790 = CARTESIAN_POINT ( 'NONE',  ( -1.449747468305834674, 3.499999999999999556, 25.81250000000000000 ) ) ;
#2791 = CARTESIAN_POINT ( 'NONE',  ( 2.857606504790286106, 2.857606504790286994, 24.93749999863440792 ) ) ;
#2792 = CARTESIAN_POINT ( 'NONE',  ( -3.500000000000000000, -4.286263797015736595E-16, 25.74999999726881228 ) ) ;
#2793 = CARTESIAN_POINT ( 'NONE',  ( -2.857606504790286550, -2.857606504790286994, 22.56249999863440436 ) ) ;
#2794 = ORIENTED_EDGE ( 'NONE', *, *, #3828, .T. ) ;
#2795 = DIRECTION ( 'NONE',  ( 1.000000000000000000, 0.000000000000000000, 0.000000000000000000 ) ) ;
#2796 = EDGE_CURVE ( 'NONE', #2611, #1502, #2231, .T. ) ;
#2797 = CARTESIAN_POINT ( 'NONE',  ( -3.500000000000000000, -1.449747468305833564, 21.06249999999999645 ) ) ;
#2798 = ORIENTED_EDGE ( 'NONE', *, *, #392, .T. ) ;
#2799 = CYLINDRICAL_SURFACE ( 'NONE', #1515, 3.500000000000000000 ) ;
#2800 = ADVANCED_FACE ( 'NONE', ( #784 ), #166, .F. ) ;
#2801 = CARTESIAN_POINT ( 'NONE',  ( -4.041265875000001451, 1.673947134580572538, 31.37499999863440436 ) ) ;
#2802 = CARTESIAN_POINT ( 'NONE',  ( 1.673947134580574092, 4.041265874999998786, 31.12499999863440436 ) ) ;
#2803 = CARTESIAN_POINT ( 'NONE',  ( -4.041265875000000563, 1.673947134580572538, 27.37499999863440436 ) ) ;
#2804 = ORIENTED_EDGE ( 'NONE', *, *, #1228, .T. ) ;
#2805 = CARTESIAN_POINT ( 'NONE',  ( -2.857606504790286550, -2.857606504790286994, 26.43749999863440436 ) ) ;
#2806 = CARTESIAN_POINT ( 'NONE',  ( -2.100000000000000089, -3.840884861430584379E-23, 10.90000000000000036 ) ) ;
#2807 = CARTESIAN_POINT ( 'NONE',  ( -6.429395695523603167E-16, 3.500000000000000000, 25.75000000000000355 ) ) ;
#2808 = CARTESIAN_POINT ( 'NONE',  ( -1.449747468305834897, 3.499999999999999112, 26.56249999726881228 ) ) ;
#2809 = CARTESIAN_POINT ( 'NONE',  ( -4.041265874999999674, -1.673947134580573648, 29.37499999863440792 ) ) ;
#2810 = CARTESIAN_POINT ( 'NONE',  ( 3.499999999999999556, 1.449747468305835341, 31.31249999726881228 ) ) ;
#2811 = VERTEX_POINT ( 'NONE', #2555 ) ;
#2812 = CARTESIAN_POINT ( 'NONE',  ( -3.500000000000000000, -4.286263797015736595E-16, 22.00000000000000000 ) ) ;
#2813 = DIRECTION ( 'NONE',  ( 1.000000000000000000, 0.000000000000000000, 0.000000000000000000 ) ) ;
#2814 = VERTEX_POINT ( 'NONE', #3754 ) ;
#2815 = DIRECTION ( 'NONE',  ( -0.000000000000000000, -0.000000000000000000, 1.000000000000000000 ) ) ;
#2816 = CARTESIAN_POINT ( 'NONE',  ( 0.000000000000000000, 0.000000000000000000, 19.00000000000000355 ) ) ;
#2817 = CARTESIAN_POINT ( 'NONE',  ( -5.197252404183978491, -2.998463458842047125, 14.81334055277369544 ) ) ;
#2818 = CARTESIAN_POINT ( 'NONE',  ( -1.673947134580575424, 4.041265874999998786, 27.24999999863440436 ) ) ;
#2819 = CARTESIAN_POINT ( 'NONE',  ( -1.673947134580573426, -4.041265874999999674, 30.62499999863440436 ) ) ;
#2820 = CARTESIAN_POINT ( 'NONE',  ( -1.673947134580575424, 4.041265874999998786, 27.24999999863440436 ) ) ;
#2821 = EDGE_LOOP ( 'NONE', ( #1858, #390, #1295, #539 ) ) ;
#2822 = EDGE_CURVE ( 'NONE', #1525, #2771, #3027, .T. ) ;
#2823 = CARTESIAN_POINT ( 'NONE',  ( 0.000000000000000000, 0.000000000000000000, 19.00000000000000355 ) ) ;
#2824 = CARTESIAN_POINT ( 'NONE',  ( -4.041265875000001451, 1.673947134580572538, 22.24999999863440436 ) ) ;
#2825 = CYLINDRICAL_SURFACE ( 'NONE', #3830, 3.100000000000000533 ) ;
#2826 = CIRCLE ( 'NONE', #1148, 3.500000000000000000 ) ;
#2827 = VECTOR ( 'NONE', #2, 1000.000000000000000 ) ;
#2828 = CARTESIAN_POINT ( 'NONE',  ( -2.474873734152916338, -2.474873734152916782, 27.12500000000000000 ) ) ;
#2829 = CARTESIAN_POINT ( 'NONE',  ( -1.250057093362957339, 1.687411410532957179, 5.168896321299835783 ) ) ;
#2830 = CARTESIAN_POINT ( 'NONE',  ( -2.474873734152917226, 2.474873734152916338, 30.62499999726880873 ) ) ;
#2831 = CARTESIAN_POINT ( 'NONE',  ( 3.842865929715132079E-17, 2.836811590500857960, 12.74999999999999822 ) ) ;
#2832 = DIRECTION ( 'NONE',  ( -0.000000000000000000, 0.000000000000000000, 1.000000000000000000 ) ) ;
#2833 = VERTEX_POINT ( 'NONE', #2340 ) ;
#2834 = CARTESIAN_POINT ( 'NONE',  ( 0.000000000000000000, 0.000000000000000000, 11.00000000000000000 ) ) ;
#2835 = DIRECTION ( 'NONE',  ( -0.000000000000000000, -0.000000000000000000, 1.000000000000000000 ) ) ;
#2836 = CARTESIAN_POINT ( 'NONE',  ( -5.528967727758239192, -2.335254566339632465, 16.04849773051649464 ) ) ;
#2837 = CARTESIAN_POINT ( 'NONE',  ( 2.474561659161088847E-16, -4.041265874999999674, 28.68749999863440436 ) ) ;
#2838 = CARTESIAN_POINT ( 'NONE',  ( 4.041265874999999674, -1.673947134580573648, 28.87499999863440792 ) ) ;
#2839 = CARTESIAN_POINT ( 'NONE',  ( -4.041265874999999674, -1.673947134580573648, 25.49999999863440792 ) ) ;
#2840 = DIRECTION ( 'NONE',  ( -0.000000000000000000, -0.000000000000000000, 1.000000000000000000 ) ) ;
#2841 = CARTESIAN_POINT ( 'NONE',  ( 1.673947134580574092, 4.041265874999998786, 23.99999999863440436 ) ) ;
#2842 = EDGE_CURVE ( 'NONE', #3315, #2709, #1734, .T. ) ;
#2843 = SURFACE_STYLE_USAGE ( .BOTH. , #1651 ) ;
#2844 = CARTESIAN_POINT ( 'NONE',  ( -3.500000000000001332, 1.449747468305832010, 20.93749999999999645 ) ) ;
#2845 = EDGE_CURVE ( 'NONE', #1730, #2267, #1141, .T. ) ;
#2846 = FACE_OUTER_BOUND ( 'NONE', #129, .T. ) ;
#2847 = CARTESIAN_POINT ( 'NONE',  ( 2.143131898507868297E-16, -3.500000000000000000, 30.99999999726880873 ) ) ;
#2848 = CARTESIAN_POINT ( 'NONE',  ( -0.7690062347545922883, 2.937155023383302588, 13.00128704147934044 ) ) ;
#2849 = CARTESIAN_POINT ( 'NONE',  ( 2.143131898507868297E-16, -3.500000000000000000, 27.99999999726880873 ) ) ;
#2850 = VERTEX_POINT ( 'NONE', #2320 ) ;
#2851 = CARTESIAN_POINT ( 'NONE',  ( -1.449747468305832898, -3.500000000000000000, 24.93749999726880873 ) ) ;
#2852 = CARTESIAN_POINT ( 'NONE',  ( -1.241843620414984972, 5.870101538635535299, 5.164380573350646486 ) ) ;
#2853 = CARTESIAN_POINT ( 'NONE',  ( -2.857606504790286550, -2.857606504790286994, 26.56249999863440436 ) ) ;
#2854 = CARTESIAN_POINT ( 'NONE',  ( -4.041265874999999674, -4.949123318322177694E-16, 26.43749999863440792 ) ) ;
#2855 = CARTESIAN_POINT ( 'NONE',  ( -7.423684977483266541E-16, 4.041265874999999674, 28.18749999863440436 ) ) ;
#2856 = ORIENTED_EDGE ( 'NONE', *, *, #725, .T. ) ;
#2857 = DIRECTION ( 'NONE',  ( 0.000000000000000000, 0.000000000000000000, -1.000000000000000000 ) ) ;
#2858 = CARTESIAN_POINT ( 'NONE',  ( 4.041265874999999674, -1.673947134580573648, 22.74999999863440436 ) ) ;
#2859 = CARTESIAN_POINT ( 'NONE',  ( 4.041265874999998786, 1.673947134580575868, 24.87499999863440792 ) ) ;
#2860 = EDGE_CURVE ( 'NONE', #289, #2250, #3540, .T. ) ;
#2861 = CARTESIAN_POINT ( 'NONE',  ( 3.499999999999999556, 1.449747468305835341, 23.56250000000000000 ) ) ;
#2862 = CARTESIAN_POINT ( 'NONE',  ( -2.474873734152917226, 2.474873734152916338, 30.87500000000000000 ) ) ;
#2863 = CARTESIAN_POINT ( 'NONE',  ( -3.500000000000000444, -1.449747468305833342, 29.81249999726881228 ) ) ;
#2864 = CARTESIAN_POINT ( 'NONE',  ( 0.3300052203812350871, 5.992815780368902168, 3.783402181232426109 ) ) ;
#2865 = CARTESIAN_POINT ( 'NONE',  ( -6.429395695523603167E-16, 3.500000000000000000, 27.75000000000000000 ) ) ;
#2866 = EDGE_LOOP ( 'NONE', ( #378, #3295, #2354, #1494, #585, #3810 ) ) ;
#2867 = CYLINDRICAL_SURFACE ( 'NONE', #2065, 3.500000000000000000 ) ;
#2868 = CIRCLE ( 'NONE', #2928, 3.100000000000000533 ) ;
#2869 = CARTESIAN_POINT ( 'NONE',  ( 3.500000000000000000, 0.000000000000000000, 22.24999999726880873 ) ) ;
#2870 = CARTESIAN_POINT ( 'NONE',  ( -1.209813661503295057, 5.876786414010354065, 5.324880677942650742 ) ) ;
#2871 =( BOUNDED_CURVE ( )  B_SPLINE_CURVE ( 2, ( #2341, #1457, #878, #2062, #3258, #3279, #1425, #2981, #2963 ),
 .UNSPECIFIED., .F., .F. ) 
 B_SPLINE_CURVE_WITH_KNOTS ( ( 3, 2, 2, 2, 3 ),
 ( 0.000000000000000000, 0.009615384615384615918, 0.01923076923076923184, 0.02884615384615384429, 0.03846153846153846367 ),
 .UNSPECIFIED. ) 
 CURVE ( )  GEOMETRIC_REPRESENTATION_ITEM ( )  RATIONAL_B_SPLINE_CURVE ( ( 1.000000000000000000, 0.9238795325112867385, 1.000000000000000000, 0.9238795325112867385, 1.000000000000000000, 0.9238795325112867385, 1.000000000000000000, 0.9238795325112867385, 1.000000000000000000 ) ) 
 REPRESENTATION_ITEM ( '' )  );
#2872 = CARTESIAN_POINT ( 'NONE',  ( 2.857606504790286106, 2.857606504790286994, 28.06249999863440436 ) ) ;
#2873 = CARTESIAN_POINT ( 'NONE',  ( -4.041265875000001451, 1.673947134580572538, 25.37499999863441147 ) ) ;
#2874 = CARTESIAN_POINT ( 'NONE',  ( -4.041265874999999674, -1.673947134580573648, 23.49999999863440436 ) ) ;
#2875 = FACE_OUTER_BOUND ( 'NONE', #253, .T. ) ;
#2876 = CARTESIAN_POINT ( 'NONE',  ( 2.474561659161088847E-16, -4.041265874999999674, 21.56249999863440436 ) ) ;
#2877 = CARTESIAN_POINT ( 'NONE',  ( -4.041265874999999674, -1.673947134580573870, 25.37499999863441147 ) ) ;
#2878 = CARTESIAN_POINT ( 'NONE',  ( 4.041265874999999674, 0.000000000000000000, 21.81249999863440436 ) ) ;
#2879 = CARTESIAN_POINT ( 'NONE',  ( -3.500000000000000000, -4.286263797015736595E-16, 27.74999999726880873 ) ) ;
#2880 = ORIENTED_EDGE ( 'NONE', *, *, #2387, .F. ) ;
#2881 = CARTESIAN_POINT ( 'NONE',  ( -2.474873734152916338, -2.474873734152916782, 21.12499999999999645 ) ) ;
#2882 = CARTESIAN_POINT ( 'NONE',  ( -3.500000000000000000, -4.286263797015736595E-16, 30.74999999726880873 ) ) ;
#2883 = VECTOR ( 'NONE', #727, 1000.000000000000000 ) ;
#2884 = CARTESIAN_POINT ( 'NONE',  ( -2.857606504790286994, 2.857606504790286550, 29.18749999863440792 ) ) ;
#2885 = LINE ( 'NONE', #3796, #3453 ) ;
#2886 = CARTESIAN_POINT ( 'NONE',  ( 2.474873734152916782, -2.474873734152916782, 21.12499999726881228 ) ) ;
#2887 = EDGE_CURVE ( 'NONE', #1229, #1516, #72, .T. ) ;
#2888 = CARTESIAN_POINT ( 'NONE',  ( -3.500000000000000000, -4.286263797015736595E-16, 26.00000000000000355 ) ) ;
#2889 = CARTESIAN_POINT ( 'NONE',  ( -2.474873734152917226, 2.474873734152916338, 30.87500000000000000 ) ) ;
#2890 = CARTESIAN_POINT ( 'NONE',  ( -0.6307756332871474747, 5.968681298996449947, 3.908460688980614606 ) ) ;
#2891 = CARTESIAN_POINT ( 'NONE',  ( -2.857606504790286550, -2.857606504790286994, 25.56249999863440792 ) ) ;
#2892 = CARTESIAN_POINT ( 'NONE',  ( -5.197408368503292131, 2.998191966732564939, 13.18587679676284097 ) ) ;
#2893 = CARTESIAN_POINT ( 'NONE',  ( 1.673947134580574092, 4.041265874999998786, 24.12499999863440792 ) ) ;
#2894 = ORIENTED_EDGE ( 'NONE', *, *, #1086, .F. ) ;
#2895 = VERTEX_POINT ( 'NONE', #294 ) ;
#2896 = CARTESIAN_POINT ( 'NONE',  ( 4.041265874999998786, 1.673947134580575868, 24.87499999863440792 ) ) ;
#2897 = CARTESIAN_POINT ( 'NONE',  ( -2.857606504790286994, 2.857606504790286550, 28.18749999863440436 ) ) ;
#2898 = CARTESIAN_POINT ( 'NONE',  ( -4.041265875000000563, 1.673947134580572538, 23.24999999863440436 ) ) ;
#2899 = DIRECTION ( 'NONE',  ( -0.000000000000000000, -0.000000000000000000, 1.000000000000000000 ) ) ;
#2900 = ORIENTED_EDGE ( 'NONE', *, *, #3563, .T. ) ;
#2901 = CARTESIAN_POINT ( 'NONE',  ( 1.449747468305833342, -3.500000000000000444, 22.31250000000000000 ) ) ;
#2902 = CARTESIAN_POINT ( 'NONE',  ( 3.500000000000000000, 0.000000000000000000, 25.24999999726881228 ) ) ;
#2903 = CARTESIAN_POINT ( 'NONE',  ( -2.474873734152916338, -2.474873734152916782, 22.87499999726880873 ) ) ;
#2904 = CARTESIAN_POINT ( 'NONE',  ( -3.500000000000000000, -1.449747468305833564, 29.06250000000000000 ) ) ;
#2905 = CARTESIAN_POINT ( 'NONE',  ( -3.500000000000000000, -4.286263797015736595E-16, 23.74999999726880873 ) ) ;
#2906 = EDGE_CURVE ( 'NONE', #3093, #184, #3584, .T. ) ;
#2907 = CARTESIAN_POINT ( 'NONE',  ( -1.449747468305832898, -3.500000000000000444, 30.18750000000000711 ) ) ;
#2908 = DIRECTION ( 'NONE',  ( 1.000000000000000000, 0.000000000000000000, 0.000000000000000000 ) ) ;
#2909 = CARTESIAN_POINT ( 'NONE',  ( 1.673947134580574092, 4.041265874999998786, 24.12499999863441147 ) ) ;
#2910 = CARTESIAN_POINT ( 'NONE',  ( -4.041265874999999674, -1.673947134580573648, 21.49999999863440436 ) ) ;
#2911 = ORIENTED_EDGE ( 'NONE', *, *, #3785, .F. ) ;
#2912 = CARTESIAN_POINT ( 'NONE',  ( 3.500000000000000000, -1.449747468305833120, 30.43750000000000355 ) ) ;
#2913 = EDGE_CURVE ( 'NONE', #282, #3315, #3815, .T. ) ;
#2914 = CARTESIAN_POINT ( 'NONE',  ( 2.500000000000002220, 3.367778697655222984E-16, 35.00000000000000000 ) ) ;
#2915 = CARTESIAN_POINT ( 'NONE',  ( 1.673947134580574092, 4.041265874999998786, 27.99999999863440081 ) ) ;
#2916 = CARTESIAN_POINT ( 'NONE',  ( -4.041265874999999674, -1.673947134580573648, 23.37499999863440792 ) ) ;
#2917 = FACE_OUTER_BOUND ( 'NONE', #254, .T. ) ;
#2918 = EDGE_LOOP ( 'NONE', ( #1800, #2161 ) ) ;
#2919 = ORIENTED_EDGE ( 'NONE', *, *, #1540, .T. ) ;
#2920 = CARTESIAN_POINT ( 'NONE',  ( -3.500000000000000000, -4.286263797015736595E-16, 23.00000000000000000 ) ) ;
#2921 = CARTESIAN_POINT ( 'NONE',  ( -1.449747468305832898, -3.500000000000000000, 24.18750000000000355 ) ) ;
#2922 = CARTESIAN_POINT ( 'NONE',  ( 2.474873734152916782, -2.474873734152916782, 28.12499999726880873 ) ) ;
#2923 = CARTESIAN_POINT ( 'NONE',  ( -1.949358868961793556, 0.7810249675906638656, 11.00000000000000000 ) ) ;
#2924 = CARTESIAN_POINT ( 'NONE',  ( 1.449747468305833786, 3.499999999999999556, 29.43749999726881938 ) ) ;
#2925 = FACE_OUTER_BOUND ( 'NONE', #2079, .T. ) ;
#2926 = CARTESIAN_POINT ( 'NONE',  ( 2.857606504790286994, -2.857606504790286994, 21.81249999863440436 ) ) ;
#2927 = CARTESIAN_POINT ( 'NONE',  ( 2.474561659161088847E-16, -4.041265874999999674, 20.68749999863440436 ) ) ;
#2928 = AXIS2_PLACEMENT_3D ( 'NONE', #3157, #479, #2857 ) ;
#2929 = CARTESIAN_POINT ( 'NONE',  ( -6.000000000000000888, 6.593693876289827176E-24, 10.90000000000000036 ) ) ;
#2930 = CARTESIAN_POINT ( 'NONE',  ( -1.673947134580575424, 4.041265874999998786, 20.12499999863441147 ) ) ;
#2931 = CARTESIAN_POINT ( 'NONE',  ( -1.673947134580573426, -4.041265874999999674, 20.49999999863440436 ) ) ;
#2932 = CARTESIAN_POINT ( 'NONE',  ( 2.474561659161088847E-16, -4.041265874999999674, 23.56249999863440436 ) ) ;
#2933 = CARTESIAN_POINT ( 'NONE',  ( 0.08444962980125420016, 2.100000000000000089, 6.250000000000002665 ) ) ;
#2934 = EDGE_CURVE ( 'NONE', #3323, #3057, #2885, .T. ) ;
#2935 = EDGE_LOOP ( 'NONE', ( #3692, #525, #2649, #1961 ) ) ;
#2936 = CARTESIAN_POINT ( 'NONE',  ( -4.041265875000001451, 1.673947134580572538, 29.24999999863440436 ) ) ;
#2937 = CARTESIAN_POINT ( 'NONE',  ( -3.500000000000000000, -4.286263797015736595E-16, 20.99999999999999645 ) ) ;
#2938 = CARTESIAN_POINT ( 'NONE',  ( -3.500000000000000444, -1.449747468305833342, 27.81249999726880873 ) ) ;
#2939 = AXIS2_PLACEMENT_3D ( 'NONE', #1671, #1943, #1986 ) ;
#2940 =( BOUNDED_CURVE ( )  B_SPLINE_CURVE ( 2, ( #2879, #3249, #3848, #1419, #216, #1171, #2610, #871, #1748 ),
 .UNSPECIFIED., .F., .F. ) 
 B_SPLINE_CURVE_WITH_KNOTS ( ( 3, 2, 2, 2, 3 ),
 ( 0.3461538461538461453, 0.3557692307692307820, 0.3653846153846153633, 0.3750000000000000000, 0.3846153846153846367 ),
 .UNSPECIFIED. ) 
 CURVE ( )  GEOMETRIC_REPRESENTATION_ITEM ( )  RATIONAL_B_SPLINE_CURVE ( ( 1.000000000000000000, 0.9238795325112867385, 1.000000000000000000, 0.9238795325112867385, 1.000000000000000000, 0.9238795325112867385, 1.000000000000000000, 0.9238795325112867385, 1.000000000000000000 ) ) 
 REPRESENTATION_ITEM ( '' )  );
#2941 = CARTESIAN_POINT ( 'NONE',  ( -4.041265874999999674, -4.949123318322177694E-16, 27.31249999863440436 ) ) ;
#2942 = LINE ( 'NONE', #1479, #1152 ) ;
#2943 = CARTESIAN_POINT ( 'NONE',  ( -2.474873734152916338, -2.474873734152916782, 30.87499999726880873 ) ) ;
#2944 = CARTESIAN_POINT ( 'NONE',  ( 2.857606504790286994, -2.857606504790286994, 23.81249999863440436 ) ) ;
#2945 = VECTOR ( 'NONE', #2962, 1000.000000000000000 ) ;
#2946 = ORIENTED_EDGE ( 'NONE', *, *, #66, .T. ) ;
#2947 = CARTESIAN_POINT ( 'NONE',  ( -6.429395695523603167E-16, 3.500000000000000000, 24.49999999726881228 ) ) ;
#2948 = CARTESIAN_POINT ( 'NONE',  ( -2.857606504790286550, -2.857606504790286994, 22.56249999863440436 ) ) ;
#2949 = CARTESIAN_POINT ( 'NONE',  ( -5.197575985905919183, 2.997902790758912417, 14.81519949350287746 ) ) ;
#2950 = CARTESIAN_POINT ( 'NONE',  ( 4.041265874999998786, 1.673947134580575868, 21.99999999863440436 ) ) ;
#2951 = VERTEX_POINT ( 'NONE', #509 ) ;
#2952 = CARTESIAN_POINT ( 'NONE',  ( -2.474873734152916338, -2.474873734152916782, 30.12500000000000000 ) ) ;
#2953 = CARTESIAN_POINT ( 'NONE',  ( -1.250032309329061730, 5.868340415034848156, 14.08128537165805128 ) ) ;
#2954 = CARTESIAN_POINT ( 'NONE',  ( -2.857606504790286550, -2.857606504790286994, 21.43749999863440436 ) ) ;
#2955 = CARTESIAN_POINT ( 'NONE',  ( 2.474561659161088847E-16, -4.041265874999999674, 22.56249999863440436 ) ) ;
#2956 = CARTESIAN_POINT ( 'NONE',  ( 0.1674389874724593885, 2.094926799166128006, 6.241530731943509380 ) ) ;
#2957 = ORIENTED_EDGE ( 'NONE', *, *, #2202, .T. ) ;
#2958 = CARTESIAN_POINT ( 'NONE',  ( 2.143131898507868297E-16, -3.500000000000000000, 19.25000000000000000 ) ) ;
#2959 = CARTESIAN_POINT ( 'NONE',  ( 2.474873734152916782, -2.474873734152916782, 24.37500000000000000 ) ) ;
#2960 = CARTESIAN_POINT ( 'NONE',  ( -3.500000000000000000, -4.286263797015736595E-16, 24.74999999726881228 ) ) ;
#2961 = AXIS2_PLACEMENT_3D ( 'NONE', #3548, #1129, #2309 ) ;
#2962 = DIRECTION ( 'NONE',  ( -0.000000000000000000, -0.000000000000000000, 1.000000000000000000 ) ) ;
#2963 = CARTESIAN_POINT ( 'NONE',  ( -3.500000000000000000, -4.286263797015736595E-16, 31.74999999726880873 ) ) ;
#2964 = CARTESIAN_POINT ( 'NONE',  ( -2.857606504790286550, -2.857606504790286994, 24.56249999863440436 ) ) ;
#2965 = CARTESIAN_POINT ( 'NONE',  ( 3.500000000000000000, 0.000000000000000000, 23.24999999726880873 ) ) ;
#2966 = CARTESIAN_POINT ( 'NONE',  ( 4.041265874999998786, 1.673947134580575868, 21.99999999863440436 ) ) ;
#2967 = CARTESIAN_POINT ( 'NONE',  ( 1.449747468305833564, -3.500000000000000000, 22.31250000000000000 ) ) ;
#2968 = FACE_OUTER_BOUND ( 'NONE', #3051, .T. ) ;
#2969 = CYLINDRICAL_SURFACE ( 'NONE', #3067, 3.500000000000000000 ) ;
#2970 = CARTESIAN_POINT ( 'NONE',  ( -0.3278061979690367611, 5.992955371259921726, 15.21728962115137485 ) ) ;
#2971 = CARTESIAN_POINT ( 'NONE',  ( -4.041265874999999674, -1.673947134580573870, 24.37499999863441147 ) ) ;
#2972 = CARTESIAN_POINT ( 'NONE',  ( 4.041265874999999674, 0.000000000000000000, 20.81249999863440436 ) ) ;
#2973 = CARTESIAN_POINT ( 'NONE',  ( 4.041265874999999674, -1.673947134580573426, 28.87499999863440792 ) ) ;
#2974 = EDGE_LOOP ( 'NONE', ( #1006, #125, #3035, #73 ) ) ;
#2975 = DIRECTION ( 'NONE',  ( 1.000000000000000000, 0.000000000000000000, 0.000000000000000000 ) ) ;
#2976 = ORIENTED_EDGE ( 'NONE', *, *, #1248, .T. ) ;
#2977 = CARTESIAN_POINT ( 'NONE',  ( 2.857606504790286994, -2.857606504790286994, 31.68749999863440436 ) ) ;
#2978 = CARTESIAN_POINT ( 'NONE',  ( 1.449747468305833564, 3.500000000000000000, 25.43749999726880873 ) ) ;
#2979 = CARTESIAN_POINT ( 'NONE',  ( 3.500000000000000000, 0.000000000000000000, 29.50000000000000000 ) ) ;
#2980 = CARTESIAN_POINT ( 'NONE',  ( -2.857606504790286550, -2.857606504790286994, 29.43749999863440792 ) ) ;
#2981 = CARTESIAN_POINT ( 'NONE',  ( -3.500000000000000000, -1.449747468305833564, 31.81249999726880873 ) ) ;
#2982 = CARTESIAN_POINT ( 'NONE',  ( 4.041265874999998786, 1.673947134580575868, 26.99999999863440436 ) ) ;
#2983 = EDGE_CURVE ( 'NONE', #1866, #421, #126, .T. ) ;
#2984 = EDGE_LOOP ( 'NONE', ( #1219, #2647, #3568, #401 ) ) ;
#2985 = CARTESIAN_POINT ( 'NONE',  ( 3.500000000000000000, 0.000000000000000000, 23.24999999726880873 ) ) ;
#2986 = DIRECTION ( 'NONE',  ( 1.000000000000000000, 0.000000000000000000, 0.000000000000000000 ) ) ;
#2987 = CARTESIAN_POINT ( 'NONE',  ( -1.673947134580575424, 4.041265874999998786, 24.24999999863440436 ) ) ;
#2988 = DIRECTION ( 'NONE',  ( -1.000000000000000000, 0.000000000000000000, 0.000000000000000000 ) ) ;
#2989 = DIRECTION ( 'NONE',  ( -0.000000000000000000, -0.000000000000000000, 1.000000000000000000 ) ) ;
#2990 = CARTESIAN_POINT ( 'NONE',  ( -7.071417364016626228E-16, 6.000000000000000888, 12.74999999999999822 ) ) ;
#2991 = CARTESIAN_POINT ( 'NONE',  ( -2.857606504790286994, 2.857606504790286550, 23.18749999863440436 ) ) ;
#2992 = CARTESIAN_POINT ( 'NONE',  ( -3.500000000000001332, 1.449747468305832454, 26.93750000000000355 ) ) ;
#2993 = CARTESIAN_POINT ( 'NONE',  ( -2.857606504790286994, 2.857606504790286550, 29.31249999863440792 ) ) ;
#2994 = CARTESIAN_POINT ( 'NONE',  ( -4.041265874999999674, -4.949123318322177694E-16, 19.43749999863440436 ) ) ;
#2995 = ORIENTED_EDGE ( 'NONE', *, *, #3037, .T. ) ;
#2996 = CARTESIAN_POINT ( 'NONE',  ( -1.673947134580573426, -4.041265874999999674, 31.49999999863440436 ) ) ;
#2997 =( BOUNDED_CURVE ( )  B_SPLINE_CURVE ( 2, ( #2011, #844, #259, #1777, #570, #2303, #3585, #3502, #3221 ),
 .UNSPECIFIED., .F., .F. ) 
 B_SPLINE_CURVE_WITH_KNOTS ( ( 3, 2, 2, 2, 3 ),
 ( 0.000000000000000000, 0.009615384615384615918, 0.01923076923076923184, 0.02884615384615384429, 0.03846153846153846367 ),
 .UNSPECIFIED. ) 
 CURVE ( )  GEOMETRIC_REPRESENTATION_ITEM ( )  RATIONAL_B_SPLINE_CURVE ( ( 1.000000000000000000, 0.9238795325112867385, 1.000000000000000000, 0.9238795325112867385, 1.000000000000000000, 0.9238795325112867385, 1.000000000000000000, 0.9238795325112867385, 1.000000000000000000 ) ) 
 REPRESENTATION_ITEM ( '' )  );
#2998 = CARTESIAN_POINT ( 'NONE',  ( -2.474873734152916338, -2.474873734152916782, 20.87499999726881228 ) ) ;
#2999 = CARTESIAN_POINT ( 'NONE',  ( 1.449747468305833564, 3.500000000000000000, 28.68750000000000711 ) ) ;
#3000 = LINE ( 'NONE', #2123, #96 ) ;
#3001 = CARTESIAN_POINT ( 'NONE',  ( -0.08483529500006933843, 2.100000000000000089, 3.749999999999998668 ) ) ;
#3002 = CARTESIAN_POINT ( 'NONE',  ( 1.673947134580573870, -4.041265874999999674, 21.74999999863440081 ) ) ;
#3003 = ORIENTED_EDGE ( 'NONE', *, *, #2363, .F. ) ;
#3004 = B_SPLINE_CURVE_WITH_KNOTS ( 'NONE', 3,
 ( #227, #2218, #1063, #1975, #1107, #3485, #1334, #1389, #1410, #1996, #207, #1085, #1957, #3465, #1916, #2252, #2236, #3116, #1625, #2817, #2524, #3723, #460, #3423, #2836, #171, #1353, #1664, #187, #1368, #2558, #3759, #787, #3168 ),
 .UNSPECIFIED., .F., .F.,
 ( 4, 2, 2, 2, 2, 2, 2, 2, 2, 2, 2, 2, 2, 2, 2, 2, 4 ),
 ( 0.009874004311465428563, 0.01048991624799605615, 0.01110582818452668374, 0.01172174012105731133, 0.01233765205758793893, 0.01295356399411856652, 0.01356947593064919584, 0.01418538786717982343, 0.01480129980371045102, 0.01541721174024107861, 0.01603312367677170447, 0.01664903561330233553, 0.01726494754983296312, 0.01788085948636359071, 0.01849677142289421830, 0.01911268335942484589, 0.01972859529595547348 ),
 .UNSPECIFIED. ) ;
#3005 = AXIS2_PLACEMENT_3D ( 'NONE', #3019, #1207, #350 ) ;
#3006 = PRODUCT_DEFINITION ( 'æœ', '', #2641, #1538 ) ;
#3007 = CARTESIAN_POINT ( 'NONE',  ( -3.500000000000000000, -4.286263797015736595E-16, 20.99999999999999645 ) ) ;
#3008 = EDGE_CURVE ( 'NONE', #1600, #3803, #590, .T. ) ;
#3009 = CARTESIAN_POINT ( 'NONE',  ( -2.474873734152917226, 2.474873734152916338, 23.87500000000000000 ) ) ;
#3010 = CARTESIAN_POINT ( 'NONE',  ( 0.000000000000000000, 0.000000000000000000, 11.00000000000000000 ) ) ;
#3011 = AXIS2_PLACEMENT_3D ( 'NONE', #1935, #3132, #3186 ) ;
#3012 = CARTESIAN_POINT ( 'NONE',  ( -6.429395695523603167E-16, 3.500000000000000000, 25.49999999726881228 ) ) ;
#3013 = CYLINDRICAL_SURFACE ( 'NONE', #708, 3.100000000000000533 ) ;
#3014 = VECTOR ( 'NONE', #1754, 1000.000000000000000 ) ;
#3015 = CARTESIAN_POINT ( 'NONE',  ( 3.500000000000000000, 0.000000000000000000, 20.50000000000000000 ) ) ;
#3016 = EDGE_CURVE ( 'NONE', #1556, #2006, #2942, .T. ) ;
#3017 = CARTESIAN_POINT ( 'NONE',  ( 4.041265874999999674, 0.000000000000000000, 26.81249999863440436 ) ) ;
#3018 = CARTESIAN_POINT ( 'NONE',  ( -4.041265874999999674, -4.949123318322177694E-16, 22.31249999863440436 ) ) ;
#3019 = CARTESIAN_POINT ( 'NONE',  ( 0.000000000000000000, 0.000000000000000000, 11.00000000000000000 ) ) ;
#3020 = CARTESIAN_POINT ( 'NONE',  ( -2.857606504790286550, -2.857606504790286994, 30.56249999863440436 ) ) ;
#3021 = VERTEX_POINT ( 'NONE', #529 ) ;
#3022 = VERTEX_POINT ( 'NONE', #1176 ) ;
#3023 = CARTESIAN_POINT ( 'NONE',  ( 2.857606504790286994, -2.857606504790286994, 29.68749999863440436 ) ) ;
#3024 = CARTESIAN_POINT ( 'NONE',  ( -6.429395695523603167E-16, 3.500000000000000000, 22.49999999726880873 ) ) ;
#3025 = CARTESIAN_POINT ( 'NONE',  ( 1.449747468305833564, 3.500000000000000000, 29.68750000000000355 ) ) ;
#3026 = CARTESIAN_POINT ( 'NONE',  ( 1.673947134580573648, -4.041265874999999674, 31.62499999863440436 ) ) ;
#3027 =( BOUNDED_CURVE ( )  B_SPLINE_CURVE ( 2, ( #1021, #3400, #859, #2358, #2617, #1439, #549, #2377, #241 ),
 .UNSPECIFIED., .F., .F. ) 
 B_SPLINE_CURVE_WITH_KNOTS ( ( 3, 2, 2, 2, 3 ),
 ( 0.9230769230769231282, 0.9326923076923077094, 0.9423076923076922906, 0.9519230769230768718, 0.9615384615384615641 ),
 .UNSPECIFIED. ) 
 CURVE ( )  GEOMETRIC_REPRESENTATION_ITEM ( )  RATIONAL_B_SPLINE_CURVE ( ( 1.000000000000000000, 0.9238795325112867385, 1.000000000000000000, 0.9238795325112867385, 1.000000000000000000, 0.9238795325112867385, 1.000000000000000000, 0.9238795325112867385, 1.000000000000000000 ) ) 
 REPRESENTATION_ITEM ( '' )  );
#3028 = CARTESIAN_POINT ( 'NONE',  ( -1.673947134580575424, 4.041265874999998786, 31.12499999863440436 ) ) ;
#3029 = CARTESIAN_POINT ( 'NONE',  ( -6.000000000000000888, 7.347880794884120722E-16, 0.5000000000000004441 ) ) ;
#3030 = CARTESIAN_POINT ( 'NONE',  ( -1.673947134580575424, 4.041265874999998786, 21.24999999863440081 ) ) ;
#3031 = ORIENTED_EDGE ( 'NONE', *, *, #3836, .T. ) ;
#3032 = CARTESIAN_POINT ( 'NONE',  ( 3.499999999999999112, 1.449747468305835341, 25.56250000000000355 ) ) ;
#3033 = CARTESIAN_POINT ( 'NONE',  ( -1.449747468305834897, 3.499999999999999112, 23.81250000000000000 ) ) ;
#3034 = CARTESIAN_POINT ( 'NONE',  ( 4.041265874999998786, 1.673947134580575868, 19.99999999863440436 ) ) ;
#3035 = ORIENTED_EDGE ( 'NONE', *, *, #1132, .T. ) ;
#3036 = DIRECTION ( 'NONE',  ( 1.000000000000000000, 0.000000000000000000, 0.000000000000000000 ) ) ;
#3037 = EDGE_CURVE ( 'NONE', #3576, #1842, #3559, .T. ) ;
#3038 = CARTESIAN_POINT ( 'NONE',  ( 0.3306535122691042217, 2.852181336733898398, 15.21638793480099316 ) ) ;
#3039 = CARTESIAN_POINT ( 'NONE',  ( 1.673947134580574092, 4.041265874999998786, 19.99999999863440436 ) ) ;
#3040 = CARTESIAN_POINT ( 'NONE',  ( 0.000000000000000000, 0.000000000000000000, 34.50000000000000000 ) ) ;
#3041 = CARTESIAN_POINT ( 'NONE',  ( 4.041265874999998786, 1.673947134580575868, 30.99999999863440081 ) ) ;
#3042 = ORIENTED_EDGE ( 'NONE', *, *, #1482, .F. ) ;
#3043 = EDGE_CURVE ( 'NONE', #2335, #3790, #637, .T. ) ;
#3044 = ORIENTED_EDGE ( 'NONE', *, *, #2780, .F. ) ;
#3045 = CARTESIAN_POINT ( 'NONE',  ( -2.857606504790286994, 2.857606504790286550, 26.18749999863440792 ) ) ;
#3046 = CARTESIAN_POINT ( 'NONE',  ( 2.474873734152915894, 2.474873734152917226, 23.37499999726880873 ) ) ;
#3047 = CARTESIAN_POINT ( 'NONE',  ( -1.449747468305834674, 3.499999999999999556, 27.81250000000000000 ) ) ;
#3048 = CARTESIAN_POINT ( 'NONE',  ( 4.041265874999999674, 0.000000000000000000, 29.81249999863440436 ) ) ;
#3049 = CARTESIAN_POINT ( 'NONE',  ( 3.500000000000000000, 0.000000000000000000, 19.00000000000000355 ) ) ;
#3050 = CARTESIAN_POINT ( 'NONE',  ( -7.423684977483266541E-16, 4.041265874999999674, 22.18749999863440436 ) ) ;
#3051 = EDGE_LOOP ( 'NONE', ( #2456, #147, #3149, #270 ) ) ;
#3052 =( BOUNDED_CURVE ( )  B_SPLINE_CURVE ( 2, ( #657, #2128, #675, #1526, #111, #3306, #2467, #3032, #928 ),
 .UNSPECIFIED., .F., .F. ) 
 B_SPLINE_CURVE_WITH_KNOTS ( ( 3, 2, 2, 2, 3 ),
 ( 0.4230769230769230727, 0.4326923076923077094, 0.4423076923076922906, 0.4519230769230769273, 0.4615384615384615641 ),
 .UNSPECIFIED. ) 
 CURVE ( )  GEOMETRIC_REPRESENTATION_ITEM ( )  RATIONAL_B_SPLINE_CURVE ( ( 1.000000000000000000, 0.9238795325112867385, 1.000000000000000000, 0.9238795325112867385, 1.000000000000000000, 0.9238795325112867385, 1.000000000000000000, 0.9238795325112867385, 1.000000000000000000 ) ) 
 REPRESENTATION_ITEM ( '' )  );
#3053 = PLANE ( 'NONE',  #2205 ) ;
#3054 = CARTESIAN_POINT ( 'NONE',  ( -3.500000000000000000, -4.286263797015736595E-16, 28.00000000000000000 ) ) ;
#3055 = LINE ( 'NONE', #3566, #3513 ) ;
#3056 = CARTESIAN_POINT ( 'NONE',  ( 2.474873734152916782, -2.474873734152916782, 22.37500000000000000 ) ) ;
#3057 = VERTEX_POINT ( 'NONE', #375 ) ;
#3058 = DIRECTION ( 'NONE',  ( 0.000000000000000000, 0.000000000000000000, -1.000000000000000000 ) ) ;
#3059 = CARTESIAN_POINT ( 'NONE',  ( 1.089800780525627566, 3.038369250212732631, 14.63413636732072654 ) ) ;
#3060 = CARTESIAN_POINT ( 'NONE',  ( -4.041265874999999674, -4.949123318322177694E-16, 30.43749999863440436 ) ) ;
#3061 = CARTESIAN_POINT ( 'NONE',  ( -4.041265874999999674, -4.949123318322177694E-16, 29.43749999863440792 ) ) ;
#3062 = CARTESIAN_POINT ( 'NONE',  ( 1.673947134580573648, -4.041265874999999674, 31.74999999863440436 ) ) ;
#3063 = ORIENTED_EDGE ( 'NONE', *, *, #2860, .T. ) ;
#3064 = VERTEX_POINT ( 'NONE', #397 ) ;
#3065 = CARTESIAN_POINT ( 'NONE',  ( 1.673947134580573870, -4.041265874999999674, 26.62499999863440792 ) ) ;
#3066 = EDGE_CURVE ( 'NONE', #3790, #729, #3000, .T. ) ;
#3067 = AXIS2_PLACEMENT_3D ( 'NONE', #302, #1489, #2388 ) ;
#3068 = CARTESIAN_POINT ( 'NONE',  ( -3.500000000000001332, 1.449747468305832010, 21.68749999726880517 ) ) ;
#3069 = CARTESIAN_POINT ( 'NONE',  ( 2.474873734152916782, -2.474873734152916782, 24.37500000000000000 ) ) ;
#3070 = CARTESIAN_POINT ( 'NONE',  ( 1.673947134580574092, 4.041265874999998786, 28.99999999863440436 ) ) ;
#3071 = CARTESIAN_POINT ( 'NONE',  ( -3.500000000000000000, -1.449747468305833564, 27.06250000000000000 ) ) ;
#3072 = CARTESIAN_POINT ( 'NONE',  ( -4.041265875000001451, 1.673947134580572538, 22.37499999863440792 ) ) ;
#3073 = ORIENTED_EDGE ( 'NONE', *, *, #1929, .T. ) ;
#3074 = DIRECTION ( 'NONE',  ( 0.000000000000000000, 0.000000000000000000, -1.000000000000000000 ) ) ;
#3075 = CARTESIAN_POINT ( 'NONE',  ( -1.673947134580573426, -4.041265874999999674, 19.62499999863441147 ) ) ;
#3076 = DIRECTION ( 'NONE',  ( 1.000000000000000000, 0.000000000000000000, 0.000000000000000000 ) ) ;
#3077 = CIRCLE ( 'NONE', #3444, 5.499999999999999112 ) ;
#3078 = EDGE_LOOP ( 'NONE', ( #427, #911, #269, #2919, #2078 ) ) ;
#3079 = VECTOR ( 'NONE', #3821, 1000.000000000000000 ) ;
#3080 = CARTESIAN_POINT ( 'NONE',  ( 2.474873734152915894, 2.474873734152917226, 28.37499999726881228 ) ) ;
#3081 = CARTESIAN_POINT ( 'NONE',  ( 4.041265874999998786, 1.673947134580575868, 30.99999999863440436 ) ) ;
#3082 = CARTESIAN_POINT ( 'NONE',  ( -2.857606504790286994, 2.857606504790286550, 28.31249999863440436 ) ) ;
#3083 = CARTESIAN_POINT ( 'NONE',  ( 2.857606504790286994, -2.857606504790286994, 24.81249999863440436 ) ) ;
#3084 = VECTOR ( 'NONE', #763, 1000.000000000000000 ) ;
#3085 = VERTEX_POINT ( 'NONE', #2421 ) ;
#3086 = CARTESIAN_POINT ( 'NONE',  ( -1.673947134580575424, 4.041265874999998786, 26.12499999863441147 ) ) ;
#3087 = CARTESIAN_POINT ( 'NONE',  ( -1.449747468305834674, 3.499999999999999556, 24.56249999726880873 ) ) ;
#3088 = ADVANCED_FACE ( 'NONE', ( #2777 ), #1808, .T. ) ;
#3089 = CARTESIAN_POINT ( 'NONE',  ( -3.500000000000000000, -4.286263797015736595E-16, 28.00000000000000000 ) ) ;
#3090 = CARTESIAN_POINT ( 'NONE',  ( 1.673947134580574092, 4.041265874999998786, 25.99999999863440792 ) ) ;
#3091 = CARTESIAN_POINT ( 'NONE',  ( 2.143131898507868297E-16, -3.500000000000000000, 27.25000000000000000 ) ) ;
#3092 = CARTESIAN_POINT ( 'NONE',  ( -7.423684977483266541E-16, 4.041265874999999674, 23.18749999863440436 ) ) ;
#3093 = VERTEX_POINT ( 'NONE', #635 ) ;
#3094 = EDGE_CURVE ( 'NONE', #3687, #2604, #1263, .T. ) ;
#3095 = CARTESIAN_POINT ( 'NONE',  ( 1.530810862291726090E-16, 6.000000000000000888, 15.25000000000000355 ) ) ;
#3096 = CARTESIAN_POINT ( 'NONE',  ( 3.500000000000000000, 0.000000000000000000, 28.24999999726881228 ) ) ;
#3097 = ORIENTED_EDGE ( 'NONE', *, *, #3130, .F. ) ;
#3098 = CARTESIAN_POINT ( 'NONE',  ( -2.474873734152917226, 2.474873734152916338, 30.62499999726880873 ) ) ;
#3099 = CARTESIAN_POINT ( 'NONE',  ( 1.241692000494719617, 3.096623627080093755, 14.16570860495623307 ) ) ;
#3100 = CARTESIAN_POINT ( 'NONE',  ( -7.423684977483266541E-16, 4.041265874999999674, 29.18749999863440792 ) ) ;
#3101 = CARTESIAN_POINT ( 'NONE',  ( -1.673947134580575424, 4.041265874999998786, 31.24999999863440081 ) ) ;
#3102 = CARTESIAN_POINT ( 'NONE',  ( 1.673947134580573648, -4.041265874999999674, 24.74999999863440436 ) ) ;
#3103 = VERTEX_POINT ( 'NONE', #3386 ) ;
#3104 = CARTESIAN_POINT ( 'NONE',  ( 1.673947134580574092, 4.041265874999998786, 24.99999999863440436 ) ) ;
#3105 = CARTESIAN_POINT ( 'NONE',  ( 1.449747468305833342, -3.500000000000000444, 27.31250000000000000 ) ) ;
#3106 = DIRECTION ( 'NONE',  ( 1.000000000000000000, 0.000000000000000000, -0.000000000000000000 ) ) ;
#3107 = CARTESIAN_POINT ( 'NONE',  ( 2.474561659161088847E-16, -4.041265874999999674, 29.56249999863440436 ) ) ;
#3108 = CARTESIAN_POINT ( 'NONE',  ( -2.474873734152916338, -2.474873734152916782, 28.87499999726881228 ) ) ;
#3109 = VERTEX_POINT ( 'NONE', #1894 ) ;
#3110 = DIRECTION ( 'NONE',  ( 1.000000000000000000, 0.000000000000000000, 0.000000000000000000 ) ) ;
#3111 = CARTESIAN_POINT ( 'NONE',  ( -4.041265874999999674, -1.673947134580573648, 26.37499999863440436 ) ) ;
#3112 = CARTESIAN_POINT ( 'NONE',  ( -1.449747468305834897, 3.499999999999999112, 27.81250000000000000 ) ) ;
#3113 = VERTEX_POINT ( 'NONE', #3096 ) ;
#3114 = DIRECTION ( 'NONE',  ( 0.000000000000000000, 0.000000000000000000, 1.000000000000000000 ) ) ;
#3115 = CARTESIAN_POINT ( 'NONE',  ( 3.500000000000000000, 0.000000000000000000, 30.24999999726880873 ) ) ;
#3116 = CARTESIAN_POINT ( 'NONE',  ( -5.136962761402627642, -3.100260260393771450, 14.20131039783382398 ) ) ;
#3117 = CARTESIAN_POINT ( 'NONE',  ( -2.857606504790286994, 2.857606504790286550, 30.31249999863440436 ) ) ;
#3118 = CARTESIAN_POINT ( 'NONE',  ( 4.041265874999999674, -1.673947134580573648, 29.87499999863440081 ) ) ;
#3119 = CARTESIAN_POINT ( 'NONE',  ( 2.474561659161088847E-16, -4.041265874999999674, 25.68749999863440792 ) ) ;
#3120 = CARTESIAN_POINT ( 'NONE',  ( 1.530810862315391917E-16, 6.000000000000000888, 6.250000000000000888 ) ) ;
#3121 = CARTESIAN_POINT ( 'NONE',  ( -1.673947134580573426, -4.041265874999999674, 26.49999999863440436 ) ) ;
#3122 = PRESENTATION_STYLE_ASSIGNMENT (( #2843 ) ) ;
#3123 = CARTESIAN_POINT ( 'NONE',  ( 3.500000000000000444, -1.449747468305833120, 24.43750000000000355 ) ) ;
#3124 = CARTESIAN_POINT ( 'NONE',  ( -0.3344903974913365774, 2.079057563921687724, 6.215642438474828779 ) ) ;
#3125 = CARTESIAN_POINT ( 'NONE',  ( -1.673947134580575424, 4.041265874999998786, 30.12499999863440436 ) ) ;
#3126 = CARTESIAN_POINT ( 'NONE',  ( 2.474873734152916782, -2.474873734152916782, 30.12499999726880873 ) ) ;
#3127 = CARTESIAN_POINT ( 'NONE',  ( -1.185214716761816112, 3.074310185979813870, 14.40553767336996493 ) ) ;
#3128 = CARTESIAN_POINT ( 'NONE',  ( -2.474873734152916338, -2.474873734152916782, 27.87499999726880873 ) ) ;
#3129 = ORIENTED_EDGE ( 'NONE', *, *, #1415, .T. ) ;
#3130 = EDGE_CURVE ( 'NONE', #855, #1024, #1532, .T. ) ;
#3131 = CARTESIAN_POINT ( 'NONE',  ( 0.000000000000000000, 0.000000000000000000, 11.00000000000000000 ) ) ;
#3132 = DIRECTION ( 'NONE',  ( 0.000000000000000000, 0.000000000000000000, 1.000000000000000000 ) ) ;
#3133 = CARTESIAN_POINT ( 'NONE',  ( -2.857606504790286994, 2.857606504790286550, 26.31249999863440792 ) ) ;
#3134 = CARTESIAN_POINT ( 'NONE',  ( 1.673947134580573870, -4.041265874999999674, 28.74999999863440436 ) ) ;
#3135 = CARTESIAN_POINT ( 'NONE',  ( 4.041265874999999674, 0.000000000000000000, 25.93749999863440792 ) ) ;
#3136 = CARTESIAN_POINT ( 'NONE',  ( -6.646954245659623883E-17, 2.100000000000000089, 3.749999999999999112 ) ) ;
#3137 = CONICAL_SURFACE ( 'NONE', #3195, 5.500000000000001776, 0.7853981633974509435 ) ;
#3138 = EDGE_CURVE ( 'NONE', #2140, #418, #2601, .T. ) ;
#3139 = CARTESIAN_POINT ( 'NONE',  ( 1.673947134580573870, -4.041265874999999674, 24.62499999863441147 ) ) ;
#3140 = CARTESIAN_POINT ( 'NONE',  ( 1.449747468305833564, 3.500000000000000000, 20.43749999726880873 ) ) ;
#3141 = AXIS2_PLACEMENT_3D ( 'NONE', #583, #3534, #892 ) ;
#3142 = VECTOR ( 'NONE', #2634, 1000.000000000000000 ) ;
#3143 = CARTESIAN_POINT ( 'NONE',  ( 2.474873734152916782, -2.474873734152916782, 20.37500000000000000 ) ) ;
#3144 = DIRECTION ( 'NONE',  ( 0.000000000000000000, 0.000000000000000000, 1.000000000000000000 ) ) ;
#3145 = CARTESIAN_POINT ( 'NONE',  ( -1.449747468305834674, 3.499999999999999556, 31.56249999726880873 ) ) ;
#3146 = CARTESIAN_POINT ( 'NONE',  ( 4.041265874999999674, -1.673947134580573426, 28.74999999863440436 ) ) ;
#3147 = CARTESIAN_POINT ( 'NONE',  ( -1.250008679244121179, 3.100003499695206166, 13.83529440994225546 ) ) ;
#3148 = B_SPLINE_CURVE_WITH_KNOTS ( 'NONE', 3,
 ( #2535, #1637, #3481, #1329, #144, #2265, #1992, #3127, #1951, #2247, #2518, #3147, #470, #3718, #1657, #2848, #3460, #1383, #453, #2831 ),
 .UNSPECIFIED., .F., .F.,
 ( 4, 2, 2, 2, 2, 2, 2, 2, 2, 4 ),
 ( 0.003950376061400761446, 0.004443839271146544229, 0.004937302480892327011, 0.005430765690638108927, 0.005677497295511000318, 0.005924228900383891709, 0.006417692110129669288, 0.006911155319875447733, 0.007404618529621225312, 0.007898081739367002890 ),
 .UNSPECIFIED. ) ;
#3149 = ORIENTED_EDGE ( 'NONE', *, *, #3645, .F. ) ;
#3150 = CARTESIAN_POINT ( 'NONE',  ( -6.000000000000000000, 0.2089105103119916762, 17.10000000000000142 ) ) ;
#3151 = DIRECTION ( 'NONE',  ( 1.000000000000000000, 0.000000000000000000, 0.000000000000000000 ) ) ;
#3152 = CARTESIAN_POINT ( 'NONE',  ( -1.186126370351687997, 5.881677493222348119, 5.402913886768642371 ) ) ;
#3153 =( BOUNDED_CURVE ( )  B_SPLINE_CURVE ( 2, ( #3054, #472, #3797, #3112, #2865, #438, #1930, #1349, #202 ),
 .UNSPECIFIED., .F., .F. ) 
 B_SPLINE_CURVE_WITH_KNOTS ( ( 3, 2, 2, 2, 3 ),
 ( 0.2692307692307692180, 0.2788461538461538547, 0.2884615384615384359, 0.2980769230769230727, 0.3076923076923077094 ),
 .UNSPECIFIED. ) 
 CURVE ( )  GEOMETRIC_REPRESENTATION_ITEM ( )  RATIONAL_B_SPLINE_CURVE ( ( 1.000000000000000000, 0.9238795325112867385, 1.000000000000000000, 0.9238795325112867385, 1.000000000000000000, 0.9238795325112867385, 1.000000000000000000, 0.9238795325112867385, 1.000000000000000000 ) ) 
 REPRESENTATION_ITEM ( '' )  );
#3154 = CARTESIAN_POINT ( 'NONE',  ( 2.857606504790286994, -2.857606504790286994, 26.81249999863440436 ) ) ;
#3155 = CARTESIAN_POINT ( 'NONE',  ( -1.673947134580573426, -4.041265874999999674, 26.62499999863440792 ) ) ;
#3156 = CARTESIAN_POINT ( 'NONE',  ( 4.041265874999999674, -1.673947134580573426, 26.87499999863440436 ) ) ;
#3157 = CARTESIAN_POINT ( 'NONE',  ( 2.000000000000000000, 0.000000000000000000, 14.00000000000000000 ) ) ;
#3158 = CARTESIAN_POINT ( 'NONE',  ( 2.857606504790286106, 2.857606504790286994, 23.93749999863440436 ) ) ;
#3159 = CARTESIAN_POINT ( 'NONE',  ( 2.857606504790286994, -2.857606504790286994, 27.68749999863440436 ) ) ;
#3160 = CARTESIAN_POINT ( 'NONE',  ( -2.474873734152917226, 2.474873734152916338, 21.87500000000000000 ) ) ;
#3161 = CARTESIAN_POINT ( 'NONE',  ( -1.449747468305834897, 3.499999999999999112, 30.81250000000000000 ) ) ;
#3162 = CARTESIAN_POINT ( 'NONE',  ( 3.500000000000000000, 0.000000000000000000, 31.24999999726880873 ) ) ;
#3163 = CARTESIAN_POINT ( 'NONE',  ( 1.673947134580574092, 4.041265874999998786, 27.99999999863440792 ) ) ;
#3164 = CARTESIAN_POINT ( 'NONE',  ( 0.000000000000000000, 0.000000000000000000, 18.50000000000000711 ) ) ;
#3165 = CARTESIAN_POINT ( 'NONE',  ( 0.000000000000000000, 0.000000000000000000, 19.00000000000000355 ) ) ;
#3166 = ORIENTED_EDGE ( 'NONE', *, *, #3672, .F. ) ;
#3167 = CARTESIAN_POINT ( 'NONE',  ( -3.500000000000000000, -1.449747468305833564, 24.81249999726881228 ) ) ;
#3168 = CARTESIAN_POINT ( 'NONE',  ( -6.000000000000000888, -3.668587026591679189E-16, 17.10000000000000142 ) ) ;
#3169 = CARTESIAN_POINT ( 'NONE',  ( -4.041265874999999674, -1.673947134580573870, 26.49999999863440436 ) ) ;
#3170 = CARTESIAN_POINT ( 'NONE',  ( 2.857606504790286994, -2.857606504790286994, 25.81249999863440792 ) ) ;
#3171 = CARTESIAN_POINT ( 'NONE',  ( -4.041265874999999674, -4.949123318322177694E-16, 23.43749999863440436 ) ) ;
#3172 = DIRECTION ( 'NONE',  ( -0.000000000000000000, 0.000000000000000000, 1.000000000000000000 ) ) ;
#3173 = CARTESIAN_POINT ( 'NONE',  ( -2.857606504790286994, 2.857606504790286550, 23.18749999863440436 ) ) ;
#3174 = CARTESIAN_POINT ( 'NONE',  ( -1.673947134580573426, -4.041265874999999674, 26.49999999863440436 ) ) ;
#3175 = CARTESIAN_POINT ( 'NONE',  ( 4.041265874999998786, 1.673947134580575868, 21.87499999863440792 ) ) ;
#3176 = CARTESIAN_POINT ( 'NONE',  ( 0.3306458352400286071, 2.075434277453434895, 6.208349164986844748 ) ) ;
#3177 = EDGE_LOOP ( 'NONE', ( #711, #1321, #1472, #1987 ) ) ;
#3178 = EDGE_CURVE ( 'NONE', #1842, #1502, #3153, .T. ) ;
#3179 = CARTESIAN_POINT ( 'NONE',  ( -3.500000000000001332, 1.449747468305832010, 22.93749999999999645 ) ) ;
#3180 = CARTESIAN_POINT ( 'NONE',  ( 1.449747468305833564, -3.500000000000000000, 20.06249999726880873 ) ) ;
#3181 = CARTESIAN_POINT ( 'NONE',  ( -1.449747468305834674, 3.499999999999999556, 30.56249999726880873 ) ) ;
#3182 = CARTESIAN_POINT ( 'NONE',  ( -3.500000000000000000, -4.286263797015736595E-16, 19.00000000000000000 ) ) ;
#3183 = CARTESIAN_POINT ( 'NONE',  ( 3.500000000000000000, -1.449747468305833120, 21.18749999726881228 ) ) ;
#3184 = CARTESIAN_POINT ( 'NONE',  ( 3.000000000000000444, 0.000000000000000000, 32.24999999726880873 ) ) ;
#3185 = CARTESIAN_POINT ( 'NONE',  ( 3.500000000000000000, 0.000000000000000000, 31.50000000000000000 ) ) ;
#3186 = DIRECTION ( 'NONE',  ( 1.000000000000000000, 0.000000000000000000, -0.000000000000000000 ) ) ;
#3187 = CARTESIAN_POINT ( 'NONE',  ( 1.673947134580573870, -4.041265874999999674, 25.74999999863440436 ) ) ;
#3188 = CARTESIAN_POINT ( 'NONE',  ( -7.423684977483266541E-16, 4.041265874999999674, 21.18749999863440436 ) ) ;
#3189 = ORIENTED_EDGE ( 'NONE', *, *, #3436, .F. ) ;
#3190 = CARTESIAN_POINT ( 'NONE',  ( 3.500000000000000000, -1.449747468305833120, 29.18749999726881938 ) ) ;
#3191 = CARTESIAN_POINT ( 'NONE',  ( 1.673947134580574092, 4.041265874999998786, 21.99999999863440436 ) ) ;
#3192 = CARTESIAN_POINT ( 'NONE',  ( -7.423684977483266541E-16, 4.041265874999999674, 27.06249999863440436 ) ) ;
#3193 = CARTESIAN_POINT ( 'NONE',  ( -2.857606504790286550, -2.857606504790286994, 21.43749999863440436 ) ) ;
#3194 = CARTESIAN_POINT ( 'NONE',  ( -3.500000000000000000, -4.286263797015736595E-16, 29.00000000000000000 ) ) ;
#3195 = AXIS2_PLACEMENT_3D ( 'NONE', #930, #2365, #9 ) ;
#3196 =( BOUNDED_CURVE ( )  B_SPLINE_CURVE ( 2, ( #3308, #58, #3056, #2967, #3263, #2153, #1223, #910, #2660 ),
 .UNSPECIFIED., .F., .F. ) 
 B_SPLINE_CURVE_WITH_KNOTS ( ( 3, 2, 2, 2, 3 ),
 ( 0.6923076923076922906, 0.7019230769230768718, 0.7115384615384615641, 0.7211538461538461453, 0.7307692307692307265 ),
 .UNSPECIFIED. ) 
 CURVE ( )  GEOMETRIC_REPRESENTATION_ITEM ( )  RATIONAL_B_SPLINE_CURVE ( ( 1.000000000000000000, 0.9238795325112867385, 1.000000000000000000, 0.9238795325112867385, 1.000000000000000000, 0.9238795325112867385, 1.000000000000000000, 0.9238795325112867385, 1.000000000000000000 ) ) 
 REPRESENTATION_ITEM ( '' )  );
#3197 = ORIENTED_EDGE ( 'NONE', *, *, #3043, .F. ) ;
#3198 = CARTESIAN_POINT ( 'NONE',  ( -2.474873734152916338, -2.474873734152916782, 22.12500000000000000 ) ) ;
#3199 = CARTESIAN_POINT ( 'NONE',  ( 2.143131898507868297E-16, -3.500000000000000000, 24.25000000000000000 ) ) ;
#3200 = CARTESIAN_POINT ( 'NONE',  ( -6.429395695523603167E-16, 3.500000000000000000, 26.49999999726881228 ) ) ;
#3201 = EDGE_CURVE ( 'NONE', #1166, #3720, #858, .T. ) ;
#3202 = VECTOR ( 'NONE', #127, 1000.000000000000000 ) ;
#3203 = CARTESIAN_POINT ( 'NONE',  ( -2.100000000000000089, -3.840884861430584379E-23, 10.90000000000000036 ) ) ;
#3204 = CARTESIAN_POINT ( 'NONE',  ( -1.449747468305834897, 3.499999999999999112, 29.56249999726881228 ) ) ;
#3205 = ADVANCED_FACE ( 'NONE', ( #3755 ), #2596, .T. ) ;
#3206 = ORIENTED_EDGE ( 'NONE', *, *, #2363, .T. ) ;
#3207 = CARTESIAN_POINT ( 'NONE',  ( 0.000000000000000000, 0.000000000000000000, 35.00000000000000000 ) ) ;
#3208 = CARTESIAN_POINT ( 'NONE',  ( 2.474873734152916782, -2.474873734152916782, 31.37500000000000000 ) ) ;
#3209 = CARTESIAN_POINT ( 'NONE',  ( 2.143131898507868297E-16, -3.500000000000000000, 26.99999999726880873 ) ) ;
#3210 = CARTESIAN_POINT ( 'NONE',  ( -7.423684977483266541E-16, 4.041265874999999674, 28.18749999863440436 ) ) ;
#3211 = CARTESIAN_POINT ( 'NONE',  ( 2.474561659161088847E-16, -4.041265874999999674, 23.68749999863440436 ) ) ;
#3212 = CARTESIAN_POINT ( 'NONE',  ( -0.6299628033887912926, 5.968761835731645427, 15.09196968434856601 ) ) ;
#3213 = CARTESIAN_POINT ( 'NONE',  ( 2.857606504790286994, -2.857606504790286994, 26.68749999863440436 ) ) ;
#3214 = CARTESIAN_POINT ( 'NONE',  ( -2.857606504790286550, -2.857606504790286994, 23.43749999863440436 ) ) ;
#3215 = CARTESIAN_POINT ( 'NONE',  ( 0.08467116648001080104, 2.100000000000000089, 3.749999999999999556 ) ) ;
#3216 = ORIENTED_EDGE ( 'NONE', *, *, #3571, .T. ) ;
#3217 = ORIENTED_EDGE ( 'NONE', *, *, #3856, .F. ) ;
#3218 = CARTESIAN_POINT ( 'NONE',  ( 2.474873734152915894, 2.474873734152917226, 20.62499999999999645 ) ) ;
#3219 = CARTESIAN_POINT ( 'NONE',  ( 2.143131898507868297E-16, -3.500000000000000000, 27.99999999726880873 ) ) ;
#3220 = CARTESIAN_POINT ( 'NONE',  ( 3.500000000000000000, 0.000000000000000000, 24.50000000000000000 ) ) ;
#3221 = CARTESIAN_POINT ( 'NONE',  ( -3.500000000000000000, -4.286263797015736595E-16, 31.00000000000000000 ) ) ;
#3222 = DIRECTION ( 'NONE',  ( 0.000000000000000000, 0.000000000000000000, 1.000000000000000000 ) ) ;
#3223 = CARTESIAN_POINT ( 'NONE',  ( 2.000000000000000000, 0.6403124237432857857, 11.00000000000000000 ) ) ;
#3224 = CARTESIAN_POINT ( 'NONE',  ( -2.857606504790286994, 2.857606504790286550, 22.31249999863440436 ) ) ;
#3225 = CARTESIAN_POINT ( 'NONE',  ( -5.232521954708923673, 2.937466138133655758, 12.98875573694050978 ) ) ;
#3226 = CARTESIAN_POINT ( 'NONE',  ( 1.673947134580573648, -4.041265874999999674, 20.74999999863440436 ) ) ;
#3227 = CARTESIAN_POINT ( 'NONE',  ( 1.449747468305833564, -3.500000000000000000, 28.31250000000000000 ) ) ;
#3228 = LINE ( 'NONE', #3612, #3079 ) ;
#3229 = CARTESIAN_POINT ( 'NONE',  ( -2.857606504790286994, 2.857606504790286550, 21.18749999863440436 ) ) ;
#3230 = CARTESIAN_POINT ( 'NONE',  ( -1.673947134580575424, 4.041265874999998786, 22.12499999863440792 ) ) ;
#3231 = DIRECTION ( 'NONE',  ( -1.000000000000000000, 0.000000000000000000, 0.000000000000000000 ) ) ;
#3232 = ORIENTED_EDGE ( 'NONE', *, *, #113, .T. ) ;
#3233 = CARTESIAN_POINT ( 'NONE',  ( -4.041265874999999674, -4.949123318322177694E-16, 29.31249999863440792 ) ) ;
#3234 = APPLICATION_PROTOCOL_DEFINITION ( 'draft international standard', 'automotive_design', 1998, #1509 ) ;
#3235 = CARTESIAN_POINT ( 'NONE',  ( 2.474873734152915894, 2.474873734152917226, 28.37499999726881228 ) ) ;
#3236 = CARTESIAN_POINT ( 'NONE',  ( 4.041265874999999674, 0.000000000000000000, 31.87499999863440436 ) ) ;
#3237 = CARTESIAN_POINT ( 'NONE',  ( -7.423684977483266541E-16, 4.041265874999999674, 27.18749999863440436 ) ) ;
#3238 = FACE_OUTER_BOUND ( 'NONE', #1377, .T. ) ;
#3239 = B_SPLINE_CURVE_WITH_KNOTS ( 'NONE', 3,
 ( #1117, #2933, #2956, #3176, #563, #1471, #836, #2646, #252, #504, #1769, #1690, #3511, #2588, #3866, #1189, #235, #2005, #2373, #3575, #3215, #854 ),
 .UNSPECIFIED., .F., .F.,
 ( 4, 2, 2, 2, 2, 2, 2, 2, 2, 2, 4 ),
 ( 0.004008400130387766193, 0.004258440454670161385, 0.004508480778952555709, 0.005008561427517345226, 0.005508642076082134742, 0.006008722724646925126, 0.006508803373211713775, 0.007008884021776504158, 0.007508964670341294542, 0.007759004994623688867, 0.008009045318906083191 ),
 .UNSPECIFIED. ) ;
#3240 = LINE ( 'NONE', #3504, #2322 ) ;
#3241 = CARTESIAN_POINT ( 'NONE',  ( -4.041265874999999674, -4.949123318322177694E-16, 24.43749999863440436 ) ) ;
#3242 = CARTESIAN_POINT ( 'NONE',  ( -5.802958540582590530, 1.571620821106683108, 11.29760246530702972 ) ) ;
#3243 = CARTESIAN_POINT ( 'NONE',  ( -4.041265875000000563, 1.673947134580572538, 23.37499999863440792 ) ) ;
#3244 = EDGE_CURVE ( 'NONE', #3113, #3576, #3424, .T. ) ;
#3245 = CARTESIAN_POINT ( 'NONE',  ( 1.449747468305833564, -3.500000000000000000, 30.31250000000000000 ) ) ;
#3246 = CARTESIAN_POINT ( 'NONE',  ( -1.216893427121908733, 5.875645812392041201, 13.67111881098721327 ) ) ;
#3247 = CARTESIAN_POINT ( 'NONE',  ( -1.673947134580575424, 4.041265874999998786, 23.12499999863440792 ) ) ;
#3248 = CARTESIAN_POINT ( 'NONE',  ( -4.041265874999999674, -1.673947134580573648, 24.37499999863441147 ) ) ;
#3249 = CARTESIAN_POINT ( 'NONE',  ( -3.500000000000001332, 1.449747468305832454, 27.68749999726880873 ) ) ;
#3250 = ORIENTED_EDGE ( 'NONE', *, *, #3417, .T. ) ;
#3251 = ADVANCED_FACE ( 'NONE', ( #454 ), #733, .T. ) ;
#3252 = CARTESIAN_POINT ( 'NONE',  ( -2.474873734152916338, -2.474873734152916782, 19.12500000000000000 ) ) ;
#3253 = PRODUCT_CONTEXT ( 'NONE', #1509, 'mechanical' ) ;
#3254 = CARTESIAN_POINT ( 'NONE',  ( -2.474873734152916338, -2.474873734152916782, 24.87499999726881228 ) ) ;
#3255 = AXIS2_PLACEMENT_3D ( 'NONE', #2384, #3592, #677 ) ;
#3256 = AXIS2_PLACEMENT_3D ( 'NONE', #3741, #2835, #2251 ) ;
#3257 = DIRECTION ( 'NONE',  ( -0.000000000000000000, -0.000000000000000000, 1.000000000000000000 ) ) ;
#3258 = CARTESIAN_POINT ( 'NONE',  ( 2.143131898507868297E-16, -3.500000000000000000, 31.99999999726880873 ) ) ;
#3259 = CARTESIAN_POINT ( 'NONE',  ( -1.673947134580573426, -4.041265874999999674, 27.62499999863440436 ) ) ;
#3260 = CARTESIAN_POINT ( 'NONE',  ( -3.500000000000000000, 4.286263797015736595E-16, 19.00000000000000355 ) ) ;
#3261 = CARTESIAN_POINT ( 'NONE',  ( 4.041265874999999674, 0.000000000000000000, 21.93749999863440436 ) ) ;
#3262 = CARTESIAN_POINT ( 'NONE',  ( 3.500000000000000000, 0.000000000000000000, 23.50000000000000000 ) ) ;
#3263 = CARTESIAN_POINT ( 'NONE',  ( 2.143131898507868297E-16, -3.500000000000000000, 22.25000000000000000 ) ) ;
#3264 = EDGE_LOOP ( 'NONE', ( #2729, #3698, #83, #721 ) ) ;
#3265 = DIRECTION ( 'NONE',  ( -1.000000000000000000, 0.000000000000000000, 0.000000000000000000 ) ) ;
#3266 = DIRECTION ( 'NONE',  ( 0.7071067811865460184, 8.659560562354913137E-17, -0.7071067811865489050 ) ) ;
#3267 = DIRECTION ( 'NONE',  ( 1.000000000000000000, 0.000000000000000000, 0.000000000000000000 ) ) ;
#3268 = CARTESIAN_POINT ( 'NONE',  ( 4.041265874999999674, 0.000000000000000000, 22.81249999863440436 ) ) ;
#3269 = CARTESIAN_POINT ( 'NONE',  ( 4.041265874999999674, -1.673947134580573648, 31.87499999863440436 ) ) ;
#3270 = CARTESIAN_POINT ( 'NONE',  ( -3.500000000000000000, -4.286263797015736595E-16, 27.00000000000000000 ) ) ;
#3271 = ORIENTED_EDGE ( 'NONE', *, *, #3244, .T. ) ;
#3272 = CARTESIAN_POINT ( 'NONE',  ( 3.500000000000000000, 0.000000000000000000, 19.50000000000000000 ) ) ;
#3273 =( BOUNDED_CURVE ( )  B_SPLINE_CURVE ( 2, ( #1797, #860, #550, #530, #276, #295, #2943, #1161, #3838 ),
 .UNSPECIFIED., .F., .F. ) 
 B_SPLINE_CURVE_WITH_KNOTS ( ( 3, 2, 2, 2, 3 ),
 ( 0.07692307692307692735, 0.08653846153846153633, 0.09615384615384615918, 0.1057692307692307682, 0.1153846153846153910 ),
 .UNSPECIFIED. ) 
 CURVE ( )  GEOMETRIC_REPRESENTATION_ITEM ( )  RATIONAL_B_SPLINE_CURVE ( ( 1.000000000000000000, 0.9238795325112867385, 1.000000000000000000, 0.9238795325112867385, 1.000000000000000000, 0.9238795325112867385, 1.000000000000000000, 0.9238795325112867385, 1.000000000000000000 ) ) 
 REPRESENTATION_ITEM ( '' )  );
#3274 = CARTESIAN_POINT ( 'NONE',  ( 1.449747468305833786, 3.499999999999999556, 20.68749999999999289 ) ) ;
#3275 = CARTESIAN_POINT ( 'NONE',  ( -1.449747468305832898, -3.500000000000000444, 26.93749999726881228 ) ) ;
#3276 = CIRCLE ( 'NONE', #3842, 2.100000000000000089 ) ;
#3277 = CARTESIAN_POINT ( 'NONE',  ( -3.500000000000000000, -4.286263797015736595E-16, 29.00000000000000000 ) ) ;
#3278 = CARTESIAN_POINT ( 'NONE',  ( 1.673947134580573870, -4.041265874999999674, 30.62499999863440436 ) ) ;
#3279 = CARTESIAN_POINT ( 'NONE',  ( -1.449747468305832898, -3.500000000000000000, 31.93749999726880873 ) ) ;
#3280 = CARTESIAN_POINT ( 'NONE',  ( 2.474561659161088847E-16, -4.041265874999999674, 26.68749999863440436 ) ) ;
#3281 = ORIENTED_EDGE ( 'NONE', *, *, #1652, .F. ) ;
#3282 = DIRECTION ( 'NONE',  ( 1.000000000000000000, 0.000000000000000000, 0.000000000000000000 ) ) ;
#3283 = DIRECTION ( 'NONE',  ( 0.000000000000000000, 0.000000000000000000, -1.000000000000000000 ) ) ;
#3284 = CARTESIAN_POINT ( 'NONE',  ( -1.673947134580573426, -4.041265874999999674, 21.62499999863441147 ) ) ;
#3285 = CARTESIAN_POINT ( 'NONE',  ( -3.500000000000000000, -4.286263797015736595E-16, 23.00000000000000000 ) ) ;
#3286 = FACE_OUTER_BOUND ( 'NONE', #3764, .T. ) ;
#3287 = ORIENTED_EDGE ( 'NONE', *, *, #3322, .F. ) ;
#3288 = CARTESIAN_POINT ( 'NONE',  ( 2.474873734152916782, -2.474873734152916782, 28.37500000000000000 ) ) ;
#3289 = CARTESIAN_POINT ( 'NONE',  ( 0.7699199503811607892, 2.937418841286726146, 13.00214186389651161 ) ) ;
#3290 = CARTESIAN_POINT ( 'NONE',  ( 1.673947134580573870, -4.041265874999999674, 20.62499999863441147 ) ) ;
#3291 = CARTESIAN_POINT ( 'NONE',  ( -1.673947134580573204, -4.041265874999999674, 19.49999999863440436 ) ) ;
#3292 = CARTESIAN_POINT ( 'NONE',  ( -4.041265874999999674, -4.949123318322177694E-16, 28.43749999863440436 ) ) ;
#3293 = ORIENTED_EDGE ( 'NONE', *, *, #1132, .F. ) ;
#3294 = CARTESIAN_POINT ( 'NONE',  ( 3.499999999999999112, 1.449747468305835341, 20.31249999726880873 ) ) ;
#3295 = ORIENTED_EDGE ( 'NONE', *, *, #3785, .T. ) ;
#3296 = CARTESIAN_POINT ( 'NONE',  ( -7.423684977483266541E-16, 4.041265874999999674, 29.06249999863440792 ) ) ;
#3297 = CARTESIAN_POINT ( 'NONE',  ( 3.500000000000000000, 0.000000000000000000, 21.24999999726881228 ) ) ;
#3298 = EDGE_CURVE ( 'NONE', #2211, #2951, #2772, .T. ) ;
#3299 = CARTESIAN_POINT ( 'NONE',  ( -1.449747468305834674, 3.499999999999999556, 28.81250000000000355 ) ) ;
#3300 = CARTESIAN_POINT ( 'NONE',  ( -4.041265874999999674, -4.949123318322177694E-16, 31.31249999863440436 ) ) ;
#3301 = CARTESIAN_POINT ( 'NONE',  ( 2.474561659161088847E-16, -4.041265874999999674, 28.56249999863440436 ) ) ;
#3302 = CARTESIAN_POINT ( 'NONE',  ( -1.449747468305832898, -3.500000000000000000, 27.18750000000000355 ) ) ;
#3303 = CARTESIAN_POINT ( 'NONE',  ( 2.857606504790286994, -2.857606504790286994, 22.81249999863440436 ) ) ;
#3304 = ORIENTED_EDGE ( 'NONE', *, *, #130, .F. ) ;
#3305 = EDGE_CURVE ( 'NONE', #456, #2850, #2400, .T. ) ;
#3306 = CARTESIAN_POINT ( 'NONE',  ( 1.449747468305833786, 3.499999999999999556, 25.68750000000000711 ) ) ;
#3307 = CARTESIAN_POINT ( 'NONE',  ( -1.673947134580573426, -4.041265874999999674, 22.62499999863440792 ) ) ;
#3308 = CARTESIAN_POINT ( 'NONE',  ( 3.500000000000000000, 0.000000000000000000, 22.50000000000000000 ) ) ;
#3309 = FACE_BOUND ( 'NONE', #410, .T. ) ;
#3310 = CARTESIAN_POINT ( 'NONE',  ( -4.041265874999999674, -4.949123318322177694E-16, 19.31249999863440436 ) ) ;
#3311 = CARTESIAN_POINT ( 'NONE',  ( 0.9975112469129200354, 3.005091133218602106, 14.77048507951002776 ) ) ;
#3312 = CARTESIAN_POINT ( 'NONE',  ( 2.857606504790286994, -2.857606504790286994, 22.68749999863440436 ) ) ;
#3313 = CARTESIAN_POINT ( 'NONE',  ( 1.673947134580573870, -4.041265874999999674, 31.74999999863440081 ) ) ;
#3314 = CARTESIAN_POINT ( 'NONE',  ( -1.673947134580575424, 4.041265874999998786, 28.24999999863440436 ) ) ;
#3315 = VERTEX_POINT ( 'NONE', #3482 ) ;
#3316 = CARTESIAN_POINT ( 'NONE',  ( -6.429395695523603167E-16, 3.500000000000000000, 19.75000000000000000 ) ) ;
#3317 = CARTESIAN_POINT ( 'NONE',  ( -2.474873734152917226, 2.474873734152916338, 23.62499999726880873 ) ) ;
#3318 = CARTESIAN_POINT ( 'NONE',  ( -1.449747468305832898, -3.500000000000000444, 29.18750000000000711 ) ) ;
#3319 = CARTESIAN_POINT ( 'NONE',  ( 2.857606504790286994, -2.857606504790286994, 30.68749999863440436 ) ) ;
#3320 = CARTESIAN_POINT ( 'NONE',  ( 1.984736897505246400, -0.6879863464372468762, 10.97691401412786050 ) ) ;
#3321 = CARTESIAN_POINT ( 'NONE',  ( 2.474561659161088847E-16, -4.041265874999999674, 22.68749999863440436 ) ) ;
#3322 = EDGE_CURVE ( 'NONE', #2023, #1525, #2232, .T. ) ;
#3323 = VERTEX_POINT ( 'NONE', #804 ) ;
#3324 = CIRCLE ( 'NONE', #2260, 3.100000000000000533 ) ;
#3325 =( BOUNDED_CURVE ( )  B_SPLINE_CURVE ( 2, ( #2583, #3190, #1981, #1092, #813, #3447, #1113, #2275, #3710 ),
 .UNSPECIFIED., .F., .T. ) 
 B_SPLINE_CURVE_WITH_KNOTS ( ( 3, 2, 2, 2, 3 ),
 ( 0.2307692307692307820, 0.2403846153846153910, 0.2500000000000000000, 0.2596153846153846367, 0.2692307692307692180 ),
 .UNSPECIFIED. ) 
 CURVE ( )  GEOMETRIC_REPRESENTATION_ITEM ( )  RATIONAL_B_SPLINE_CURVE ( ( 1.000000000000000000, 0.9238795325112867385, 1.000000000000000000, 0.9238795325112867385, 1.000000000000000000, 0.9238795325112867385, 1.000000000000000000, 0.9238795325112867385, 1.000000000000000000 ) ) 
 REPRESENTATION_ITEM ( '' )  );
#3326 = FACE_OUTER_BOUND ( 'NONE', #2974, .T. ) ;
#3327 = CARTESIAN_POINT ( 'NONE',  ( 1.449747468305833564, -3.500000000000000000, 20.31250000000000000 ) ) ;
#3328 = CARTESIAN_POINT ( 'NONE',  ( 1.449747468305833786, 3.499999999999999556, 19.68750000000000000 ) ) ;
#3329 = AXIS2_PLACEMENT_3D ( 'NONE', #2764, #3367, #170 ) ;
#3330 = ADVANCED_FACE ( 'NONE', ( #1619 ), #3738, .T. ) ;
#3331 = DIRECTION ( 'NONE',  ( -0.000000000000000000, -0.000000000000000000, -1.000000000000000000 ) ) ;
#3332 = DIRECTION ( 'NONE',  ( 0.000000000000000000, -0.000000000000000000, -1.000000000000000000 ) ) ;
#3333 = FACE_BOUND ( 'NONE', #2281, .T. ) ;
#3334 = CIRCLE ( 'NONE', #3835, 2.500000000000002220 ) ;
#3335 = DIRECTION ( 'NONE',  ( -0.000000000000000000, -0.000000000000000000, 1.000000000000000000 ) ) ;
#3336 = CARTESIAN_POINT ( 'NONE',  ( 4.041265874999999674, 0.000000000000000000, 29.93749999863440436 ) ) ;
#3337 = CARTESIAN_POINT ( 'NONE',  ( -4.041265874999999674, -4.949123318322177694E-16, 19.31249999863440436 ) ) ;
#3338 = CARTESIAN_POINT ( 'NONE',  ( -1.673947134580573204, -4.041265874999999674, 29.62499999863440792 ) ) ;
#3339 = CARTESIAN_POINT ( 'NONE',  ( 2.857606504790286994, -2.857606504790286994, 25.68749999863440792 ) ) ;
#3340 = CARTESIAN_POINT ( 'NONE',  ( -1.449747468305834674, 3.499999999999999556, 23.56249999726880873 ) ) ;
#3341 = CARTESIAN_POINT ( 'NONE',  ( 3.500000000000000000, 0.000000000000000000, 25.50000000000000355 ) ) ;
#3342 = CARTESIAN_POINT ( 'NONE',  ( -7.423684977483266541E-16, 4.041265874999999674, 30.06249999863440436 ) ) ;
#3343 = DIRECTION ( 'NONE',  ( -0.7071067811865487940, 8.659560562354948882E-17, 0.7071067811865463515 ) ) ;
#3344 = CARTESIAN_POINT ( 'NONE',  ( -2.857606504790286550, -2.857606504790286994, 20.56249999863440436 ) ) ;
#3345 = ORIENTED_EDGE ( 'NONE', *, *, #3668, .T. ) ;
#3346 = DIRECTION ( 'NONE',  ( 1.000000000000000000, 0.000000000000000000, 0.000000000000000000 ) ) ;
#3347 = CARTESIAN_POINT ( 'NONE',  ( -3.500000000000000000, -4.286263797015736595E-16, 20.99999999999999645 ) ) ;
#3348 = CARTESIAN_POINT ( 'NONE',  ( 0.000000000000000000, 0.000000000000000000, 0.5000000000000004441 ) ) ;
#3349 = CYLINDRICAL_SURFACE ( 'NONE', #3448, 6.000000000000000888 ) ;
#3350 =( BOUNDED_CURVE ( )  B_SPLINE_CURVE ( 2, ( #3194, #2629, #523, #1714, #1134, #3553, #2313, #544, #1729 ),
 .UNSPECIFIED., .F., .F. ) 
 B_SPLINE_CURVE_WITH_KNOTS ( ( 3, 2, 2, 2, 3 ),
 ( 0.1923076923076923184, 0.2019230769230769273, 0.2115384615384615363, 0.2211538461538461453, 0.2307692307692307820 ),
 .UNSPECIFIED. ) 
 CURVE ( )  GEOMETRIC_REPRESENTATION_ITEM ( )  RATIONAL_B_SPLINE_CURVE ( ( 1.000000000000000000, 0.9238795325112867385, 1.000000000000000000, 0.9238795325112867385, 1.000000000000000000, 0.9238795325112867385, 1.000000000000000000, 0.9238795325112867385, 1.000000000000000000 ) ) 
 REPRESENTATION_ITEM ( '' )  );
#3351 = CARTESIAN_POINT ( 'NONE',  ( 0.000000000000000000, 0.000000000000000000, 19.00000000000000355 ) ) ;
#3352 = EDGE_CURVE ( 'NONE', #3537, #1648, #145, .T. ) ;
#3353 = CARTESIAN_POINT ( 'NONE',  ( 2.474873734152915894, 2.474873734152917226, 21.62500000000000000 ) ) ;
#3354 = CARTESIAN_POINT ( 'NONE',  ( 4.041265874999999674, -1.673947134580573648, 19.74999999863440792 ) ) ;
#3355 = CARTESIAN_POINT ( 'NONE',  ( 1.673947134580574092, 4.041265874999998786, 19.99999999863440436 ) ) ;
#3356 = CARTESIAN_POINT ( 'NONE',  ( 1.673947134580573648, -4.041265874999999674, 30.74999999863440081 ) ) ;
#3357 = EDGE_LOOP ( 'NONE', ( #2385, #2298, #968, #1420 ) ) ;
#3358 = CARTESIAN_POINT ( 'NONE',  ( -7.423684977483266541E-16, 4.041265874999999674, 25.06249999863440792 ) ) ;
#3359 = CARTESIAN_POINT ( 'NONE',  ( 3.500000000000000444, -1.449747468305833120, 24.18749999726880873 ) ) ;
#3360 = CARTESIAN_POINT ( 'NONE',  ( 2.143131898507868297E-16, -3.500000000000000000, 27.25000000000000000 ) ) ;
#3361 = CARTESIAN_POINT ( 'NONE',  ( 2.857606504790286994, -2.857606504790286994, 29.68749999863440436 ) ) ;
#3362 = CARTESIAN_POINT ( 'NONE',  ( -0.6374385072048539547, 2.006918889977283627, 3.912343455739504705 ) ) ;
#3363 = CARTESIAN_POINT ( 'NONE',  ( 4.041265874999998786, 1.673947134580575868, 30.87499999863440436 ) ) ;
#3364 = CARTESIAN_POINT ( 'NONE',  ( -2.857606504790286550, -2.857606504790286994, 21.56249999863440436 ) ) ;
#3365 = CARTESIAN_POINT ( 'NONE',  ( 1.250077802930039894, 5.868330724573412205, 13.83556121663745131 ) ) ;
#3366 = CARTESIAN_POINT ( 'NONE',  ( 1.673947134580573870, -4.041265874999999674, 20.74999999863440436 ) ) ;
#3367 = DIRECTION ( 'NONE',  ( 0.000000000000000000, 0.000000000000000000, 1.000000000000000000 ) ) ;
#3368 = CARTESIAN_POINT ( 'NONE',  ( 1.250042725705121649, 3.100017228104954725, 14.08194094432894161 ) ) ;
#3369 = CARTESIAN_POINT ( 'NONE',  ( -4.041265874999999674, -4.949123318322177694E-16, 20.31249999863440436 ) ) ;
#3370 = CARTESIAN_POINT ( 'NONE',  ( 4.041265874999998786, 1.673947134580575868, 30.99999999863440436 ) ) ;
#3371 = CARTESIAN_POINT ( 'NONE',  ( -7.423684977483266541E-16, 4.041265874999999674, 25.18749999863440792 ) ) ;
#3372 = EDGE_CURVE ( 'NONE', #2833, #342, #1057, .T. ) ;
#3373 = UNCERTAINTY_MEASURE_WITH_UNIT (LENGTH_MEASURE( 1.000000000000000082E-05 ), #2026, 'distance_accuracy_value', 'NONE');
#3374 = ORIENTED_EDGE ( 'NONE', *, *, #2339, .T. ) ;
#3375 = CARTESIAN_POINT ( 'NONE',  ( 4.041265874999998786, 1.673947134580575868, 26.87499999863440436 ) ) ;
#3376 = CARTESIAN_POINT ( 'NONE',  ( -1.449747468305832898, -3.500000000000000444, 23.93749999726880873 ) ) ;
#3377 = EDGE_CURVE ( 'NONE', #3103, #2348, #1331, .T. ) ;
#3378 = CARTESIAN_POINT ( 'NONE',  ( -3.500000000000000000, -4.286263797015736595E-16, 26.00000000000000355 ) ) ;
#3379 = CARTESIAN_POINT ( 'NONE',  ( 3.500000000000000000, 0.000000000000000000, 22.50000000000000000 ) ) ;
#3380 = CARTESIAN_POINT ( 'NONE',  ( 4.041265874999999674, -1.673947134580573648, 26.74999999863440081 ) ) ;
#3381 = CARTESIAN_POINT ( 'NONE',  ( 2.000000000000000000, -0.6403124237432857857, 10.96684982237938044 ) ) ;
#3382 = CARTESIAN_POINT ( 'NONE',  ( 2.857606504790286994, -2.857606504790286994, 30.68749999863440436 ) ) ;
#3383 = CARTESIAN_POINT ( 'NONE',  ( -1.673947134580575424, 4.041265874999998786, 23.24999999863440436 ) ) ;
#3384 = ORIENTED_EDGE ( 'NONE', *, *, #554, .T. ) ;
#3385 = CARTESIAN_POINT ( 'NONE',  ( 0.6292449150185009943, 5.968822576319731787, 15.09228709118995937 ) ) ;
#3386 = CARTESIAN_POINT ( 'NONE',  ( 2.100000000000000089, 2.571758278209441957E-16, 11.00000000000000000 ) ) ;
#3387 = VECTOR ( 'NONE', #3730, 1000.000000000000000 ) ;
#3388 = ORIENTED_EDGE ( 'NONE', *, *, #1228, .F. ) ;
#3389 = CARTESIAN_POINT ( 'NONE',  ( 0.7684757381093431094, 2.937022129861126096, 14.99906005094920758 ) ) ;
#3390 = CARTESIAN_POINT ( 'NONE',  ( -4.041265874999999674, -4.949123318322177694E-16, 29.43749999863440792 ) ) ;
#3391 = CARTESIAN_POINT ( 'NONE',  ( 4.041265874999999674, 0.000000000000000000, 27.93749999863440436 ) ) ;
#3392 = CARTESIAN_POINT ( 'NONE',  ( -4.041265875000000563, 1.673947134580572538, 24.37499999863441147 ) ) ;
#3393 = AXIS2_PLACEMENT_3D ( 'NONE', #433, #197, #3106 ) ;
#3394 = CARTESIAN_POINT ( 'NONE',  ( 4.041265874999999674, 0.000000000000000000, 26.81249999863440436 ) ) ;
#3395 = CARTESIAN_POINT ( 'NONE',  ( -1.449747468305832898, -3.500000000000000444, 19.93749999726880873 ) ) ;
#3396 = EDGE_CURVE ( 'NONE', #3021, #1648, #2997, .T. ) ;
#3397 = CARTESIAN_POINT ( 'NONE',  ( -3.500000000000000444, -1.449747468305833342, 25.06250000000000355 ) ) ;
#3398 = CARTESIAN_POINT ( 'NONE',  ( -1.449747468305834674, 3.499999999999999556, 29.56249999726880873 ) ) ;
#3399 = ORIENTED_EDGE ( 'NONE', *, *, #3541, .T. ) ;
#3400 = CARTESIAN_POINT ( 'NONE',  ( 3.500000000000000000, -1.449747468305833120, 19.43750000000000000 ) ) ;
#3401 = CARTESIAN_POINT ( 'NONE',  ( -3.500000000000000000, -4.286263797015736595E-16, 27.74999999726880873 ) ) ;
#3402 =( BOUNDED_CURVE ( )  B_SPLINE_CURVE ( 2, ( #2758, #1276, #1856, #964, #3091, #3302, #631, #3071, #1819 ),
 .UNSPECIFIED., .F., .F. ) 
 B_SPLINE_CURVE_WITH_KNOTS ( ( 3, 2, 2, 2, 3 ),
 ( 0.3076923076923077094, 0.3173076923076922906, 0.3269230769230769273, 0.3365384615384615641, 0.3461538461538461453 ),
 .UNSPECIFIED. ) 
 CURVE ( )  GEOMETRIC_REPRESENTATION_ITEM ( )  RATIONAL_B_SPLINE_CURVE ( ( 1.000000000000000000, 0.9238795325112867385, 1.000000000000000000, 0.9238795325112867385, 1.000000000000000000, 0.9238795325112867385, 1.000000000000000000, 0.9238795325112867385, 1.000000000000000000 ) ) 
 REPRESENTATION_ITEM ( '' )  );
#3403 = VERTEX_POINT ( 'NONE', #2029 ) ;
#3404 = CARTESIAN_POINT ( 'NONE',  ( 3.500000000000000000, 0.000000000000000000, 26.50000000000000000 ) ) ;
#3405 = VECTOR ( 'NONE', #1167, 1000.000000000000000 ) ;
#3406 = CARTESIAN_POINT ( 'NONE',  ( 2.474873734152915894, 2.474873734152917226, 30.37499999726880873 ) ) ;
#3407 = CARTESIAN_POINT ( 'NONE',  ( -0.7676516456877636729, 5.951848298472887322, 6.000090692904214151 ) ) ;
#3408 = CARTESIAN_POINT ( 'NONE',  ( -7.423684977483266541E-16, 4.041265874999999674, 31.18749999863440436 ) ) ;
#3409 = CARTESIAN_POINT ( 'NONE',  ( -7.423684977483266541E-16, 4.041265874999999674, 29.18749999863440792 ) ) ;
#3410 = CARTESIAN_POINT ( 'NONE',  ( -1.673947134580575424, 4.041265874999998786, 24.24999999863440436 ) ) ;
#3411 = CARTESIAN_POINT ( 'NONE',  ( -4.041265874999999674, -4.949123318322177694E-16, 19.31249999863440436 ) ) ;
#3412 = CARTESIAN_POINT ( 'NONE',  ( -2.857606504790286994, 2.857606504790286550, 28.18749999863440436 ) ) ;
#3413 = CYLINDRICAL_SURFACE ( 'NONE', #2448, 3.500000000000000000 ) ;
#3414 = CARTESIAN_POINT ( 'NONE',  ( 3.500000000000000000, 0.000000000000000000, 24.50000000000000000 ) ) ;
#3415 = CARTESIAN_POINT ( 'NONE',  ( -2.474873734152916338, -2.474873734152916782, 19.87499999726880873 ) ) ;
#3416 = CARTESIAN_POINT ( 'NONE',  ( 2.474873734152915894, 2.474873734152917226, 31.37499999726880873 ) ) ;
#3417 = EDGE_CURVE ( 'NONE', #2353, #1909, #2207, .T. ) ;
#3418 = CARTESIAN_POINT ( 'NONE',  ( 1.092146436861834546, 5.900108688871172014, 4.370380674675874211 ) ) ;
#3419 = DIRECTION ( 'NONE',  ( -0.000000000000000000, -0.000000000000000000, 1.000000000000000000 ) ) ;
#3420 = EDGE_CURVE ( 'NONE', #2149, #3537, #3273, .T. ) ;
#3421 = EDGE_LOOP ( 'NONE', ( #2656, #2761, #1128, #3512 ) ) ;
#3422 = CARTESIAN_POINT ( 'NONE',  ( 0.000000000000000000, 6.000000000000000888, 14.00000000000000000 ) ) ;
#3423 = CARTESIAN_POINT ( 'NONE',  ( -5.472387647817674505, -2.463353421514707264, 15.89253504131328931 ) ) ;
#3424 =( BOUNDED_CURVE ( )  B_SPLINE_CURVE ( 2, ( #2556, #1659, #1406, #1039, #2849, #1678, #3128, #2248, #3401 ),
 .UNSPECIFIED., .F., .F. ) 
 B_SPLINE_CURVE_WITH_KNOTS ( ( 3, 2, 2, 2, 3 ),
 ( 0.3076923076923077094, 0.3173076923076922906, 0.3269230769230769273, 0.3365384615384615641, 0.3461538461538461453 ),
 .UNSPECIFIED. ) 
 CURVE ( )  GEOMETRIC_REPRESENTATION_ITEM ( )  RATIONAL_B_SPLINE_CURVE ( ( 1.000000000000000000, 0.9238795325112867385, 1.000000000000000000, 0.9238795325112867385, 1.000000000000000000, 0.9238795325112867385, 1.000000000000000000, 0.9238795325112867385, 1.000000000000000000 ) ) 
 REPRESENTATION_ITEM ( '' )  );
#3425 = CARTESIAN_POINT ( 'NONE',  ( 4.041265874999999674, -1.673947134580573648, 25.87499999863441147 ) ) ;
#3426 = CARTESIAN_POINT ( 'NONE',  ( -4.041265874999999674, -4.949123318322177694E-16, 30.43749999863440436 ) ) ;
#3427 = CARTESIAN_POINT ( 'NONE',  ( 2.857606504790286994, -2.857606504790286994, 26.81249999863440436 ) ) ;
#3428 = CARTESIAN_POINT ( 'NONE',  ( 0.000000000000000000, 0.000000000000000000, 0.000000000000000000 ) ) ;
#3429 = CARTESIAN_POINT ( 'NONE',  ( 2.857606504790286106, 2.857606504790286994, 22.93749999863440436 ) ) ;
#3430 = CYLINDRICAL_SURFACE ( 'NONE', #1075, 3.500000000000000000 ) ;
#3431 = CARTESIAN_POINT ( 'NONE',  ( 3.500000000000000000, 0.000000000000000000, 21.50000000000000000 ) ) ;
#3432 = CARTESIAN_POINT ( 'NONE',  ( -3.500000000000000000, -4.286263797015736595E-16, 19.74999999726880873 ) ) ;
#3433 = CARTESIAN_POINT ( 'NONE',  ( -2.857606504790286994, 2.857606504790286550, 30.18749999863440436 ) ) ;
#3434 = CARTESIAN_POINT ( 'NONE',  ( 3.500000000000000000, 0.000000000000000000, 32.24999999726880873 ) ) ;
#3435 = CARTESIAN_POINT ( 'NONE',  ( 0.7696664105633581610, 5.951561186396124192, 4.001753623105508417 ) ) ;
#3436 = EDGE_CURVE ( 'NONE', #656, #1762, #405, .T. ) ;
#3437 = CARTESIAN_POINT ( 'NONE',  ( 2.000000000000000000, 0.6403124237432857857, 10.96684982237938044 ) ) ;
#3438 = ORIENTED_EDGE ( 'NONE', *, *, #2612, .F. ) ;
#3439 = DIRECTION ( 'NONE',  ( -1.000000000000000000, 0.000000000000000000, 0.000000000000000000 ) ) ;
#3440 = CYLINDRICAL_SURFACE ( 'NONE', #1949, 3.500000000000000000 ) ;
#3441 = CARTESIAN_POINT ( 'NONE',  ( -1.216893427121907179, 5.875645812392041201, 4.671118810987209713 ) ) ;
#3442 = EDGE_CURVE ( 'NONE', #3588, #2006, #1701, .T. ) ;
#3443 = CARTESIAN_POINT ( 'NONE',  ( 2.857606504790286106, 2.857606504790286994, 27.06249999863440436 ) ) ;
#3444 = AXIS2_PLACEMENT_3D ( 'NONE', #2386, #661, #3036 ) ;
#3445 = CARTESIAN_POINT ( 'NONE',  ( 2.857606504790286994, -2.857606504790286994, 29.81249999863440436 ) ) ;
#3446 = CARTESIAN_POINT ( 'NONE',  ( -2.857606504790286994, 2.857606504790286550, 25.31249999863440792 ) ) ;
#3447 = CARTESIAN_POINT ( 'NONE',  ( -1.449747468305832898, -3.500000000000000000, 28.93749999726881938 ) ) ;
#3448 = AXIS2_PLACEMENT_3D ( 'NONE', #2366, #3331, #10 ) ;
#3449 =( BOUNDED_CURVE ( )  B_SPLINE_CURVE ( 2, ( #1686, #2240, #3489, #1047, #464, #1031, #1068, #175, #212 ),
 .UNSPECIFIED., .F., .F. ) 
 B_SPLINE_CURVE_WITH_KNOTS ( ( 3, 2, 2, 2, 3 ),
 ( 0.1538461538461538547, 0.1634615384615384637, 0.1730769230769230727, 0.1826923076923076816, 0.1923076923076923184 ),
 .UNSPECIFIED. ) 
 CURVE ( )  GEOMETRIC_REPRESENTATION_ITEM ( )  RATIONAL_B_SPLINE_CURVE ( ( 1.000000000000000000, 0.9238795325112867385, 1.000000000000000000, 0.9238795325112867385, 1.000000000000000000, 0.9238795325112867385, 1.000000000000000000, 0.9238795325112867385, 1.000000000000000000 ) ) 
 REPRESENTATION_ITEM ( '' )  );
#3450 = CARTESIAN_POINT ( 'NONE',  ( 2.474561659161088847E-16, -4.041265874999999674, 23.56249999863440436 ) ) ;
#3451 = CARTESIAN_POINT ( 'NONE',  ( -2.857606504790286550, -2.857606504790286994, 27.43749999863440436 ) ) ;
#3452 = DIRECTION ( 'NONE',  ( 1.000000000000000000, 0.000000000000000000, 0.000000000000000000 ) ) ;
#3453 = VECTOR ( 'NONE', #3501, 1000.000000000000000 ) ;
#3454 = VECTOR ( 'NONE', #898, 1000.000000000000000 ) ;
#3455 = CARTESIAN_POINT ( 'NONE',  ( 2.474873734152916782, -2.474873734152916782, 23.37500000000000000 ) ) ;
#3456 = CARTESIAN_POINT ( 'NONE',  ( -0.7719932105418633173, 1.956919285319601798, 5.996038555901232137 ) ) ;
#3457 = CARTESIAN_POINT ( 'NONE',  ( -2.857606504790286550, -2.857606504790286994, 30.43749999863440436 ) ) ;
#3458 = CARTESIAN_POINT ( 'NONE',  ( 2.143131898507868297E-16, -3.500000000000000000, 29.99999999726880873 ) ) ;
#3459 = AXIS2_PLACEMENT_3D ( 'NONE', #2546, #500, #775 ) ;
#3460 = CARTESIAN_POINT ( 'NONE',  ( -0.6335232425564347736, 2.902820811364926090, 12.90990473176533904 ) ) ;
#3461 = DIRECTION ( 'NONE',  ( 1.000000000000000000, 0.000000000000000000, 0.000000000000000000 ) ) ;
#3462 = CARTESIAN_POINT ( 'NONE',  ( 4.041265874999999674, -1.673947134580573426, 27.74999999863440436 ) ) ;
#3463 = EDGE_LOOP ( 'NONE', ( #2747, #558, #3374, #2069, #3073, #3232, #3250, #2194, #1338, #3271, #3660, #978, #237, #3216, #2697, #904, #1557, #1680, #1940, #3677, #11, #2171, #2569, #329, #3384, #31, #1832, #1303 ) ) ;
#3464 = CARTESIAN_POINT ( 'NONE',  ( -3.500000000000000000, -4.286263797015736595E-16, 28.00000000000000000 ) ) ;
#3465 = CARTESIAN_POINT ( 'NONE',  ( -5.233075498417158578, -2.936446228047555174, 12.98630507314248028 ) ) ;
#3466 = CARTESIAN_POINT ( 'NONE',  ( -1.673947134580573426, -4.041265874999999674, 25.62499999863441147 ) ) ;
#3467 = CARTESIAN_POINT ( 'NONE',  ( -5.529915138505383965, 2.332979917082623089, 11.94898574179154593 ) ) ;
#3468 = CARTESIAN_POINT ( 'NONE',  ( -4.041265875000001451, 1.673947134580572538, 26.37499999863441147 ) ) ;
#3469 = CARTESIAN_POINT ( 'NONE',  ( 2.857606504790286106, 2.857606504790286994, 21.06249999863440436 ) ) ;
#3470 = EDGE_CURVE ( 'NONE', #2709, #2833, #2871, .T. ) ;
#3471 = DIRECTION ( 'NONE',  ( -0.000000000000000000, -0.000000000000000000, 1.000000000000000000 ) ) ;
#3472 = CARTESIAN_POINT ( 'NONE',  ( -4.041265874999999674, -1.673947134580573870, 24.37499999863441147 ) ) ;
#3473 = CARTESIAN_POINT ( 'NONE',  ( 1.673947134580574092, 4.041265874999998786, 24.99999999863440436 ) ) ;
#3474 = CARTESIAN_POINT ( 'NONE',  ( 4.041265874999999674, -1.673947134580573426, 24.74999999863440436 ) ) ;
#3475 = FILL_AREA_STYLE ('',( #1096 ) ) ;
#3476 = ORIENTED_EDGE ( 'NONE', *, *, #3396, .F. ) ;
#3477 = CARTESIAN_POINT ( 'NONE',  ( -1.449747468305832898, -3.500000000000000444, 20.18749999999999645 ) ) ;
#3478 = CARTESIAN_POINT ( 'NONE',  ( 3.499999999999999112, 1.449747468305835341, 26.31249999726881583 ) ) ;
#3479 = CARTESIAN_POINT ( 'NONE',  ( 1.673947134580573648, -4.041265874999999674, 29.62499999863440436 ) ) ;
#3480 = CARTESIAN_POINT ( 'NONE',  ( 2.474561659161088847E-16, -4.041265874999999674, 19.68749999863440436 ) ) ;
#3481 = CARTESIAN_POINT ( 'NONE',  ( -0.3301402767847456121, 2.852070099464281583, 15.21667851148068173 ) ) ;
#3482 = CARTESIAN_POINT ( 'NONE',  ( 4.041265874999999674, 0.000000000000000000, 31.93749999863440436 ) ) ;
#3483 = CARTESIAN_POINT ( 'NONE',  ( -5.989128303967611089, 0.4136489393868504338, 17.07910376036721445 ) ) ;
#3484 = CARTESIAN_POINT ( 'NONE',  ( 2.474873734152916782, -2.474873734152916782, 25.12499999726881228 ) ) ;
#3485 = CARTESIAN_POINT ( 'NONE',  ( -5.839937740935669197, -1.390059491479948450, 11.22156824932037900 ) ) ;
#3486 = CARTESIAN_POINT ( 'NONE',  ( -4.041265875000001451, 1.673947134580572538, 27.37499999863440436 ) ) ;
#3487 = CARTESIAN_POINT ( 'NONE',  ( -4.041265874999999674, -4.949123318322177694E-16, 24.43749999863440436 ) ) ;
#3488 = CARTESIAN_POINT ( 'NONE',  ( -1.673947134580575424, 4.041265874999998786, 23.24999999863440436 ) ) ;
#3489 = CARTESIAN_POINT ( 'NONE',  ( 2.474873734152916782, -2.474873734152916782, 30.12499999726880873 ) ) ;
#3490 = CARTESIAN_POINT ( 'NONE',  ( 1.673947134580574092, 4.041265874999998786, 20.99999999863440436 ) ) ;
#3491 = CARTESIAN_POINT ( 'NONE',  ( -2.857606504790286550, -2.857606504790286994, 26.43749999863440436 ) ) ;
#3492 = EDGE_CURVE ( 'NONE', #2895, #2233, #2624, .T. ) ;
#3493 = CARTESIAN_POINT ( 'NONE',  ( 1.673947134580573648, -4.041265874999999674, 23.62499999863440792 ) ) ;
#3494 = CARTESIAN_POINT ( 'NONE',  ( 3.500000000000000000, 0.000000000000000000, 19.50000000000000000 ) ) ;
#3495 = ORIENTED_EDGE ( 'NONE', *, *, #2487, .T. ) ;
#3496 = CARTESIAN_POINT ( 'NONE',  ( -4.041265875000000563, 1.673947134580572538, 25.24999999863440792 ) ) ;
#3497 = CARTESIAN_POINT ( 'NONE',  ( -2.474873734152917226, 2.474873734152916338, 20.87499999999999645 ) ) ;
#3498 = EDGE_CURVE ( 'NONE', #3323, #3514, #2165, .T. ) ;
#3499 = CARTESIAN_POINT ( 'NONE',  ( 1.449747468305833342, -3.500000000000000444, 26.06249999726881228 ) ) ;
#3500 = CARTESIAN_POINT ( 'NONE',  ( -2.857606504790286550, -2.857606504790286994, 28.43749999863440436 ) ) ;
#3501 = DIRECTION ( 'NONE',  ( -1.000000000000000000, 0.000000000000000000, 0.000000000000000000 ) ) ;
#3502 = CARTESIAN_POINT ( 'NONE',  ( -3.500000000000000000, -1.449747468305833564, 31.06250000000000000 ) ) ;
#3503 = CARTESIAN_POINT ( 'NONE',  ( 3.500000000000000444, -1.449747468305833120, 31.43750000000000355 ) ) ;
#3504 = CARTESIAN_POINT ( 'NONE',  ( 2.100000000000000089, 2.571758278209441957E-16, 11.00000000000000000 ) ) ;
#3505 = CARTESIAN_POINT ( 'NONE',  ( -1.673947134580573426, -4.041265874999999674, 26.62499999863440792 ) ) ;
#3506 = CARTESIAN_POINT ( 'NONE',  ( 4.041265874999999674, -1.673947134580573426, 20.87499999863440792 ) ) ;
#3507 = ORIENTED_EDGE ( 'NONE', *, *, #3520, .F. ) ;
#3508 = CARTESIAN_POINT ( 'NONE',  ( 1.673947134580574092, 4.041265874999998786, 22.99999999863440081 ) ) ;
#3509 = CARTESIAN_POINT ( 'NONE',  ( 2.857606504790286106, 2.857606504790286994, 26.93749999863440436 ) ) ;
#3510 = CARTESIAN_POINT ( 'NONE',  ( 4.041265874999998786, 1.673947134580575868, 24.87499999863440792 ) ) ;
#3511 = CARTESIAN_POINT ( 'NONE',  ( 1.215298732863336895, 1.714278066737372042, 4.665273018395655669 ) ) ;
#3512 = ORIENTED_EDGE ( 'NONE', *, *, #2181, .F. ) ;
#3513 = VECTOR ( 'NONE', #1823, 1000.000000000000000 ) ;
#3514 = VERTEX_POINT ( 'NONE', #2480 ) ;
#3515 = CARTESIAN_POINT ( 'NONE',  ( -1.449747468305834674, 3.499999999999999556, 20.81249999999999645 ) ) ;
#3516 = AXIS2_PLACEMENT_3D ( 'NONE', #3422, #2539, #3722 ) ;
#3517 = CARTESIAN_POINT ( 'NONE',  ( -1.449747468305832898, -3.500000000000000444, 25.93749999726880873 ) ) ;
#3518 = CARTESIAN_POINT ( 'NONE',  ( -1.673947134580575424, 4.041265874999998786, 27.12499999863440436 ) ) ;
#3519 = AXIS2_PLACEMENT_3D ( 'NONE', #376, #89, #2440 ) ;
#3520 = EDGE_CURVE ( 'NONE', #1399, #1166, #2756, .T. ) ;
#3521 = CARTESIAN_POINT ( 'NONE',  ( -6.429395695523603167E-16, 3.500000000000000000, 24.75000000000000000 ) ) ;
#3522 = DIRECTION ( 'NONE',  ( 0.000000000000000000, 0.000000000000000000, 1.000000000000000000 ) ) ;
#3523 = CARTESIAN_POINT ( 'NONE',  ( 1.673947134580573648, -4.041265874999999674, 27.62499999863440436 ) ) ;
#3524 = FACE_OUTER_BOUND ( 'NONE', #956, .T. ) ;
#3525 = DIRECTION ( 'NONE',  ( 0.000000000000000000, 0.000000000000000000, 1.000000000000000000 ) ) ;
#3526 = CARTESIAN_POINT ( 'NONE',  ( 4.041265874999999674, 0.000000000000000000, 23.93749999863440436 ) ) ;
#3527 = CARTESIAN_POINT ( 'NONE',  ( -5.233050472930572461, 2.936498873099461449, 15.01364906194324611 ) ) ;
#3528 = CARTESIAN_POINT ( 'NONE',  ( -4.041265874999999674, -4.949123318322177694E-16, 21.43749999863440436 ) ) ;
#3529 = ORIENTED_EDGE ( 'NONE', *, *, #2780, .T. ) ;
#3530 = DIRECTION ( 'NONE',  ( -0.000000000000000000, -0.000000000000000000, 1.000000000000000000 ) ) ;
#3531 = CARTESIAN_POINT ( 'NONE',  ( 4.041265874999999674, -1.673947134580573648, 20.74999999863440436 ) ) ;
#3532 = CARTESIAN_POINT ( 'NONE',  ( 4.041265874999999674, 0.000000000000000000, 23.81249999863440436 ) ) ;
#3533 = CARTESIAN_POINT ( 'NONE',  ( -7.423684977483266541E-16, 4.041265874999999674, 25.06249999863440792 ) ) ;
#3534 = DIRECTION ( 'NONE',  ( 0.000000000000000000, 0.000000000000000000, -1.000000000000000000 ) ) ;
#3535 =( BOUNDED_CURVE ( )  B_SPLINE_CURVE ( 2, ( #2937, #2043, #2615, #3579, #1157, #3274, #2591, #3557, #3792 ),
 .UNSPECIFIED., .F., .F. ) 
 B_SPLINE_CURVE_WITH_KNOTS ( ( 3, 2, 2, 2, 3 ),
 ( 0.8076923076923077094, 0.8173076923076922906, 0.8269230769230768718, 0.8365384615384615641, 0.8461538461538461453 ),
 .UNSPECIFIED. ) 
 CURVE ( )  GEOMETRIC_REPRESENTATION_ITEM ( )  RATIONAL_B_SPLINE_CURVE ( ( 1.000000000000000000, 0.9238795325112867385, 1.000000000000000000, 0.9238795325112867385, 1.000000000000000000, 0.9238795325112867385, 1.000000000000000000, 0.9238795325112867385, 1.000000000000000000 ) ) 
 REPRESENTATION_ITEM ( '' )  );
#3536 = ORIENTED_EDGE ( 'NONE', *, *, #2009, .F. ) ;
#3537 = VERTEX_POINT ( 'NONE', #399 ) ;
#3538 = CARTESIAN_POINT ( 'NONE',  ( -2.857606504790286550, -2.857606504790286994, 30.43749999863440436 ) ) ;
#3539 = CARTESIAN_POINT ( 'NONE',  ( -2.474873734152916338, -2.474873734152916782, 26.87499999726880873 ) ) ;
#3540 = LINE ( 'NONE', #2045, #2827 ) ;
#3541 = EDGE_CURVE ( 'NONE', #2333, #3514, #3624, .T. ) ;
#3542 = DIRECTION ( 'NONE',  ( -0.000000000000000000, -0.000000000000000000, 1.000000000000000000 ) ) ;
#3543 = CARTESIAN_POINT ( 'NONE',  ( -1.673947134580575424, 4.041265874999998786, 23.24999999863440436 ) ) ;
#3544 = CARTESIAN_POINT ( 'NONE',  ( -5.473338018064977994, 2.461277614697563010, 12.10466439699552943 ) ) ;
#3545 = EDGE_CURVE ( 'NONE', #2314, #2035, #2778, .T. ) ;
#3546 = CARTESIAN_POINT ( 'NONE',  ( 4.041265874999998786, 1.673947134580575868, 22.99999999863440436 ) ) ;
#3547 = ORIENTED_EDGE ( 'NONE', *, *, #2033, .T. ) ;
#3548 = CARTESIAN_POINT ( 'NONE',  ( 0.000000000000000000, 0.000000000000000000, 19.00000000000000355 ) ) ;
#3549 = CARTESIAN_POINT ( 'NONE',  ( -0.9999280223985105298, 5.917257064483839812, 14.76786352510258560 ) ) ;
#3550 = PRODUCT ( '\X2\80548f7456686539\X0\', '\X2\80548f7456686539\X0\', '', ( #3253 ) ) ;
#3551 = CARTESIAN_POINT ( 'NONE',  ( -4.041265874999999674, -1.673947134580573870, 23.37499999863441147 ) ) ;
#3552 = CARTESIAN_POINT ( 'NONE',  ( -2.857606504790286994, 2.857606504790286550, 23.18749999863440436 ) ) ;
#3553 = CARTESIAN_POINT ( 'NONE',  ( 1.449747468305833786, 3.499999999999999556, 28.68750000000000355 ) ) ;
#3554 = EDGE_LOOP ( 'NONE', ( #1812, #2630, #1751 ) ) ;
#3555 = ORIENTED_EDGE ( 'NONE', *, *, #3712, .T. ) ;
#3556 = CARTESIAN_POINT ( 'NONE',  ( 4.041265874999998786, 1.673947134580575868, 30.87499999863440436 ) ) ;
#3557 = CARTESIAN_POINT ( 'NONE',  ( 3.499999999999999112, 1.449747468305835341, 20.56249999999999645 ) ) ;
#3558 = CARTESIAN_POINT ( 'NONE',  ( -2.474873734152917226, 2.474873734152916338, 25.62499999726881228 ) ) ;
#3559 = LINE ( 'NONE', #2061, #2514 ) ;
#3560 = CARTESIAN_POINT ( 'NONE',  ( 2.474873734152915894, 2.474873734152917226, 29.37499999726881228 ) ) ;
#3561 = CARTESIAN_POINT ( 'NONE',  ( 1.673947134580574092, 4.041265874999998786, 26.12499999863441147 ) ) ;
#3562 = CARTESIAN_POINT ( 'NONE',  ( 2.474873734152915894, 2.474873734152917226, 23.37499999726880873 ) ) ;
#3563 = EDGE_CURVE ( 'NONE', #1435, #64, #1564, .T. ) ;
#3564 = CARTESIAN_POINT ( 'NONE',  ( -3.500000000000000000, -4.286263797015736595E-16, 29.74999999726881228 ) ) ;
#3565 = CARTESIAN_POINT ( 'NONE',  ( 2.474561659161088847E-16, -4.041265874999999674, 24.68749999863440436 ) ) ;
#3566 = CARTESIAN_POINT ( 'NONE',  ( 3.500000000000000000, 0.000000000000000000, 19.00000000000000355 ) ) ;
#3567 = CARTESIAN_POINT ( 'NONE',  ( 1.673947134580574092, 4.041265874999998786, 20.12499999863441147 ) ) ;
#3568 = ORIENTED_EDGE ( 'NONE', *, *, #1559, .T. ) ;
#3569 = CARTESIAN_POINT ( 'NONE',  ( 1.449747468305833564, -3.500000000000000000, 25.31250000000000000 ) ) ;
#3570 = CARTESIAN_POINT ( 'NONE',  ( -3.500000000000000000, 4.286263797015736595E-16, 19.00000000000000355 ) ) ;
#3571 = EDGE_CURVE ( 'NONE', #1190, #1600, #1654, .T. ) ;
#3572 = CARTESIAN_POINT ( 'NONE',  ( -4.041265874999999674, -1.673947134580573870, 19.37499999863440792 ) ) ;
#3573 = CARTESIAN_POINT ( 'NONE',  ( -4.041265874999999674, -4.949123318322177694E-16, 21.31249999863440436 ) ) ;
#3574 = CARTESIAN_POINT ( 'NONE',  ( 3.500000000000000000, 0.000000000000000000, 21.24999999726881228 ) ) ;
#3575 = CARTESIAN_POINT ( 'NONE',  ( 0.1695051411479159553, 2.094741266835975502, 3.758782284767948845 ) ) ;
#3576 = VERTEX_POINT ( 'NONE', #1254 ) ;
#3577 = VERTEX_POINT ( 'NONE', #3604 ) ;
#3578 = CARTESIAN_POINT ( 'NONE',  ( -1.673947134580573426, -4.041265874999999674, 29.49999999863440436 ) ) ;
#3579 = CARTESIAN_POINT ( 'NONE',  ( -1.449747468305834897, 3.499999999999999112, 20.81249999999999645 ) ) ;
#3580 = CARTESIAN_POINT ( 'NONE',  ( 1.449747468305833342, -3.500000000000000444, 27.06249999726880873 ) ) ;
#3581 = AXIS2_PLACEMENT_3D ( 'NONE', #3351, #2110, #3652 ) ;
#3582 = AXIS2_PLACEMENT_3D ( 'NONE', #1845, #1551, #2988 ) ;
#3583 = CARTESIAN_POINT ( 'NONE',  ( -6.429395695523603167E-16, 3.500000000000000000, 30.75000000000000000 ) ) ;
#3584 = LINE ( 'NONE', #823, #1273 ) ;
#3585 = CARTESIAN_POINT ( 'NONE',  ( -2.474873734152916338, -2.474873734152916782, 31.12500000000000000 ) ) ;
#3586 = CARTESIAN_POINT ( 'NONE',  ( 1.673947134580573870, -4.041265874999999674, 26.74999999863440081 ) ) ;
#3587 = AXIS2_PLACEMENT_3D ( 'NONE', #3164, #1601, #2795 ) ;
#3588 = VERTEX_POINT ( 'NONE', #108 ) ;
#3589 = CARTESIAN_POINT ( 'NONE',  ( 3.499999999999999112, 1.449747468305835341, 23.31249999726880873 ) ) ;
#3590 = CARTESIAN_POINT ( 'NONE',  ( 1.449747468305833786, 3.499999999999999556, 31.43749999726880873 ) ) ;
#3591 = CARTESIAN_POINT ( 'NONE',  ( -1.673947134580573426, -4.041265874999999674, 24.62499999863441147 ) ) ;
#3592 = DIRECTION ( 'NONE',  ( -0.000000000000000000, -0.000000000000000000, 1.000000000000000000 ) ) ;
#3593 = CARTESIAN_POINT ( 'NONE',  ( -1.673947134580573204, -4.041265874999999674, 19.62499999863441147 ) ) ;
#3594 = ORIENTED_EDGE ( 'NONE', *, *, #321, .F. ) ;
#3595 = CARTESIAN_POINT ( 'NONE',  ( 0.3308437478600307902, 2.852162774859382743, 12.78353966296988276 ) ) ;
#3596 = CARTESIAN_POINT ( 'NONE',  ( 1.673947134580574092, 4.041265874999998786, 22.99999999863440081 ) ) ;
#3597 = DIRECTION ( 'NONE',  ( -0.000000000000000000, -0.000000000000000000, 1.000000000000000000 ) ) ;
#3598 = CARTESIAN_POINT ( 'NONE',  ( -2.857606504790286550, -2.857606504790286994, 29.56249999863440792 ) ) ;
#3599 = ADVANCED_FACE ( 'NONE', ( #672 ), #1598, .T. ) ;
#3600 = CARTESIAN_POINT ( 'NONE',  ( 4.041265874999999674, -1.673947134580573648, 29.74999999863440436 ) ) ;
#3601 = CARTESIAN_POINT ( 'NONE',  ( 1.449747468305833564, 3.500000000000000000, 22.43749999726880873 ) ) ;
#3602 = CARTESIAN_POINT ( 'NONE',  ( 1.449747468305833342, -3.500000000000000444, 29.31249999999999645 ) ) ;
#3603 = CARTESIAN_POINT ( 'NONE',  ( -1.673947134580575424, 4.041265874999998786, 30.12499999863440436 ) ) ;
#3604 = CARTESIAN_POINT ( 'NONE',  ( 3.842865929715132079E-17, 2.836811590500857960, 12.74999999999999822 ) ) ;
#3605 = CARTESIAN_POINT ( 'NONE',  ( 1.673947134580574092, 4.041265874999998786, 24.12499999863441147 ) ) ;
#3606 = ORIENTED_EDGE ( 'NONE', *, *, #2487, .F. ) ;
#3607 = CARTESIAN_POINT ( 'NONE',  ( 1.250077802930039228, 5.868330724573413093, 4.835561216637455750 ) ) ;
#3608 = CARTESIAN_POINT ( 'NONE',  ( 1.673947134580574092, 4.041265874999998786, 25.12499999863441147 ) ) ;
#3609 = CARTESIAN_POINT ( 'NONE',  ( -4.041265874999999674, -4.949123318322177694E-16, 19.43749999863440436 ) ) ;
#3610 = CARTESIAN_POINT ( 'NONE',  ( -2.474873734152917226, 2.474873734152916338, 25.62499999726881228 ) ) ;
#3611 = CARTESIAN_POINT ( 'NONE',  ( 0.000000000000000000, 0.000000000000000000, 32.24999999726880873 ) ) ;
#3612 = CARTESIAN_POINT ( 'NONE',  ( 2.000000000000000000, 0.6403124237432857857, 11.00000000000000000 ) ) ;
#3613 = CARTESIAN_POINT ( 'NONE',  ( 4.041265874999998786, 1.673947134580575868, 20.87499999863440792 ) ) ;
#3614 = CARTESIAN_POINT ( 'NONE',  ( -7.423684977483266541E-16, 4.041265874999999674, 21.06249999863440436 ) ) ;
#3615 = CARTESIAN_POINT ( 'NONE',  ( -4.041265875000000563, 1.673947134580572538, 31.37499999863440436 ) ) ;
#3616 = ORIENTED_EDGE ( 'NONE', *, *, #3617, .F. ) ;
#3617 = EDGE_CURVE ( 'NONE', #1435, #2557, #715, .T. ) ;
#3618 = CARTESIAN_POINT ( 'NONE',  ( -3.500000000000000000, -4.286263797015736595E-16, 20.00000000000000000 ) ) ;
#3619 = CARTESIAN_POINT ( 'NONE',  ( 2.474873734152916782, -2.474873734152916782, 24.12499999726880873 ) ) ;
#3620 = EDGE_CURVE ( 'NONE', #1502, #1593, #3402, .T. ) ;
#3621 = CARTESIAN_POINT ( 'NONE',  ( -1.449747468305832898, -3.500000000000000444, 28.18750000000000711 ) ) ;
#3622 = LINE ( 'NONE', #706, #23 ) ;
#3623 = CARTESIAN_POINT ( 'NONE',  ( -2.857606504790286550, -2.857606504790286994, 31.43749999863440436 ) ) ;
#3624 = LINE ( 'NONE', #1840, #1388 ) ;
#3625 = CARTESIAN_POINT ( 'NONE',  ( -1.673947134580573426, -4.041265874999999674, 23.62499999863440792 ) ) ;
#3626 = ORIENTED_EDGE ( 'NONE', *, *, #798, .T. ) ;
#3627 = CARTESIAN_POINT ( 'NONE',  ( 1.091125582612483269, 5.900303112435467234, 14.63161642377193772 ) ) ;
#3628 = CARTESIAN_POINT ( 'NONE',  ( -1.673947134580575424, 4.041265874999998786, 20.24999999863440436 ) ) ;
#3629 = CARTESIAN_POINT ( 'NONE',  ( -6.429395695523603167E-16, 3.500000000000000000, 19.75000000000000000 ) ) ;
#3630 = CARTESIAN_POINT ( 'NONE',  ( 3.499999999999999112, 1.449747468305835341, 25.31249999726881228 ) ) ;
#3631 = LINE ( 'NONE', #2135, #3705 ) ;
#3632 = CARTESIAN_POINT ( 'NONE',  ( 4.041265874999999674, -1.673947134580573426, 26.74999999863440436 ) ) ;
#3633 = CARTESIAN_POINT ( 'NONE',  ( 2.857606504790286994, -2.857606504790286994, 30.81249999863440436 ) ) ;
#3634 = CARTESIAN_POINT ( 'NONE',  ( -3.500000000000000000, -4.286263797015736595E-16, 27.00000000000000000 ) ) ;
#3635 = CARTESIAN_POINT ( 'NONE',  ( -4.041265875000000563, 1.673947134580572538, 30.37499999863440436 ) ) ;
#3636 = CARTESIAN_POINT ( 'NONE',  ( 2.857606504790286994, -2.857606504790286994, 27.68749999863440436 ) ) ;
#3637 = CARTESIAN_POINT ( 'NONE',  ( -7.423684977483266541E-16, 4.041265874999999674, 31.06249999863440436 ) ) ;
#3638 = CARTESIAN_POINT ( 'NONE',  ( -6.429395695523603167E-16, 3.500000000000000000, 24.49999999726881228 ) ) ;
#3639 = DIRECTION ( 'NONE',  ( 1.000000000000000000, 0.000000000000000000, 0.000000000000000000 ) ) ;
#3640 = CARTESIAN_POINT ( 'NONE',  ( 2.474561659161088847E-16, -4.041265874999999674, 31.56249999863440436 ) ) ;
#3641 = CARTESIAN_POINT ( 'NONE',  ( -4.041265874999999674, -4.949123318322177694E-16, 31.31249999863440436 ) ) ;
#3642 = VECTOR ( 'NONE', #34, 1000.000000000000000 ) ;
#3643 = DIRECTION ( 'NONE',  ( 0.000000000000000000, 0.000000000000000000, -1.000000000000000000 ) ) ;
#3644 = CARTESIAN_POINT ( 'NONE',  ( 2.474561659161088847E-16, -4.041265874999999674, 23.68749999863440436 ) ) ;
#3645 = EDGE_CURVE ( 'NONE', #184, #3109, #680, .T. ) ;
#3646 = VERTEX_POINT ( 'NONE', #1967 ) ;
#3647 = CARTESIAN_POINT ( 'NONE',  ( 0.1656262679825014072, 6.000000000000002665, 12.75000000000000178 ) ) ;
#3648 = CARTESIAN_POINT ( 'NONE',  ( -3.500000000000000000, -1.449747468305833564, 20.06250000000000000 ) ) ;
#3649 = CARTESIAN_POINT ( 'NONE',  ( 2.143131898507868297E-16, -3.500000000000000000, 23.25000000000000000 ) ) ;
#3650 =( GEOMETRIC_REPRESENTATION_CONTEXT ( 3 ) GLOBAL_UNCERTAINTY_ASSIGNED_CONTEXT ( ( #1850 ) ) GLOBAL_UNIT_ASSIGNED_CONTEXT ( ( #1358, #120, #1305 ) ) REPRESENTATION_CONTEXT ( 'NONE', 'WORKASPACE' ) );
#3651 = CARTESIAN_POINT ( 'NONE',  ( 3.500000000000000000, 0.000000000000000000, 29.50000000000000000 ) ) ;
#3652 = DIRECTION ( 'NONE',  ( 1.000000000000000000, 0.000000000000000000, 0.000000000000000000 ) ) ;
#3653 = AXIS2_PLACEMENT_3D ( 'NONE', #1822, #1843, #2191 ) ;
#3654 = CARTESIAN_POINT ( 'NONE',  ( 1.209294160969388798, 3.083775483308205612, 14.32690365261719734 ) ) ;
#3655 = CARTESIAN_POINT ( 'NONE',  ( 2.474561659161088847E-16, -4.041265874999999674, 30.68749999863440436 ) ) ;
#3656 = LINE ( 'NONE', #2454, #829 ) ;
#3657 = CARTESIAN_POINT ( 'NONE',  ( 4.041265874999999674, -1.673947134580573426, 29.87499999863440436 ) ) ;
#3658 =( GEOMETRIC_REPRESENTATION_CONTEXT ( 3 ) GLOBAL_UNCERTAINTY_ASSIGNED_CONTEXT ( ( #3373 ) ) GLOBAL_UNIT_ASSIGNED_CONTEXT ( ( #2026, #1423, #1120 ) ) REPRESENTATION_CONTEXT ( 'NONE', 'WORKASPACE' ) );
#3659 = EDGE_LOOP ( 'NONE', ( #1247, #2976, #1350, #499 ) ) ;
#3660 = ORIENTED_EDGE ( 'NONE', *, *, #1531, .T. ) ;
#3661 = CARTESIAN_POINT ( 'NONE',  ( -4.041265874999999674, -1.673947134580573870, 25.37499999863441147 ) ) ;
#3662 = CARTESIAN_POINT ( 'NONE',  ( -2.474873734152916338, -2.474873734152916782, 21.87499999726880873 ) ) ;
#3663 = CARTESIAN_POINT ( 'NONE',  ( -6.429395695523603167E-16, 3.500000000000000000, 24.75000000000000000 ) ) ;
#3664 = CARTESIAN_POINT ( 'NONE',  ( 4.041265874999999674, -1.673947134580573648, 29.74999999863440436 ) ) ;
#3665 = CARTESIAN_POINT ( 'NONE',  ( -0.1678882202016376834, 2.094882734084855258, 3.758543842484476816 ) ) ;
#3666 = CARTESIAN_POINT ( 'NONE',  ( 2.857606504790286106, 2.857606504790286994, 21.06249999863440436 ) ) ;
#3667 = CARTESIAN_POINT ( 'NONE',  ( 0.6292449150185003282, 5.968822576319731787, 6.092287091189954928 ) ) ;
#3668 = EDGE_CURVE ( 'NONE', #812, #2811, #162, .T. ) ;
#3669 = CARTESIAN_POINT ( 'NONE',  ( 4.041265874999999674, 0.000000000000000000, 19.93749999863440436 ) ) ;
#3670 = CARTESIAN_POINT ( 'NONE',  ( -3.000000000000000444, 3.673940397442060361E-16, 32.24999999726880873 ) ) ;
#3671 = CARTESIAN_POINT ( 'NONE',  ( -2.474873734152917226, 2.474873734152916338, 28.62499999726881228 ) ) ;
#3672 = EDGE_CURVE ( 'NONE', #1648, #2267, #909, .T. ) ;
#3673 = CARTESIAN_POINT ( 'NONE',  ( -4.041265875000001451, 1.673947134580572538, 20.24999999863440436 ) ) ;
#3674 = CARTESIAN_POINT ( 'NONE',  ( 2.474561659161088847E-16, -4.041265874999999674, 29.68749999863440436 ) ) ;
#3675 = CARTESIAN_POINT ( 'NONE',  ( -3.500000000000000000, -4.286263797015736595E-16, 25.74999999726881228 ) ) ;
#3676 = ORIENTED_EDGE ( 'NONE', *, *, #1603, .T. ) ;
#3677 = ORIENTED_EDGE ( 'NONE', *, *, #3043, .T. ) ;
#3678 = CARTESIAN_POINT ( 'NONE',  ( 4.041265874999999674, 0.000000000000000000, 27.81249999863440436 ) ) ;
#3679 = CARTESIAN_POINT ( 'NONE',  ( -1.449747468305832898, -3.500000000000000444, 20.93749999726880873 ) ) ;
#3680 = CARTESIAN_POINT ( 'NONE',  ( -1.449747468305832898, -3.500000000000000444, 27.18750000000000355 ) ) ;
#3681 = CARTESIAN_POINT ( 'NONE',  ( 4.041265874999999674, 0.000000000000000000, 31.81249999863440436 ) ) ;
#3682 = CARTESIAN_POINT ( 'NONE',  ( 2.474873734152916782, -2.474873734152916782, 26.12499999726881228 ) ) ;
#3683 = CARTESIAN_POINT ( 'NONE',  ( -4.041265875000001451, 1.673947134580572538, 23.37499999863441147 ) ) ;
#3684 = ORIENTED_EDGE ( 'NONE', *, *, #1652, .T. ) ;
#3685 = CARTESIAN_POINT ( 'NONE',  ( 1.249921918242512531, 5.868363929124338796, 14.16561951922738594 ) ) ;
#3686 = CARTESIAN_POINT ( 'NONE',  ( 1.449747468305833564, -3.500000000000000000, 21.31249999999999645 ) ) ;
#3687 = VERTEX_POINT ( 'NONE', #1906 ) ;
#3688 = DIRECTION ( 'NONE',  ( -0.000000000000000000, -0.000000000000000000, 1.000000000000000000 ) ) ;
#3689 = CARTESIAN_POINT ( 'NONE',  ( -2.857606504790286550, -2.857606504790286994, 19.43749999863440436 ) ) ;
#3690 = CARTESIAN_POINT ( 'NONE',  ( 2.857606504790286106, 2.857606504790286994, 28.06249999863440436 ) ) ;
#3691 = CARTESIAN_POINT ( 'NONE',  ( -7.423684977483266541E-16, 4.041265874999999674, 27.18749999863440436 ) ) ;
#3692 = ORIENTED_EDGE ( 'NONE', *, *, #485, .F. ) ;
#3693 = CARTESIAN_POINT ( 'NONE',  ( -4.041265874999999674, -1.673947134580573870, 28.37499999863440792 ) ) ;
#3694 = LINE ( 'NONE', #1632, #764 ) ;
#3695 = CARTESIAN_POINT ( 'NONE',  ( 3.500000000000000444, -1.449747468305833120, 26.43750000000000355 ) ) ;
#3696 = CARTESIAN_POINT ( 'NONE',  ( 2.474873734152915894, 2.474873734152917226, 26.37499999726881228 ) ) ;
#3697 = CARTESIAN_POINT ( 'NONE',  ( -1.673947134580573426, -4.041265874999999674, 19.62499999863441147 ) ) ;
#3698 = ORIENTED_EDGE ( 'NONE', *, *, #3008, .T. ) ;
#3699 = CARTESIAN_POINT ( 'NONE',  ( 2.474561659161088847E-16, -4.041265874999999674, 26.56249999863440436 ) ) ;
#3700 = CARTESIAN_POINT ( 'NONE',  ( 3.500000000000000000, -1.449747468305833120, 21.43749999999999289 ) ) ;
#3701 = CARTESIAN_POINT ( 'NONE',  ( -7.423684977483266541E-16, 4.041265874999999674, 27.06249999863440436 ) ) ;
#3702 = AXIS2_PLACEMENT_3D ( 'NONE', #2742, #3058, #618 ) ;
#3703 = VERTEX_POINT ( 'NONE', #180 ) ;
#3704 = DIRECTION ( 'NONE',  ( -1.000000000000000000, 0.000000000000000000, 0.000000000000000000 ) ) ;
#3705 = VECTOR ( 'NONE', #3335, 1000.000000000000000 ) ;
#3706 = CARTESIAN_POINT ( 'NONE',  ( 0.000000000000000000, 0.000000000000000000, 19.00000000000000355 ) ) ;
#3707 = CARTESIAN_POINT ( 'NONE',  ( -4.041265874999999674, -4.949123318322177694E-16, 31.43749999863440436 ) ) ;
#3708 = CARTESIAN_POINT ( 'NONE',  ( -1.673947134580575424, 4.041265874999998786, 29.24999999863440436 ) ) ;
#3709 = CARTESIAN_POINT ( 'NONE',  ( 4.041265874999999674, 0.000000000000000000, 27.93749999863440436 ) ) ;
#3710 = CARTESIAN_POINT ( 'NONE',  ( -3.500000000000000000, -4.286263797015736595E-16, 28.74999999726881228 ) ) ;
#3711 = CARTESIAN_POINT ( 'NONE',  ( 2.474561659161088847E-16, -4.041265874999999674, 25.56249999863440792 ) ) ;
#3712 = EDGE_CURVE ( 'NONE', #342, #2709, #1213, .T. ) ;
#3713 = DIRECTION ( 'NONE',  ( -0.000000000000000000, -0.000000000000000000, 1.000000000000000000 ) ) ;
#3714 = CARTESIAN_POINT ( 'NONE',  ( 2.143131898507868297E-16, -3.500000000000000000, 25.25000000000000000 ) ) ;
#3715 = ADVANCED_FACE ( 'NONE', ( #2846, #2551 ), #2283, .F. ) ;
#3716 = CARTESIAN_POINT ( 'NONE',  ( -3.500000000000000000, -4.286263797015736595E-16, 31.00000000000000000 ) ) ;
#3717 = CARTESIAN_POINT ( 'NONE',  ( 2.474873734152916782, -2.474873734152916782, 29.12499999726881228 ) ) ;
#3718 = CARTESIAN_POINT ( 'NONE',  ( -1.090776301194877673, 3.038733858290749712, 13.36805821256713500 ) ) ;
#3719 = CARTESIAN_POINT ( 'NONE',  ( -3.500000000000000000, -1.449747468305833564, 20.81249999726880873 ) ) ;
#3720 = VERTEX_POINT ( 'NONE', #2496 ) ;
#3721 = CARTESIAN_POINT ( 'NONE',  ( -3.500000000000000000, -4.286263797015736595E-16, 24.74999999726881228 ) ) ;
#3722 = DIRECTION ( 'NONE',  ( 0.000000000000000000, 0.000000000000000000, -1.000000000000000000 ) ) ;
#3723 = CARTESIAN_POINT ( 'NONE',  ( -5.316925148257539036, -2.781775082118743914, 15.38315604542694004 ) ) ;
#3724 = CARTESIAN_POINT ( 'NONE',  ( -4.041265875000001451, 1.673947134580572538, 28.37499999863440792 ) ) ;
#3725 = CARTESIAN_POINT ( 'NONE',  ( -1.673947134580575424, 4.041265874999998786, 30.24999999863440436 ) ) ;
#3726 = CARTESIAN_POINT ( 'NONE',  ( -1.673947134580575424, 4.041265874999998786, 25.24999999863440792 ) ) ;
#3727 = CARTESIAN_POINT ( 'NONE',  ( -3.500000000000000000, 4.286263797015736595E-16, 19.00000000000000355 ) ) ;
#3728 =( BOUNDED_CURVE ( )  B_SPLINE_CURVE ( 2, ( #114, #1570, #974, #2156, #1264, #2452, #3353, #681, #1007 ),
 .UNSPECIFIED., .F., .F. ) 
 B_SPLINE_CURVE_WITH_KNOTS ( ( 3, 2, 2, 2, 3 ),
 ( 0.7307692307692307265, 0.7403846153846154188, 0.7500000000000000000, 0.7596153846153845812, 0.7692307692307692735 ),
 .UNSPECIFIED. ) 
 CURVE ( )  GEOMETRIC_REPRESENTATION_ITEM ( )  RATIONAL_B_SPLINE_CURVE ( ( 1.000000000000000000, 0.9238795325112867385, 1.000000000000000000, 0.9238795325112867385, 1.000000000000000000, 0.9238795325112867385, 1.000000000000000000, 0.9238795325112867385, 1.000000000000000000 ) ) 
 REPRESENTATION_ITEM ( '' )  );
#3729 = CARTESIAN_POINT ( 'NONE',  ( 4.041265874999998786, 1.673947134580575868, 22.87499999863441147 ) ) ;
#3730 = DIRECTION ( 'NONE',  ( 0.000000000000000000, 0.000000000000000000, -1.000000000000000000 ) ) ;
#3731 = EDGE_CURVE ( 'NONE', #1257, #1190, #1924, .T. ) ;
#3732 = CARTESIAN_POINT ( 'NONE',  ( 2.474873734152916782, -2.474873734152916782, 21.37499999999999645 ) ) ;
#3733 = CARTESIAN_POINT ( 'NONE',  ( -1.088680421162679712, 1.797344414602702223, 4.364773042119828084 ) ) ;
#3734 = CARTESIAN_POINT ( 'NONE',  ( -6.429395695523603167E-16, 3.500000000000000000, 31.49999999726880873 ) ) ;
#3735 = EDGE_CURVE ( 'NONE', #656, #1209, #1073, .T. ) ;
#3736 = CARTESIAN_POINT ( 'NONE',  ( -2.857606504790286994, 2.857606504790286550, 28.18749999863440436 ) ) ;
#3737 = FACE_OUTER_BOUND ( 'NONE', #3357, .T. ) ;
#3738 = CYLINDRICAL_SURFACE ( 'NONE', #3770, 3.500000000000000000 ) ;
#3739 = ORIENTED_EDGE ( 'NONE', *, *, #3836, .F. ) ;
#3740 = CARTESIAN_POINT ( 'NONE',  ( -5.317437469864292332, 2.780773568278527286, 15.38484959994084633 ) ) ;
#3741 = CARTESIAN_POINT ( 'NONE',  ( 0.000000000000000000, 0.000000000000000000, 19.00000000000000355 ) ) ;
#3742 = CARTESIAN_POINT ( 'NONE',  ( -1.091833514733748789, 5.900169758489261618, 5.630349936529398747 ) ) ;
#3743 = CARTESIAN_POINT ( 'NONE',  ( -2.857606504790286550, -2.857606504790286994, 28.56249999863440436 ) ) ;
#3744 = CARTESIAN_POINT ( 'NONE',  ( -2.857606504790286994, 2.857606504790286550, 31.31249999863440436 ) ) ;
#3745 = CARTESIAN_POINT ( 'NONE',  ( 4.041265874999999674, 0.000000000000000000, 24.93749999863440792 ) ) ;
#3746 = LINE ( 'NONE', #1920, #1032 ) ;
#3747 = CARTESIAN_POINT ( 'NONE',  ( 2.857606504790286994, -2.857606504790286994, 22.68749999863440436 ) ) ;
#3748 = CARTESIAN_POINT ( 'NONE',  ( 4.041265874999999674, -1.673947134580573648, 27.74999999863440436 ) ) ;
#3749 = CARTESIAN_POINT ( 'NONE',  ( -2.474873734152916338, -2.474873734152916782, 19.87499999726880873 ) ) ;
#3750 =( BOUNDED_CURVE ( )  B_SPLINE_CURVE ( 2, ( #1208, #2455, #1286, #3062, #1849, #82, #328, #2770, #351, #3615, #2473, #306, #2076, #977, #1573, #3041, #2138, #389, #1831, #3356, #2432, #1536, #3020, #2726, #955, #3635, #1267, #1514, #63, #2114, #102, #1811, #2393, #3657, #602, #42, #1246, #3338, #3598, #667, #368, #937, #2993, #2160, #684, #1865, #1789, #916, #1493, #2973, #643, #1227, #2686, #16, #622, #2095, #3292, #2708, #2415, #3314, #2855, #720, #2787, #1066, #3709, #446, #739, #1046, #1628, #1960, #117, #1667, #1919, #2803, #426, #2820, #3691, #2255, #1592, #755, #1319, #3156, #3427, #700, #2562, #995, #153, #1302, #2239, #1337, #1900, #2221, #2491, #1939, #773, #2180, #3135, #478, #2507, #463, #3119, #190, #1646, #2839, #1371, #2527, #3446, #3726, #3371, #174, #1356, #2545, #3745, #1882, #3083, #3102, #409, #1029, #1010, #1609, #2198, #3392, #135, #3410, #262, #2893, #2017, #2034, #791, #2603, #811, #2621, #3211, #3819, #1761, #2874, #3171, #3243, #2307, #3488, #3763, #1146, #2292, #3546, #2639, #557, #1999, #1445, #2327, #1724, #1428, #538, #1412, #2051, #865, #576, #1740, #1463, #229, #2950, #211, #3841, #1165, #2347, #281, #1090, #1110, #2910, #3528, #1392, #2274, #2582, #3188, #517, #3469, #1127, #245, #3506, #848, #3226, #2927, #1979, #3783, #830, #498, #1708, #3802, #1685, #2427, #3567, #950, #3034, #1805, #931, #2131, #884, #1507, #3593, #1529, #2109, #2721 ),
 .UNSPECIFIED., .F., .F. ) 
 B_SPLINE_CURVE_WITH_KNOTS ( ( 3, 2, 2, 2, 2, 2, 2, 2, 2, 2, 2, 2, 2, 2, 2, 2, 2, 2, 2, 2, 2, 2, 2, 2, 2, 2, 2, 2, 2, 2, 2, 2, 2, 2, 2, 2, 2, 2, 2, 2, 2, 2, 2, 2, 2, 2, 2, 2, 2, 2, 2, 2, 2, 2, 2, 2, 2, 2, 2, 2, 2, 2, 2, 2, 2, 2, 2, 2, 2, 2, 2, 2, 2, 2, 2, 2, 2, 2, 2, 2, 2, 2, 2, 2, 2, 2, 2, 2, 2, 2, 2, 2, 2, 2, 2, 2, 2, 2, 2, 2, 3 ),
 ( 0.000000000000000000, 0.009615384615384615918, 0.01923076923076923184, 0.02884615384615384776, 0.03846153846153846367, 0.04807692307692307959, 0.05769230769230769551, 0.06730769230769230449, 0.07692307692307692735, 0.08653846153846153633, 0.09615384615384615918, 0.1057692307692307682, 0.1153846153846153910, 0.1250000000000000000, 0.1346153846153846090, 0.1442307692307692180, 0.1538461538461538547, 0.1634615384615384637, 0.1730769230769230727, 0.1826923076923076816, 0.1923076923076923184, 0.2019230769230769273, 0.2115384615384615363, 0.2211538461538461453, 0.2307692307692307820, 0.2403846153846153910, 0.2500000000000000000, 0.2596153846153846367, 0.2692307692307692180, 0.2788461538461538547, 0.2884615384615384359, 0.2980769230769230727, 0.3076923076923077094, 0.3173076923076922906, 0.3269230769230769273, 0.3365384615384615641, 0.3461538461538461453, 0.3557692307692307820, 0.3653846153846153633, 0.3750000000000000000, 0.3846153846153846367, 0.3942307692307692180, 0.4038461538461538547, 0.4134615384615384359, 0.4230769230769230727, 0.4326923076923077094, 0.4423076923076922906, 0.4519230769230769273, 0.4615384615384615641, 0.4711538461538461453, 0.4807692307692307820, 0.4903846153846153633, 0.5000000000000000000, 0.5096153846153845812, 0.5192307692307692735, 0.5288461538461538547, 0.5384615384615384359, 0.5480769230769231282, 0.5576923076923077094, 0.5673076923076924016, 0.5769230769230768718, 0.5865384615384615641, 0.5961538461538461453, 0.6057692307692307265, 0.6153846153846154188, 0.6250000000000000000, 0.6346153846153845812, 0.6442307692307692735, 0.6538461538461538547, 0.6634615384615384359, 0.6730769230769231282, 0.6826923076923077094, 0.6923076923076922906, 0.7019230769230768718, 0.7115384615384615641, 0.7211538461538461453, 0.7307692307692307265, 0.7403846153846154188, 0.7500000000000000000, 0.7596153846153845812, 0.7692307692307692735, 0.7788461538461538547, 0.7884615384615384359, 0.7980769230769231282, 0.8076923076923077094, 0.8173076923076922906, 0.8269230769230768718, 0.8365384615384615641, 0.8461538461538461453, 0.8557692307692307265, 0.8653846153846154188, 0.8750000000000000000, 0.8846153846153845812, 0.8942307692307692735, 0.9038461538461538547, 0.9134615384615384359, 0.9230769230769231282, 0.9326923076923077094, 0.9423076923076922906, 0.9519230769230768718, 0.9615384615384615641 ),
 .UNSPECIFIED. ) 
 CURVE ( )  GEOMETRIC_REPRESENTATION_ITEM ( )  RATIONAL_B_SPLINE_CURVE ( ( 1.000000000000000000, 0.9238795325112867385, 1.000000000000000000, 0.9238795325112867385, 1.000000000000000000, 0.9238795325112867385, 1.000000000000000000, 0.9238795325112867385, 1.000000000000000000, 0.9238795325112867385, 1.000000000000000000, 0.9238795325112867385, 1.000000000000000000, 0.9238795325112867385, 1.000000000000000000, 0.9238795325112867385, 1.000000000000000000, 0.9238795325112867385, 1.000000000000000000, 0.9238795325112867385, 1.000000000000000000, 0.9238795325112867385, 1.000000000000000000, 0.9238795325112867385, 1.000000000000000000, 0.9238795325112867385, 1.000000000000000000, 0.9238795325112867385, 1.000000000000000000, 0.9238795325112867385, 1.000000000000000000, 0.9238795325112867385, 1.000000000000000000, 0.9238795325112867385, 1.000000000000000000, 0.9238795325112867385, 1.000000000000000000, 0.9238795325112867385, 1.000000000000000000, 0.9238795325112867385, 1.000000000000000000, 0.9238795325112867385, 1.000000000000000000, 0.9238795325112867385, 1.000000000000000000, 0.9238795325112867385, 1.000000000000000000, 0.9238795325112867385, 1.000000000000000000, 0.9238795325112867385, 1.000000000000000000, 0.9238795325112867385, 1.000000000000000000, 0.9238795325112867385, 1.000000000000000000, 0.9238795325112867385, 1.000000000000000000, 0.9238795325112867385, 1.000000000000000000, 0.9238795325112867385, 1.000000000000000000, 0.9238795325112867385, 1.000000000000000000, 0.9238795325112867385, 1.000000000000000000, 0.9238795325112867385, 1.000000000000000000, 0.9238795325112867385, 1.000000000000000000, 0.9238795325112867385, 1.000000000000000000, 0.9238795325112867385, 1.000000000000000000, 0.9238795325112867385, 1.000000000000000000, 0.9238795325112867385, 1.000000000000000000, 0.9238795325112867385, 1.000000000000000000, 0.9238795325112867385, 1.000000000000000000, 0.9238795325112867385, 1.000000000000000000, 0.9238795325112867385, 1.000000000000000000, 0.9238795325112867385, 1.000000000000000000, 0.9238795325112867385, 1.000000000000000000, 0.9238795325112867385, 1.000000000000000000, 0.9238795325112867385, 1.000000000000000000, 0.9238795325112867385, 1.000000000000000000, 0.9238795325112867385, 1.000000000000000000, 0.9238795325112867385, 1.000000000000000000, 0.9238795325112867385, 1.000000000000000000, 0.9238795325112867385, 1.000000000000000000, 0.9238795325112867385, 1.000000000000000000, 0.9238795325112867385, 1.000000000000000000, 0.9238795325112867385, 1.000000000000000000, 0.9238795325112867385, 1.000000000000000000, 0.9238795325112867385, 1.000000000000000000, 0.9238795325112867385, 1.000000000000000000, 0.9238795325112867385, 1.000000000000000000, 0.9238795325112867385, 1.000000000000000000, 0.9238795325112867385, 1.000000000000000000, 0.9238795325112867385, 1.000000000000000000, 0.9238795325112867385, 1.000000000000000000, 0.9238795325112867385, 1.000000000000000000, 0.9238795325112867385, 1.000000000000000000, 0.9238795325112867385, 1.000000000000000000, 0.9238795325112867385, 1.000000000000000000, 0.9238795325112867385, 1.000000000000000000, 0.9238795325112867385, 1.000000000000000000, 0.9238795325112867385, 1.000000000000000000, 0.9238795325112867385, 1.000000000000000000, 0.9238795325112867385, 1.000000000000000000, 0.9238795325112867385, 1.000000000000000000, 0.9238795325112867385, 1.000000000000000000, 0.9238795325112867385, 1.000000000000000000, 0.9238795325112867385, 1.000000000000000000, 0.9238795325112867385, 1.000000000000000000, 0.9238795325112867385, 1.000000000000000000, 0.9238795325112867385, 1.000000000000000000, 0.9238795325112867385, 1.000000000000000000, 0.9238795325112867385, 1.000000000000000000, 0.9238795325112867385, 1.000000000000000000, 0.9238795325112867385, 1.000000000000000000, 0.9238795325112867385, 1.000000000000000000, 0.9238795325112867385, 1.000000000000000000, 0.9238795325112867385, 1.000000000000000000, 0.9238795325112867385, 1.000000000000000000, 0.9238795325112867385, 1.000000000000000000, 0.9238795325112867385, 1.000000000000000000, 0.9238795325112867385, 1.000000000000000000, 0.9238795325112867385, 1.000000000000000000, 0.9238795325112867385, 1.000000000000000000, 0.9238795325112867385, 1.000000000000000000, 0.9238795325112867385, 1.000000000000000000, 0.9238795325112867385, 1.000000000000000000, 0.9238795325112867385, 1.000000000000000000, 0.9238795325112867385, 1.000000000000000000, 0.9238795325112867385, 1.000000000000000000, 0.9238795325112867385, 1.000000000000000000, 0.9238795325112867385, 1.000000000000000000, 0.9238795325112867385, 1.000000000000000000 ) ) 
 REPRESENTATION_ITEM ( '' )  );
#3751 = CARTESIAN_POINT ( 'NONE',  ( -1.449747468305834674, 3.499999999999999556, 21.81250000000000000 ) ) ;
#3752 = CARTESIAN_POINT ( 'NONE',  ( -1.088896343312206305, 1.797221859772743624, 5.635034548701856494 ) ) ;
#3753 = CARTESIAN_POINT ( 'NONE',  ( -2.857606504790286550, -2.857606504790286994, 19.56249999863440436 ) ) ;
#3754 = CARTESIAN_POINT ( 'NONE',  ( 2.000000000000000000, 0.000000000000000000, 17.10000000000000142 ) ) ;
#3755 = FACE_OUTER_BOUND ( 'NONE', #1429, .T. ) ;
#3756 = EDGE_CURVE ( 'NONE', #1537, #3703, #3809, .T. ) ;
#3757 = ORIENTED_EDGE ( 'NONE', *, *, #3037, .F. ) ;
#3758 = CARTESIAN_POINT ( 'NONE',  ( -1.449747468305832898, -3.500000000000000000, 26.18750000000000711 ) ) ;
#3759 = CARTESIAN_POINT ( 'NONE',  ( -5.988870191427305478, -0.4178985740111095804, 17.07860746383876815 ) ) ;
#3760 = CARTESIAN_POINT ( 'NONE',  ( 2.857606504790286994, -2.857606504790286994, 27.81249999863440436 ) ) ;
#3761 = VECTOR ( 'NONE', #440, 1000.000000000000000 ) ;
#3762 = CARTESIAN_POINT ( 'NONE',  ( 4.041265874999999674, -1.673947134580573648, 23.87499999863441147 ) ) ;
#3763 = CARTESIAN_POINT ( 'NONE',  ( -7.423684977483266541E-16, 4.041265874999999674, 23.18749999863440436 ) ) ;
#3764 = EDGE_LOOP ( 'NONE', ( #1574, #2086, #604, #1060 ) ) ;
#3765 = VECTOR ( 'NONE', #817, 1000.000000000000000 ) ;
#3766 = CARTESIAN_POINT ( 'NONE',  ( -1.673947134580575424, 4.041265874999998786, 23.12499999863440792 ) ) ;
#3767 = CARTESIAN_POINT ( 'NONE',  ( -2.857606504790286550, -2.857606504790286994, 28.43749999863440436 ) ) ;
#3768 = CARTESIAN_POINT ( 'NONE',  ( -4.041265874999999674, -4.949123318322177694E-16, 22.31249999863440436 ) ) ;
#3769 = DIRECTION ( 'NONE',  ( 1.000000000000000000, 0.000000000000000000, 0.000000000000000000 ) ) ;
#3770 = AXIS2_PLACEMENT_3D ( 'NONE', #3165, #167, #2813 ) ;
#3771 = ORIENTED_EDGE ( 'NONE', *, *, #369, .T. ) ;
#3772 = CARTESIAN_POINT ( 'NONE',  ( 3.499999999999999556, 1.449747468305835341, 20.56249999999999645 ) ) ;
#3773 = CARTESIAN_POINT ( 'NONE',  ( -3.500000000000001332, 1.449747468305832454, 30.93750000000000355 ) ) ;
#3774 = CARTESIAN_POINT ( 'NONE',  ( -6.429395695523603167E-16, 3.500000000000000000, 30.49999999726880873 ) ) ;
#3775 = CYLINDRICAL_SURFACE ( 'NONE', #1764, 3.500000000000000000 ) ;
#3776 = DIRECTION ( 'NONE',  ( -0.000000000000000000, -0.000000000000000000, 1.000000000000000000 ) ) ;
#3777 = CARTESIAN_POINT ( 'NONE',  ( -5.840234723398578964, 1.388579978000096915, 16.77904122146317079 ) ) ;
#3778 = EDGE_CURVE ( 'NONE', #2097, #2528, #3334, .T. ) ;
#3779 = CARTESIAN_POINT ( 'NONE',  ( 0.000000000000000000, 0.000000000000000000, 11.00000000000000000 ) ) ;
#3780 = CARTESIAN_POINT ( 'NONE',  ( 1.530810862315391917E-16, 6.000000000000000888, 6.250000000000000888 ) ) ;
#3781 = CARTESIAN_POINT ( 'NONE',  ( -1.673947134580575424, 4.041265874999998786, 25.24999999863440792 ) ) ;
#3782 = CARTESIAN_POINT ( 'NONE',  ( -2.857606504790286994, 2.857606504790286550, 26.31249999863440792 ) ) ;
#3783 = CARTESIAN_POINT ( 'NONE',  ( -2.857606504790286550, -2.857606504790286994, 20.56249999863440436 ) ) ;
#3784 = LINE ( 'NONE', #1629, #1622 ) ;
#3785 = EDGE_CURVE ( 'NONE', #2250, #3022, #1775, .T. ) ;
#3786 = CARTESIAN_POINT ( 'NONE',  ( 2.857606504790286994, -2.857606504790286994, 23.68749999863440436 ) ) ;
#3787 = CARTESIAN_POINT ( 'NONE',  ( -4.041265875000001451, 1.673947134580572538, 25.24999999863440792 ) ) ;
#3788 = CARTESIAN_POINT ( 'NONE',  ( 4.041265874999998786, 1.673947134580575868, 23.87499999863440792 ) ) ;
#3789 = LINE ( 'NONE', #2039, #3765 ) ;
#3790 = VERTEX_POINT ( 'NONE', #2356 ) ;
#3791 = CARTESIAN_POINT ( 'NONE',  ( -1.449747468305832898, -3.500000000000000444, 21.18749999999999645 ) ) ;
#3792 = CARTESIAN_POINT ( 'NONE',  ( 3.500000000000000000, 0.000000000000000000, 20.50000000000000000 ) ) ;
#3793 = CARTESIAN_POINT ( 'NONE',  ( 2.857606504790286106, 2.857606504790286994, 29.93749999863440436 ) ) ;
#3794 = CARTESIAN_POINT ( 'NONE',  ( -3.500000000000001332, 1.449747468305832010, 27.68749999726880873 ) ) ;
#3795 = CARTESIAN_POINT ( 'NONE',  ( 2.474561659161088847E-16, -4.041265874999999674, 28.56249999863440436 ) ) ;
#3796 = CARTESIAN_POINT ( 'NONE',  ( 2.000000000000000000, -0.7810249675906638656, 11.00000000000000000 ) ) ;
#3797 = CARTESIAN_POINT ( 'NONE',  ( -2.474873734152917226, 2.474873734152916338, 27.87500000000000000 ) ) ;
#3798 = DIRECTION ( 'NONE',  ( 0.000000000000000000, 0.000000000000000000, -1.000000000000000000 ) ) ;
#3799 = CARTESIAN_POINT ( 'NONE',  ( -2.474873734152916338, -2.474873734152916782, 30.12500000000000000 ) ) ;
#3800 = DIRECTION ( 'NONE',  ( 0.000000000000000000, 0.000000000000000000, 1.000000000000000000 ) ) ;
#3801 = CARTESIAN_POINT ( 'NONE',  ( 4.041265874999999674, -1.673947134580573648, 26.87499999863440436 ) ) ;
#3802 = CARTESIAN_POINT ( 'NONE',  ( -2.857606504790286994, 2.857606504790286550, 20.31249999863440436 ) ) ;
#3803 = VERTEX_POINT ( 'NONE', #291 ) ;
#3804 = CARTESIAN_POINT ( 'NONE',  ( -3.500000000000000000, 4.286263797015736595E-16, 32.24999999726880873 ) ) ;
#3805 = CARTESIAN_POINT ( 'NONE',  ( -4.041265875000001451, 1.673947134580572538, 24.24999999863440436 ) ) ;
#3806 = CARTESIAN_POINT ( 'NONE',  ( 4.041265874999998786, 1.673947134580575868, 25.87499999863441147 ) ) ;
#3807 = CARTESIAN_POINT ( 'NONE',  ( 4.041265874999999674, -1.673947134580573426, 21.74999999863440436 ) ) ;
#3808 = CARTESIAN_POINT ( 'NONE',  ( -3.500000000000000000, -4.286263797015736595E-16, 28.74999999726881228 ) ) ;
#3809 =( BOUNDED_CURVE ( )  B_SPLINE_CURVE ( 2, ( #2572, #507, #1099, #3180, #140, #1326, #3415, #1635, #3432 ),
 .UNSPECIFIED., .F., .F. ) 
 B_SPLINE_CURVE_WITH_KNOTS ( ( 3, 2, 2, 2, 3 ),
 ( 0.9230769230769231282, 0.9326923076923077094, 0.9423076923076922906, 0.9519230769230768718, 0.9615384615384615641 ),
 .UNSPECIFIED. ) 
 CURVE ( )  GEOMETRIC_REPRESENTATION_ITEM ( )  RATIONAL_B_SPLINE_CURVE ( ( 1.000000000000000000, 0.9238795325112867385, 1.000000000000000000, 0.9238795325112867385, 1.000000000000000000, 0.9238795325112867385, 1.000000000000000000, 0.9238795325112867385, 1.000000000000000000 ) ) 
 REPRESENTATION_ITEM ( '' )  );
#3810 = ORIENTED_EDGE ( 'NONE', *, *, #392, .F. ) ;
#3811 = EDGE_LOOP ( 'NONE', ( #765, #805 ) ) ;
#3812 = CARTESIAN_POINT ( 'NONE',  ( -3.500000000000000000, -4.286263797015736595E-16, 22.00000000000000000 ) ) ;
#3813 = DIRECTION ( 'NONE',  ( 1.000000000000000000, 0.000000000000000000, 0.000000000000000000 ) ) ;
#3814 = CARTESIAN_POINT ( 'NONE',  ( -3.500000000000000000, -4.286263797015736595E-16, 27.74999999726880873 ) ) ;
#3815 = LINE ( 'NONE', #3236, #2014 ) ;
#3816 = CARTESIAN_POINT ( 'NONE',  ( -6.429395695523603167E-16, 3.500000000000000000, 29.49999999726881228 ) ) ;
#3817 = CARTESIAN_POINT ( 'NONE',  ( -1.449747468305832898, -3.500000000000000000, 26.93749999726880873 ) ) ;
#3818 = CARTESIAN_POINT ( 'NONE',  ( 1.673947134580573870, -4.041265874999999674, 22.74999999863440436 ) ) ;
#3819 = CARTESIAN_POINT ( 'NONE',  ( -1.673947134580573204, -4.041265874999999674, 23.62499999863440792 ) ) ;
#3820 = CARTESIAN_POINT ( 'NONE',  ( 0.000000000000000000, 6.000000000000000888, 12.74999999999999822 ) ) ;
#3821 = DIRECTION ( 'NONE',  ( -0.000000000000000000, -0.000000000000000000, 1.000000000000000000 ) ) ;
#3822 = CARTESIAN_POINT ( 'NONE',  ( -1.673947134580575424, 4.041265874999998786, 28.12499999863440436 ) ) ;
#3823 = CARTESIAN_POINT ( 'NONE',  ( -1.673947134580573204, -4.041265874999999674, 23.49999999863440436 ) ) ;
#3824 = CARTESIAN_POINT ( 'NONE',  ( 0.000000000000000000, 0.000000000000000000, 19.00000000000000355 ) ) ;
#3825 = ORIENTED_EDGE ( 'NONE', *, *, #1278, .F. ) ;
#3826 = AXIS2_PLACEMENT_3D ( 'NONE', #1806, #1204, #912 ) ;
#3827 = ORIENTED_EDGE ( 'NONE', *, *, #3617, .T. ) ;
#3828 = EDGE_CURVE ( 'NONE', #1909, #3588, #1475, .T. ) ;
#3829 = CARTESIAN_POINT ( 'NONE',  ( -1.673947134580573426, -4.041265874999999674, 30.49999999863440081 ) ) ;
#3830 = AXIS2_PLACEMENT_3D ( 'NONE', #268, #3231, #287 ) ;
#3831 =( BOUNDED_CURVE ( )  B_SPLINE_CURVE ( 2, ( #2669, #3869, #2959, #1192, #3199, #2921, #221, #3832, #1402 ),
 .UNSPECIFIED., .F., .F. ) 
 B_SPLINE_CURVE_WITH_KNOTS ( ( 3, 2, 2, 2, 3 ),
 ( 0.5384615384615384359, 0.5480769230769231282, 0.5576923076923077094, 0.5673076923076922906, 0.5769230769230768718 ),
 .UNSPECIFIED. ) 
 CURVE ( )  GEOMETRIC_REPRESENTATION_ITEM ( )  RATIONAL_B_SPLINE_CURVE ( ( 1.000000000000000000, 0.9238795325112867385, 1.000000000000000000, 0.9238795325112867385, 1.000000000000000000, 0.9238795325112867385, 1.000000000000000000, 0.9238795325112867385, 1.000000000000000000 ) ) 
 REPRESENTATION_ITEM ( '' )  );
#3832 = CARTESIAN_POINT ( 'NONE',  ( -3.500000000000000000, -1.449747468305833564, 24.06250000000000000 ) ) ;
#3833 = CARTESIAN_POINT ( 'NONE',  ( 2.474873734152916782, -2.474873734152916782, 25.12499999726881228 ) ) ;
#3834 = PRODUCT_DEFINITION_SHAPE ( 'NONE', 'NONE',  #3006 ) ;
#3835 = AXIS2_PLACEMENT_3D ( 'NONE', #745, #1925, #468 ) ;
#3836 = EDGE_CURVE ( 'NONE', #1516, #855, #3831, .T. ) ;
#3837 = CARTESIAN_POINT ( 'NONE',  ( 3.500000000000000000, 0.000000000000000000, 19.00000000000000355 ) ) ;
#3838 = CARTESIAN_POINT ( 'NONE',  ( -3.500000000000000000, -4.286263797015736595E-16, 30.74999999726880873 ) ) ;
#3839 = PLANE ( 'NONE',  #274 ) ;
#3840 = CARTESIAN_POINT ( 'NONE',  ( -2.857606504790286550, -2.857606504790286994, 21.56249999863440436 ) ) ;
#3841 = CARTESIAN_POINT ( 'NONE',  ( 4.041265874999999674, -1.673947134580573426, 21.87499999863440792 ) ) ;
#3842 = AXIS2_PLACEMENT_3D ( 'NONE', #2293, #3172, #1339 ) ;
#3843 = ORIENTED_EDGE ( 'NONE', *, *, #3731, .F. ) ;
#3844 = CARTESIAN_POINT ( 'NONE',  ( -1.449747468305832898, -3.500000000000000000, 28.18750000000000355 ) ) ;
#3845 = CARTESIAN_POINT ( 'NONE',  ( -1.673947134580573426, -4.041265874999999674, 20.49999999863440436 ) ) ;
#3846 = CARTESIAN_POINT ( 'NONE',  ( -1.673947134580575424, 4.041265874999998786, 22.12499999863440792 ) ) ;
#3847 = CARTESIAN_POINT ( 'NONE',  ( 1.673947134580573648, -4.041265874999999674, 22.62499999863440792 ) ) ;
#3848 = CARTESIAN_POINT ( 'NONE',  ( -2.474873734152917226, 2.474873734152916338, 27.62499999726880873 ) ) ;
#3849 = ORIENTED_EDGE ( 'NONE', *, *, #703, .T. ) ;
#3850 = ORIENTED_EDGE ( 'NONE', *, *, #3541, .F. ) ;
#3851 = CARTESIAN_POINT ( 'NONE',  ( -4.041265874999999674, -4.949123318322177694E-16, 31.31249999863440436 ) ) ;
#3852 = CARTESIAN_POINT ( 'NONE',  ( -3.500000000000000000, -4.286263797015736595E-16, 25.74999999726881228 ) ) ;
#3853 = CARTESIAN_POINT ( 'NONE',  ( 2.474873734152915894, 2.474873734152917226, 24.62500000000000000 ) ) ;
#3854 = CARTESIAN_POINT ( 'NONE',  ( 3.500000000000000000, 0.000000000000000000, 29.24999999726881228 ) ) ;
#3855 = CARTESIAN_POINT ( 'NONE',  ( -1.673947134580575424, 4.041265874999998786, 25.24999999863440792 ) ) ;
#3856 = EDGE_CURVE ( 'NONE', #2604, #2140, #3535, .T. ) ;
#3857 = DIRECTION ( 'NONE',  ( 0.000000000000000000, -1.000000000000000000, 0.000000000000000000 ) ) ;
#3858 = CARTESIAN_POINT ( 'NONE',  ( -2.857606504790286550, -2.857606504790286994, 24.56249999863440436 ) ) ;
#3859 = CARTESIAN_POINT ( 'NONE',  ( -2.474873734152916338, -2.474873734152916782, 23.12500000000000000 ) ) ;
#3860 = CARTESIAN_POINT ( 'NONE',  ( 0.000000000000000000, 0.000000000000000000, 11.00000000000000000 ) ) ;
#3861 = EDGE_LOOP ( 'NONE', ( #644, #1709, #1332, #1310, #1715, #2442, #3217, #118, #2367, #818, #3293, #1913, #3097, #3739, #1772, #2466, #2096, #1547, #3825, #2613, #1184, #2215, #2492, #734, #849, #2406, #3166, #3476 ) ) ;
#3862 = CARTESIAN_POINT ( 'NONE',  ( -6.000000000000000888, 0.000000000000000000, 35.00000000000000000 ) ) ;
#3863 = CARTESIAN_POINT ( 'NONE',  ( 2.857606504790286994, -2.857606504790286994, 19.68749999863440436 ) ) ;
#3864 = CARTESIAN_POINT ( 'NONE',  ( -4.041265874999999674, -1.673947134580573870, 22.37499999863440792 ) ) ;
#3865 = CARTESIAN_POINT ( 'NONE',  ( -1.449747468305834897, 3.499999999999999112, 26.81250000000000000 ) ) ;
#3866 = CARTESIAN_POINT ( 'NONE',  ( 0.9985094822302312823, 1.851659049565819837, 4.231035530614775553 ) ) ;
#3867 = EDGE_LOOP ( 'NONE', ( #5, #1153, #2804, #191 ) ) ;
#3868 = CARTESIAN_POINT ( 'NONE',  ( -7.423684977483266541E-16, 4.041265874999999674, 30.06249999863440436 ) ) ;
#3869 = CARTESIAN_POINT ( 'NONE',  ( 3.500000000000000000, -1.449747468305833120, 24.43750000000000355 ) ) ;
#3870 = CARTESIAN_POINT ( 'NONE',  ( -1.449747468305834674, 3.499999999999999556, 26.56249999726881228 ) ) ;
ENDSEC;
END-ISO-10303-21;
