ISO-10303-21;
HEADER;
FILE_DESCRIPTION (( 'STEP AP203' ),
    '1' );
FILE_NAME ('联轴器.STEP',
    '2023-03-13T02:29:50',
    ( '' ),
    ( '' ),
    'SwSTEP 2.0',
    'SolidWorks 2020',
    '' );
FILE_SCHEMA (( 'CONFIG_CONTROL_DESIGN' ));
ENDSEC;

DATA;
#1 = CARTESIAN_POINT ( 'NONE',  ( -5.947528103181775272, -0.8171445131807574258, 13.00261425860433029 ) ) ;
#2 = CARTESIAN_POINT ( 'NONE',  ( 2.857606504790286994, -2.857606504790286550, 29.06250000136559564 ) ) ;
#3 = CARTESIAN_POINT ( 'NONE',  ( 2.857606504790286994, -2.857606504790286550, 22.93750000136559564 ) ) ;
#4 = CARTESIAN_POINT ( 'NONE',  ( 4.041265874999999674, 1.673947134580573870, 27.25000000136559919 ) ) ;
#5 = CARTESIAN_POINT ( 'NONE',  ( -1.673947134580574092, -4.041265874999998786, 28.75000000136559564 ) ) ;
#6 =( BOUNDED_CURVE ( )  B_SPLINE_CURVE ( 2, ( #130, #1357, #3471, #1894, #401, #957, #1631, #95, #1040 ),
 .UNSPECIFIED., .F., .F. ) 
 B_SPLINE_CURVE_WITH_KNOTS ( ( 3, 2, 2, 2, 3 ),
 ( 0.7857142857142856984, 0.7946428571428570953, 0.8035714285714286031, 0.8125000000000000000, 0.8214285714285713969 ),
 .UNSPECIFIED. ) 
 CURVE ( )  GEOMETRIC_REPRESENTATION_ITEM ( )  RATIONAL_B_SPLINE_CURVE ( ( 1.000000000000000000, 0.9238795325112867385, 1.000000000000000000, 0.9238795325112867385, 1.000000000000000000, 0.9238795325112867385, 1.000000000000000000, 0.9238795325112867385, 1.000000000000000000 ) ) 
 REPRESENTATION_ITEM ( '' )  );
#7 = VERTEX_POINT ( 'NONE', #3142 ) ;
#8 = CIRCLE ( 'NONE', #517, 2.100000000000000089 ) ;
#9 = CARTESIAN_POINT ( 'NONE',  ( 0.000000000000000000, 0.000000000000000000, 11.00000000000000000 ) ) ;
#10 = CARTESIAN_POINT ( 'NONE',  ( 3.500000000000001332, -1.449747468305832010, 30.43750000000000711 ) ) ;
#11 = CARTESIAN_POINT ( 'NONE',  ( 6.429395695523603167E-16, -3.500000000000000000, 24.25000000000000000 ) ) ;
#12 = CARTESIAN_POINT ( 'NONE',  ( -2.857606504790286994, 2.857606504790286994, 30.43750000136559919 ) ) ;
#13 = CARTESIAN_POINT ( 'NONE',  ( 3.500000000000001332, -1.449747468305832010, 22.68750000273119127 ) ) ;
#14 = CARTESIAN_POINT ( 'NONE',  ( -5.840300695808087639, -1.388186425988098049, 18.77917307380393908 ) ) ;
#15 = ORIENTED_EDGE ( 'NONE', *, *, #924, .T. ) ;
#16 = CARTESIAN_POINT ( 'NONE',  ( 7.423684977483266541E-16, -4.041265874999999674, 29.93750000136559919 ) ) ;
#17 = EDGE_LOOP ( 'NONE', ( #834, #909, #620, #4010 ) ) ;
#18 = CARTESIAN_POINT ( 'NONE',  ( -4.041265874999998786, -1.673947134580575868, 21.75000000136559919 ) ) ;
#19 = CARTESIAN_POINT ( 'NONE',  ( -4.041265874999999674, 1.673947134580573648, 21.50000000136559564 ) ) ;
#20 = DIRECTION ( 'NONE',  ( -0.000000000000000000, -0.000000000000000000, 1.000000000000000000 ) ) ;
#21 = CARTESIAN_POINT ( 'NONE',  ( 6.429395695523603167E-16, -3.500000000000000000, 31.50000000273119127 ) ) ;
#22 = EDGE_CURVE ( 'NONE', #2157, #512, #2649, .T. ) ;
#23 = CARTESIAN_POINT ( 'NONE',  ( 2.857606504790286550, 2.857606504790286994, 21.31250000136559564 ) ) ;
#24 = EDGE_CURVE ( 'NONE', #3317, #1746, #513, .T. ) ;
#25 = PERSON_AND_ORGANIZATION_ROLE ( 'creator' ) ;
#26 = CARTESIAN_POINT ( 'NONE',  ( 1.209294160969389464, 3.083775483308205168, 16.32690365261719734 ) ) ;
#27 = CARTESIAN_POINT ( 'NONE',  ( 4.041265874999999674, 1.673947134580573870, 28.25000000136559208 ) ) ;
#28 = CARTESIAN_POINT ( 'NONE',  ( 2.857606504790286550, 2.857606504790286994, 22.18750000136559919 ) ) ;
#29 = CARTESIAN_POINT ( 'NONE',  ( 4.041265875000001451, -1.673947134580572538, 28.12500000136559919 ) ) ;
#30 = CARTESIAN_POINT ( 'NONE',  ( 4.041265874999999674, 1.673947134580573648, 30.12500000136559919 ) ) ;
#31 = CARTESIAN_POINT ( 'NONE',  ( -2.143131898507868297E-16, 3.500000000000000000, 27.00000000273119483 ) ) ;
#32 = CARTESIAN_POINT ( 'NONE',  ( 3.499999999999996003, -1.449747468305836229, 32.68750000273119127 ) ) ;
#33 = CARTESIAN_POINT ( 'NONE',  ( 6.429395695523603167E-16, -3.500000000000000000, 27.50000000273119483 ) ) ;
#34 = CARTESIAN_POINT ( 'NONE',  ( -1.449747468305833564, -3.500000000000000000, 29.18750000000000711 ) ) ;
#35 = CARTESIAN_POINT ( 'NONE',  ( -1.673947134580573870, 4.041265874999999674, 32.50000000136559919 ) ) ;
#36 = CARTESIAN_POINT ( 'NONE',  ( 1.673947134580575424, -4.041265874999998786, 29.87500000136559919 ) ) ;
#37 = CARTESIAN_POINT ( 'NONE',  ( -1.449747468305833342, 3.500000000000000444, 23.06250000273119127 ) ) ;
#38 = CARTESIAN_POINT ( 'NONE',  ( -2.006918889977283627, -0.6374385072048532885, 7.087656544260493519 ) ) ;
#39 =( BOUNDED_CURVE ( )  B_SPLINE_CURVE ( 2, ( #1279, #381, #1610, #2547, #1667, #3532, #439, #3512, #2193 ),
 .UNSPECIFIED., .F., .F. ) 
 B_SPLINE_CURVE_WITH_KNOTS ( ( 3, 2, 2, 2, 3 ),
 ( 0.7500000000000001110, 0.7589285714285715079, 0.7678571428571430157, 0.7767857142857143016, 0.7857142857142856984 ),
 .UNSPECIFIED. ) 
 CURVE ( )  GEOMETRIC_REPRESENTATION_ITEM ( )  RATIONAL_B_SPLINE_CURVE ( ( 0.9999999999999990008, 0.9238795325112877377, 1.000000000000000000, 0.9238795325112867385, 1.000000000000000000, 0.9238795325112867385, 1.000000000000000000, 0.9238795325112867385, 1.000000000000000000 ) ) 
 REPRESENTATION_ITEM ( '' )  );
#40 = ORIENTED_EDGE ( 'NONE', *, *, #3428, .F. ) ;
#41 = CARTESIAN_POINT ( 'NONE',  ( 1.673947134580575424, -4.041265874999998786, 29.00000000136559564 ) ) ;
#42 = ORIENTED_EDGE ( 'NONE', *, *, #3116, .F. ) ;
#43 = CARTESIAN_POINT ( 'NONE',  ( 2.857606504790286550, 2.857606504790286994, 25.31250000136559564 ) ) ;
#44 = CARTESIAN_POINT ( 'NONE',  ( -2.857606504790286106, -2.857606504790286994, 20.68750000136559564 ) ) ;
#45 = CARTESIAN_POINT ( 'NONE',  ( -5.900108688871172014, -1.092146436861832548, 5.370380674675874211 ) ) ;
#46 = CARTESIAN_POINT ( 'NONE',  ( 1.449747468305832898, 3.500000000000000444, 32.93750000273119127 ) ) ;
#47 = VERTEX_POINT ( 'NONE', #610 ) ;
#48 = CARTESIAN_POINT ( 'NONE',  ( -4.041265874999999674, 0.000000000000000000, 19.68750000136559919 ) ) ;
#49 = EDGE_CURVE ( 'NONE', #2066, #1854, #3909, .T. ) ;
#50 = CARTESIAN_POINT ( 'NONE',  ( 0.6308006443669783581, 2.902329423992229263, 17.09133949812674302 ) ) ;
#51 = CARTESIAN_POINT ( 'NONE',  ( 7.423684977483266541E-16, -4.041265874999999674, 22.81250000136559564 ) ) ;
#52 = CARTESIAN_POINT ( 'NONE',  ( -1.673947134580573870, 4.041265874999999674, 26.50000000136559564 ) ) ;
#53 = CARTESIAN_POINT ( 'NONE',  ( -4.041265874999999674, 1.673947134580573426, 29.50000000136559564 ) ) ;
#54 = CARTESIAN_POINT ( 'NONE',  ( -1.449747468305833564, 3.500000000000000000, 25.06250000273119127 ) ) ;
#55 = CARTESIAN_POINT ( 'NONE',  ( -2.474873734152915894, -2.474873734152917226, 31.12500000000000355 ) ) ;
#56 = CARTESIAN_POINT ( 'NONE',  ( 4.041265874999999674, 1.673947134580573870, 31.25000000136559564 ) ) ;
#57 = CARTESIAN_POINT ( 'NONE',  ( -3.499999999999999556, -1.449747468305835341, 21.31250000273119127 ) ) ;
#58 = DIRECTION ( 'NONE',  ( 0.000000000000000000, 0.000000000000000000, 1.000000000000000000 ) ) ;
#59 = VERTEX_POINT ( 'NONE', #3115 ) ;
#60 = CARTESIAN_POINT ( 'NONE',  ( 4.041265874999999674, 4.949123318322177694E-16, 29.18750000136559564 ) ) ;
#61 = EDGE_LOOP ( 'NONE', ( #3079, #506, #2215, #1241 ) ) ;
#62 = APPLICATION_CONTEXT ( 'configuration controlled 3d designs of mechanical parts and assemblies' ) ;
#63 = CARTESIAN_POINT ( 'NONE',  ( -4.041265874999999674, 1.673947134580573648, 22.62500000136560274 ) ) ;
#64 = CARTESIAN_POINT ( 'NONE',  ( -1.449747468305833564, 3.500000000000000000, 21.81250000000000355 ) ) ;
#65 = CYLINDRICAL_SURFACE ( 'NONE', #3377, 3.500000000000000000 ) ;
#66 = CARTESIAN_POINT ( 'NONE',  ( -1.449747468305833564, -3.500000000000000000, 32.43750000273119127 ) ) ;
#67 = B_SPLINE_CURVE_WITH_KNOTS ( 'NONE', 3,
 ( #2686, #1204, #881, #2668, #283, #1113, #2041, #3917, #1508, #3601, #2337, #1709, #2449, #2634, #2977, #3694, #583, #2353, #477, #3066 ),
 .UNSPECIFIED., .F., .F.,
 ( 4, 2, 2, 2, 2, 2, 2, 2, 2, 4 ),
 ( 0.000000000000000000, 0.0002505250081492348450, 0.0005010500162984696899, 0.001002100032596940464, 0.001503150048895411347, 0.002004200065193882229, 0.002505250081492352895, 0.003006300097790823994, 0.003507350114089295093, 0.004008400130387766193 ),
 .UNSPECIFIED. ) ;
#68 = CARTESIAN_POINT ( 'NONE',  ( 1.673947134580575424, -4.041265874999998786, 20.00000000136559919 ) ) ;
#69 = COORDINATED_UNIVERSAL_TIME_OFFSET ( 8, 0, .AHEAD. ) ;
#70 = CARTESIAN_POINT ( 'NONE',  ( 1.241692000494720061, 3.096623627080093755, 16.16570860495624018 ) ) ;
#71 = CARTESIAN_POINT ( 'NONE',  ( 4.041265874999999674, 1.673947134580573648, 20.12500000136560985 ) ) ;
#72 = CARTESIAN_POINT ( 'NONE',  ( -1.673947134580573870, 4.041265874999999674, 21.50000000136559564 ) ) ;
#73 = CARTESIAN_POINT ( 'NONE',  ( 1.449747468305832898, 3.500000000000000000, 26.93750000273120193 ) ) ;
#74 = ORIENTED_EDGE ( 'NONE', *, *, #2363, .T. ) ;
#75 = EDGE_LOOP ( 'NONE', ( #251, #1564, #1545, #3639 ) ) ;
#76 = CARTESIAN_POINT ( 'NONE',  ( -2.143131898507868297E-16, 3.500000000000000000, 21.00000000273119127 ) ) ;
#77 = CARTESIAN_POINT ( 'NONE',  ( -3.499999999999992006, -1.449747468305842224, 31.06250000000000355 ) ) ;
#78 = CARTESIAN_POINT ( 'NONE',  ( 2.857606504790286994, -2.857606504790286550, 32.06250000136559919 ) ) ;
#79 = CARTESIAN_POINT ( 'NONE',  ( 3.499999999999978684, 1.449747468305853770, 27.81250000273119127 ) ) ;
#80 = CARTESIAN_POINT ( 'NONE',  ( -5.528967727758238304, -2.335254566339637794, 18.04849773051649109 ) ) ;
#81 = CARTESIAN_POINT ( 'NONE',  ( -1.673947134580573648, 4.041265874999999674, 30.50000000136559919 ) ) ;
#82 = VERTEX_POINT ( 'NONE', #3446 ) ;
#83 = CARTESIAN_POINT ( 'NONE',  ( 7.423684977483266541E-16, -4.041265874999999674, 20.93750000136559564 ) ) ;
#84 = CARTESIAN_POINT ( 'NONE',  ( -3.500000000000000000, 0.000000000000000000, 31.25000000273119127 ) ) ;
#85 = CARTESIAN_POINT ( 'NONE',  ( -1.449747468305833342, 3.500000000000000444, 30.06250000273119127 ) ) ;
#86 = CARTESIAN_POINT ( 'NONE',  ( -4.041265874999999674, 1.673947134580573648, 28.50000000136559564 ) ) ;
#87 = CARTESIAN_POINT ( 'NONE',  ( 1.449747468305834674, -3.499999999999999556, 25.31250000000000000 ) ) ;
#88 = CARTESIAN_POINT ( 'NONE',  ( -1.673947134580573870, 4.041265874999999674, 27.37500000136559919 ) ) ;
#89 = CARTESIAN_POINT ( 'NONE',  ( 1.089800780525627344, 3.038369250212732187, 16.63413636732072476 ) ) ;
#90 = CARTESIAN_POINT ( 'NONE',  ( -4.041265874999999674, 1.673947134580573426, 21.50000000136559564 ) ) ;
#91 = CARTESIAN_POINT ( 'NONE',  ( 1.673947134580575424, -4.041265874999998786, 21.00000000136559564 ) ) ;
#92 = CARTESIAN_POINT ( 'NONE',  ( 0.000000000000000000, 0.000000000000000000, 11.00000000000000000 ) ) ;
#93 = LOCAL_TIME ( 10, 29, 50.00000000000000000, #1087 ) ;
#94 = FACE_OUTER_BOUND ( 'NONE', #601, .T. ) ;
#95 = CARTESIAN_POINT ( 'NONE',  ( 3.500000000000000000, 1.449747468305833564, 22.56250000000000355 ) ) ;
#96 = CARTESIAN_POINT ( 'NONE',  ( -4.041265874999999674, 1.673947134580573648, 33.62500000136559919 ) ) ;
#97 = CARTESIAN_POINT ( 'NONE',  ( 3.500000000000000000, 4.286263797015736595E-16, 26.50000000000000355 ) ) ;
#98 = CARTESIAN_POINT ( 'NONE',  ( 2.000000000000000000, 0.000000000000000000, 16.00000000000000000 ) ) ;
#99 = CARTESIAN_POINT ( 'NONE',  ( -4.041265874999999674, 1.673947134580573426, 26.62500000136559919 ) ) ;
#100 = CARTESIAN_POINT ( 'NONE',  ( -1.673947134580574092, -4.041265874999998786, 21.87500000136560274 ) ) ;
#101 = CARTESIAN_POINT ( 'NONE',  ( 1.449747468305832898, 3.500000000000000000, 31.68750000000000000 ) ) ;
#102 = FACE_OUTER_BOUND ( 'NONE', #1307, .T. ) ;
#103 = CARTESIAN_POINT ( 'NONE',  ( -3.500000000000000000, 0.000000000000000000, 28.25000000273119127 ) ) ;
#104 = B_SPLINE_CURVE_WITH_KNOTS ( 'NONE', 3,
 ( #2473, #3418, #768, #416, #1646, #1700, #1392, #2915, #1071, #753, #1985, #1663, #1969, #786, #2586, #3221, #2310, #3559, #2970, #1055 ),
 .UNSPECIFIED., .F., .F.,
 ( 4, 2, 2, 2, 2, 2, 2, 2, 2, 4 ),
 ( 0.000000000000000000, 0.0004898527925187420775, 0.0009797055850374841550, 0.001469558377556226016, 0.001959411170074967876, 0.002204337566334333819, 0.002449263962593699329, 0.002939116755112421674, 0.003428969547631143585, 0.003918822340149865496 ),
 .UNSPECIFIED. ) ;
#105 = CARTESIAN_POINT ( 'NONE',  ( -2.857606504790286106, -2.857606504790286994, 28.68750000136559564 ) ) ;
#106 = VECTOR ( 'NONE', #2943, 1000.000000000000000 ) ;
#107 = CARTESIAN_POINT ( 'NONE',  ( 2.474873734152917226, -2.474873734152916338, 26.37500000000000355 ) ) ;
#108 = CARTESIAN_POINT ( 'NONE',  ( -4.041265874999998786, -1.673947134580575868, 27.62500000136559919 ) ) ;
#109 = CALENDAR_DATE ( 2023, 13, 3 ) ;
#110 = DIRECTION ( 'NONE',  ( 1.000000000000000000, 0.000000000000000000, 0.000000000000000000 ) ) ;
#111 = CARTESIAN_POINT ( 'NONE',  ( 2.857606504790286994, -2.857606504790286550, 21.06250000136559564 ) ) ;
#112 = CARTESIAN_POINT ( 'NONE',  ( -2.474873734152916782, 2.474873734152916782, 30.12500000273119127 ) ) ;
#113 = CARTESIAN_POINT ( 'NONE',  ( 3.500000000000000000, 1.449747468305833564, 25.81250000273119127 ) ) ;
#114 = CARTESIAN_POINT ( 'NONE',  ( 3.500000000000000000, 4.286263797015736595E-16, 25.75000000273119127 ) ) ;
#115 = CARTESIAN_POINT ( 'NONE',  ( -1.673947134580574092, -4.041265874999998786, 30.87500000136559919 ) ) ;
#116 = CARTESIAN_POINT ( 'NONE',  ( 1.449747468305832898, 3.500000000000000000, 27.93750000273119483 ) ) ;
#117 = CARTESIAN_POINT ( 'NONE',  ( -1.449747468305833564, 3.500000000000000000, 23.81250000000000000 ) ) ;
#118 = ADVANCED_FACE ( 'NONE', ( #333 ), #3748, .F. ) ;
#119 = CARTESIAN_POINT ( 'NONE',  ( 1.673947134580575424, -4.041265874999998786, 26.00000000136560274 ) ) ;
#120 = CYLINDRICAL_SURFACE ( 'NONE', #2463, 3.500000000000000000 ) ;
#121 = CARTESIAN_POINT ( 'NONE',  ( 1.449747468305832898, 3.500000000000000000, 21.68750000000000355 ) ) ;
#122 = CARTESIAN_POINT ( 'NONE',  ( 2.474873734152917226, -2.474873734152916338, 29.62500000273119127 ) ) ;
#123 = CARTESIAN_POINT ( 'NONE',  ( -1.673947134580574092, -4.041265874999998786, 23.87500000136559564 ) ) ;
#124 = CARTESIAN_POINT ( 'NONE',  ( -2.857606504790286106, -2.857606504790286994, 30.68750000136559919 ) ) ;
#125 = CARTESIAN_POINT ( 'NONE',  ( 4.041265875000001451, -1.673947134580572538, 26.00000000136559564 ) ) ;
#126 = CARTESIAN_POINT ( 'NONE',  ( 0.6371287258144433530, 2.007007337859007645, 7.087816467797160236 ) ) ;
#127 = CARTESIAN_POINT ( 'NONE',  ( 7.423684977483266541E-16, -4.041265874999999674, 23.93750000136559564 ) ) ;
#128 = CARTESIAN_POINT ( 'NONE',  ( 1.530810862204951390E-16, 6.000000000000000888, 17.25000000000000000 ) ) ;
#129 = DIRECTION ( 'NONE',  ( 1.000000000000000000, 0.000000000000000000, 0.000000000000000000 ) ) ;
#130 = CARTESIAN_POINT ( 'NONE',  ( -3.500000000000000000, 0.000000000000000000, 23.00000000000000355 ) ) ;
#131 = CARTESIAN_POINT ( 'NONE',  ( -4.041265874999998786, -1.673947134580575868, 29.75000000136559564 ) ) ;
#132 = CARTESIAN_POINT ( 'NONE',  ( -1.449747468305833564, 3.500000000000000000, 20.81250000000000355 ) ) ;
#133 = CARTESIAN_POINT ( 'NONE',  ( 2.857606504790286994, -2.857606504790286550, 27.06250000136559919 ) ) ;
#134 = CARTESIAN_POINT ( 'NONE',  ( -4.041265874999998786, -1.673947134580575868, 20.75000000136559564 ) ) ;
#135 = CARTESIAN_POINT ( 'NONE',  ( -1.449747468305833564, 3.500000000000000000, 31.81250000000000000 ) ) ;
#136 = CARTESIAN_POINT ( 'NONE',  ( -1.449747468305833786, -3.499999999999999556, 21.18750000000000000 ) ) ;
#137 = CARTESIAN_POINT ( 'NONE',  ( -2.474873734152916782, 2.474873734152916782, 31.12500000273119127 ) ) ;
#138 =( BOUNDED_CURVE ( )  B_SPLINE_CURVE ( 2, ( #3784, #2909, #989, #2226, #3175, #693, #1309, #2555, #1011 ),
 .UNSPECIFIED., .F., .F. ) 
 B_SPLINE_CURVE_WITH_KNOTS ( ( 3, 2, 2, 2, 3 ),
 ( 0.6071428571428570953, 0.6160714285714286031, 0.6250000000000000000, 0.6339285714285712858, 0.6428571428571427937 ),
 .UNSPECIFIED. ) 
 CURVE ( )  GEOMETRIC_REPRESENTATION_ITEM ( )  RATIONAL_B_SPLINE_CURVE ( ( 1.000000000000000000, 0.9238795325112867385, 1.000000000000000000, 0.9238795325112867385, 1.000000000000000000, 0.9238795325112867385, 1.000000000000000000, 0.9238795325112877377, 0.9999999999999990008 ) ) 
 REPRESENTATION_ITEM ( '' )  );
#139 = CARTESIAN_POINT ( 'NONE',  ( -2.857606504790286106, -2.857606504790286994, 24.81250000136559564 ) ) ;
#140 = VECTOR ( 'NONE', #954, 1000.000000000000000 ) ;
#141 = CARTESIAN_POINT ( 'NONE',  ( -1.673947134580573870, 4.041265874999999674, 30.37500000136559919 ) ) ;
#142 = CARTESIAN_POINT ( 'NONE',  ( 2.857606504790286550, 2.857606504790286994, 27.18750000136559919 ) ) ;
#143 = EDGE_CURVE ( 'NONE', #7, #369, #39, .T. ) ;
#144 = CARTESIAN_POINT ( 'NONE',  ( 0.9978624969567096992, 1.851938134009583958, 6.769536302151058393 ) ) ;
#145 = CARTESIAN_POINT ( 'NONE',  ( 1.673947134580575424, -4.041265874999998786, 23.00000000136559564 ) ) ;
#146 = LINE ( 'NONE', #3291, #3796 ) ;
#147 = CARTESIAN_POINT ( 'NONE',  ( 2.857606504790286550, 2.857606504790286994, 31.31250000136559564 ) ) ;
#148 = CARTESIAN_POINT ( 'NONE',  ( -2.474873734152916782, 2.474873734152916782, 30.87500000000000355 ) ) ;
#149 = CARTESIAN_POINT ( 'NONE',  ( -2.857606504790286994, 2.857606504790286994, 30.56250000136559919 ) ) ;
#150 = DIRECTION ( 'NONE',  ( 1.000000000000000000, 0.000000000000000000, 0.000000000000000000 ) ) ;
#151 = CARTESIAN_POINT ( 'NONE',  ( 1.449747468305832898, 3.500000000000000000, 27.68750000000000355 ) ) ;
#152 = DIRECTION ( 'NONE',  ( 0.000000000000000000, 0.000000000000000000, 1.000000000000000000 ) ) ;
#153 = CARTESIAN_POINT ( 'NONE',  ( 0.1671282996793988507, 2.836811590500856628, 14.74999999999999822 ) ) ;
#154 = CARTESIAN_POINT ( 'NONE',  ( 0.9491528325605838035, -3.895787664813328721, 20.00000000000000000 ) ) ;
#155 = CARTESIAN_POINT ( 'NONE',  ( -1.449747468305833564, -3.500000000000000000, 27.43750000273119838 ) ) ;
#156 = CARTESIAN_POINT ( 'NONE',  ( 4.041265875000000563, -1.673947134580572538, 25.12500000136559564 ) ) ;
#157 = AXIS2_PLACEMENT_3D ( 'NONE', #2545, #3470, #129 ) ;
#158 = CARTESIAN_POINT ( 'NONE',  ( 7.423684977483266541E-16, -4.041265874999999674, 27.81250000136559919 ) ) ;
#159 = CARTESIAN_POINT ( 'NONE',  ( -4.041265874999999674, 1.673947134580573648, 26.50000000136559564 ) ) ;
#160 = APPROVAL_STATUS ( 'not_yet_approved' ) ;
#161 =( BOUNDED_CURVE ( )  B_SPLINE_CURVE ( 2, ( #2926, #426, #1619, #135, #2616, #101, #2857, #1290, #1941 ),
 .UNSPECIFIED., .F., .F. ) 
 B_SPLINE_CURVE_WITH_KNOTS ( ( 3, 2, 2, 2, 3 ),
 ( 0.1428571428571429880, 0.1517857142857144126, 0.1607142857142858650, 0.1696428571428572896, 0.1785714285714287142 ),
 .UNSPECIFIED. ) 
 CURVE ( )  GEOMETRIC_REPRESENTATION_ITEM ( )  RATIONAL_B_SPLINE_CURVE ( ( 0.9999999999999987788, 0.9238795325112879597, 1.000000000000000000, 0.9238795325112867385, 1.000000000000000000, 0.9238795325112867385, 1.000000000000000000, 0.9238795325112855172, 1.000000000000001110 ) ) 
 REPRESENTATION_ITEM ( '' )  );
#162 = EDGE_CURVE ( 'NONE', #2957, #1617, #2519, .T. ) ;
#163 = CARTESIAN_POINT ( 'NONE',  ( 6.335262163001002996E-08, 3.499999999999999556, 20.00000000000000355 ) ) ;
#164 = CARTESIAN_POINT ( 'NONE',  ( 1.449747468305834897, -3.499999999999999112, 23.56250000273119483 ) ) ;
#165 = LINE ( 'NONE', #1106, #1162 ) ;
#166 = EDGE_CURVE ( 'NONE', #2729, #1169, #1662, .T. ) ;
#167 = CARTESIAN_POINT ( 'NONE',  ( 1.673947134580575424, -4.041265874999998786, 32.00000000136559919 ) ) ;
#168 = CARTESIAN_POINT ( 'NONE',  ( -3.500000000000000000, 1.449747468305833120, 33.18750000273119127 ) ) ;
#169 = CARTESIAN_POINT ( 'NONE',  ( -1.449747468305833564, 3.500000000000000000, 27.81250000000000355 ) ) ;
#170 = CARTESIAN_POINT ( 'NONE',  ( 2.474873734152916338, 2.474873734152916782, 33.62500000000000000 ) ) ;
#171 = CARTESIAN_POINT ( 'NONE',  ( 3.500000000000000000, 4.286263797015736595E-16, 24.75000000273119127 ) ) ;
#172 = CARTESIAN_POINT ( 'NONE',  ( -3.500000000000000444, 1.449747468305833120, 26.93750000000000711 ) ) ;
#173 = FACE_OUTER_BOUND ( 'NONE', #1833, .T. ) ;
#174 = CARTESIAN_POINT ( 'NONE',  ( -2.474873734152915894, -2.474873734152917226, 23.37500000273119127 ) ) ;
#175 = ORIENTED_EDGE ( 'NONE', *, *, #670, .F. ) ;
#176 = CARTESIAN_POINT ( 'NONE',  ( -4.041265874999998786, -1.673947134580575868, 22.75000000136559919 ) ) ;
#177 = CARTESIAN_POINT ( 'NONE',  ( -1.673947134580573870, 4.041265874999999674, 27.37500000136559919 ) ) ;
#178 = CARTESIAN_POINT ( 'NONE',  ( 1.673947134580575424, -4.041265874999998786, 24.87500000136559919 ) ) ;
#179 = CARTESIAN_POINT ( 'NONE',  ( 3.499999999999993339, 1.449747468305840226, 28.81250000273118772 ) ) ;
#180 = CARTESIAN_POINT ( 'NONE',  ( 1.217283505800182075, 5.875572544199749281, 16.32819995477864339 ) ) ;
#181 = B_SPLINE_CURVE_WITH_KNOTS ( 'NONE', 3,
 ( #2945, #3265, #154, #1066, #510, #3603, #3903, #1115, #1743, #2688, #2356, #812, #531, #479, #3935, #2043, #796, #2652, #1098, #496, #1386, #1135 ),
 .UNSPECIFIED., .F., .F.,
 ( 4, 2, 2, 2, 2, 2, 2, 2, 2, 2, 4 ),
 ( 7.771724829518791608E-16, 0.0009228628020583645904, 0.001845725604115952025, 0.002768588406173539459, 0.003691451208231126893, 0.004152882609259921261, 0.004614314010288716496, 0.005075745411317509996, 0.005537176812346305231, 0.006460039614403894834, 0.007382902416461483569 ),
 .UNSPECIFIED. ) ;
#182 = CARTESIAN_POINT ( 'NONE',  ( 4.041265875000001451, -1.673947134580572538, 32.12500000136559208 ) ) ;
#183 = CARTESIAN_POINT ( 'NONE',  ( 3.895904810105700555, -0.9488879343584654125, 20.00000000000000355 ) ) ;
#184 = FACE_OUTER_BOUND ( 'NONE', #1784, .T. ) ;
#185 = CARTESIAN_POINT ( 'NONE',  ( -6.000000000000000888, 6.593496661063521923E-24, 12.90000000000000036 ) ) ;
#186 = LINE ( 'NONE', #1436, #106 ) ;
#187 = CARTESIAN_POINT ( 'NONE',  ( -2.143131898507868297E-16, 3.500000000000000000, 27.75000000000000355 ) ) ;
#188 = EDGE_CURVE ( 'NONE', #1705, #1209, #3774, .T. ) ;
#189 = CARTESIAN_POINT ( 'NONE',  ( 3.500000000000000000, 4.286263797015736595E-16, 23.75000000273119127 ) ) ;
#190 = CARTESIAN_POINT ( 'NONE',  ( 3.500000000000001332, -1.449747468305832010, 25.68750000273119838 ) ) ;
#191 = ORIENTED_EDGE ( 'NONE', *, *, #206, .T. ) ;
#192 = ORIENTED_EDGE ( 'NONE', *, *, #257, .F. ) ;
#193 = CARTESIAN_POINT ( 'NONE',  ( -1.673947134580573648, 4.041265874999999674, 24.50000000136559564 ) ) ;
#194 = CARTESIAN_POINT ( 'NONE',  ( -4.041265874999999674, 0.000000000000000000, 24.56250000136559564 ) ) ;
#195 = CARTESIAN_POINT ( 'NONE',  ( 2.857606504790286550, 2.857606504790286994, 25.18750000136559564 ) ) ;
#196 = COORDINATED_UNIVERSAL_TIME_OFFSET ( 8, 0, .AHEAD. ) ;
#197 = VECTOR ( 'NONE', #1410, 1000.000000000000000 ) ;
#198 = AXIS2_PLACEMENT_3D ( 'NONE', #1589, #2566, #2500 ) ;
#199 = CARTESIAN_POINT ( 'NONE',  ( -3.500000000000000000, 0.000000000000000000, 20.25000000273119127 ) ) ;
#200 = CARTESIAN_POINT ( 'NONE',  ( 1.249921918242511865, 5.868363929124338796, 16.16561951922739127 ) ) ;
#201 = CARTESIAN_POINT ( 'NONE',  ( -4.041265874999999674, 1.673947134580573648, 33.62500000136559919 ) ) ;
#202 = CYLINDRICAL_SURFACE ( 'NONE', #3190, 3.500000000000000000 ) ;
#203 = CARTESIAN_POINT ( 'NONE',  ( -1.673947134580573648, 4.041265874999999674, 25.37500000136559564 ) ) ;
#204 = CARTESIAN_POINT ( 'NONE',  ( 4.041265875000000563, -1.673947134580572538, 33.00000000136559919 ) ) ;
#205 = VERTEX_POINT ( 'NONE', #1321 ) ;
#206 = EDGE_CURVE ( 'NONE', #1705, #1877, #2241, .T. ) ;
#207 = CARTESIAN_POINT ( 'NONE',  ( -5.367189839240056770, 2.684881708039497994, 14.43743967845636256 ) ) ;
#208 = FACE_OUTER_BOUND ( 'NONE', #3996, .T. ) ;
#209 = CARTESIAN_POINT ( 'NONE',  ( -2.474873734152916782, 2.474873734152916782, 28.87500000000000000 ) ) ;
#210 = CARTESIAN_POINT ( 'NONE',  ( -6.000000000000001776, 0.1656694279915006951, 4.750000000000000000 ) ) ;
#211 = CARTESIAN_POINT ( 'NONE',  ( 3.500000000000000444, 1.449747468305833342, 26.81250000273119127 ) ) ;
#212 = ORIENTED_EDGE ( 'NONE', *, *, #231, .T. ) ;
#213 = CARTESIAN_POINT ( 'NONE',  ( -2.100000000000000089, 0.08467116648001078716, 7.249999999999998224 ) ) ;
#214 = ORIENTED_EDGE ( 'NONE', *, *, #421, .F. ) ;
#215 = ADVANCED_FACE ( 'NONE', ( #2218 ), #3492, .T. ) ;
#216 = CARTESIAN_POINT ( 'NONE',  ( 4.041265874999999674, 1.673947134580573870, 25.12500000136559564 ) ) ;
#217 = CARTESIAN_POINT ( 'NONE',  ( 7.423684977483266541E-16, -4.041265874999999674, 22.81250000136559564 ) ) ;
#218 = CARTESIAN_POINT ( 'NONE',  ( -2.474561659161088847E-16, 4.041265874999999674, 23.43750000136559564 ) ) ;
#219 = CYLINDRICAL_SURFACE ( 'NONE', #3689, 3.500000000000000000 ) ;
#220 = CARTESIAN_POINT ( 'NONE',  ( -6.000000000000000888, 0.000000000000000000, 34.00000000000000000 ) ) ;
#221 = CARTESIAN_POINT ( 'NONE',  ( 1.673947134580573426, 4.041265874999999674, 30.37500000136559919 ) ) ;
#222 = CARTESIAN_POINT ( 'NONE',  ( 1.074865971444262547, 3.421775448230330419, 19.99999999999999289 ) ) ;
#223 = ORIENTED_EDGE ( 'NONE', *, *, #1954, .T. ) ;
#224 = CARTESIAN_POINT ( 'NONE',  ( -2.857606504790286106, -2.857606504790286994, 25.68750000136559564 ) ) ;
#225 = CARTESIAN_POINT ( 'NONE',  ( 4.041265874999999674, 1.673947134580573648, 31.12500000136559919 ) ) ;
#226 = VERTEX_POINT ( 'NONE', #419 ) ;
#227 = CARTESIAN_POINT ( 'NONE',  ( -5.695292613773027313, 1.911718853239078753, 13.52752145616768864 ) ) ;
#228 = CARTESIAN_POINT ( 'NONE',  ( 1.449747468305832898, 3.500000000000000444, 22.68750000000000000 ) ) ;
#229 = CARTESIAN_POINT ( 'NONE',  ( -5.917257064483841589, 0.9999280223985094196, 6.767863525102584710 ) ) ;
#230 = CARTESIAN_POINT ( 'NONE',  ( -3.500000000000000000, 0.000000000000000000, 24.25000000273119127 ) ) ;
#231 = EDGE_CURVE ( 'NONE', #1746, #914, #3186, .T. ) ;
#232 = VERTEX_POINT ( 'NONE', #114 ) ;
#233 = ORIENTED_EDGE ( 'NONE', *, *, #670, .T. ) ;
#234 = PERSON ( '未指定', '未指定', '未指定', ('未指定'), ('未指定'), ('未指定') ) ;
#235 = CARTESIAN_POINT ( 'NONE',  ( -2.857606504790286994, 2.857606504790286994, 24.43750000136559564 ) ) ;
#236 = CARTESIAN_POINT ( 'NONE',  ( 0.000000000000000000, 0.000000000000000000, 11.00000000000000000 ) ) ;
#237 = CARTESIAN_POINT ( 'NONE',  ( -2.857606504790286994, 2.857606504790286994, 25.43750000136559564 ) ) ;
#238 = CARTESIAN_POINT ( 'NONE',  ( 2.857606504790286550, 2.857606504790286994, 22.31250000136559919 ) ) ;
#239 = DIRECTION ( 'NONE',  ( -0.8660254037844408170, 0.000000000000000000, -0.4999999999999961697 ) ) ;
#240 = CARTESIAN_POINT ( 'NONE',  ( -3.500000000000000000, 0.000000000000000000, 22.25000000273119127 ) ) ;
#241 = CARTESIAN_POINT ( 'NONE',  ( -4.041265874999999674, 1.673947134580573648, 26.62500000136559919 ) ) ;
#242 = DIRECTION ( 'NONE',  ( 0.000000000000000000, 0.000000000000000000, 1.000000000000000000 ) ) ;
#243 = CARTESIAN_POINT ( 'NONE',  ( -4.041265874999998786, -1.673947134580575868, 24.62500000136559564 ) ) ;
#244 = CARTESIAN_POINT ( 'NONE',  ( -2.474561659161088847E-16, 4.041265874999999674, 33.31250000136559919 ) ) ;
#245 = ORIENTED_EDGE ( 'NONE', *, *, #639, .T. ) ;
#246 = DIRECTION ( 'NONE',  ( 1.000000000000000000, 0.000000000000000000, 0.000000000000000000 ) ) ;
#247 = CARTESIAN_POINT ( 'NONE',  ( 3.500000000000000444, 1.449747468305833342, 29.56250000000000355 ) ) ;
#248 = CARTESIAN_POINT ( 'NONE',  ( 3.500000000000001332, -1.449747468305832010, 24.43750000000000355 ) ) ;
#249 = CARTESIAN_POINT ( 'NONE',  ( -2.857606504790286994, 2.857606504790286994, 31.43750000136559564 ) ) ;
#250 = CARTESIAN_POINT ( 'NONE',  ( 2.474873734152917226, -2.474873734152916338, 23.62500000273119127 ) ) ;
#251 = ORIENTED_EDGE ( 'NONE', *, *, #2273, .F. ) ;
#252 = CARTESIAN_POINT ( 'NONE',  ( -3.500000000000000000, 0.000000000000000000, 29.25000000273119127 ) ) ;
#253 = VERTEX_POINT ( 'NONE', #2590 ) ;
#254 = CARTESIAN_POINT ( 'NONE',  ( 7.423684977483266541E-16, -4.041265874999999674, 26.81250000136559919 ) ) ;
#255 = DIRECTION ( 'NONE',  ( -0.000000000000000000, -0.000000000000000000, 1.000000000000000000 ) ) ;
#256 = CARTESIAN_POINT ( 'NONE',  ( -1.673947134580573870, 4.041265874999999674, 22.37500000136559919 ) ) ;
#257 = EDGE_CURVE ( 'NONE', #369, #589, #6, .T. ) ;
#258 = CARTESIAN_POINT ( 'NONE',  ( -2.100000000000000089, -1.618281125438398142E-19, 4.750000000000000000 ) ) ;
#259 = CYLINDRICAL_SURFACE ( 'NONE', #2738, 3.500000000000000000 ) ;
#260 =( BOUNDED_CURVE ( )  B_SPLINE_CURVE ( 2, ( #3825, #748, #2597, #1942, #3786, #3480, #3215, #2876, #1674 ),
 .UNSPECIFIED., .F., .F. ) 
 B_SPLINE_CURVE_WITH_KNOTS ( ( 3, 2, 2, 2, 3 ),
 ( 0.1428571428571429880, 0.1517857142857143571, 0.1607142857142857539, 0.1696428571428570953, 0.1785714285714284644 ),
 .UNSPECIFIED. ) 
 CURVE ( )  GEOMETRIC_REPRESENTATION_ITEM ( )  RATIONAL_B_SPLINE_CURVE ( ( 0.9999999999999987788, 0.9238795325112879597, 1.000000000000000000, 0.9238795325112867385, 1.000000000000000000, 0.9238795325112867385, 1.000000000000000000, 0.9238795325112877377, 0.9999999999999990008 ) ) 
 REPRESENTATION_ITEM ( '' )  );
#261 = EDGE_CURVE ( 'NONE', #618, #2431, #2059, .T. ) ;
#262 = CARTESIAN_POINT ( 'NONE',  ( -4.041265874999999674, 0.000000000000000000, 26.68750000136559919 ) ) ;
#263 = CARTESIAN_POINT ( 'NONE',  ( 6.429395695523603167E-16, -3.500000000000000000, 33.25000000000000000 ) ) ;
#264 = CARTESIAN_POINT ( 'NONE',  ( -2.474561659161088847E-16, 4.041265874999999674, 24.31250000136559564 ) ) ;
#265 = CARTESIAN_POINT ( 'NONE',  ( -4.041265874999999674, 1.673947134580573426, 33.50000000136559919 ) ) ;
#266 = EDGE_LOOP ( 'NONE', ( #42, #3455, #3957, #3356, #3364, #342, #1479, #2810, #2853, #1423, #2127, #3616, #2057, #826, #3931, #3750, #3588, #3133, #2731, #1598, #272, #1500, #1379, #1925, #3707, #2390, #3036, #1804, #3731, #1579, #1158 ) ) ;
#267 = FACE_OUTER_BOUND ( 'NONE', #1767, .T. ) ;
#268 = CARTESIAN_POINT ( 'NONE',  ( -3.500000000000000000, 0.000000000000000000, 33.00000000000000000 ) ) ;
#269 = CARTESIAN_POINT ( 'NONE',  ( -2.143131898507868297E-16, 3.500000000000000000, 21.75000000000000355 ) ) ;
#270 = CARTESIAN_POINT ( 'NONE',  ( 2.857606504790286550, 2.857606504790286994, 31.18750000136559919 ) ) ;
#271 = CARTESIAN_POINT ( 'NONE',  ( -2.474873734152916782, 2.474873734152916782, 20.12500000273119483 ) ) ;
#272 = ORIENTED_EDGE ( 'NONE', *, *, #1720, .T. ) ;
#273 = CARTESIAN_POINT ( 'NONE',  ( -1.714501635279906955, 1.214997509849731872, 5.664122722956754785 ) ) ;
#274 = ORIENTED_EDGE ( 'NONE', *, *, #3716, .T. ) ;
#275 = CARTESIAN_POINT ( 'NONE',  ( 4.041265874999999674, 4.949123318322177694E-16, 20.06250000136559919 ) ) ;
#276 = DIRECTION ( 'NONE',  ( 1.000000000000000000, -0.000000000000000000, -0.000000000000000000 ) ) ;
#277 = CARTESIAN_POINT ( 'NONE',  ( 4.041265874999999674, 1.673947134580573870, 20.12500000136560274 ) ) ;
#278 = APPROVAL_PERSON_ORGANIZATION ( #971, #1051, #2898 ) ;
#279 = CARTESIAN_POINT ( 'NONE',  ( 7.423684977483266541E-16, -4.041265874999999674, 19.93750000136559919 ) ) ;
#280 = CARTESIAN_POINT ( 'NONE',  ( -2.094926799166128006, 0.1674389874724586114, 4.758469268056493284 ) ) ;
#281 = LINE ( 'NONE', #2717, #3268 ) ;
#282 = EDGE_CURVE ( 'NONE', #1178, #2066, #3609, .T. ) ;
#283 = CARTESIAN_POINT ( 'NONE',  ( -0.4111418969202660367, 2.060819050996619328, 4.816712844326507259 ) ) ;
#284 = CARTESIAN_POINT ( 'NONE',  ( -2.857606504790286106, -2.857606504790286994, 26.81250000136559919 ) ) ;
#285 = CARTESIAN_POINT ( 'NONE',  ( 2.857606504790286550, 2.857606504790286994, 27.18750000136559919 ) ) ;
#286 = CARTESIAN_POINT ( 'NONE',  ( -2.474561659161088847E-16, 4.041265874999999674, 26.43750000136559919 ) ) ;
#287 = CARTESIAN_POINT ( 'NONE',  ( -4.041265874999998786, -1.673947134580575868, 32.62500000136559919 ) ) ;
#288 = EDGE_CURVE ( 'NONE', #2454, #2231, #948, .T. ) ;
#289 =( BOUNDED_CURVE ( )  B_SPLINE_CURVE ( 2, ( #2301, #1110, #3841, #132, #1043, #1959, #1398, #474, #759 ),
 .UNSPECIFIED., .F., .F. ) 
 B_SPLINE_CURVE_WITH_KNOTS ( ( 3, 2, 2, 2, 3 ),
 ( 0.9285714285714284921, 0.9374999999999998890, 0.9464285714285711748, 0.9553571428571426827, 0.9642857142857140795 ),
 .UNSPECIFIED. ) 
 CURVE ( )  GEOMETRIC_REPRESENTATION_ITEM ( )  RATIONAL_B_SPLINE_CURVE ( ( 1.000000000000000888, 0.9238795325112857393, 1.000000000000000000, 0.9238795325112867385, 1.000000000000000000, 0.9238795325112867385, 1.000000000000000000, 0.9238795325112886259, 0.9999999999999981126 ) ) 
 REPRESENTATION_ITEM ( '' )  );
#290 = ORIENTED_EDGE ( 'NONE', *, *, #1578, .F. ) ;
#291 = CARTESIAN_POINT ( 'NONE',  ( 3.500000000000000000, 4.286263797015736595E-16, 25.50000000000000355 ) ) ;
#292 = CARTESIAN_POINT ( 'NONE',  ( 3.500000000000001332, -1.449747468305832010, 32.43750000000000000 ) ) ;
#293 = CARTESIAN_POINT ( 'NONE',  ( -3.500000000000000444, 1.449747468305833120, 23.93750000000000000 ) ) ;
#294 = CARTESIAN_POINT ( 'NONE',  ( -4.041265874999998786, -1.673947134580575868, 32.62500000136559208 ) ) ;
#295 = CARTESIAN_POINT ( 'NONE',  ( 1.449747468305832898, 3.500000000000000444, 19.93750000273119127 ) ) ;
#296 = EDGE_LOOP ( 'NONE', ( #527, #3345, #3058, #844 ) ) ;
#297 = CARTESIAN_POINT ( 'NONE',  ( 1.673947134580573204, 4.041265874999999674, 31.37500000136559564 ) ) ;
#298 = ORIENTED_EDGE ( 'NONE', *, *, #3271, .F. ) ;
#299 = CARTESIAN_POINT ( 'NONE',  ( 4.041265875000001451, -1.673947134580572538, 21.00000000136559564 ) ) ;
#300 = CARTESIAN_POINT ( 'NONE',  ( 0.1633688523880733046, 6.000000000000000888, 7.250000000000000888 ) ) ;
#301 = CARTESIAN_POINT ( 'NONE',  ( -3.499999999999999556, -1.449747468305835341, 32.31250000273119127 ) ) ;
#302 = ORIENTED_EDGE ( 'NONE', *, *, #24, .T. ) ;
#303 = CARTESIAN_POINT ( 'NONE',  ( 1.673947134580573426, 4.041265874999999674, 21.37500000136560274 ) ) ;
#304 = CARTESIAN_POINT ( 'NONE',  ( 3.500000000000000000, 4.286263797015736595E-16, 33.50000000000000000 ) ) ;
#305 = CARTESIAN_POINT ( 'NONE',  ( -2.474873734152916782, 2.474873734152916782, 22.12500000273119127 ) ) ;
#306 = CARTESIAN_POINT ( 'NONE',  ( 0.3306535122691037776, 2.852181336733897954, 17.21638793480099139 ) ) ;
#307 = CARTESIAN_POINT ( 'NONE',  ( -2.857606504790286106, -2.857606504790286994, 28.81250000136559564 ) ) ;
#308 = FACE_OUTER_BOUND ( 'NONE', #978, .T. ) ;
#309 = CARTESIAN_POINT ( 'NONE',  ( -1.673947134580574092, -4.041265874999998786, 26.87500000136559919 ) ) ;
#310 = CARTESIAN_POINT ( 'NONE',  ( 2.857606504790286550, 2.857606504790286994, 30.18750000136559919 ) ) ;
#311 = CARTESIAN_POINT ( 'NONE',  ( 3.500000000000000000, 4.286263797015736595E-16, 26.50000000000000355 ) ) ;
#312 = VERTEX_POINT ( 'NONE', #772 ) ;
#313 = CARTESIAN_POINT ( 'NONE',  ( -3.500000000000000000, 0.000000000000000000, 31.00000000000000355 ) ) ;
#314 = CARTESIAN_POINT ( 'NONE',  ( 1.449747468305834674, -3.499999999999999556, 30.31250000000000000 ) ) ;
#315 = CARTESIAN_POINT ( 'NONE',  ( 3.500000000000000000, 4.286263797015736595E-16, 21.50000000000000000 ) ) ;
#316 = CARTESIAN_POINT ( 'NONE',  ( -3.500000000000000000, 0.000000000000000000, 24.00000000000000000 ) ) ;
#317 = CARTESIAN_POINT ( 'NONE',  ( 1.449747468305834674, -3.499999999999999556, 19.56250000273119483 ) ) ;
#318 = CARTESIAN_POINT ( 'NONE',  ( 1.449747468305832898, 3.500000000000000000, 31.93750000273119127 ) ) ;
#319 = ORIENTED_EDGE ( 'NONE', *, *, #988, .T. ) ;
#320 = CARTESIAN_POINT ( 'NONE',  ( 4.041265874999999674, 1.673947134580573648, 30.25000000136559919 ) ) ;
#321 = ORIENTED_EDGE ( 'NONE', *, *, #2800, .F. ) ;
#322 = CARTESIAN_POINT ( 'NONE',  ( -2.857606504790286106, -2.857606504790286994, 21.81250000136559564 ) ) ;
#323 = CARTESIAN_POINT ( 'NONE',  ( 2.857606504790286994, -2.857606504790286550, 22.93750000136559564 ) ) ;
#324 = CARTESIAN_POINT ( 'NONE',  ( -6.000000000000001776, -0.1656262679825010742, 4.750000000000000000 ) ) ;
#325 = CARTESIAN_POINT ( 'NONE',  ( 2.474873734152917226, -2.474873734152916338, 32.62500000273119127 ) ) ;
#326 = CARTESIAN_POINT ( 'NONE',  ( 7.423684977483266541E-16, -4.041265874999999674, 20.93750000136559564 ) ) ;
#327 = CARTESIAN_POINT ( 'NONE',  ( -3.500000000000000000, 0.000000000000000000, 31.25000000273119127 ) ) ;
#328 = CARTESIAN_POINT ( 'NONE',  ( -1.673947134580574092, -4.041265874999998786, 29.87500000136559919 ) ) ;
#329 = CARTESIAN_POINT ( 'NONE',  ( -2.857606504790286106, -2.857606504790286994, 21.68750000136559564 ) ) ;
#330 = CARTESIAN_POINT ( 'NONE',  ( 4.041265874999999674, 4.949123318322177694E-16, 26.18750000136559919 ) ) ;
#331 = CARTESIAN_POINT ( 'NONE',  ( 4.041265874999999674, 1.673947134580573648, 28.12500000136559564 ) ) ;
#332 = CARTESIAN_POINT ( 'NONE',  ( 3.500000000000000000, 4.286263797015736595E-16, 24.75000000273119127 ) ) ;
#333 = FACE_OUTER_BOUND ( 'NONE', #2222, .T. ) ;
#334 = ORIENTED_EDGE ( 'NONE', *, *, #1581, .T. ) ;
#335 = VECTOR ( 'NONE', #858, 1000.000000000000000 ) ;
#336 = CARTESIAN_POINT ( 'NONE',  ( 1.530810862315391917E-16, 6.000000000000000888, 7.250000000000000888 ) ) ;
#337 = CARTESIAN_POINT ( 'NONE',  ( -3.500000000000000000, 0.000000000000000000, 31.00000000000000355 ) ) ;
#338 = CARTESIAN_POINT ( 'NONE',  ( -2.857606504790286106, -2.857606504790286994, 30.81250000136559919 ) ) ;
#339 = CARTESIAN_POINT ( 'NONE',  ( 7.423684977483266541E-16, -4.041265874999999674, 29.81250000136559564 ) ) ;
#340 = CARTESIAN_POINT ( 'NONE',  ( 3.500000000000000444, 1.449747468305833342, 22.81250000273118772 ) ) ;
#341 = CARTESIAN_POINT ( 'NONE',  ( -2.100000000000000533, -0.08483529500006924129, 7.249999999999999112 ) ) ;
#342 = ORIENTED_EDGE ( 'NONE', *, *, #3803, .T. ) ;
#343 = ADVANCED_FACE ( 'NONE', ( #3928 ), #202, .T. ) ;
#344 = CARTESIAN_POINT ( 'NONE',  ( 2.857606504790286994, -2.857606504790286550, 29.06250000136559564 ) ) ;
#345 = ORIENTED_EDGE ( 'NONE', *, *, #49, .F. ) ;
#346 = CARTESIAN_POINT ( 'NONE',  ( 4.041265874999999674, 4.949123318322177694E-16, 23.18750000136559564 ) ) ;
#347 = CARTESIAN_POINT ( 'NONE',  ( 4.041265874999999674, 1.673947134580573870, 21.12500000136559919 ) ) ;
#348 = DIRECTION ( 'NONE',  ( 0.000000000000000000, 0.000000000000000000, -1.000000000000000000 ) ) ;
#349 = CARTESIAN_POINT ( 'NONE',  ( -4.041265874999998786, -1.673947134580575868, 20.62500000136559919 ) ) ;
#350 = ADVANCED_FACE ( 'NONE', ( #2664 ), #2645, .T. ) ;
#351 = ORIENTED_EDGE ( 'NONE', *, *, #1853, .T. ) ;
#352 = CARTESIAN_POINT ( 'NONE',  ( 1.673947134580575424, -4.041265874999998786, 21.00000000136559564 ) ) ;
#353 = APPROVAL_PERSON_ORGANIZATION ( #1862, #2486, #2233 ) ;
#354 = DIRECTION ( 'NONE',  ( 1.000000000000000000, 0.000000000000000000, 0.000000000000000000 ) ) ;
#355 = DIRECTION ( 'NONE',  ( -0.000000000000000000, -0.000000000000000000, 1.000000000000000000 ) ) ;
#356 = CARTESIAN_POINT ( 'NONE',  ( -2.857606504790286106, -2.857606504790286994, 25.81250000136559564 ) ) ;
#357 = CARTESIAN_POINT ( 'NONE',  ( -4.041265874999998786, -1.673947134580575868, 20.62500000136559919 ) ) ;
#358 = CARTESIAN_POINT ( 'NONE',  ( -2.857606504790286994, 2.857606504790286994, 25.56250000136559564 ) ) ;
#359 = CARTESIAN_POINT ( 'NONE',  ( 1.673947134580573204, 4.041265874999999674, 27.25000000136559919 ) ) ;
#360 = CARTESIAN_POINT ( 'NONE',  ( 0.000000000000000000, 0.000000000000000000, 20.00000000000000355 ) ) ;
#361 = CARTESIAN_POINT ( 'NONE',  ( 2.474873734152917226, -2.474873734152916338, 32.62500000273119127 ) ) ;
#362 = CARTESIAN_POINT ( 'NONE',  ( -6.000000000000000888, 0.000000000000000000, 0.000000000000000000 ) ) ;
#363 = CARTESIAN_POINT ( 'NONE',  ( 6.429395695523603167E-16, -3.500000000000000000, 27.25000000000000355 ) ) ;
#364 = CARTESIAN_POINT ( 'NONE',  ( -2.857606504790286994, 2.857606504790286994, 31.56250000136559564 ) ) ;
#365 = CARTESIAN_POINT ( 'NONE',  ( -3.500000000000000444, 1.449747468305833120, 22.18750000273118772 ) ) ;
#366 = CARTESIAN_POINT ( 'NONE',  ( -1.851971217944700987, -0.9978523008356168233, 5.230352608214897892 ) ) ;
#367 = ORIENTED_EDGE ( 'NONE', *, *, #2432, .F. ) ;
#368 = CARTESIAN_POINT ( 'NONE',  ( -4.041265874999999674, 1.673947134580573426, 29.62500000136559564 ) ) ;
#369 = VERTEX_POINT ( 'NONE', #2350 ) ;
#370 = CARTESIAN_POINT ( 'NONE',  ( -2.857606504790286106, -2.857606504790286994, 22.81250000136559564 ) ) ;
#371 = CARTESIAN_POINT ( 'NONE',  ( -4.041265874999998786, -1.673947134580575868, 20.62500000136559919 ) ) ;
#372 = CARTESIAN_POINT ( 'NONE',  ( 0.000000000000000000, 0.000000000000000000, 0.000000000000000000 ) ) ;
#373 = CARTESIAN_POINT ( 'NONE',  ( -4.041265874999999674, 1.673947134580573648, 20.50000000136559564 ) ) ;
#374 = CARTESIAN_POINT ( 'NONE',  ( 4.041265874999999674, 1.673947134580573870, 20.25000000136559919 ) ) ;
#375 = ADVANCED_FACE ( 'NONE', ( #1989 ), #3313, .T. ) ;
#376 = CARTESIAN_POINT ( 'NONE',  ( 3.500000000000000000, 4.286263797015736595E-16, 28.50000000000000355 ) ) ;
#377 = LINE ( 'NONE', #1863, #486 ) ;
#378 = CARTESIAN_POINT ( 'NONE',  ( -2.474561659161088847E-16, 4.041265874999999674, 22.31250000136559919 ) ) ;
#379 = CARTESIAN_POINT ( 'NONE',  ( 2.857606504790286994, -2.857606504790286550, 27.06250000136559919 ) ) ;
#380 = DIRECTION ( 'NONE',  ( 0.000000000000000000, 0.000000000000000000, 1.000000000000000000 ) ) ;
#381 = CARTESIAN_POINT ( 'NONE',  ( 3.499999999999987121, -1.449747468305845999, 23.43749999999999645 ) ) ;
#382 = VERTEX_POINT ( 'NONE', #1126 ) ;
#383 = CARTESIAN_POINT ( 'NONE',  ( -3.500000000000000000, 4.286263797015736595E-16, 20.00000000000000355 ) ) ;
#384 = CARTESIAN_POINT ( 'NONE',  ( 6.429395695523603167E-16, -3.500000000000000000, 32.25000000000000000 ) ) ;
#385 = CARTESIAN_POINT ( 'NONE',  ( 1.673947134580575424, -4.041265874999998786, 32.00000000136559919 ) ) ;
#386 = CARTESIAN_POINT ( 'NONE',  ( -1.449747468305833786, -3.499999999999999556, 25.43750000273119483 ) ) ;
#387 = CARTESIAN_POINT ( 'NONE',  ( -6.000000000000000000, 0.000000000000000000, 19.09999999999999787 ) ) ;
#388 = CARTESIAN_POINT ( 'NONE',  ( -2.474561659161088847E-16, 4.041265874999999674, 28.43750000136559564 ) ) ;
#389 = ORIENTED_EDGE ( 'NONE', *, *, #2995, .T. ) ;
#390 = CARTESIAN_POINT ( 'NONE',  ( -4.041265874999999674, 0.000000000000000000, 33.62500000136559919 ) ) ;
#391 = CARTESIAN_POINT ( 'NONE',  ( 1.449747468305834897, -3.499999999999999112, 29.56250000273119127 ) ) ;
#392 = DIRECTION ( 'NONE',  ( 0.000000000000000000, -1.000000000000000000, 0.000000000000000000 ) ) ;
#393 = CARTESIAN_POINT ( 'NONE',  ( 2.474873734152916338, 2.474873734152916782, 29.87500000273119127 ) ) ;
#394 = CARTESIAN_POINT ( 'NONE',  ( -4.041265874999998786, -1.673947134580575868, 29.62500000136559564 ) ) ;
#395 = CALENDAR_DATE ( 2023, 13, 3 ) ;
#396 = CARTESIAN_POINT ( 'NONE',  ( -3.500000000000000000, 0.000000000000000000, 24.00000000000000000 ) ) ;
#397 = CARTESIAN_POINT ( 'NONE',  ( -4.041265874999999674, 1.673947134580573426, 22.50000000136559919 ) ) ;
#398 = CARTESIAN_POINT ( 'NONE',  ( 4.041265875000001451, -1.673947134580572538, 22.12500000136560274 ) ) ;
#399 = CARTESIAN_POINT ( 'NONE',  ( 3.500000000000000000, 1.449747468305833564, 24.81250000273119127 ) ) ;
#400 = CARTESIAN_POINT ( 'NONE',  ( -6.000000000000000888, 0.000000000000000000, 6.000000000000000000 ) ) ;
#401 = CARTESIAN_POINT ( 'NONE',  ( -2.143131898507868297E-16, 3.500000000000000000, 22.75000000000000355 ) ) ;
#402 = CARTESIAN_POINT ( 'NONE',  ( 6.429395695523603167E-16, -3.500000000000000000, 20.25000000000000355 ) ) ;
#403 = CARTESIAN_POINT ( 'NONE',  ( 1.449747468305832898, 3.500000000000000000, 26.68750000000000355 ) ) ;
#404 = CARTESIAN_POINT ( 'NONE',  ( -1.449747468305833786, -3.499999999999999556, 20.18750000000000355 ) ) ;
#405 = CIRCLE ( 'NONE', #3523, 3.100000000000000533 ) ;
#406 = CARTESIAN_POINT ( 'NONE',  ( 7.423684977483266541E-16, -4.041265874999999674, 26.93750000136559919 ) ) ;
#407 = CARTESIAN_POINT ( 'NONE',  ( -3.499999999999992006, -1.449747468305842224, 30.31250000273118772 ) ) ;
#408 = CARTESIAN_POINT ( 'NONE',  ( 3.500000000000000000, 4.286263797015736595E-16, 21.50000000000000000 ) ) ;
#409 = CARTESIAN_POINT ( 'NONE',  ( 0.000000000000000000, 6.000000000000000888, 4.749999999999999112 ) ) ;
#410 = CARTESIAN_POINT ( 'NONE',  ( -1.449747468305833342, 3.500000000000000444, 29.06250000273118772 ) ) ;
#411 = CARTESIAN_POINT ( 'NONE',  ( -2.857606504790286994, 2.857606504790286994, 28.43750000136559564 ) ) ;
#412 = CARTESIAN_POINT ( 'NONE',  ( -3.500000000000000000, 0.000000000000000000, 28.00000000000000355 ) ) ;
#413 = CARTESIAN_POINT ( 'NONE',  ( 4.041265875000001451, -1.673947134580572538, 29.00000000136559564 ) ) ;
#414 = CARTESIAN_POINT ( 'NONE',  ( 2.474873734152916338, 2.474873734152916782, 28.62500000000000000 ) ) ;
#415 = CARTESIAN_POINT ( 'NONE',  ( -5.231832838546174536, -2.938688617254315627, 17.00772142198018599 ) ) ;
#416 = CARTESIAN_POINT ( 'NONE',  ( -0.6307756332871479188, 5.968681298996451723, 14.90846068898061461 ) ) ;
#417 = CARTESIAN_POINT ( 'NONE',  ( -2.857606504790286994, 2.857606504790286994, 23.56250000136559564 ) ) ;
#418 = DIRECTION ( 'NONE',  ( 1.000000000000000000, 0.000000000000000000, 0.000000000000000000 ) ) ;
#419 = CARTESIAN_POINT ( 'NONE',  ( 1.530810862315391917E-16, 6.000000000000000888, 7.250000000000000888 ) ) ;
#420 = CARTESIAN_POINT ( 'NONE',  ( -2.857606504790286106, -2.857606504790286994, 32.81250000136559919 ) ) ;
#421 = EDGE_CURVE ( 'NONE', #1169, #690, #450, .T. ) ;
#422 = CARTESIAN_POINT ( 'NONE',  ( 3.500000000000000000, 4.286263797015736595E-16, 25.75000000273119127 ) ) ;
#423 = CARTESIAN_POINT ( 'NONE',  ( 0.000000000000000000, 0.000000000000000000, 20.00000000000000355 ) ) ;
#424 = CARTESIAN_POINT ( 'NONE',  ( 2.857606504790286550, 2.857606504790286994, 27.31250000136559919 ) ) ;
#425 = CARTESIAN_POINT ( 'NONE',  ( -1.449747468305833786, -3.499999999999999556, 30.43750000273119127 ) ) ;
#426 = CARTESIAN_POINT ( 'NONE',  ( -3.499999999999982681, 1.449747468305849996, 31.93750000000000000 ) ) ;
#427 = EDGE_CURVE ( 'NONE', #1100, #1176, #2923, .T. ) ;
#428 = LINE ( 'NONE', #1979, #2988 ) ;
#429 = CARTESIAN_POINT ( 'NONE',  ( 1.449747468305832898, 3.500000000000000444, 30.93750000273119483 ) ) ;
#430 =( BOUNDED_CURVE ( )  B_SPLINE_CURVE ( 2, ( #2262, #642, #617, #1852, #3099, #318, #3474, #2798, #2482 ),
 .UNSPECIFIED., .F., .F. ) 
 B_SPLINE_CURVE_WITH_KNOTS ( ( 3, 2, 2, 2, 3 ),
 ( 0.07142857142857149400, 0.08035714285714293248, 0.08928571428571437096, 0.09821428571428580945, 0.1071428571428572341 ),
 .UNSPECIFIED. ) 
 CURVE ( )  GEOMETRIC_REPRESENTATION_ITEM ( )  RATIONAL_B_SPLINE_CURVE ( ( 0.9999999999999994449, 0.9238795325112872936, 1.000000000000000000, 0.9238795325112867385, 1.000000000000000000, 0.9238795325112867385, 1.000000000000000000, 0.9238795325112859613, 1.000000000000000888 ) ) 
 REPRESENTATION_ITEM ( '' )  );
#431 = CARTESIAN_POINT ( 'NONE',  ( 2.857606504790286994, -2.857606504790286550, 22.06250000136559564 ) ) ;
#432 = CARTESIAN_POINT ( 'NONE',  ( -2.474561659161088847E-16, 4.041265874999999674, 28.31250000136559564 ) ) ;
#433 = CARTESIAN_POINT ( 'NONE',  ( -4.041265874999998786, -1.673947134580575868, 26.62500000136559919 ) ) ;
#434 = DATE_AND_TIME ( #3891, #1372 ) ;
#435 = FACE_OUTER_BOUND ( 'NONE', #3150, .T. ) ;
#436 = CARTESIAN_POINT ( 'NONE',  ( -1.673947134580574092, -4.041265874999998786, 22.87500000136559564 ) ) ;
#437 = CARTESIAN_POINT ( 'NONE',  ( 0.3282665342002869524, 5.992915249958479684, 17.21707901764059656 ) ) ;
#438 = CYLINDRICAL_SURFACE ( 'NONE', #1582, 3.500000000000000000 ) ;
#439 = CARTESIAN_POINT ( 'NONE',  ( -2.474873734152915894, -2.474873734152917226, 23.12500000000000000 ) ) ;
#440 = CARTESIAN_POINT ( 'NONE',  ( -4.041265874999999674, 1.673947134580573648, 29.62500000136559564 ) ) ;
#441 = CARTESIAN_POINT ( 'NONE',  ( -2.143131898507868297E-16, 3.500000000000000000, 28.00000000273119127 ) ) ;
#442 = CARTESIAN_POINT ( 'NONE',  ( -4.041265874999999674, 0.000000000000000000, 27.68750000136559919 ) ) ;
#443 = CARTESIAN_POINT ( 'NONE',  ( 4.041265874999999674, 4.949123318322177694E-16, 21.18750000136559564 ) ) ;
#444 = CARTESIAN_POINT ( 'NONE',  ( 3.500000000000000000, 4.286263797015736595E-16, 29.75000000273119127 ) ) ;
#445 = DIRECTION ( 'NONE',  ( 0.000000000000000000, 0.000000000000000000, -1.000000000000000000 ) ) ;
#446 = CARTESIAN_POINT ( 'NONE',  ( -3.499999999999999556, -1.449747468305835341, 28.31250000273119127 ) ) ;
#447 = CARTESIAN_POINT ( 'NONE',  ( 1.673947134580573204, 4.041265874999999674, 23.37500000136559564 ) ) ;
#448 = CARTESIAN_POINT ( 'NONE',  ( -1.673947134580573870, 4.041265874999999674, 29.37500000136559564 ) ) ;
#449 = CARTESIAN_POINT ( 'NONE',  ( -2.857606504790286106, -2.857606504790286994, 26.68750000136559919 ) ) ;
#450 =( BOUNDED_CURVE ( )  B_SPLINE_CURVE ( 2, ( #3260, #3579, #148, #3876, #1109, #807, #472, #3597, #790 ),
 .UNSPECIFIED., .F., .F. ) 
 B_SPLINE_CURVE_WITH_KNOTS ( ( 3, 2, 2, 2, 3 ),
 ( 0.2142857142857142183, 0.2232142857142856707, 0.2321428571428570953, 0.2410714285714285199, 0.2499999999999999445 ),
 .UNSPECIFIED. ) 
 CURVE ( )  GEOMETRIC_REPRESENTATION_ITEM ( )  RATIONAL_B_SPLINE_CURVE ( ( 1.000000000000000444, 0.9238795325112862944, 1.000000000000000000, 0.9238795325112867385, 1.000000000000000000, 0.9238795325112867385, 1.000000000000000000, 0.9238795325112871826, 0.9999999999999995559 ) ) 
 REPRESENTATION_ITEM ( '' )  );
#451 = CARTESIAN_POINT ( 'NONE',  ( -3.500000000000000000, 4.286263797015736595E-16, 20.00000000000000355 ) ) ;
#452 = CARTESIAN_POINT ( 'NONE',  ( 4.041265874999999674, 1.673947134580573870, 22.25000000136559919 ) ) ;
#453 = CYLINDRICAL_SURFACE ( 'NONE', #1688, 3.500000000000000000 ) ;
#454 = CARTESIAN_POINT ( 'NONE',  ( 0.000000000000000000, 0.000000000000000000, 34.00000000000000000 ) ) ;
#455 = CARTESIAN_POINT ( 'NONE',  ( 0.000000000000000000, 0.000000000000000000, 20.00000000000000355 ) ) ;
#456 = CARTESIAN_POINT ( 'NONE',  ( -4.041265874999999674, 0.000000000000000000, 28.68750000136559564 ) ) ;
#457 = CARTESIAN_POINT ( 'NONE',  ( -1.449747468305833564, 3.500000000000000000, 28.06250000273119127 ) ) ;
#458 = CARTESIAN_POINT ( 'NONE',  ( -3.500000000000013767, 1.449747468305818909, 27.93750000000000711 ) ) ;
#459 = CARTESIAN_POINT ( 'NONE',  ( 2.857606504790286994, -2.857606504790286550, 20.06250000136559919 ) ) ;
#460 = CARTESIAN_POINT ( 'NONE',  ( -4.041265874999999674, 0.000000000000000000, 19.56250000136559919 ) ) ;
#461 = CARTESIAN_POINT ( 'NONE',  ( -6.000000000000000888, 0.000000000000000000, 4.750000000000000000 ) ) ;
#462 = CARTESIAN_POINT ( 'NONE',  ( -2.143131898507868297E-16, 3.500000000000000000, 30.00000000273119127 ) ) ;
#463 = CARTESIAN_POINT ( 'NONE',  ( -2.857606504790286994, 2.857606504790286994, 25.56250000136559564 ) ) ;
#464 = AXIS2_PLACEMENT_3D ( 'NONE', #2318, #2630, #150 ) ;
#465 = CARTESIAN_POINT ( 'NONE',  ( 1.673947134580575424, -4.041265874999998786, 27.87500000136559919 ) ) ;
#466 = CARTESIAN_POINT ( 'NONE',  ( 2.857606504790286994, -2.857606504790286550, 28.93750000136559564 ) ) ;
#467 = EDGE_CURVE ( 'NONE', #1209, #914, #3693, .T. ) ;
#468 = DIRECTION ( 'NONE',  ( 1.000000000000000000, 0.000000000000000000, 0.000000000000000000 ) ) ;
#469 = CARTESIAN_POINT ( 'NONE',  ( 6.429395695523603167E-16, -3.500000000000000000, 23.50000000273119127 ) ) ;
#470 = CARTESIAN_POINT ( 'NONE',  ( 1.092146436861834768, 5.900108688871170237, 15.37038067467586977 ) ) ;
#471 = CARTESIAN_POINT ( 'NONE',  ( -4.041265874999999674, 1.673947134580573648, 30.62500000136559564 ) ) ;
#472 = CARTESIAN_POINT ( 'NONE',  ( 2.474873734152916338, 2.474873734152916782, 30.62500000000000355 ) ) ;
#473 = CARTESIAN_POINT ( 'NONE',  ( -1.673947134580574092, -4.041265874999998786, 28.87500000136559564 ) ) ;
#474 = CARTESIAN_POINT ( 'NONE',  ( 3.499999999999972911, 1.449747468305861098, 20.56250000000000711 ) ) ;
#475 = VECTOR ( 'NONE', #3631, 1000.000000000000000 ) ;
#476 = CARTESIAN_POINT ( 'NONE',  ( -1.216893427121907179, 5.875645812392041201, 5.671118810987211489 ) ) ;
#477 = CARTESIAN_POINT ( 'NONE',  ( -0.1692266577791233795, 2.100000000000000089, 7.250000000000000000 ) ) ;
#478 = CARTESIAN_POINT ( 'NONE',  ( 6.429395695523603167E-16, -3.500000000000000000, 25.25000000000000000 ) ) ;
#479 = CARTESIAN_POINT ( 'NONE',  ( -2.762485701032241003, -2.468920443742000703, 19.99999999999999289 ) ) ;
#480 = CARTESIAN_POINT ( 'NONE',  ( -1.449747468305833342, 3.500000000000000444, 26.06250000273119127 ) ) ;
#481 = VERTEX_POINT ( 'NONE', #1449 ) ;
#482 = CARTESIAN_POINT ( 'NONE',  ( 1.673947134580575424, -4.041265874999998786, 23.00000000136559564 ) ) ;
#483 = AXIS2_PLACEMENT_3D ( 'NONE', #702, #2240, #1916 ) ;
#484 = CARTESIAN_POINT ( 'NONE',  ( -2.474561659161088847E-16, 4.041265874999999674, 24.31250000136559564 ) ) ;
#485 = CARTESIAN_POINT ( 'NONE',  ( 4.041265874999999674, 1.673947134580573870, 29.12500000136559919 ) ) ;
#486 = VECTOR ( 'NONE', #355, 1000.000000000000000 ) ;
#487 = CARTESIAN_POINT ( 'NONE',  ( 1.089054860835533489, 1.797125429759021786, 5.365214467395731823 ) ) ;
#488 = CARTESIAN_POINT ( 'NONE',  ( 2.474873734152917226, -2.474873734152916338, 23.62500000273119127 ) ) ;
#489 = CARTESIAN_POINT ( 'NONE',  ( -3.499999999999985789, -1.449747468305849107, 28.06250000000000711 ) ) ;
#490 = CARTESIAN_POINT ( 'NONE',  ( 4.041265874999999674, 4.949123318322177694E-16, 33.18750000136559919 ) ) ;
#491 = CARTESIAN_POINT ( 'NONE',  ( 1.449747468305832898, 3.500000000000000000, 32.93750000273119127 ) ) ;
#492 = CARTESIAN_POINT ( 'NONE',  ( 3.500000000000000000, 4.286263797015736595E-16, 20.75000000273119127 ) ) ;
#493 = CARTESIAN_POINT ( 'NONE',  ( -5.529060849430086577, 2.334991494243946253, 18.04871595563460573 ) ) ;
#494 = CARTESIAN_POINT ( 'NONE',  ( 2.474873734152917226, -2.474873734152916338, 24.62500000273119127 ) ) ;
#495 = CARTESIAN_POINT ( 'NONE',  ( -1.449747468305833342, 3.500000000000000444, 26.81250000000000355 ) ) ;
#496 = CARTESIAN_POINT ( 'NONE',  ( -3.506038364240787075, -0.6224605066369113260, 20.00000000000000355 ) ) ;
#497 = CARTESIAN_POINT ( 'NONE',  ( -2.474873734152915894, -2.474873734152917226, 26.37500000273119127 ) ) ;
#498 = ORIENTED_EDGE ( 'NONE', *, *, #1058, .T. ) ;
#499 = CARTESIAN_POINT ( 'NONE',  ( -4.041265874999999674, 0.000000000000000000, 22.68750000136559919 ) ) ;
#500 = CARTESIAN_POINT ( 'NONE',  ( -2.474561659161088847E-16, 4.041265874999999674, 25.31250000136559564 ) ) ;
#501 = CARTESIAN_POINT ( 'NONE',  ( 4.041265874999999674, 4.949123318322177694E-16, 25.06250000136559564 ) ) ;
#502 = CARTESIAN_POINT ( 'NONE',  ( 0.000000000000000000, 0.000000000000000000, 20.00000000000000355 ) ) ;
#503 = CARTESIAN_POINT ( 'NONE',  ( -1.673947134580573870, 4.041265874999999674, 31.50000000136559564 ) ) ;
#504 = CARTESIAN_POINT ( 'NONE',  ( -1.673947134580574092, -4.041265874999998786, 31.75000000136559564 ) ) ;
#505 = ADVANCED_FACE ( 'NONE', ( #3353 ), #2701, .T. ) ;
#506 = ORIENTED_EDGE ( 'NONE', *, *, #2302, .T. ) ;
#507 = CARTESIAN_POINT ( 'NONE',  ( -2.143131898507868297E-16, 3.500000000000000000, 33.75000000000000000 ) ) ;
#508 = CARTESIAN_POINT ( 'NONE',  ( -2.100000000000000089, -1.618281125438398142E-19, 4.750000000000000000 ) ) ;
#509 = CARTESIAN_POINT ( 'NONE',  ( -2.474873734152915894, -2.474873734152917226, 28.12500000000000355 ) ) ;
#510 = CARTESIAN_POINT ( 'NONE',  ( 0.02040899779686121754, -3.946702800217499529, 19.99999999999999645 ) ) ;
#511 = CARTESIAN_POINT ( 'NONE',  ( -2.474873734152915894, -2.474873734152917226, 25.37500000273119127 ) ) ;
#512 = VERTEX_POINT ( 'NONE', #3673 ) ;
#513 = CIRCLE ( 'NONE', #2054, 6.000000000000000888 ) ;
#514 = CARTESIAN_POINT ( 'NONE',  ( -2.061025970813439745, 0.4102124574160420090, 7.183651322618416657 ) ) ;
#515 = CARTESIAN_POINT ( 'NONE',  ( -4.041265874999999674, 0.000000000000000000, 25.56250000136559564 ) ) ;
#516 = CARTESIAN_POINT ( 'NONE',  ( -4.041265874999999674, 1.673947134580573648, 25.50000000136559919 ) ) ;
#517 = AXIS2_PLACEMENT_3D ( 'NONE', #528, #3640, #849 ) ;
#518 = AXIS2_PLACEMENT_3D ( 'NONE', #92, #681, #3510 ) ;
#519 = CARTESIAN_POINT ( 'NONE',  ( -1.673947134580574092, -4.041265874999998786, 24.87500000136559919 ) ) ;
#520 = CARTESIAN_POINT ( 'NONE',  ( -3.500000000000000000, 0.000000000000000000, 23.25000000273119127 ) ) ;
#521 = DIRECTION ( 'NONE',  ( 1.000000000000000000, 0.000000000000000000, 0.000000000000000000 ) ) ;
#522 = CARTESIAN_POINT ( 'NONE',  ( -2.857606504790286106, -2.857606504790286994, 31.81250000136559564 ) ) ;
#523 = ADVANCED_FACE ( 'NONE', ( #3333 ), #2632, .F. ) ;
#524 = CARTESIAN_POINT ( 'NONE',  ( 3.031984915401689573, 2.239307925751608419, 20.00000000000001421 ) ) ;
#525 = CARTESIAN_POINT ( 'NONE',  ( -4.041265874999998786, -1.673947134580575868, 26.62500000136559919 ) ) ;
#526 = CARTESIAN_POINT ( 'NONE',  ( 1.673947134580575424, -4.041265874999998786, 31.87500000136559208 ) ) ;
#527 = ORIENTED_EDGE ( 'NONE', *, *, #2018, .F. ) ;
#528 = CARTESIAN_POINT ( 'NONE',  ( 0.000000000000000000, 0.000000000000000000, 0.000000000000000000 ) ) ;
#529 = CC_DESIGN_SECURITY_CLASSIFICATION ( #3589, ( #2405 ) ) ;
#530 = CARTESIAN_POINT ( 'NONE',  ( -2.143131898507868297E-16, 3.500000000000000000, 23.75000000000000000 ) ) ;
#531 = CARTESIAN_POINT ( 'NONE',  ( -2.564337717287553886, -2.704141111832413902, 19.99999999999999645 ) ) ;
#532 = CARTESIAN_POINT ( 'NONE',  ( -2.143131898507868297E-16, 3.500000000000000000, 25.00000000273119127 ) ) ;
#533 = ORIENTED_EDGE ( 'NONE', *, *, #3475, .F. ) ;
#534 = CARTESIAN_POINT ( 'NONE',  ( -4.041265874999999674, 1.673947134580573426, 32.62500000136559919 ) ) ;
#535 = ORIENTED_EDGE ( 'NONE', *, *, #162, .F. ) ;
#536 = CARTESIAN_POINT ( 'NONE',  ( -4.041265874999999674, 1.673947134580573648, 24.50000000136559564 ) ) ;
#537 = CARTESIAN_POINT ( 'NONE',  ( 7.423684977483266541E-16, -4.041265874999999674, 23.81250000136559564 ) ) ;
#538 = CARTESIAN_POINT ( 'NONE',  ( -4.041265874999999674, 1.673947134580573648, 24.62500000136559564 ) ) ;
#539 = CARTESIAN_POINT ( 'NONE',  ( -3.770632937499999837, 0.000000000000000000, 33.84375000068280315 ) ) ;
#540 = CARTESIAN_POINT ( 'NONE',  ( -1.449747468305833564, 3.500000000000000000, 32.81250000000000000 ) ) ;
#541 =( BOUNDED_CURVE ( )  B_SPLINE_CURVE ( 2, ( #1316, #1929, #1274, #2235, #628, #2562, #697, #2541, #396 ),
 .UNSPECIFIED., .F., .F. ) 
 B_SPLINE_CURVE_WITH_KNOTS ( ( 3, 2, 2, 2, 3 ),
 ( 0.6785714285714287142, 0.6875000000000001110, 0.6964285714285715079, 0.7053571428571430157, 0.7142857142857144126 ),
 .UNSPECIFIED. ) 
 CURVE ( )  GEOMETRIC_REPRESENTATION_ITEM ( )  RATIONAL_B_SPLINE_CURVE ( ( 0.9999999999999990008, 0.9238795325112877377, 1.000000000000000000, 0.9238795325112867385, 1.000000000000000000, 0.9238795325112867385, 1.000000000000000000, 0.9238795325112857393, 1.000000000000000888 ) ) 
 REPRESENTATION_ITEM ( '' )  );
#542 = CARTESIAN_POINT ( 'NONE',  ( 7.423684977483266541E-16, -4.041265874999999674, 31.93750000136559564 ) ) ;
#543 = CARTESIAN_POINT ( 'NONE',  ( 0.000000000000000000, 0.000000000000000000, 20.00000000000000355 ) ) ;
#544 = CARTESIAN_POINT ( 'NONE',  ( -2.857606504790286106, -2.857606504790286994, 23.68750000136559564 ) ) ;
#545 = CARTESIAN_POINT ( 'NONE',  ( -2.857606504790286994, 2.857606504790286994, 30.43750000136559919 ) ) ;
#546 = ORIENTED_EDGE ( 'NONE', *, *, #1122, .T. ) ;
#547 = CARTESIAN_POINT ( 'NONE',  ( -0.1656694279915008894, 6.000000000000000888, 4.750000000000000000 ) ) ;
#548 = CARTESIAN_POINT ( 'NONE',  ( 3.500000000000001332, -1.449747468305832010, 29.43750000000000711 ) ) ;
#549 = CARTESIAN_POINT ( 'NONE',  ( -3.500000000000000000, 0.000000000000000000, 25.00000000000000000 ) ) ;
#550 = CARTESIAN_POINT ( 'NONE',  ( 4.041265874999999674, 4.949123318322177694E-16, 32.06250000136559919 ) ) ;
#551 = CARTESIAN_POINT ( 'NONE',  ( 2.474873734152916338, 2.474873734152916782, 23.87500000273119127 ) ) ;
#552 = VERTEX_POINT ( 'NONE', #2019 ) ;
#553 = CARTESIAN_POINT ( 'NONE',  ( 6.429395695523603167E-16, -3.500000000000000000, 21.50000000273119127 ) ) ;
#554 = EDGE_LOOP ( 'NONE', ( #3975, #2831 ) ) ;
#555 = CARTESIAN_POINT ( 'NONE',  ( 2.857606504790286550, 2.857606504790286994, 24.18750000136559564 ) ) ;
#556 = CARTESIAN_POINT ( 'NONE',  ( 0.000000000000000000, 6.000000000000000888, 6.000000000000000000 ) ) ;
#557 = CARTESIAN_POINT ( 'NONE',  ( -2.474561659161088847E-16, 4.041265874999999674, 23.31250000136559564 ) ) ;
#558 = CARTESIAN_POINT ( 'NONE',  ( -2.474873734152915894, -2.474873734152917226, 33.12500000000000000 ) ) ;
#559 = DIRECTION ( 'NONE',  ( 1.000000000000000000, 0.000000000000000000, 0.000000000000000000 ) ) ;
#560 = CARTESIAN_POINT ( 'NONE',  ( -4.041265874999999674, 1.673947134580573648, 29.62500000136559564 ) ) ;
#561 = DIRECTION ( 'NONE',  ( -0.000000000000000000, -0.000000000000000000, 1.000000000000000000 ) ) ;
#562 = CARTESIAN_POINT ( 'NONE',  ( -4.041265874999999674, 1.673947134580573426, 25.50000000136559919 ) ) ;
#563 = CARTESIAN_POINT ( 'NONE',  ( 7.423684977483266541E-16, -4.041265874999999674, 31.81250000136559564 ) ) ;
#564 = ORIENTED_EDGE ( 'NONE', *, *, #3832, .F. ) ;
#565 = CARTESIAN_POINT ( 'NONE',  ( -1.209813661503294835, 5.876786414010352289, 6.324880677942650742 ) ) ;
#566 = CARTESIAN_POINT ( 'NONE',  ( -1.449747468305833564, -3.500000000000000000, 31.18750000000000711 ) ) ;
#567 = CARTESIAN_POINT ( 'NONE',  ( 3.500000000000001332, -1.449747468305832010, 23.43749999999999645 ) ) ;
#568 = PRODUCT_RELATED_PRODUCT_CATEGORY ( 'detail', '', ( #1813 ) ) ;
#569 = CARTESIAN_POINT ( 'NONE',  ( -1.673947134580574092, -4.041265874999998786, 32.75000000136559919 ) ) ;
#570 = CARTESIAN_POINT ( 'NONE',  ( -2.143131898507868297E-16, 3.500000000000000000, 21.00000000273119127 ) ) ;
#571 = VERTEX_POINT ( 'NONE', #3006 ) ;
#572 = CARTESIAN_POINT ( 'NONE',  ( -1.797563030580057619, 1.088348270274897223, 5.363972849034984058 ) ) ;
#573 = ORIENTED_EDGE ( 'NONE', *, *, #580, .F. ) ;
#574 = CARTESIAN_POINT ( 'NONE',  ( -2.857606504790286994, 2.857606504790286994, 22.43750000136559919 ) ) ;
#575 = EDGE_CURVE ( 'NONE', #3000, #2099, #2493, .T. ) ;
#576 = FACE_OUTER_BOUND ( 'NONE', #3782, .T. ) ;
#577 = CARTESIAN_POINT ( 'NONE',  ( -2.857606504790286106, -2.857606504790286994, 22.68750000136559564 ) ) ;
#578 = VECTOR ( 'NONE', #1301, 1000.000000000000000 ) ;
#579 = CARTESIAN_POINT ( 'NONE',  ( -4.041265874999999674, 1.673947134580573648, 32.50000000136559919 ) ) ;
#580 = EDGE_CURVE ( 'NONE', #874, #1100, #3042, .T. ) ;
#581 = CARTESIAN_POINT ( 'NONE',  ( 6.429395695523603167E-16, -3.500000000000000000, 33.25000000000000000 ) ) ;
#582 = CARTESIAN_POINT ( 'NONE',  ( -2.143131898507868297E-16, 3.500000000000000000, 22.00000000273119127 ) ) ;
#583 = CARTESIAN_POINT ( 'NONE',  ( -0.6381839486039874165, 2.006759932791693402, 7.087378320539436949 ) ) ;
#584 = CARTESIAN_POINT ( 'NONE',  ( -2.474561659161088847E-16, 4.041265874999999674, 28.43750000136559564 ) ) ;
#585 = EDGE_CURVE ( 'NONE', #1452, #47, #3893, .T. ) ;
#586 = CARTESIAN_POINT ( 'NONE',  ( -4.041265874999999674, 0.000000000000000000, 26.56250000136559919 ) ) ;
#587 = CARTESIAN_POINT ( 'NONE',  ( -1.673947134580573870, 4.041265874999999674, 28.50000000136559564 ) ) ;
#588 = CARTESIAN_POINT ( 'NONE',  ( 4.041265874999999674, 4.949123318322177694E-16, 32.06250000136559919 ) ) ;
#589 = VERTEX_POINT ( 'NONE', #1446 ) ;
#590 = FACE_OUTER_BOUND ( 'NONE', #3998, .T. ) ;
#591 = CARTESIAN_POINT ( 'NONE',  ( 3.500000000000000444, 1.449747468305833342, 30.56250000000000355 ) ) ;
#592 = CARTESIAN_POINT ( 'NONE',  ( 3.500000000000001332, -1.449747468305832010, 22.43750000000000000 ) ) ;
#593 = CARTESIAN_POINT ( 'NONE',  ( -1.673947134580573870, 4.041265874999999674, 32.37500000136559919 ) ) ;
#594 = CARTESIAN_POINT ( 'NONE',  ( -1.449747468305833564, -3.500000000000000000, 20.43750000273118772 ) ) ;
#595 = ORIENTED_EDGE ( 'NONE', *, *, #1578, .T. ) ;
#596 = CARTESIAN_POINT ( 'NONE',  ( 1.673947134580573204, 4.041265874999999674, 33.37500000136559919 ) ) ;
#597 = VERTEX_POINT ( 'NONE', #2660 ) ;
#598 = CARTESIAN_POINT ( 'NONE',  ( 4.041265875000001451, -1.673947134580572538, 22.00000000136559564 ) ) ;
#599 = CARTESIAN_POINT ( 'NONE',  ( -5.875563839680872924, -1.217298626417387064, 5.672298323937841502 ) ) ;
#600 = CARTESIAN_POINT ( 'NONE',  ( 2.474873734152916338, 2.474873734152916782, 31.87500000273119127 ) ) ;
#601 = EDGE_LOOP ( 'NONE', ( #192, #1573, #1765, #3103 ) ) ;
#602 = CARTESIAN_POINT ( 'NONE',  ( 4.041265874999999674, 1.673947134580573870, 21.25000000136559564 ) ) ;
#603 = CARTESIAN_POINT ( 'NONE',  ( -0.9992501536784550442, 3.005646180818168034, 16.76846792323329893 ) ) ;
#604 = CARTESIAN_POINT ( 'NONE',  ( -3.500000000000000000, 0.000000000000000000, 24.25000000273119127 ) ) ;
#605 = CARTESIAN_POINT ( 'NONE',  ( 0.9975112469129200354, 3.005091133218601662, 16.77048507951002776 ) ) ;
#606 = CARTESIAN_POINT ( 'NONE',  ( -2.857606504790286994, 2.857606504790286994, 29.56250000136559564 ) ) ;
#607 = CARTESIAN_POINT ( 'NONE',  ( -1.673947134580574092, -4.041265874999998786, 26.75000000136559919 ) ) ;
#608 = CARTESIAN_POINT ( 'NONE',  ( -2.857606504790286106, -2.857606504790286994, 26.81250000136559919 ) ) ;
#609 = CARTESIAN_POINT ( 'NONE',  ( 1.673947134580575424, -4.041265874999998786, 27.87500000136559919 ) ) ;
#610 = CARTESIAN_POINT ( 'NONE',  ( 0.000000000000000000, 2.100000000000000089, 4.749999999999999112 ) ) ;
#611 = ADVANCED_FACE ( 'NONE', ( #3594 ), #219, .T. ) ;
#612 = CARTESIAN_POINT ( 'NONE',  ( -3.500000000000000000, 0.000000000000000000, 33.25000000273119127 ) ) ;
#613 = CARTESIAN_POINT ( 'NONE',  ( 1.449747468305832898, 3.500000000000000444, 30.68750000000001066 ) ) ;
#614 = CARTESIAN_POINT ( 'NONE',  ( 3.500000000000000444, 1.449747468305833342, 21.56250000000000000 ) ) ;
#615 = CARTESIAN_POINT ( 'NONE',  ( -1.673947134580574092, -4.041265874999998786, 30.75000000136559564 ) ) ;
#616 = CARTESIAN_POINT ( 'NONE',  ( -2.143131898507868297E-16, 3.500000000000000000, 22.00000000273119127 ) ) ;
#617 = CARTESIAN_POINT ( 'NONE',  ( -2.474873734152916782, 2.474873734152916782, 32.12500000273119127 ) ) ;
#618 = VERTEX_POINT ( 'NONE', #3630 ) ;
#619 = CARTESIAN_POINT ( 'NONE',  ( 2.857606504790286994, -2.857606504790286550, 28.06250000136559919 ) ) ;
#620 = ORIENTED_EDGE ( 'NONE', *, *, #3874, .T. ) ;
#621 = CARTESIAN_POINT ( 'NONE',  ( 7.423684977483266541E-16, -4.041265874999999674, 21.93750000136559564 ) ) ;
#622 = CARTESIAN_POINT ( 'NONE',  ( 1.673947134580575424, -4.041265874999998786, 20.87500000136560274 ) ) ;
#623 = CARTESIAN_POINT ( 'NONE',  ( -5.868363929124339684, -1.249921918242510532, 6.165619519227382384 ) ) ;
#624 = CARTESIAN_POINT ( 'NONE',  ( 4.041265874999999674, 1.673947134580573870, 21.12500000136559919 ) ) ;
#625 = B_SPLINE_CURVE_WITH_KNOTS ( 'NONE', 3,
 ( #461, #210, #1763, #2635, #3554, #3301, #3884, #1082, #3620, #2323, #778, #1711, #2061, #3321, #229, #2617, #2964, #1403, #3097, #1475 ),
 .UNSPECIFIED., .F., .F.,
 ( 4, 2, 2, 2, 2, 2, 2, 2, 2, 4 ),
 ( 0.000000000000000000, 0.0004898527925187314523, 0.0009797055850374629046, 0.001469558377556194140, 0.001959411170074925809, 0.002204337566334291752, 0.002449263962593657262, 0.002939116755112390882, 0.003428969547631125370, 0.003918822340149859425 ),
 .UNSPECIFIED. ) ;
#626 = CARTESIAN_POINT ( 'NONE',  ( -1.673947134580574092, -4.041265874999998786, 19.87500000136560274 ) ) ;
#627 = DATE_TIME_ROLE ( 'creation_date' ) ;
#628 = CARTESIAN_POINT ( 'NONE',  ( 6.429395695523603167E-16, -3.500000000000000000, 24.25000000000000000 ) ) ;
#629 = CARTESIAN_POINT ( 'NONE',  ( -2.474561659161088847E-16, 4.041265874999999674, 27.43750000136559919 ) ) ;
#630 = DIRECTION ( 'NONE',  ( 0.000000000000000000, 0.000000000000000000, 1.000000000000000000 ) ) ;
#631 = EDGE_CURVE ( 'NONE', #481, #2454, #1107, .T. ) ;
#632 = CARTESIAN_POINT ( 'NONE',  ( -2.857606504790286106, -2.857606504790286994, 27.81250000136559919 ) ) ;
#633 = CARTESIAN_POINT ( 'NONE',  ( -2.857606504790286994, 2.857606504790286994, 28.43750000136559564 ) ) ;
#634 = CARTESIAN_POINT ( 'NONE',  ( 2.474873734152917226, -2.474873734152916338, 26.37500000000000355 ) ) ;
#635 = ORIENTED_EDGE ( 'NONE', *, *, #631, .F. ) ;
#636 = DIRECTION ( 'NONE',  ( 0.000000000000000000, 0.000000000000000000, 1.000000000000000000 ) ) ;
#637 = CARTESIAN_POINT ( 'NONE',  ( -1.449747468305833564, -3.500000000000000000, 32.18750000000000000 ) ) ;
#638 = CARTESIAN_POINT ( 'NONE',  ( 4.041265874999999674, 4.949123318322177694E-16, 32.18750000136559919 ) ) ;
#639 = EDGE_CURVE ( 'NONE', #2837, #675, #2985, .T. ) ;
#640 = CARTESIAN_POINT ( 'NONE',  ( 7.423684977483266541E-16, -4.041265874999999674, 31.81250000136559564 ) ) ;
#641 = CARTESIAN_POINT ( 'NONE',  ( 3.500000000000000000, 4.286263797015736595E-16, 19.75000000273119483 ) ) ;
#642 = CARTESIAN_POINT ( 'NONE',  ( -3.499999999999991562, 1.449747468305841780, 32.18750000273119127 ) ) ;
#643 = ORIENTED_EDGE ( 'NONE', *, *, #3874, .F. ) ;
#644 = CARTESIAN_POINT ( 'NONE',  ( -4.041265874999998786, -1.673947134580575868, 29.75000000136559564 ) ) ;
#645 = VERTEX_POINT ( 'NONE', #2716 ) ;
#646 = CARTESIAN_POINT ( 'NONE',  ( -1.673947134580573870, 4.041265874999999674, 22.50000000136559564 ) ) ;
#647 = CARTESIAN_POINT ( 'NONE',  ( -2.474561659161088847E-16, 4.041265874999999674, 21.31250000136559564 ) ) ;
#648 = CARTESIAN_POINT ( 'NONE',  ( -6.000000000000000888, 0.000000000000000000, 4.750000000000000000 ) ) ;
#649 = CARTESIAN_POINT ( 'NONE',  ( -2.474873734152916782, 2.474873734152916782, 33.12500000273119127 ) ) ;
#650 = EDGE_LOOP ( 'NONE', ( #2538, #546 ) ) ;
#651 = CARTESIAN_POINT ( 'NONE',  ( -4.041265874999999674, 0.000000000000000000, 32.56250000136559919 ) ) ;
#652 = AXIS2_PLACEMENT_3D ( 'NONE', #2666, #2960, #1723 ) ;
#653 = DIRECTION ( 'NONE',  ( 0.000000000000000000, 0.000000000000000000, 1.000000000000000000 ) ) ;
#654 = CARTESIAN_POINT ( 'NONE',  ( -5.694252425798467243, -1.898828028194915696, 13.54143851940937893 ) ) ;
#655 = CARTESIAN_POINT ( 'NONE',  ( 7.423684977483266541E-16, -4.041265874999999674, 25.93750000136559564 ) ) ;
#656 = CARTESIAN_POINT ( 'NONE',  ( -1.673947134580573648, 4.041265874999999674, 20.37500000136560629 ) ) ;
#657 = CARTESIAN_POINT ( 'NONE',  ( -4.041265874999999674, 0.000000000000000000, 25.68750000136559564 ) ) ;
#658 = CARTESIAN_POINT ( 'NONE',  ( -4.041265874999998786, -1.673947134580575868, 27.62500000136559919 ) ) ;
#659 = CARTESIAN_POINT ( 'NONE',  ( -2.474873734152915894, -2.474873734152917226, 22.37500000273118772 ) ) ;
#660 = DIRECTION ( 'NONE',  ( 1.000000000000000000, 0.000000000000000000, 0.000000000000000000 ) ) ;
#661 = ORIENTED_EDGE ( 'NONE', *, *, #288, .T. ) ;
#662 = CARTESIAN_POINT ( 'NONE',  ( -3.500000000000000000, 0.000000000000000000, 24.25000000273119127 ) ) ;
#663 = CARTESIAN_POINT ( 'NONE',  ( 2.474873734152917226, -2.474873734152916338, 27.37500000000000355 ) ) ;
#664 = CARTESIAN_POINT ( 'NONE',  ( 3.500000000000001332, -1.449747468305832010, 20.43750000000000355 ) ) ;
#665 = CARTESIAN_POINT ( 'NONE',  ( 3.500000000000000000, 4.286263797015736595E-16, 21.75000000273119127 ) ) ;
#666 = CARTESIAN_POINT ( 'NONE',  ( -1.687411410532958733, -1.250057093362956007, 5.831103678700163329 ) ) ;
#667 = ORIENTED_EDGE ( 'NONE', *, *, #1970, .F. ) ;
#668 = CARTESIAN_POINT ( 'NONE',  ( -2.857606504790286106, -2.857606504790286994, 31.81250000136559564 ) ) ;
#669 = ORIENTED_EDGE ( 'NONE', *, *, #2216, .T. ) ;
#670 = EDGE_CURVE ( 'NONE', #690, #1738, #3962, .T. ) ;
#671 = CARTESIAN_POINT ( 'NONE',  ( -1.673947134580573870, 4.041265874999999674, 23.50000000136559564 ) ) ;
#672 = CARTESIAN_POINT ( 'NONE',  ( 2.857606504790286994, -2.857606504790286550, 19.93750000136559919 ) ) ;
#673 = DIRECTION ( 'NONE',  ( 1.000000000000000000, 0.000000000000000000, 0.000000000000000000 ) ) ;
#674 = CARTESIAN_POINT ( 'NONE',  ( 1.673947134580573426, 4.041265874999999674, 20.25000000136559919 ) ) ;
#675 = VERTEX_POINT ( 'NONE', #1701 ) ;
#676 = CARTESIAN_POINT ( 'NONE',  ( 4.041265875000001451, -1.673947134580572538, 21.12500000136559919 ) ) ;
#677 = CARTESIAN_POINT ( 'NONE',  ( -5.639137269008836384, -2.054963024627179724, 13.67048490474648581 ) ) ;
#678 = CARTESIAN_POINT ( 'NONE',  ( -2.857606504790286106, -2.857606504790286994, 22.68750000136559564 ) ) ;
#679 = CARTESIAN_POINT ( 'NONE',  ( 1.673947134580575424, -4.041265874999998786, 25.00000000136559564 ) ) ;
#680 = CARTESIAN_POINT ( 'NONE',  ( -4.041265874999999674, 1.673947134580573426, 27.50000000136559919 ) ) ;
#681 = DIRECTION ( 'NONE',  ( -0.000000000000000000, 0.000000000000000000, 1.000000000000000000 ) ) ;
#682 = CARTESIAN_POINT ( 'NONE',  ( 0.000000000000000000, 6.000000000000000888, 16.00000000000000000 ) ) ;
#683 = CIRCLE ( 'NONE', #2234, 6.000000000000000888 ) ;
#684 = CARTESIAN_POINT ( 'NONE',  ( 2.474873734152916338, 2.474873734152916782, 25.87500000273119127 ) ) ;
#685 = CARTESIAN_POINT ( 'NONE',  ( -3.500000000000015987, -1.449747468305818021, 32.06250000000000000 ) ) ;
#686 = CARTESIAN_POINT ( 'NONE',  ( 2.857606504790286550, 2.857606504790286994, 33.31250000136559919 ) ) ;
#687 = CARTESIAN_POINT ( 'NONE',  ( 3.500000000000015099, -1.449747468305818465, 26.68750000273119838 ) ) ;
#688 = CARTESIAN_POINT ( 'NONE',  ( -2.006759932791692513, -0.6381839486039874165, 4.912621679460564827 ) ) ;
#689 = CARTESIAN_POINT ( 'NONE',  ( 4.041265875000000563, -1.673947134580572538, 31.12500000136559919 ) ) ;
#690 = VERTEX_POINT ( 'NONE', #2953 ) ;
#691 =( BOUNDED_CURVE ( )  B_SPLINE_CURVE ( 2, ( #808, #265, #1737, #2098, #244, #3336, #3355, #3950, #3657, #204, #825, #2369, #3615, #1168, #3930, #287, #3316, #3599, #2430, #2410, #2039, #865, #3070, #2703, #588, #2055, #3049, #526, #563, #504, #2077, #1512, #1490, #2743, #1433, #2683, #1187, #886, #3012, #225, #1149, #3676, #2768, #2991, #2120, #2722, #4009, #2389, #3637, #846, #545, #1776, #3968, #3029, #310, #30, #2845, #1208, #1588, #3162, #2453, #2791, #3698, #2499, #2522, #53, #2165, #3420, #1253, #3745, #3723, #3443, #908, #1534, #2818, #1843, #2475, #5, #953, #3398, #929, #2188, #633, #1867, #3466, #1277, #2143, #331, #976, #1231, #3769, #609, #2212, #3090, #3114, #658, #1888, #680, #1561, #1912, #3140, #359, #285, #3949, #1489, #906, #1758, #3315, #2451, #607, #2368, #525, #586, #1775, #2720, #864, #1450, #2702, #2766, #3674, #2141, #3354, #3011, #1469, #2053, #1185, #224, #2097, #1841, #562, #3028, #203, #1148, #845, #2388, #2682, #2118, #2428, #3967, #3048, #3373, #3636, #1432, #243, #1167, #3396, #884, #3696, #264, #2076, #2741, #3986, #1816, #4007, #1510, #3068, #3335, #1206, #544, #3929, #1128, #1794, #3614, #824, #2408, #3656, #2816, #2843, #2185, #1019, #3, #3721, #51, #1559, #678, #1607, #1317, #397, #2255, #2789, #378, #2542, #28, #2210, #1886, #3138, #1251, #3112, #1931, #927, #329, #3464, #1910, #90, #3441, #3793, #2497, #1865, #3508, #3488, #698, #1229, #2863, #974, #718, #3743, #998, #357, #2237, #3182, #3160, #656, #951, #3767, #1627, #71, #1296, #2563, #1586 ),
 .UNSPECIFIED., .F., .F. ) 
 B_SPLINE_CURVE_WITH_KNOTS ( ( 3, 2, 2, 2, 2, 2, 2, 2, 2, 2, 2, 2, 2, 2, 2, 2, 2, 2, 2, 2, 2, 2, 2, 2, 2, 2, 2, 2, 2, 2, 2, 2, 2, 2, 2, 2, 2, 2, 2, 2, 2, 2, 2, 2, 2, 2, 2, 2, 2, 2, 2, 2, 2, 2, 2, 2, 2, 2, 2, 2, 2, 2, 2, 2, 2, 2, 2, 2, 2, 2, 2, 2, 2, 2, 2, 2, 2, 2, 2, 2, 2, 2, 2, 2, 2, 2, 2, 2, 2, 2, 2, 2, 2, 2, 2, 2, 2, 2, 2, 2, 2, 2, 2, 2, 2, 2, 2, 2, 2, 3 ),
 ( 0.000000000000000000, 0.008928571428571428076, 0.01785714285714285615, 0.02678571428571428423, 0.03571428571428571230, 0.04464285714285714385, 0.05357142857142856845, 0.06250000000000000000, 0.07142857142857142461, 0.08035714285714286309, 0.08928571428571428770, 0.09821428571428571230, 0.1071428571428571369, 0.1160714285714285754, 0.1250000000000000000, 0.1339285714285714246, 0.1428571428571428492, 0.1517857142857142738, 0.1607142857142857262, 0.1696428571428571508, 0.1785714285714285754, 0.1874999999999999722, 0.1964285714285714246, 0.2053571428571428492, 0.2142857142857142738, 0.2232142857142857262, 0.2321428571428571508, 0.2410714285714285754, 0.2500000000000000000, 0.2589285714285714524, 0.2678571428571428492, 0.2767857142857143016, 0.2857142857142856984, 0.2946428571428571508, 0.3035714285714285476, 0.3125000000000000000, 0.3214285714285714524, 0.3303571428571428492, 0.3392857142857143016, 0.3482142857142856984, 0.3571428571428571508, 0.3660714285714285476, 0.3749999999999999445, 0.3839285714285714524, 0.3928571428571428492, 0.4017857142857143016, 0.4107142857142856984, 0.4196428571428571508, 0.4285714285714285476, 0.4375000000000000000, 0.4464285714285714524, 0.4553571428571428492, 0.4642857142857143016, 0.4732142857142856984, 0.4821428571428571508, 0.4910714285714285476, 0.5000000000000000000, 0.5089285714285713969, 0.5178571428571429047, 0.5267857142857143016, 0.5357142857142856984, 0.5446428571428570953, 0.5535714285714286031, 0.5625000000000000000, 0.5714285714285713969, 0.5803571428571429047, 0.5892857142857143016, 0.5982142857142856984, 0.6071428571428570953, 0.6160714285714286031, 0.6250000000000000000, 0.6339285714285713969, 0.6428571428571429047, 0.6517857142857143016, 0.6607142857142856984, 0.6696428571428570953, 0.6785714285714286031, 0.6875000000000000000, 0.6964285714285713969, 0.7053571428571429047, 0.7142857142857143016, 0.7232142857142855874, 0.7321428571428570953, 0.7410714285714286031, 0.7499999999999998890, 0.7589285714285713969, 0.7678571428571429047, 0.7767857142857144126, 0.7857142857142856984, 0.7946428571428570953, 0.8035714285714286031, 0.8125000000000000000, 0.8214285714285713969, 0.8303571428571429047, 0.8392857142857143016, 0.8482142857142856984, 0.8571428571428570953, 0.8660714285714286031, 0.8750000000000000000, 0.8839285714285713969, 0.8928571428571429047, 0.9017857142857143016, 0.9107142857142856984, 0.9196428571428570953, 0.9285714285714286031, 0.9375000000000000000, 0.9464285714285713969, 0.9553571428571429047, 0.9642857142857143016, 0.9687500000938171762 ),
 .UNSPECIFIED. ) 
 CURVE ( )  GEOMETRIC_REPRESENTATION_ITEM ( )  RATIONAL_B_SPLINE_CURVE ( ( 1.000000000000000000, 0.9238795325112867385, 1.000000000000000000, 0.9238795325112867385, 1.000000000000000000, 0.9238795325112867385, 1.000000000000000000, 0.9238795325112867385, 1.000000000000000000, 0.9238795325112867385, 1.000000000000000000, 0.9238795325112867385, 1.000000000000000000, 0.9238795325112867385, 1.000000000000000000, 0.9238795325112867385, 1.000000000000000000, 0.9238795325112867385, 1.000000000000000000, 0.9238795325112867385, 1.000000000000000000, 0.9238795325112867385, 1.000000000000000000, 0.9238795325112867385, 1.000000000000000000, 0.9238795325112867385, 1.000000000000000000, 0.9238795325112867385, 1.000000000000000000, 0.9238795325112867385, 1.000000000000000000, 0.9238795325112867385, 1.000000000000000000, 0.9238795325112867385, 1.000000000000000000, 0.9238795325112867385, 1.000000000000000000, 0.9238795325112867385, 1.000000000000000000, 0.9238795325112867385, 1.000000000000000000, 0.9238795325112867385, 1.000000000000000000, 0.9238795325112867385, 1.000000000000000000, 0.9238795325112867385, 1.000000000000000000, 0.9238795325112867385, 1.000000000000000000, 0.9238795325112867385, 1.000000000000000000, 0.9238795325112867385, 1.000000000000000000, 0.9238795325112867385, 1.000000000000000000, 0.9238795325112867385, 1.000000000000000000, 0.9238795325112867385, 1.000000000000000000, 0.9238795325112867385, 1.000000000000000000, 0.9238795325112867385, 1.000000000000000000, 0.9238795325112867385, 1.000000000000000000, 0.9238795325112867385, 1.000000000000000000, 0.9238795325112867385, 1.000000000000000000, 0.9238795325112867385, 1.000000000000000000, 0.9238795325112867385, 1.000000000000000000, 0.9238795325112867385, 1.000000000000000000, 0.9238795325112867385, 1.000000000000000000, 0.9238795325112867385, 1.000000000000000000, 0.9238795325112867385, 1.000000000000000000, 0.9238795325112867385, 1.000000000000000000, 0.9238795325112867385, 1.000000000000000000, 0.9238795325112867385, 1.000000000000000000, 0.9238795325112867385, 1.000000000000000000, 0.9238795325112867385, 1.000000000000000000, 0.9238795325112867385, 1.000000000000000000, 0.9238795325112867385, 1.000000000000000000, 0.9238795325112867385, 1.000000000000000000, 0.9238795325112867385, 1.000000000000000000, 0.9238795325112867385, 1.000000000000000000, 0.9238795325112867385, 1.000000000000000000, 0.9238795325112867385, 1.000000000000000000, 0.9238795325112867385, 1.000000000000000000, 0.9238795325112867385, 1.000000000000000000, 0.9238795325112867385, 1.000000000000000000, 0.9238795325112867385, 1.000000000000000000, 0.9238795325112867385, 1.000000000000000000, 0.9238795325112867385, 1.000000000000000000, 0.9238795325112867385, 1.000000000000000000, 0.9238795325112867385, 1.000000000000000000, 0.9238795325112867385, 1.000000000000000000, 0.9238795325112867385, 1.000000000000000000, 0.9238795325112867385, 1.000000000000000000, 0.9238795325112867385, 1.000000000000000000, 0.9238795325112867385, 1.000000000000000000, 0.9238795325112867385, 1.000000000000000000, 0.9238795325112867385, 1.000000000000000000, 0.9238795325112867385, 1.000000000000000000, 0.9238795325112867385, 1.000000000000000000, 0.9238795325112867385, 1.000000000000000000, 0.9238795325112867385, 1.000000000000000000, 0.9238795325112867385, 1.000000000000000000, 0.9238795325112867385, 1.000000000000000000, 0.9238795325112867385, 1.000000000000000000, 0.9238795325112867385, 1.000000000000000000, 0.9238795325112867385, 1.000000000000000000, 0.9238795325112867385, 1.000000000000000000, 0.9238795325112867385, 1.000000000000000000, 0.9238795325112867385, 1.000000000000000000, 0.9238795325112867385, 1.000000000000000000, 0.9238795325112867385, 1.000000000000000000, 0.9238795325112867385, 1.000000000000000000, 0.9238795325112867385, 1.000000000000000000, 0.9238795325112867385, 1.000000000000000000, 0.9238795325112867385, 1.000000000000000000, 0.9238795325112867385, 1.000000000000000000, 0.9238795325112867385, 1.000000000000000000, 0.9238795325112867385, 1.000000000000000000, 0.9238795325112867385, 1.000000000000000000, 0.9238795325112867385, 1.000000000000000000, 0.9238795325112867385, 1.000000000000000000, 0.9238795325112867385, 1.000000000000000000, 0.9238795325112867385, 1.000000000000000000, 0.9238795325112867385, 1.000000000000000000, 0.9238795325112867385, 1.000000000000000000, 0.9238795325112867385, 1.000000000000000000, 0.9238795325112867385, 1.000000000000000000, 0.9238795325112867385, 1.000000000000000000, 0.9238795325112867385, 1.000000000000000000, 0.9238795325112867385, 1.000000000000000000, 0.9238795325112867385, 1.000000000000000000, 0.9238795325112867385, 1.000000000000000000, 0.9238795325112867385, 1.000000000000000000, 0.9238795325112867385, 1.000000000000000000, 0.9238795325112867385, 1.000000000000000000, 0.9238795325112867385, 1.000000000000000000, 0.9238795325112867385, 1.000000000000000000, 0.9238795325112867385, 1.000000000000000000, 0.9619397654558057287, 0.9619397662556433692 ) ) 
 REPRESENTATION_ITEM ( '' )  );
#692 = FACE_OUTER_BOUND ( 'NONE', #2150, .T. ) ;
#693 = CARTESIAN_POINT ( 'NONE',  ( -1.449747468305833786, -3.499999999999999556, 25.18750000000000711 ) ) ;
#694 = CARTESIAN_POINT ( 'NONE',  ( -3.500000000000000000, 0.000000000000000000, 34.00000000000000000 ) ) ;
#695 = CARTESIAN_POINT ( 'NONE',  ( 2.474873734152916338, 2.474873734152916782, 30.87500000273119483 ) ) ;
#696 = CARTESIAN_POINT ( 'NONE',  ( -4.041265874999999674, 1.673947134580573648, 29.50000000136559564 ) ) ;
#697 = CARTESIAN_POINT ( 'NONE',  ( -2.474873734152915894, -2.474873734152917226, 24.12500000000000000 ) ) ;
#698 = CARTESIAN_POINT ( 'NONE',  ( 4.041265874999999674, 4.949123318322177694E-16, 21.06250000136559564 ) ) ;
#699 = CARTESIAN_POINT ( 'NONE',  ( 4.041265874999999674, 4.949123318322177694E-16, 21.18750000136559564 ) ) ;
#700 = FACE_OUTER_BOUND ( 'NONE', #2966, .T. ) ;
#701 = ORIENTED_EDGE ( 'NONE', *, *, #188, .F. ) ;
#702 = CARTESIAN_POINT ( 'NONE',  ( 0.000000000000000000, 0.000000000000000000, 20.00000000000000355 ) ) ;
#703 = DIRECTION ( 'NONE',  ( -0.000000000000000000, -0.000000000000000000, 1.000000000000000000 ) ) ;
#704 = CARTESIAN_POINT ( 'NONE',  ( -3.499999999999999556, -1.449747468305835341, 20.06250000000000711 ) ) ;
#705 = CARTESIAN_POINT ( 'NONE',  ( -1.449747468305833564, 3.500000000000000000, 26.81250000000000355 ) ) ;
#706 = CARTESIAN_POINT ( 'NONE',  ( 1.449747468305834897, -3.499999999999999112, 20.31250000000000355 ) ) ;
#707 = CARTESIAN_POINT ( 'NONE',  ( -1.673947134580574092, -4.041265874999998786, 30.87500000136559919 ) ) ;
#708 = CARTESIAN_POINT ( 'NONE',  ( -2.143131898507868297E-16, 3.500000000000000000, 21.75000000000000355 ) ) ;
#709 = CARTESIAN_POINT ( 'NONE',  ( -3.500000000000000000, 0.000000000000000000, 21.00000000000000000 ) ) ;
#710 = CARTESIAN_POINT ( 'NONE',  ( -1.449747468305833564, -3.500000000000000000, 28.43750000273119483 ) ) ;
#711 =( BOUNDED_CURVE ( )  B_SPLINE_CURVE ( 2, ( #1281, #979, #2569, #2902, #1630, #2918, #684, #113, #2313 ),
 .UNSPECIFIED., .F., .F. ) 
 B_SPLINE_CURVE_WITH_KNOTS ( ( 3, 2, 2, 2, 3 ),
 ( 0.4999999999999998890, 0.5089285714285712858, 0.5178571428571427937, 0.5267857142857143016, 0.5357142857142856984 ),
 .UNSPECIFIED. ) 
 CURVE ( )  GEOMETRIC_REPRESENTATION_ITEM ( )  RATIONAL_B_SPLINE_CURVE ( ( 1.000000000000000888, 0.9238795325112857393, 1.000000000000000000, 0.9238795325112867385, 1.000000000000000000, 0.9238795325112867385, 1.000000000000000000, 0.9238795325112867385, 1.000000000000000000 ) ) 
 REPRESENTATION_ITEM ( '' )  );
#712 = CARTESIAN_POINT ( 'NONE',  ( -4.041265874999999674, 0.000000000000000000, 30.56250000136559919 ) ) ;
#713 = CARTESIAN_POINT ( 'NONE',  ( 3.500000000000000000, 4.286263797015736595E-16, 27.50000000000000355 ) ) ;
#714 = CARTESIAN_POINT ( 'NONE',  ( 1.673947134580573426, 4.041265874999999674, 26.25000000136559564 ) ) ;
#715 = CARTESIAN_POINT ( 'NONE',  ( 0.000000000000000000, 0.000000000000000000, 34.00000000000000000 ) ) ;
#716 = EDGE_CURVE ( 'NONE', #3677, #3267, #2626, .T. ) ;
#717 = CARTESIAN_POINT ( 'NONE',  ( -5.136962761402627642, -3.100260260393771450, 16.20131039783382221 ) ) ;
#718 = CARTESIAN_POINT ( 'NONE',  ( 7.423684977483266541E-16, -4.041265874999999674, 20.81250000136559564 ) ) ;
#719 = CARTESIAN_POINT ( 'NONE',  ( -2.857606504790286106, -2.857606504790286994, 20.81250000136559564 ) ) ;
#720 = CARTESIAN_POINT ( 'NONE',  ( -3.499999999999999112, -1.449747468305835341, 22.31250000273118772 ) ) ;
#721 = AXIS2_PLACEMENT_3D ( 'NONE', #543, #561, #2719 ) ;
#722 = DIRECTION ( 'NONE',  ( -1.000000000000000000, 0.000000000000000000, 0.000000000000000000 ) ) ;
#723 = CARTESIAN_POINT ( 'NONE',  ( 3.500000000000000000, 4.286263797015736595E-16, 32.50000000000000000 ) ) ;
#724 = CARTESIAN_POINT ( 'NONE',  ( 2.474873734152917226, -2.474873734152916338, 20.37500000000000355 ) ) ;
#725 = CARTESIAN_POINT ( 'NONE',  ( 1.449747468305834897, -3.499999999999999112, 26.56250000273119127 ) ) ;
#726 = FACE_OUTER_BOUND ( 'NONE', #3148, .T. ) ;
#727 = AXIS2_PLACEMENT_3D ( 'NONE', #360, #2588, #1000 ) ;
#728 = CARTESIAN_POINT ( 'NONE',  ( 1.673947134580573204, 4.041265874999999674, 26.37500000136559919 ) ) ;
#729 = FACE_OUTER_BOUND ( 'NONE', #1796, .T. ) ;
#730 = CARTESIAN_POINT ( 'NONE',  ( -3.499999999999985789, 1.449747468305846443, 23.18750000273119127 ) ) ;
#731 = CARTESIAN_POINT ( 'NONE',  ( 0.3300052203812329776, 5.992815780368901279, 4.783402181232425221 ) ) ;
#732 = CARTESIAN_POINT ( 'NONE',  ( -2.143131898507868297E-16, 3.500000000000000000, 28.00000000273119127 ) ) ;
#733 = CARTESIAN_POINT ( 'NONE',  ( -1.673947134580573648, 4.041265874999999674, 23.50000000136559564 ) ) ;
#734 = CARTESIAN_POINT ( 'NONE',  ( -1.673947134580573870, 4.041265874999999674, 28.37500000136559564 ) ) ;
#735 = CARTESIAN_POINT ( 'NONE',  ( 4.041265874999999674, 4.949123318322177694E-16, 26.06250000136559919 ) ) ;
#736 =( BOUNDED_CURVE ( )  B_SPLINE_CURVE ( 2, ( #171, #3618, #494, #1133, #4005, #1740, #2025, #3901, #2996 ),
 .UNSPECIFIED., .F., .F. ) 
 B_SPLINE_CURVE_WITH_KNOTS ( ( 3, 2, 2, 2, 3 ),
 ( 0.6071428571428570953, 0.6160714285714286031, 0.6250000000000000000, 0.6339285714285712858, 0.6428571428571427937 ),
 .UNSPECIFIED. ) 
 CURVE ( )  GEOMETRIC_REPRESENTATION_ITEM ( )  RATIONAL_B_SPLINE_CURVE ( ( 1.000000000000000000, 0.9238795325112867385, 1.000000000000000000, 0.9238795325112867385, 1.000000000000000000, 0.9238795325112867385, 1.000000000000000000, 0.9238795325112877377, 0.9999999999999990008 ) ) 
 REPRESENTATION_ITEM ( '' )  );
#737 = CARTESIAN_POINT ( 'NONE',  ( 1.215298732863337339, 1.714278066737372264, 5.665273018395658333 ) ) ;
#738 = CARTESIAN_POINT ( 'NONE',  ( 7.423684977483266541E-16, -4.041265874999999674, 22.93750000136559564 ) ) ;
#739 = CYLINDRICAL_SURFACE ( 'NONE', #198, 3.500000000000000000 ) ;
#740 = CARTESIAN_POINT ( 'NONE',  ( -3.500000000000000000, 0.000000000000000000, 21.25000000273119127 ) ) ;
#741 = DIRECTION ( 'NONE',  ( 1.000000000000000000, -0.000000000000000000, -0.000000000000000000 ) ) ;
#742 = CARTESIAN_POINT ( 'NONE',  ( 2.857606504790286994, -2.857606504790286550, 29.06250000136559564 ) ) ;
#743 = DIRECTION ( 'NONE',  ( 1.000000000000000000, 0.000000000000000000, 0.000000000000000000 ) ) ;
#744 = DIRECTION ( 'NONE',  ( 0.000000000000000000, -1.000000000000000000, 0.000000000000000000 ) ) ;
#745 = CARTESIAN_POINT ( 'NONE',  ( 1.673947134580573204, 4.041265874999999674, 27.37500000136559919 ) ) ;
#746 = CARTESIAN_POINT ( 'NONE',  ( 2.289193217463084906, -3.426019792117489526, 20.03248644226907516 ) ) ;
#747 = CARTESIAN_POINT ( 'NONE',  ( -2.474873734152915894, -2.474873734152917226, 29.37500000273119127 ) ) ;
#748 = CARTESIAN_POINT ( 'NONE',  ( -3.499999999999982681, 1.449747468305849996, 31.18750000273118417 ) ) ;
#749 = CARTESIAN_POINT ( 'NONE',  ( 3.500000000000001332, -1.449747468305832010, 27.68750000273120193 ) ) ;
#750 = CARTESIAN_POINT ( 'NONE',  ( -4.041265874999999674, 0.000000000000000000, 23.68750000136559564 ) ) ;
#751 = CARTESIAN_POINT ( 'NONE',  ( 4.041265874999999674, 4.949123318322177694E-16, 29.06250000136559564 ) ) ;
#752 = CARTESIAN_POINT ( 'NONE',  ( -1.673947134580574092, -4.041265874999998786, 28.75000000136559208 ) ) ;
#753 = CARTESIAN_POINT ( 'NONE',  ( -1.250032309329061952, 5.868340415034849045, 16.08128537165804772 ) ) ;
#754 = CARTESIAN_POINT ( 'NONE',  ( 4.041265875000001451, -1.673947134580572538, 23.12500000136559564 ) ) ;
#755 = CARTESIAN_POINT ( 'NONE',  ( -3.500000000000000000, 0.000000000000000000, 27.25000000273119483 ) ) ;
#756 = FACE_OUTER_BOUND ( 'NONE', #3685, .T. ) ;
#757 = CARTESIAN_POINT ( 'NONE',  ( -3.500000000000000000, 0.000000000000000000, 33.25000000273119127 ) ) ;
#758 = CARTESIAN_POINT ( 'NONE',  ( 4.041265874999999674, 4.949123318322177694E-16, 29.18750000136559564 ) ) ;
#759 = CARTESIAN_POINT ( 'NONE',  ( 3.500000000000000000, 4.286263797015736595E-16, 20.50000000000000355 ) ) ;
#760 = CARTESIAN_POINT ( 'NONE',  ( 4.041265875000000563, -1.673947134580572538, 20.12500000136560985 ) ) ;
#761 = EDGE_CURVE ( 'NONE', #2013, #2709, #2944, .T. ) ;
#762 = CARTESIAN_POINT ( 'NONE',  ( 3.500000000000013767, 1.449747468305819575, 22.81250000273118772 ) ) ;
#763 = CARTESIAN_POINT ( 'NONE',  ( 3.500000000000007994, -1.449747468305825127, 29.43750000000000355 ) ) ;
#764 = CARTESIAN_POINT ( 'NONE',  ( 1.449747468305834674, -3.499999999999999556, 28.56250000273119127 ) ) ;
#765 = CARTESIAN_POINT ( 'NONE',  ( 4.041265874999999674, 1.673947134580573648, 23.25000000136559564 ) ) ;
#766 = CARTESIAN_POINT ( 'NONE',  ( 2.857606504790286550, 2.857606504790286994, 28.18750000136559564 ) ) ;
#767 = CARTESIAN_POINT ( 'NONE',  ( -1.673947134580574092, -4.041265874999998786, 26.75000000136559919 ) ) ;
#768 = CARTESIAN_POINT ( 'NONE',  ( -0.3282050358826025249, 5.992938828568170173, 14.78278291933165178 ) ) ;
#769 = CARTESIAN_POINT ( 'NONE',  ( 1.673947134580573426, 4.041265874999999674, 23.37500000136559564 ) ) ;
#770 = CARTESIAN_POINT ( 'NONE',  ( 3.499999999999993339, 1.449747468305840226, 29.81250000273119127 ) ) ;
#771 = CARTESIAN_POINT ( 'NONE',  ( 4.041265874999999674, 1.673947134580573870, 31.25000000136559564 ) ) ;
#772 = CARTESIAN_POINT ( 'NONE',  ( 3.500000000000000000, 4.286263797015736595E-16, 24.75000000273119127 ) ) ;
#773 = CARTESIAN_POINT ( 'NONE',  ( -4.041265874999998786, -1.673947134580575868, 30.75000000136559564 ) ) ;
#774 = DIRECTION ( 'NONE',  ( -0.000000000000000000, -0.000000000000000000, 1.000000000000000000 ) ) ;
#775 = CARTESIAN_POINT ( 'NONE',  ( -1.092095569954298240, 5.900116150698967665, 5.370460711674668985 ) ) ;
#776 = CARTESIAN_POINT ( 'NONE',  ( 1.449747468305834897, -3.499999999999999112, 20.56250000273119127 ) ) ;
#777 = CARTESIAN_POINT ( 'NONE',  ( -3.499999999999999556, -1.449747468305835341, 25.06250000000000355 ) ) ;
#778 = CARTESIAN_POINT ( 'NONE',  ( -5.870101538635535299, 1.241843620414983862, 6.164380573350648262 ) ) ;
#779 = CARTESIAN_POINT ( 'NONE',  ( 2.474873734152917226, -2.474873734152916338, 24.62500000273119127 ) ) ;
#780 = VERTEX_POINT ( 'NONE', #3044 ) ;
#781 = CARTESIAN_POINT ( 'NONE',  ( 4.041265874999999674, 4.949123318322177694E-16, 23.18750000136559564 ) ) ;
#782 = CARTESIAN_POINT ( 'NONE',  ( -1.673947134580574092, -4.041265874999998786, 25.75000000136559564 ) ) ;
#783 = CARTESIAN_POINT ( 'NONE',  ( 7.423684977483266541E-16, -4.041265874999999674, 26.81250000136559919 ) ) ;
#784 = PERSON_AND_ORGANIZATION ( #234, #3393 ) ;
#785 = EDGE_CURVE ( 'NONE', #1877, #2378, #3167, .T. ) ;
#786 = CARTESIAN_POINT ( 'NONE',  ( -1.091833514733749899, 5.900169758489263394, 16.63034993652940230 ) ) ;
#787 = CARTESIAN_POINT ( 'NONE',  ( 4.041265875000001451, -1.673947134580572538, 20.12500000136560274 ) ) ;
#788 = DIRECTION ( 'NONE',  ( -0.000000000000000000, -0.000000000000000000, 1.000000000000000000 ) ) ;
#789 = CARTESIAN_POINT ( 'NONE',  ( 1.673947134580575424, -4.041265874999998786, 33.00000000136559919 ) ) ;
#790 = CARTESIAN_POINT ( 'NONE',  ( 3.499999999999999556, 4.286263797015736595E-16, 30.50000000000000355 ) ) ;
#791 = ORIENTED_EDGE ( 'NONE', *, *, #2469, .T. ) ;
#792 = CARTESIAN_POINT ( 'NONE',  ( 3.733642814419390721, -1.546525527359302599, 20.00000000000019185 ) ) ;
#793 = DIRECTION ( 'NONE',  ( -0.000000000000000000, -0.000000000000000000, 1.000000000000000000 ) ) ;
#794 = CARTESIAN_POINT ( 'NONE',  ( -3.500000000000000000, 0.000000000000000000, 26.25000000273119127 ) ) ;
#795 = CARTESIAN_POINT ( 'NONE',  ( -2.143131898507868297E-16, 3.500000000000000000, 28.75000000000000000 ) ) ;
#796 = CARTESIAN_POINT ( 'NONE',  ( -3.097880356115426448, -1.947173367557251789, 20.00000000000000355 ) ) ;
#797 = CARTESIAN_POINT ( 'NONE',  ( -2.143131898507868297E-16, 3.500000000000000000, 26.00000000273119127 ) ) ;
#798 = ORIENTED_EDGE ( 'NONE', *, *, #785, .F. ) ;
#799 = CARTESIAN_POINT ( 'NONE',  ( -1.673947134580573648, 4.041265874999999674, 22.50000000136559919 ) ) ;
#800 = CARTESIAN_POINT ( 'NONE',  ( 4.041265874999999674, 4.949123318322177694E-16, 25.06250000136559564 ) ) ;
#801 = EDGE_CURVE ( 'NONE', #2431, #3709, #2674, .T. ) ;
#802 = CARTESIAN_POINT ( 'NONE',  ( -1.673947134580573870, 4.041265874999999674, 25.37500000136559919 ) ) ;
#803 = VECTOR ( 'NONE', #2813, 1000.000000000000000 ) ;
#804 = CARTESIAN_POINT ( 'NONE',  ( 0.000000000000000000, 0.000000000000000000, 20.00000000000000355 ) ) ;
#805 = FACE_OUTER_BOUND ( 'NONE', #3126, .T. ) ;
#806 = CARTESIAN_POINT ( 'NONE',  ( -1.673947134580574092, -4.041265874999998786, 31.87500000136559208 ) ) ;
#807 = CARTESIAN_POINT ( 'NONE',  ( 1.449747468305832898, 3.500000000000000000, 30.68750000000000355 ) ) ;
#808 = CARTESIAN_POINT ( 'NONE',  ( -4.041265874999999674, 0.000000000000000000, 33.56250000136559919 ) ) ;
#809 = CARTESIAN_POINT ( 'NONE',  ( 3.500000000000000000, 4.286263797015736595E-16, 28.75000000273119127 ) ) ;
#810 = CARTESIAN_POINT ( 'NONE',  ( 6.429395695523603167E-16, -3.500000000000000000, 20.50000000273119127 ) ) ;
#811 = CARTESIAN_POINT ( 'NONE',  ( -3.500000000000000000, 0.000000000000000000, 29.00000000000000000 ) ) ;
#812 = CARTESIAN_POINT ( 'NONE',  ( -2.457961029185336432, -2.815683282999400738, 20.00000000000000000 ) ) ;
#813 = CARTESIAN_POINT ( 'NONE',  ( -1.449747468305833342, 3.500000000000000444, 27.06250000273119483 ) ) ;
#814 = ORIENTED_EDGE ( 'NONE', *, *, #3428, .T. ) ;
#815 = CARTESIAN_POINT ( 'NONE',  ( -2.857606504790286994, 2.857606504790286994, 26.43750000136559919 ) ) ;
#816 = CARTESIAN_POINT ( 'NONE',  ( -4.041265874999999674, 0.000000000000000000, 23.56250000136559564 ) ) ;
#817 = EDGE_CURVE ( 'NONE', #2224, #874, #1501, .T. ) ;
#818 = CARTESIAN_POINT ( 'NONE',  ( -1.673947134580574092, -4.041265874999998786, 19.87500000136560274 ) ) ;
#819 = CARTESIAN_POINT ( 'NONE',  ( 3.500000000000013767, 1.449747468305819575, 24.56250000000000000 ) ) ;
#820 =( BOUNDED_CURVE ( )  B_SPLINE_CURVE ( 2, ( #1394, #2608, #3611, #3275, #2643, #1681, #1719, #819, #1073 ),
 .UNSPECIFIED., .F., .F. ) 
 B_SPLINE_CURVE_WITH_KNOTS ( ( 3, 2, 2, 2, 3 ),
 ( 0.6428571428571427937, 0.6517857142857141906, 0.6607142857142856984, 0.6696428571428572063, 0.6785714285714287142 ),
 .UNSPECIFIED. ) 
 CURVE ( )  GEOMETRIC_REPRESENTATION_ITEM ( )  RATIONAL_B_SPLINE_CURVE ( ( 1.000000000000000888, 0.9238795325112857393, 1.000000000000000000, 0.9238795325112867385, 1.000000000000000000, 0.9238795325112867385, 1.000000000000000000, 0.9238795325112857393, 1.000000000000000888 ) ) 
 REPRESENTATION_ITEM ( '' )  );
#821 = CARTESIAN_POINT ( 'NONE',  ( -2.857606504790286994, 2.857606504790286994, 30.56250000136559919 ) ) ;
#822 = CARTESIAN_POINT ( 'NONE',  ( 2.474873734152917226, -2.474873734152916338, 28.62500000273119127 ) ) ;
#823 = ORIENTED_EDGE ( 'NONE', *, *, #1930, .T. ) ;
#824 = CARTESIAN_POINT ( 'NONE',  ( -1.673947134580573648, 4.041265874999999674, 23.37500000136559564 ) ) ;
#825 = CARTESIAN_POINT ( 'NONE',  ( 2.857606504790286994, -2.857606504790286550, 32.93750000136559919 ) ) ;
#826 = ORIENTED_EDGE ( 'NONE', *, *, #3941, .T. ) ;
#827 = CARTESIAN_POINT ( 'NONE',  ( -3.500000000000000000, 0.000000000000000000, 34.00000000000000000 ) ) ;
#828 = AXIS2_PLACEMENT_3D ( 'NONE', #3515, #744, #1707 ) ;
#829 = CARTESIAN_POINT ( 'NONE',  ( -3.500000000000000000, 0.000000000000000000, 27.00000000000000355 ) ) ;
#830 = CARTESIAN_POINT ( 'NONE',  ( -2.100000000000000089, 0.000000000000000000, 11.00000000000000000 ) ) ;
#831 = CARTESIAN_POINT ( 'NONE',  ( -1.449747468305833564, -3.500000000000000000, 26.43750000273119838 ) ) ;
#832 = EDGE_LOOP ( 'NONE', ( #1921, #1477, #3977, #823 ) ) ;
#833 = CARTESIAN_POINT ( 'NONE',  ( 2.474873734152917226, -2.474873734152916338, 21.62500000273119127 ) ) ;
#834 = ORIENTED_EDGE ( 'NONE', *, *, #1655, .F. ) ;
#835 = CARTESIAN_POINT ( 'NONE',  ( 2.857606504790286994, -2.857606504790286550, 25.93750000136559564 ) ) ;
#836 = CARTESIAN_POINT ( 'NONE',  ( 4.041265874999999674, 4.949123318322177694E-16, 23.06250000136559564 ) ) ;
#837 = VECTOR ( 'NONE', #3553, 1000.000000000000000 ) ;
#838 = AXIS2_PLACEMENT_3D ( 'NONE', #372, #990, #1328 ) ;
#839 = CARTESIAN_POINT ( 'NONE',  ( -2.857606504790286106, -2.857606504790286994, 23.81250000136559564 ) ) ;
#840 = CARTESIAN_POINT ( 'NONE',  ( -3.500000000000013767, 1.449747468305818909, 20.18750000273119483 ) ) ;
#841 = CARTESIAN_POINT ( 'NONE',  ( 3.500000000000000000, 4.286263797015736595E-16, 21.75000000273119127 ) ) ;
#842 = CARTESIAN_POINT ( 'NONE',  ( 2.857606504790286550, 2.857606504790286994, 30.31250000136559919 ) ) ;
#843 = CARTESIAN_POINT ( 'NONE',  ( 2.474873734152916338, 2.474873734152916782, 33.62500000000000000 ) ) ;
#844 = ORIENTED_EDGE ( 'NONE', *, *, #427, .T. ) ;
#845 = CARTESIAN_POINT ( 'NONE',  ( 1.673947134580573204, 4.041265874999999674, 25.25000000136559564 ) ) ;
#846 = CARTESIAN_POINT ( 'NONE',  ( -4.041265874999999674, 1.673947134580573426, 30.50000000136559919 ) ) ;
#847 =( BOUNDED_SURFACE ( )  B_SPLINE_SURFACE ( 1, 2, ( 
 ( #2003, #201, #1448, #3895, #1092, #3259, #2037, #2332, #490, #3008, #3312, #789, #3562, #1074, #3332, #3293, #2349, #3912, #1735, #3596, #2700, #1412, #3946, #1721, #1703, #182, #1430, #167, #542, #806, #522, #1125, #3578, #2021, #1108, #503, #3276, #2989, #147, #771, #2663, #1396, #2680, #3927, #1146, #2974, #2366, #1756, #3633, #471, #821, #2050, #2386, #221, #842, #2073, #1377, #3875, #1773, #3984, #2472, #328, #3965, #3372, #1467, #560, #606, #3695, #2139, #1792, #3111, #1558, #904, #3395, #2, #1205, #2718, #1840, #307, #2739, #2450, #3046, #1183, #2815, #584, #1531, #2765, #27, #3087, #2788, #1250, #926, #4006, #2496, #1228, #3719, #2162, #3742, #950, #3417, #629, #2426, #1864, #862, #1815, #2184, #3440, #3672, #3026, #3067, #284, #1487, #262, #241, #2406, #882, #1166, #3653, #2095, #2116, #3352, #1509, #1885, #2841, #655, #3137, #356, #1585, #1878, #2487, #3783, #3023, #1265, #3408, #43, #965, #2176, #3710, #3329, #1242, #2201, #519, #2511, #987, #2225, #538, #2696, #1857, #1751, #1770, #2832, #3456, #3628, #3432, #1574, #3128, #1289, #2069, #839, #1547, #3005, #2402, #917, #671, #218, #3943, #3104, #2804, #346, #3151, #3734, #3759, #2153, #1902, #370, #940, #2534, #63, #1599, #646, #2856, #1445, #238, #1142, #2383, #1463, #2715, #3961, #621, #1163, #322, #18, #1883, #2468, #970, #3437, #3134, #303, #23, #602, #1527, #676, #2158, #352, #326, #3157, #1247, #1580, #2861, #2516, #1554, #1907, #2811, #2492, #3739, #374, #945, #4025, #3390, #68, #279, #626, #1293, #2206, #48 ),
 ( #1834, #2761, #3461, #2539, #3790, #3083, #2181, #923, #3764, #2838, #2784, #1604, #899, #1271, #994, #3368, #651, #579, #1225, #1810, #2446, #3413, #3062, #1506, #3715, #4002, #1861, #3108, #1201, #3690, #2134, #2878, #3502, #1349, #2600, #3253, #1331, #1677, #1640, #1015, #1695, #2232, #3179, #1660, #1926, #3542, #124, #1390, #712, #2931, #1031, #141, #2620, #3850, #2582, #2250, #2913, #3868, #3484, #1369, #2639, #3889, #1944, #394, #3524, #696, #3197, #448, #1069, #1312, #1052, #3237, #751, #2949, #3809, #2558, #3218, #1622, #105, #3829, #2308, #86, #411, #734, #432, #1982, #766, #2291, #3557, #2269, #1998, #465, #158, #2895, #1966, #3021, #1749, #2399, #2015, #177, #1140, #2694, #3907, #3940, #1460, #1119, #3573, #1731, #254, #2047, #2968, #3039, #3923, #3287, #815, #2380, #3305, #1102, #1787, #3591, #3625, #2343, #835, #2712, #2361, #782, #2983, #1480, #515, #1407, #2732, #3607, #500, #3003, #2067, #216, #800, #1085, #2032, #1768, #2327, #1159, #1443, #3326, #194, #536, #235, #1426, #484, #3647, #555, #3270, #2676, #3958, #857, #2090, #3347, #1715, #2656, #1503, #941, #1903, #3760, #1243, #3735, #3386, #3129, #3059, #2780, #1858, #323, #896, #3105, #4021, #1220, #3686, #3999, #2833, #574, #1198, #1548, #2805, #966, #3080, #3433, #598, #2755, #3457, #3978, #876, #3409, #3667, #2488, #19, #3152, #2442, #647, #2464, #1879, #347, #2177, #299, #2130, #622, #1575, #1179, #44, #371, #1600, #1829, #2109, #3711, #2421, #1523, #1266, #2512, #275, #2202, #672, #3365, #1806, #918, #2154, #3824, #460 ) ),
 .UNSPECIFIED., .F., .F., .F. ) 
 B_SPLINE_SURFACE_WITH_KNOTS ( ( 2, 2 ),
 ( 3, 2, 2, 2, 2, 2, 2, 2, 2, 2, 2, 2, 2, 2, 2, 2, 2, 2, 2, 2, 2, 2, 2, 2, 2, 2, 2, 2, 2, 2, 2, 2, 2, 2, 2, 2, 2, 2, 2, 2, 2, 2, 2, 2, 2, 2, 2, 2, 2, 2, 2, 2, 2, 2, 2, 2, 2, 2, 2, 2, 2, 2, 2, 2, 2, 2, 2, 2, 2, 2, 2, 2, 2, 2, 2, 2, 2, 2, 2, 2, 2, 2, 2, 2, 2, 2, 2, 2, 2, 2, 2, 2, 2, 2, 2, 2, 2, 2, 2, 2, 2, 2, 2, 2, 2, 2, 2, 2, 2, 2, 2, 2, 3 ),
 ( 0.000000000000000000, 1.000000000000000000 ),
 ( 0.000000000000000000, 0.008928571428571428076, 0.01785714285714285615, 0.02678571428571428423, 0.03571428571428571230, 0.04464285714285714385, 0.05357142857142856845, 0.06250000000000000000, 0.07142857142857142461, 0.08035714285714286309, 0.08928571428571428770, 0.09821428571428571230, 0.1071428571428571369, 0.1160714285714285754, 0.1250000000000000000, 0.1339285714285714246, 0.1428571428571428492, 0.1517857142857142738, 0.1607142857142857262, 0.1696428571428571508, 0.1785714285714285754, 0.1875000000000000000, 0.1964285714285714246, 0.2053571428571428492, 0.2142857142857142738, 0.2232142857142857262, 0.2321428571428571508, 0.2410714285714285754, 0.2500000000000000000, 0.2589285714285714524, 0.2678571428571428492, 0.2767857142857143016, 0.2857142857142856984, 0.2946428571428571508, 0.3035714285714285476, 0.3125000000000000000, 0.3214285714285714524, 0.3303571428571428492, 0.3392857142857143016, 0.3482142857142856984, 0.3571428571428571508, 0.3660714285714285476, 0.3750000000000000000, 0.3839285714285714524, 0.3928571428571428492, 0.4017857142857143016, 0.4107142857142856984, 0.4196428571428571508, 0.4285714285714285476, 0.4375000000000000000, 0.4464285714285714524, 0.4553571428571428492, 0.4642857142857143016, 0.4732142857142856984, 0.4821428571428571508, 0.4910714285714285476, 0.5000000000000000000, 0.5089285714285713969, 0.5178571428571429047, 0.5267857142857143016, 0.5357142857142856984, 0.5446428571428570953, 0.5535714285714286031, 0.5625000000000000000, 0.5714285714285713969, 0.5803571428571429047, 0.5892857142857143016, 0.5982142857142856984, 0.6071428571428570953, 0.6160714285714286031, 0.6250000000000000000, 0.6339285714285713969, 0.6428571428571429047, 0.6517857142857143016, 0.6607142857142856984, 0.6696428571428570953, 0.6785714285714286031, 0.6875000000000000000, 0.6964285714285713969, 0.7053571428571429047, 0.7142857142857143016, 0.7232142857142856984, 0.7321428571428570953, 0.7410714285714286031, 0.7500000000000000000, 0.7589285714285713969, 0.7678571428571429047, 0.7767857142857143016, 0.7857142857142856984, 0.7946428571428570953, 0.8035714285714286031, 0.8125000000000000000, 0.8214285714285713969, 0.8303571428571429047, 0.8392857142857143016, 0.8482142857142856984, 0.8571428571428570953, 0.8660714285714286031, 0.8750000000000000000, 0.8839285714285713969, 0.8928571428571429047, 0.9017857142857143016, 0.9107142857142856984, 0.9196428571428570953, 0.9285714285714286031, 0.9375000000000000000, 0.9464285714285713969, 0.9553571428571429047, 0.9642857142857143016, 0.9732142857142856984, 0.9821428571428570953, 0.9910714285714286031, 1.000000000000000000 ),
 .UNSPECIFIED. ) 
 GEOMETRIC_REPRESENTATION_ITEM ( )  RATIONAL_B_SPLINE_SURFACE ( (
 ( 1.000000000000000000, 0.9238795325112867385, 1.000000000000000000, 0.9238795325112867385, 1.000000000000000000, 0.9238795325112867385, 1.000000000000000000, 0.9238795325112867385, 1.000000000000000000, 0.9238795325112867385, 1.000000000000000000, 0.9238795325112867385, 1.000000000000000000, 0.9238795325112867385, 1.000000000000000000, 0.9238795325112867385, 1.000000000000000000, 0.9238795325112867385, 1.000000000000000000, 0.9238795325112867385, 1.000000000000000000, 0.9238795325112867385, 1.000000000000000000, 0.9238795325112867385, 1.000000000000000000, 0.9238795325112867385, 1.000000000000000000, 0.9238795325112867385, 1.000000000000000000, 0.9238795325112867385, 1.000000000000000000, 0.9238795325112867385, 1.000000000000000000, 0.9238795325112867385, 1.000000000000000000, 0.9238795325112867385, 1.000000000000000000, 0.9238795325112867385, 1.000000000000000000, 0.9238795325112867385, 1.000000000000000000, 0.9238795325112867385, 1.000000000000000000, 0.9238795325112867385, 1.000000000000000000, 0.9238795325112867385, 1.000000000000000000, 0.9238795325112867385, 1.000000000000000000, 0.9238795325112867385, 1.000000000000000000, 0.9238795325112867385, 1.000000000000000000, 0.9238795325112867385, 1.000000000000000000, 0.9238795325112867385, 1.000000000000000000, 0.9238795325112867385, 1.000000000000000000, 0.9238795325112867385, 1.000000000000000000, 0.9238795325112867385, 1.000000000000000000, 0.9238795325112867385, 1.000000000000000000, 0.9238795325112867385, 1.000000000000000000, 0.9238795325112867385, 1.000000000000000000, 0.9238795325112867385, 1.000000000000000000, 0.9238795325112867385, 1.000000000000000000, 0.9238795325112867385, 1.000000000000000000, 0.9238795325112867385, 1.000000000000000000, 0.9238795325112867385, 1.000000000000000000, 0.9238795325112867385, 1.000000000000000000, 0.9238795325112867385, 1.000000000000000000, 0.9238795325112867385, 1.000000000000000000, 0.9238795325112867385, 1.000000000000000000, 0.9238795325112867385, 1.000000000000000000, 0.9238795325112867385, 1.000000000000000000, 0.9238795325112867385, 1.000000000000000000, 0.9238795325112867385, 1.000000000000000000, 0.9238795325112867385, 1.000000000000000000, 0.9238795325112867385, 1.000000000000000000, 0.9238795325112867385, 1.000000000000000000, 0.9238795325112867385, 1.000000000000000000, 0.9238795325112867385, 1.000000000000000000, 0.9238795325112867385, 1.000000000000000000, 0.9238795325112867385, 1.000000000000000000, 0.9238795325112867385, 1.000000000000000000, 0.9238795325112867385, 1.000000000000000000, 0.9238795325112867385, 1.000000000000000000, 0.9238795325112867385, 1.000000000000000000, 0.9238795325112867385, 1.000000000000000000, 0.9238795325112867385, 1.000000000000000000, 0.9238795325112867385, 1.000000000000000000, 0.9238795325112867385, 1.000000000000000000, 0.9238795325112867385, 1.000000000000000000, 0.9238795325112867385, 1.000000000000000000, 0.9238795325112867385, 1.000000000000000000, 0.9238795325112867385, 1.000000000000000000, 0.9238795325112867385, 1.000000000000000000, 0.9238795325112867385, 1.000000000000000000, 0.9238795325112867385, 1.000000000000000000, 0.9238795325112867385, 1.000000000000000000, 0.9238795325112867385, 1.000000000000000000, 0.9238795325112867385, 1.000000000000000000, 0.9238795325112867385, 1.000000000000000000, 0.9238795325112867385, 1.000000000000000000, 0.9238795325112867385, 1.000000000000000000, 0.9238795325112867385, 1.000000000000000000, 0.9238795325112867385, 1.000000000000000000, 0.9238795325112867385, 1.000000000000000000, 0.9238795325112867385, 1.000000000000000000, 0.9238795325112867385, 1.000000000000000000, 0.9238795325112867385, 1.000000000000000000, 0.9238795325112867385, 1.000000000000000000, 0.9238795325112867385, 1.000000000000000000, 0.9238795325112867385, 1.000000000000000000, 0.9238795325112867385, 1.000000000000000000, 0.9238795325112867385, 1.000000000000000000, 0.9238795325112867385, 1.000000000000000000, 0.9238795325112867385, 1.000000000000000000, 0.9238795325112867385, 1.000000000000000000, 0.9238795325112867385, 1.000000000000000000, 0.9238795325112867385, 1.000000000000000000, 0.9238795325112867385, 1.000000000000000000, 0.9238795325112867385, 1.000000000000000000, 0.9238795325112867385, 1.000000000000000000, 0.9238795325112867385, 1.000000000000000000, 0.9238795325112867385, 1.000000000000000000, 0.9238795325112867385, 1.000000000000000000, 0.9238795325112867385, 1.000000000000000000, 0.9238795325112867385, 1.000000000000000000, 0.9238795325112867385, 1.000000000000000000, 0.9238795325112867385, 1.000000000000000000, 0.9238795325112867385, 1.000000000000000000, 0.9238795325112867385, 1.000000000000000000, 0.9238795325112867385, 1.000000000000000000, 0.9238795325112867385, 1.000000000000000000, 0.9238795325112867385, 1.000000000000000000, 0.9238795325112867385, 1.000000000000000000, 0.9238795325112867385, 1.000000000000000000, 0.9238795325112867385, 1.000000000000000000, 0.9238795325112867385, 1.000000000000000000, 0.9238795325112867385, 1.000000000000000000, 0.9238795325112867385, 1.000000000000000000),
 ( 1.000000000000000000, 0.9238795325112867385, 1.000000000000000000, 0.9238795325112867385, 1.000000000000000000, 0.9238795325112867385, 1.000000000000000000, 0.9238795325112867385, 1.000000000000000000, 0.9238795325112867385, 1.000000000000000000, 0.9238795325112867385, 1.000000000000000000, 0.9238795325112867385, 1.000000000000000000, 0.9238795325112867385, 1.000000000000000000, 0.9238795325112867385, 1.000000000000000000, 0.9238795325112867385, 1.000000000000000000, 0.9238795325112867385, 1.000000000000000000, 0.9238795325112867385, 1.000000000000000000, 0.9238795325112867385, 1.000000000000000000, 0.9238795325112867385, 1.000000000000000000, 0.9238795325112867385, 1.000000000000000000, 0.9238795325112867385, 1.000000000000000000, 0.9238795325112867385, 1.000000000000000000, 0.9238795325112867385, 1.000000000000000000, 0.9238795325112867385, 1.000000000000000000, 0.9238795325112867385, 1.000000000000000000, 0.9238795325112867385, 1.000000000000000000, 0.9238795325112867385, 1.000000000000000000, 0.9238795325112867385, 1.000000000000000000, 0.9238795325112867385, 1.000000000000000000, 0.9238795325112867385, 1.000000000000000000, 0.9238795325112867385, 1.000000000000000000, 0.9238795325112867385, 1.000000000000000000, 0.9238795325112867385, 1.000000000000000000, 0.9238795325112867385, 1.000000000000000000, 0.9238795325112867385, 1.000000000000000000, 0.9238795325112867385, 1.000000000000000000, 0.9238795325112867385, 1.000000000000000000, 0.9238795325112867385, 1.000000000000000000, 0.9238795325112867385, 1.000000000000000000, 0.9238795325112867385, 1.000000000000000000, 0.9238795325112867385, 1.000000000000000000, 0.9238795325112867385, 1.000000000000000000, 0.9238795325112867385, 1.000000000000000000, 0.9238795325112867385, 1.000000000000000000, 0.9238795325112867385, 1.000000000000000000, 0.9238795325112867385, 1.000000000000000000, 0.9238795325112867385, 1.000000000000000000, 0.9238795325112867385, 1.000000000000000000, 0.9238795325112867385, 1.000000000000000000, 0.9238795325112867385, 1.000000000000000000, 0.9238795325112867385, 1.000000000000000000, 0.9238795325112867385, 1.000000000000000000, 0.9238795325112867385, 1.000000000000000000, 0.9238795325112867385, 1.000000000000000000, 0.9238795325112867385, 1.000000000000000000, 0.9238795325112867385, 1.000000000000000000, 0.9238795325112867385, 1.000000000000000000, 0.9238795325112867385, 1.000000000000000000, 0.9238795325112867385, 1.000000000000000000, 0.9238795325112867385, 1.000000000000000000, 0.9238795325112867385, 1.000000000000000000, 0.9238795325112867385, 1.000000000000000000, 0.9238795325112867385, 1.000000000000000000, 0.9238795325112867385, 1.000000000000000000, 0.9238795325112867385, 1.000000000000000000, 0.9238795325112867385, 1.000000000000000000, 0.9238795325112867385, 1.000000000000000000, 0.9238795325112867385, 1.000000000000000000, 0.9238795325112867385, 1.000000000000000000, 0.9238795325112867385, 1.000000000000000000, 0.9238795325112867385, 1.000000000000000000, 0.9238795325112867385, 1.000000000000000000, 0.9238795325112867385, 1.000000000000000000, 0.9238795325112867385, 1.000000000000000000, 0.9238795325112867385, 1.000000000000000000, 0.9238795325112867385, 1.000000000000000000, 0.9238795325112867385, 1.000000000000000000, 0.9238795325112867385, 1.000000000000000000, 0.9238795325112867385, 1.000000000000000000, 0.9238795325112867385, 1.000000000000000000, 0.9238795325112867385, 1.000000000000000000, 0.9238795325112867385, 1.000000000000000000, 0.9238795325112867385, 1.000000000000000000, 0.9238795325112867385, 1.000000000000000000, 0.9238795325112867385, 1.000000000000000000, 0.9238795325112867385, 1.000000000000000000, 0.9238795325112867385, 1.000000000000000000, 0.9238795325112867385, 1.000000000000000000, 0.9238795325112867385, 1.000000000000000000, 0.9238795325112867385, 1.000000000000000000, 0.9238795325112867385, 1.000000000000000000, 0.9238795325112867385, 1.000000000000000000, 0.9238795325112867385, 1.000000000000000000, 0.9238795325112867385, 1.000000000000000000, 0.9238795325112867385, 1.000000000000000000, 0.9238795325112867385, 1.000000000000000000, 0.9238795325112867385, 1.000000000000000000, 0.9238795325112867385, 1.000000000000000000, 0.9238795325112867385, 1.000000000000000000, 0.9238795325112867385, 1.000000000000000000, 0.9238795325112867385, 1.000000000000000000, 0.9238795325112867385, 1.000000000000000000, 0.9238795325112867385, 1.000000000000000000, 0.9238795325112867385, 1.000000000000000000, 0.9238795325112867385, 1.000000000000000000, 0.9238795325112867385, 1.000000000000000000, 0.9238795325112867385, 1.000000000000000000, 0.9238795325112867385, 1.000000000000000000, 0.9238795325112867385, 1.000000000000000000, 0.9238795325112867385, 1.000000000000000000, 0.9238795325112867385, 1.000000000000000000, 0.9238795325112867385, 1.000000000000000000, 0.9238795325112867385, 1.000000000000000000, 0.9238795325112867385, 1.000000000000000000, 0.9238795325112867385, 1.000000000000000000, 0.9238795325112867385, 1.000000000000000000, 0.9238795325112867385, 1.000000000000000000) ) ) 
 REPRESENTATION_ITEM ( '' )  SURFACE ( )  );
#848 = ORIENTED_EDGE ( 'NONE', *, *, #867, .T. ) ;
#849 = DIRECTION ( 'NONE',  ( 1.000000000000000000, 0.000000000000000000, 0.000000000000000000 ) ) ;
#850 = CARTESIAN_POINT ( 'NONE',  ( 3.500000000000000000, 4.286263797015736595E-16, 30.50000000000000355 ) ) ;
#851 = CARTESIAN_POINT ( 'NONE',  ( 6.429395695523603167E-16, -3.500000000000000000, 23.25000000000000000 ) ) ;
#852 = CARTESIAN_POINT ( 'NONE',  ( 4.041265875000001451, -1.673947134580572538, 30.00000000136559564 ) ) ;
#853 = CARTESIAN_POINT ( 'NONE',  ( 1.449747468305832898, 3.500000000000000444, 23.93750000273119483 ) ) ;
#854 = ORIENTED_EDGE ( 'NONE', *, *, #2574, .F. ) ;
#855 = CARTESIAN_POINT ( 'NONE',  ( -4.041265874999999674, 0.000000000000000000, 33.68750000136559919 ) ) ;
#856 = VERTEX_POINT ( 'NONE', #3976 ) ;
#857 = CARTESIAN_POINT ( 'NONE',  ( 2.857606504790286994, -2.857606504790286550, 23.93750000136559564 ) ) ;
#858 = DIRECTION ( 'NONE',  ( 1.000000000000000000, -0.000000000000000000, -0.000000000000000000 ) ) ;
#859 = CARTESIAN_POINT ( 'NONE',  ( 1.673947134580575424, -4.041265874999998786, 22.87500000136559564 ) ) ;
#860 = CARTESIAN_POINT ( 'NONE',  ( 7.423684977483266541E-16, -4.041265874999999674, 19.93750000136559919 ) ) ;
#861 = CARTESIAN_POINT ( 'NONE',  ( -1.449747468305833564, 3.500000000000000000, 22.06250000273119127 ) ) ;
#862 = CARTESIAN_POINT ( 'NONE',  ( 4.041265874999999674, 1.673947134580573870, 27.25000000136559919 ) ) ;
#863 = CARTESIAN_POINT ( 'NONE',  ( -2.474873734152915894, -2.474873734152917226, 28.37500000273119127 ) ) ;
#864 = CARTESIAN_POINT ( 'NONE',  ( -1.673947134580573648, 4.041265874999999674, 26.37500000136559919 ) ) ;
#865 = CARTESIAN_POINT ( 'NONE',  ( 1.673947134580573204, 4.041265874999999674, 32.25000000136559919 ) ) ;
#866 = ORIENTED_EDGE ( 'NONE', *, *, #1058, .F. ) ;
#867 = EDGE_CURVE ( 'NONE', #1457, #597, #1682, .T. ) ;
#868 = CARTESIAN_POINT ( 'NONE',  ( -2.143131898507868297E-16, 3.500000000000000000, 31.75000000000000000 ) ) ;
#869 = CARTESIAN_POINT ( 'NONE',  ( 3.500000000000000000, 4.286263797015736595E-16, 23.50000000000000000 ) ) ;
#870 = CARTESIAN_POINT ( 'NONE',  ( 4.041265874999999674, 1.673947134580573870, 33.12500000136559208 ) ) ;
#871 = CARTESIAN_POINT ( 'NONE',  ( -3.500000000000000000, 0.000000000000000000, 20.25000000273119127 ) ) ;
#872 = ORIENTED_EDGE ( 'NONE', *, *, #3486, .T. ) ;
#873 = CARTESIAN_POINT ( 'NONE',  ( -1.673947134580574092, -4.041265874999998786, 32.87500000136559919 ) ) ;
#874 = VERTEX_POINT ( 'NONE', #252 ) ;
#875 = EDGE_CURVE ( 'NONE', #675, #571, #3328, .T. ) ;
#876 = CARTESIAN_POINT ( 'NONE',  ( -1.673947134580574092, -4.041265874999998786, 21.75000000136559919 ) ) ;
#877 = CARTESIAN_POINT ( 'NONE',  ( -5.875572544199750169, -1.217283505800179855, 6.328199954778640723 ) ) ;
#878 = CARTESIAN_POINT ( 'NONE',  ( 4.041265875000001451, -1.673947134580572538, 25.00000000136559564 ) ) ;
#879 = CARTESIAN_POINT ( 'NONE',  ( 3.499999999999996003, -1.449747468305836229, 33.43749999999999289 ) ) ;
#880 = CARTESIAN_POINT ( 'NONE',  ( -2.143131898507868297E-16, 3.500000000000000000, 32.75000000000000000 ) ) ;
#881 = CARTESIAN_POINT ( 'NONE',  ( -0.1678882202016375447, 2.094882734084855258, 4.758543842484477260 ) ) ;
#882 = CARTESIAN_POINT ( 'NONE',  ( -1.673947134580573870, 4.041265874999999674, 26.50000000136559564 ) ) ;
#883 = CARTESIAN_POINT ( 'NONE',  ( -3.500000000000005773, -1.449747468305828013, 28.31250000273118772 ) ) ;
#884 = CARTESIAN_POINT ( 'NONE',  ( -2.857606504790286994, 2.857606504790286994, 24.43750000136559564 ) ) ;
#885 = CARTESIAN_POINT ( 'NONE',  ( 7.423684977483266541E-16, -4.041265874999999674, 24.93750000136559564 ) ) ;
#886 = CARTESIAN_POINT ( 'NONE',  ( 1.673947134580573204, 4.041265874999999674, 31.25000000136559564 ) ) ;
#887 = EDGE_LOOP ( 'NONE', ( #2637, #2460, #2510, #661 ) ) ;
#888 = CARTESIAN_POINT ( 'NONE',  ( 1.449747468305832898, 3.500000000000000000, 25.68750000000000711 ) ) ;
#889 = CARTESIAN_POINT ( 'NONE',  ( 3.500000000000000000, 4.286263797015736595E-16, 31.50000000000000000 ) ) ;
#890 = CARTESIAN_POINT ( 'NONE',  ( -3.499999999999999556, -1.449747468305835341, 24.06250000000000000 ) ) ;
#891 = CARTESIAN_POINT ( 'NONE',  ( -2.857606504790286106, -2.857606504790286994, 32.68750000136559919 ) ) ;
#892 = CARTESIAN_POINT ( 'NONE',  ( 1.449747468305832898, 3.500000000000000444, 21.93750000273119127 ) ) ;
#893 = ORIENTED_EDGE ( 'NONE', *, *, #1930, .F. ) ;
#894 = CARTESIAN_POINT ( 'NONE',  ( -1.714278066737372264, 1.215298732863336229, 6.334726981604341667 ) ) ;
#895 = ORIENTED_EDGE ( 'NONE', *, *, #3566, .T. ) ;
#896 = CARTESIAN_POINT ( 'NONE',  ( 1.673947134580575424, -4.041265874999998786, 22.87500000136559564 ) ) ;
#897 = CARTESIAN_POINT ( 'NONE',  ( 0.9986844538568115937, 5.917449923182283023, 6.769207403444545079 ) ) ;
#898 = CARTESIAN_POINT ( 'NONE',  ( 3.500000000000000444, 1.449747468305833342, 31.81250000273118772 ) ) ;
#899 = CARTESIAN_POINT ( 'NONE',  ( 7.423684977483266541E-16, -4.041265874999999674, 32.81250000136559919 ) ) ;
#900 = CARTESIAN_POINT ( 'NONE',  ( -1.250008679244121623, 3.100003499695206166, 15.83529440994226078 ) ) ;
#901 = VECTOR ( 'NONE', #1421, 1000.000000000000000 ) ;
#902 = CARTESIAN_POINT ( 'NONE',  ( 3.500000000000000000, 0.000000000000000000, 20.00000000000000355 ) ) ;
#903 = CARTESIAN_POINT ( 'NONE',  ( 3.500000000000000000, 0.000000000000000000, 20.00000000000000355 ) ) ;
#904 = CARTESIAN_POINT ( 'NONE',  ( 4.041265874999999674, 4.949123318322177694E-16, 29.18750000136559564 ) ) ;
#905 = B_SPLINE_CURVE_WITH_KNOTS ( 'NONE', 3,
 ( #1418, #153, #1385, #3883, #2322, #1081, #3568, #2009, #3263, #3741, #70, #26, #3416, #89, #605, #1530, #50, #306, #1909, #2518 ),
 .UNSPECIFIED., .F., .F.,
 ( 4, 2, 2, 2, 2, 2, 2, 2, 2, 4 ),
 ( 0.000000000000000000, 0.0004937970076750938797, 0.0009875940153501879763, 0.001481391023025282073, 0.001975188030700371182, 0.002222086534537915953, 0.002468985038375460725, 0.002962782046050559809, 0.003456579053725658893, 0.003950376061400757977 ),
 .UNSPECIFIED. ) ;
#906 = CARTESIAN_POINT ( 'NONE',  ( 4.041265875000000563, -1.673947134580572538, 27.00000000136559919 ) ) ;
#907 = CARTESIAN_POINT ( 'NONE',  ( -2.857606504790286994, 2.857606504790286994, 28.56250000136559564 ) ) ;
#908 = CARTESIAN_POINT ( 'NONE',  ( 4.041265874999999674, 4.949123318322177694E-16, 29.06250000136559564 ) ) ;
#909 = ORIENTED_EDGE ( 'NONE', *, *, #2278, .T. ) ;
#910 = FACE_BOUND ( 'NONE', #554, .T. ) ;
#911 = CARTESIAN_POINT ( 'NONE',  ( -1.449747468305833564, -3.500000000000000000, 30.18750000000001066 ) ) ;
#912 = CARTESIAN_POINT ( 'NONE',  ( -3.500000000000000000, 0.000000000000000000, 24.00000000000000000 ) ) ;
#913 = CARTESIAN_POINT ( 'NONE',  ( 2.474873734152917226, -2.474873734152916338, 19.62500000273119483 ) ) ;
#914 = VERTEX_POINT ( 'NONE', #1672 ) ;
#915 = CARTESIAN_POINT ( 'NONE',  ( 1.673947134580575424, -4.041265874999998786, 32.00000000136559919 ) ) ;
#916 = ORIENTED_EDGE ( 'NONE', *, *, #2604, .T. ) ;
#917 = CARTESIAN_POINT ( 'NONE',  ( -2.857606504790286994, 2.857606504790286994, 23.56250000136559564 ) ) ;
#918 = CARTESIAN_POINT ( 'NONE',  ( -1.673947134580574092, -4.041265874999998786, 19.75000000136559919 ) ) ;
#919 = CARTESIAN_POINT ( 'NONE',  ( -5.951561186396124192, -0.7696664105633571618, 5.001753623105508417 ) ) ;
#920 = CARTESIAN_POINT ( 'NONE',  ( -1.449747468305833342, 3.500000000000000444, 32.06250000273119127 ) ) ;
#921 = ORIENTED_EDGE ( 'NONE', *, *, #2834, .T. ) ;
#922 = EDGE_CURVE ( 'NONE', #1786, #232, #1690, .T. ) ;
#923 = CARTESIAN_POINT ( 'NONE',  ( 4.041265874999999674, 1.673947134580573870, 33.12500000136559208 ) ) ;
#924 = EDGE_CURVE ( 'NONE', #675, #1299, #3517, .T. ) ;
#925 = CARTESIAN_POINT ( 'NONE',  ( 3.500000000000000000, 4.286263797015736595E-16, 32.75000000273119127 ) ) ;
#926 = CARTESIAN_POINT ( 'NONE',  ( 1.673947134580575424, -4.041265874999998786, 28.00000000136559919 ) ) ;
#927 = CARTESIAN_POINT ( 'NONE',  ( -1.673947134580574092, -4.041265874999998786, 21.75000000136559564 ) ) ;
#928 = CARTESIAN_POINT ( 'NONE',  ( 2.857606504790286994, -2.857606504790286550, 28.06250000136559919 ) ) ;
#929 = CARTESIAN_POINT ( 'NONE',  ( -4.041265874999999674, 0.000000000000000000, 28.56250000136559564 ) ) ;
#930 = CARTESIAN_POINT ( 'NONE',  ( 0.000000000000000000, 0.000000000000000000, 20.00000000000000355 ) ) ;
#931 = CARTESIAN_POINT ( 'NONE',  ( -0.9999280223985098637, 5.917257064483839812, 6.767863525102583822 ) ) ;
#932 = CARTESIAN_POINT ( 'NONE',  ( 3.500000000000000000, 4.286263797015736595E-16, 29.50000000000000355 ) ) ;
#933 = CARTESIAN_POINT ( 'NONE',  ( -2.474873734152915894, -2.474873734152917226, 21.12500000000000000 ) ) ;
#934 = CARTESIAN_POINT ( 'NONE',  ( 2.857606504790286550, 2.857606504790286994, 30.18750000136559919 ) ) ;
#935 = CARTESIAN_POINT ( 'NONE',  ( 3.500000000000000444, 1.449747468305833342, 21.81250000273119127 ) ) ;
#936 = CARTESIAN_POINT ( 'NONE',  ( -5.988870191427307255, -0.4178985740111124669, 19.07860746383876815 ) ) ;
#937 = ORIENTED_EDGE ( 'NONE', *, *, #1217, .T. ) ;
#938 = CARTESIAN_POINT ( 'NONE',  ( -2.857606504790286106, -2.857606504790286994, 29.81250000136559564 ) ) ;
#939 = ORIENTED_EDGE ( 'NONE', *, *, #2135, .F. ) ;
#940 = CARTESIAN_POINT ( 'NONE',  ( -4.041265874999998786, -1.673947134580575868, 22.75000000136559208 ) ) ;
#941 = CARTESIAN_POINT ( 'NONE',  ( -4.041265874999999674, 0.000000000000000000, 23.56250000136559564 ) ) ;
#942 = FACE_OUTER_BOUND ( 'NONE', #3412, .T. ) ;
#943 = CARTESIAN_POINT ( 'NONE',  ( -4.041265874999999674, 1.673947134580573648, 21.50000000136559564 ) ) ;
#944 = EDGE_LOOP ( 'NONE', ( #3405, #3385, #3383, #2483 ) ) ;
#945 = CARTESIAN_POINT ( 'NONE',  ( 4.041265874999999674, 4.949123318322177694E-16, 20.18750000136559919 ) ) ;
#946 = DIRECTION ( 'NONE',  ( 1.000000000000000000, 0.000000000000000000, 0.000000000000000000 ) ) ;
#947 = ADVANCED_FACE ( 'NONE', ( #692 ), #120, .T. ) ;
#948 = B_SPLINE_CURVE_WITH_KNOTS ( 'NONE', 3,
 ( #2628, #1075, #2938, #222, #3243, #2681, #2051, #2610, #3548, #2022, #524, #3857, #1060, #2315, #3563, #1736, #1397, #2038, #2990, #183, #1704, #3277 ),
 .UNSPECIFIED., .F., .F.,
 ( 4, 2, 2, 2, 2, 2, 2, 2, 2, 2, 4 ),
 ( 0.000000000000000000, 0.0009235364681176563752, 0.001385304702176484454, 0.001847072936235312750, 0.002770609404352968909, 0.003694145872470625501, 0.004617682340588282093, 0.005079450574647110389, 0.005541218808705937818, 0.006464755276823594410, 0.007388291744941251002 ),
 .UNSPECIFIED. ) ;
#949 = CARTESIAN_POINT ( 'NONE',  ( -1.449747468305833786, -3.499999999999999556, 31.43750000273119127 ) ) ;
#950 = CARTESIAN_POINT ( 'NONE',  ( -2.857606504790286994, 2.857606504790286994, 27.56250000136559919 ) ) ;
#951 = CARTESIAN_POINT ( 'NONE',  ( -2.474561659161088847E-16, 4.041265874999999674, 20.31250000136559919 ) ) ;
#952 = CARTESIAN_POINT ( 'NONE',  ( -4.041265874999998786, -1.673947134580575868, 27.75000000136559919 ) ) ;
#953 = CARTESIAN_POINT ( 'NONE',  ( -2.857606504790286106, -2.857606504790286994, 28.68750000136559564 ) ) ;
#954 = DIRECTION ( 'NONE',  ( -0.000000000000000000, -0.000000000000000000, 1.000000000000000000 ) ) ;
#955 = DIRECTION ( 'NONE',  ( 0.000000000000000000, -1.000000000000000000, 0.000000000000000000 ) ) ;
#956 = LINE ( 'NONE', #1847, #1044 ) ;
#957 = CARTESIAN_POINT ( 'NONE',  ( 1.449747468305832898, 3.500000000000000000, 22.68750000000000355 ) ) ;
#958 = CARTESIAN_POINT ( 'NONE',  ( 1.449747468305834674, -3.499999999999999556, 20.31250000000000355 ) ) ;
#959 = CARTESIAN_POINT ( 'NONE',  ( 2.474873734152917226, -2.474873734152916338, 22.62500000273119127 ) ) ;
#960 = CARTESIAN_POINT ( 'NONE',  ( -1.852003678455065083, -0.9977091072959841656, 6.769669650526255467 ) ) ;
#961 = VERTEX_POINT ( 'NONE', #1064 ) ;
#962 = CARTESIAN_POINT ( 'NONE',  ( -4.041265874999998786, -1.673947134580575868, 30.75000000136559919 ) ) ;
#963 = ORIENTED_EDGE ( 'NONE', *, *, #2955, .F. ) ;
#964 =( BOUNDED_CURVE ( )  B_SPLINE_CURVE ( 2, ( #1470, #3375, #1451, #1795, #1759, #1129, #1818, #2351, #3295 ),
 .UNSPECIFIED., .F., .F. ) 
 B_SPLINE_CURVE_WITH_KNOTS ( ( 3, 2, 2, 2, 3 ),
 ( 0.2857142857142856984, 0.2946428571428571508, 0.3035714285714284921, 0.3124999999999999445, 0.3214285714285713969 ),
 .UNSPECIFIED. ) 
 CURVE ( )  GEOMETRIC_REPRESENTATION_ITEM ( )  RATIONAL_B_SPLINE_CURVE ( ( 1.000000000000000000, 0.9238795325112867385, 1.000000000000000000, 0.9238795325112867385, 1.000000000000000000, 0.9238795325112867385, 1.000000000000000000, 0.9238795325112871826, 0.9999999999999995559 ) ) 
 REPRESENTATION_ITEM ( '' )  );
#965 = CARTESIAN_POINT ( 'NONE',  ( 4.041265874999999674, 1.673947134580573870, 25.25000000136559564 ) ) ;
#966 = CARTESIAN_POINT ( 'NONE',  ( 2.857606504790286550, 2.857606504790286994, 22.18750000136559919 ) ) ;
#967 = DIRECTION ( 'NONE',  ( -0.000000000000000000, -0.000000000000000000, 1.000000000000000000 ) ) ;
#968 = CARTESIAN_POINT ( 'NONE',  ( -4.041265874999999674, 0.000000000000000000, 20.56250000136559564 ) ) ;
#969 = ORIENTED_EDGE ( 'NONE', *, *, #2580, .T. ) ;
#970 = CARTESIAN_POINT ( 'NONE',  ( -2.857606504790286994, 2.857606504790286994, 21.56250000136559564 ) ) ;
#971 = PERSON_AND_ORGANIZATION ( #234, #3393 ) ;
#972 = AXIS2_PLACEMENT_3D ( 'NONE', #2004, #2333, #3913 ) ;
#973 = CARTESIAN_POINT ( 'NONE',  ( 1.546525464925490256, -3.733642840280322339, 19.99999999999997158 ) ) ;
#974 = CARTESIAN_POINT ( 'NONE',  ( 1.673947134580575424, -4.041265874999998786, 20.87500000136559919 ) ) ;
#975 = CARTESIAN_POINT ( 'NONE',  ( 2.857606504790286994, -2.857606504790286550, 25.06250000136559564 ) ) ;
#976 = CARTESIAN_POINT ( 'NONE',  ( 4.041265874999999674, 4.949123318322177694E-16, 28.06250000136559919 ) ) ;
#977 = CYLINDRICAL_SURFACE ( 'NONE', #1045, 1.250000000000001110 ) ;
#978 = EDGE_LOOP ( 'NONE', ( #2745, #1131, #984, #1288 ) ) ;
#979 = CARTESIAN_POINT ( 'NONE',  ( -3.500000000000013767, 1.449747468305818909, 26.18750000273119483 ) ) ;
#980 = CARTESIAN_POINT ( 'NONE',  ( -6.000000000000000888, 0.000000000000000000, 34.00000000000000000 ) ) ;
#981 = CARTESIAN_POINT ( 'NONE',  ( -2.857606504790286994, 2.857606504790286994, 32.56250000136559919 ) ) ;
#982 = CARTESIAN_POINT ( 'NONE',  ( 0.000000000000000000, 0.000000000000000000, 20.00000000000000355 ) ) ;
#983 = CARTESIAN_POINT ( 'NONE',  ( 0.000000000000000000, 0.000000000000000000, 20.00000000000000355 ) ) ;
#984 = ORIENTED_EDGE ( 'NONE', *, *, #3832, .T. ) ;
#985 = CARTESIAN_POINT ( 'NONE',  ( -2.857606504790286106, -2.857606504790286994, 28.81250000136559564 ) ) ;
#986 = EDGE_LOOP ( 'NONE', ( #2673, #321, #274, #848 ) ) ;
#987 = CARTESIAN_POINT ( 'NONE',  ( -4.041265874999998786, -1.673947134580575868, 24.75000000136559564 ) ) ;
#988 = EDGE_CURVE ( 'NONE', #780, #481, #2615, .T. ) ;
#989 = CARTESIAN_POINT ( 'NONE',  ( 2.474873734152917226, -2.474873734152916338, 25.37500000000000000 ) ) ;
#990 = DIRECTION ( 'NONE',  ( -0.000000000000000000, 0.000000000000000000, 1.000000000000000000 ) ) ;
#991 = CARTESIAN_POINT ( 'NONE',  ( -4.041265874999999674, 0.000000000000000000, 21.56250000136559564 ) ) ;
#992 =( BOUNDED_CURVE ( )  B_SPLINE_CURVE ( 2, ( #827, #2040, #3298, #3916, #507, #2391, #170, #2994, #2058 ),
 .UNSPECIFIED., .F., .F. ) 
 B_SPLINE_CURVE_WITH_KNOTS ( ( 3, 2, 2, 2, 3 ),
 ( 0.000000000000000000, 0.008928571428571436749, 0.01785714285714287350, 0.02678571428571431198, 0.03571428571428574700 ),
 .UNSPECIFIED. ) 
 CURVE ( )  GEOMETRIC_REPRESENTATION_ITEM ( )  RATIONAL_B_SPLINE_CURVE ( ( 1.000000000000000000, 0.9238795325112867385, 1.000000000000000000, 0.9238795325112867385, 1.000000000000000000, 0.9238795325112867385, 1.000000000000000000, 0.9238795325112864054, 1.000000000000000222 ) ) 
 REPRESENTATION_ITEM ( '' )  );
#993 = ORIENTED_EDGE ( 'NONE', *, *, #49, .T. ) ;
#994 = CARTESIAN_POINT ( 'NONE',  ( -2.857606504790286106, -2.857606504790286994, 32.68750000136559919 ) ) ;
#995 = CIRCLE ( 'NONE', #1754, 3.100000000000000533 ) ;
#996 = DIRECTION ( 'NONE',  ( 0.000000000000000000, 0.000000000000000000, 1.000000000000000000 ) ) ;
#997 = CARTESIAN_POINT ( 'NONE',  ( -5.794395711216221656, -1.566855740395198371, 13.31764366213339557 ) ) ;
#998 = CARTESIAN_POINT ( 'NONE',  ( -2.857606504790286106, -2.857606504790286994, 20.68750000136559564 ) ) ;
#999 = CARTESIAN_POINT ( 'NONE',  ( -2.474561659161088847E-16, 4.041265874999999674, 22.43750000136559919 ) ) ;
#1000 = DIRECTION ( 'NONE',  ( 1.000000000000000000, 0.000000000000000000, 0.000000000000000000 ) ) ;
#1001 = CC_DESIGN_DATE_AND_TIME_ASSIGNMENT ( #3414, #627, ( #2007 ) ) ;
#1002 = VECTOR ( 'NONE', #1059, 1000.000000000000000 ) ;
#1003 = PLANE ( 'NONE',  #3153 ) ;
#1004 = CARTESIAN_POINT ( 'NONE',  ( 2.474873734152917226, -2.474873734152916338, 31.37500000000000000 ) ) ;
#1005 = CARTESIAN_POINT ( 'NONE',  ( 4.041265875000001451, -1.673947134580572538, 32.12500000136559208 ) ) ;
#1006 = CARTESIAN_POINT ( 'NONE',  ( 0.000000000000000000, 2.836811590500856628, 14.75000000000000000 ) ) ;
#1007 = FACE_OUTER_BOUND ( 'NONE', #3571, .T. ) ;
#1008 = ADVANCED_FACE ( 'NONE', ( #729 ), #1922, .T. ) ;
#1009 = CARTESIAN_POINT ( 'NONE',  ( 1.673947134580573204, 4.041265874999999674, 29.37500000136559564 ) ) ;
#1010 = DIRECTION ( 'NONE',  ( 1.000000000000000000, 0.000000000000000000, 0.000000000000000000 ) ) ;
#1011 = CARTESIAN_POINT ( 'NONE',  ( -3.500000000000000000, 0.000000000000000000, 25.00000000000000000 ) ) ;
#1012 = CARTESIAN_POINT ( 'NONE',  ( 0.7696664105633571618, 5.951561186396124192, 5.001753623105508417 ) ) ;
#1013 = CARTESIAN_POINT ( 'NONE',  ( -2.474873734152915894, -2.474873734152917226, 29.37500000273119127 ) ) ;
#1014 = EDGE_CURVE ( 'NONE', #1738, #3314, #3350, .T. ) ;
#1015 = CARTESIAN_POINT ( 'NONE',  ( 4.041265874999999674, 1.673947134580573870, 31.12500000136559919 ) ) ;
#1016 = CARTESIAN_POINT ( 'NONE',  ( -2.474873734152915894, -2.474873734152917226, 25.12500000000000000 ) ) ;
#1017 = CARTESIAN_POINT ( 'NONE',  ( 4.041265875000001451, -1.673947134580572538, 28.00000000136559919 ) ) ;
#1018 = APPROVAL_DATE_TIME ( #3159, #1051 ) ;
#1019 = CARTESIAN_POINT ( 'NONE',  ( 4.041265875000000563, -1.673947134580572538, 23.00000000136559564 ) ) ;
#1020 = CARTESIAN_POINT ( 'NONE',  ( -1.673947134580574092, -4.041265874999998786, 20.87500000136560274 ) ) ;
#1021 = CARTESIAN_POINT ( 'NONE',  ( -3.500000000000013767, 1.449747468305818909, 27.18750000273119838 ) ) ;
#1022 = LINE ( 'NONE', #383, #1002 ) ;
#1023 = CARTESIAN_POINT ( 'NONE',  ( -1.449747468305833786, -3.499999999999999556, 32.18750000000000000 ) ) ;
#1024 = CARTESIAN_POINT ( 'NONE',  ( -2.474561659161088847E-16, 4.041265874999999674, 31.43750000136559564 ) ) ;
#1025 = CARTESIAN_POINT ( 'NONE',  ( -2.474873734152916782, 2.474873734152916782, 28.12500000273119127 ) ) ;
#1026 = CARTESIAN_POINT ( 'NONE',  ( -2.857606504790286106, -2.857606504790286994, 26.81250000136559919 ) ) ;
#1027 = CARTESIAN_POINT ( 'NONE',  ( -2.857606504790286994, 2.857606504790286994, 20.56250000136559919 ) ) ;
#1028 = LINE ( 'NONE', #3500, #2274 ) ;
#1029 = CARTESIAN_POINT ( 'NONE',  ( -1.449747468305833342, 3.500000000000000444, 28.06250000273119127 ) ) ;
#1030 = CARTESIAN_POINT ( 'NONE',  ( 4.041265875000000563, -1.673947134580572538, 22.12500000136559919 ) ) ;
#1031 = CARTESIAN_POINT ( 'NONE',  ( -2.857606504790286994, 2.857606504790286994, 30.43750000136559919 ) ) ;
#1032 = CARTESIAN_POINT ( 'NONE',  ( 6.429395695523603167E-16, -3.500000000000000000, 26.25000000000000355 ) ) ;
#1033 = CARTESIAN_POINT ( 'NONE',  ( -4.041265874999999674, 0.000000000000000000, 27.56250000136559919 ) ) ;
#1034 = SECURITY_CLASSIFICATION_LEVEL ( 'unclassified' ) ;
#1035 = LINE ( 'NONE', #1679, #3867 ) ;
#1036 = CARTESIAN_POINT ( 'NONE',  ( 4.041265875000001451, -1.673947134580572538, 24.12500000136559919 ) ) ;
#1037 = CARTESIAN_POINT ( 'NONE',  ( -2.143131898507868297E-16, 3.500000000000000000, 30.00000000273119127 ) ) ;
#1038 = AXIS2_PLACEMENT_3D ( 'NONE', #682, #955, #1890 ) ;
#1039 = DIRECTION ( 'NONE',  ( 1.000000000000000000, 0.000000000000000000, 0.000000000000000000 ) ) ;
#1040 = CARTESIAN_POINT ( 'NONE',  ( 3.500000000000000000, 4.286263797015736595E-16, 22.50000000000000355 ) ) ;
#1041 = CARTESIAN_POINT ( 'NONE',  ( -2.143131898507868297E-16, 3.500000000000000000, 20.75000000000000355 ) ) ;
#1042 = DIRECTION ( 'NONE',  ( -0.000000000000000000, -0.000000000000000000, 1.000000000000000000 ) ) ;
#1043 = CARTESIAN_POINT ( 'NONE',  ( -2.143131898507868297E-16, 3.500000000000000000, 20.75000000000000355 ) ) ;
#1044 = VECTOR ( 'NONE', #2192, 1000.000000000000000 ) ;
#1045 = AXIS2_PLACEMENT_3D ( 'NONE', #1319, #1254, #1953 ) ;
#1046 = CARTESIAN_POINT ( 'NONE',  ( 4.041265874999999674, 4.949123318322177694E-16, 26.18750000136559919 ) ) ;
#1047 = CARTESIAN_POINT ( 'NONE',  ( 1.673947134580575424, -4.041265874999998786, 21.00000000136559564 ) ) ;
#1048 = CARTESIAN_POINT ( 'NONE',  ( -3.500000000000000000, 0.000000000000000000, 22.00000000000000355 ) ) ;
#1049 = CARTESIAN_POINT ( 'NONE',  ( -2.143131898507868297E-16, 3.500000000000000000, 31.00000000273119127 ) ) ;
#1050 = CARTESIAN_POINT ( 'NONE',  ( -2.474561659161088847E-16, 4.041265874999999674, 25.43750000136559564 ) ) ;
#1051 = APPROVAL ( #1556, '未指定' ) ;
#1052 = CARTESIAN_POINT ( 'NONE',  ( 2.857606504790286550, 2.857606504790286994, 29.18750000136559564 ) ) ;
#1053 = CARTESIAN_POINT ( 'NONE',  ( -2.857606504790286994, 2.857606504790286994, 27.43750000136559919 ) ) ;
#1054 = ADVANCED_FACE ( 'NONE', ( #2908 ), #2336, .T. ) ;
#1055 = CARTESIAN_POINT ( 'NONE',  ( 1.530810862204951390E-16, 6.000000000000000888, 17.25000000000000000 ) ) ;
#1056 = CARTESIAN_POINT ( 'NONE',  ( 4.041265874999999674, 1.673947134580573870, 23.25000000136559208 ) ) ;
#1057 = CARTESIAN_POINT ( 'NONE',  ( 0.1656262679825012130, 6.000000000000000888, 14.74999999999999467 ) ) ;
#1058 = EDGE_CURVE ( 'NONE', #856, #2531, #1984, .T. ) ;
#1059 = DIRECTION ( 'NONE',  ( -0.000000000000000000, -0.000000000000000000, 1.000000000000000000 ) ) ;
#1060 = CARTESIAN_POINT ( 'NONE',  ( 3.546383088510830728, 1.466141064032709274, 19.99999999999999289 ) ) ;
#1061 = CARTESIAN_POINT ( 'NONE',  ( -1.673947134580574092, -4.041265874999998786, 29.87500000136559919 ) ) ;
#1062 = CARTESIAN_POINT ( 'NONE',  ( -2.474873734152915894, -2.474873734152917226, 22.12500000000000355 ) ) ;
#1063 = DIRECTION ( 'NONE',  ( 1.000000000000000000, 0.000000000000000000, 0.000000000000000000 ) ) ;
#1064 = CARTESIAN_POINT ( 'NONE',  ( -3.500000000000000000, 0.000000000000000000, 22.25000000273119127 ) ) ;
#1065 = CARTESIAN_POINT ( 'NONE',  ( 3.500000000000000000, 4.286263797015736595E-16, 21.50000000000000000 ) ) ;
#1066 = CARTESIAN_POINT ( 'NONE',  ( 0.3353985227553326620, -3.953080718648561920, 20.00000000000000000 ) ) ;
#1067 = CARTESIAN_POINT ( 'NONE',  ( -3.499999999999999556, -1.449747468305835341, 29.31250000273119127 ) ) ;
#1068 = CARTESIAN_POINT ( 'NONE',  ( 1.673947134580573204, 4.041265874999999674, 22.37500000136560629 ) ) ;
#1069 = CARTESIAN_POINT ( 'NONE',  ( -2.474561659161088847E-16, 4.041265874999999674, 29.31250000136559564 ) ) ;
#1070 = CARTESIAN_POINT ( 'NONE',  ( -1.673947134580574092, -4.041265874999998786, 25.75000000136559564 ) ) ;
#1071 = CARTESIAN_POINT ( 'NONE',  ( -1.249935086906631243, 5.868361124105375026, 15.83594323370177470 ) ) ;
#1072 = CARTESIAN_POINT ( 'NONE',  ( 4.041265874999999674, 4.949123318322177694E-16, 23.18750000136559564 ) ) ;
#1073 = CARTESIAN_POINT ( 'NONE',  ( 3.500000000000000000, 4.286263797015736595E-16, 24.50000000000000000 ) ) ;
#1074 = CARTESIAN_POINT ( 'NONE',  ( -1.673947134580574092, -4.041265874999998786, 32.87500000136559919 ) ) ;
#1075 = CARTESIAN_POINT ( 'NONE',  ( 0.3114113721094354248, 3.523253191209793300, 19.99999999999999645 ) ) ;
#1076 = CARTESIAN_POINT ( 'NONE',  ( 2.857606504790286994, -2.857606504790286550, 30.06250000136559919 ) ) ;
#1077 = EDGE_CURVE ( 'NONE', #2837, #2508, #3521, .T. ) ;
#1078 = FACE_OUTER_BOUND ( 'NONE', #17, .T. ) ;
#1079 = DIRECTION ( 'NONE',  ( -0.000000000000000000, -0.000000000000000000, 1.000000000000000000 ) ) ;
#1080 = CARTESIAN_POINT ( 'NONE',  ( -2.474873734152915894, -2.474873734152917226, 30.37500000273119127 ) ) ;
#1081 = CARTESIAN_POINT ( 'NONE',  ( 0.9979333297565136096, 3.005249349020850058, 15.23017751452432833 ) ) ;
#1082 = CARTESIAN_POINT ( 'NONE',  ( -5.875645812392041201, 1.216893427121906290, 5.671118810987210601 ) ) ;
#1083 = CARTESIAN_POINT ( 'NONE',  ( 6.429395695523603167E-16, -3.500000000000000000, 30.50000000273119483 ) ) ;
#1084 = CARTESIAN_POINT ( 'NONE',  ( -4.041265874999999674, 1.673947134580573426, 24.62500000136559564 ) ) ;
#1085 = CARTESIAN_POINT ( 'NONE',  ( 4.041265875000001451, -1.673947134580572538, 25.00000000136559564 ) ) ;
#1086 = CARTESIAN_POINT ( 'NONE',  ( -1.673947134580573870, 4.041265874999999674, 26.37500000136559919 ) ) ;
#1087 = COORDINATED_UNIVERSAL_TIME_OFFSET ( 8, 0, .AHEAD. ) ;
#1088 =( BOUNDED_SURFACE ( )  B_SPLINE_SURFACE ( 1, 2, ( 
 ( #2749, #4015, #2727, #3121, #2125, #1540, #3705, #870, #2148, #2083, #2480, #1214, #3381, #569, #891, #294, #2393, #3973, #3341, #593, #1154, #1174, #2103, #3662, #550, #1236, #3054, #1192, #640, #1824, #3034, #3994, #1782, #2458, #249, #3075, #1455, #1517, #270, #2707, #3360, #1800, #1498, #3642, #3403, #615, #2436, #2774, #1850, #2796, #12, #3728, #3425, #3681, #934, #2170, #1872, #852, #2826, #36, #339, #1568, #1259, #2505, #3219, #3272, #2640, #1642, #1983, #3543, #2328, #485, #2252, #413, #466, #1661, #2601, #752, #1333, #2584, #3890, #3558, #2016, #1967, #3254, #3504, #1999, #1716, #2897, #1017, #3869, #1314, #3831, #1391, #3199, #108, #1033, #1678, #1053, #88, #3238, #2560, #142, #1697, #2272, #3812, #2914, #1350, #783, #767, #449, #433, #2950, #159, #2621, #1086, #3574, #714, #1946, #3526, #735, #125, #3851, #2292, #2932, #1070, #1370, #2309, #2714, #516, #237, #802, #1427, #2984, #195, #1769, #501, #878, #3924, #178, #3041, #3022, #1408, #2657, #3960, #2401, #1120, #2068, #1750, #3004, #2677, #2362, #1789, #3592, #3608, #3327, #537, #3980, #2048, #3649, #816, #1732, #3367, #3349, #557, #1181, #3908, #1462, #836, #2111, #3306, #859, #217, #2092, #577, #1161, #2695, #2969, #3626, #256, #1103, #1482, #2344, #2033, #1444, #3288, #3942, #1141, #2381, #2734, #2423, #3669, #991, #943, #2229, #1881, #3460, #1831, #3061, #624, #3107, #2537, #1268, #2179, #3714, #2514, #3762, #349, #968, #373, #1905, #2204, #2782, #674, #4023, #277, #3155, #1200, #1577, #3737, #2808, #2836, #3411, #3132, #3688 ),
 ( #1505, #1602, #649, #2757, #4001, #46, #2859, #1222, #3435, #1860, #325, #1525, #3082, #66, #2444, #301, #1292, #3787, #3481, #920, #1808, #2467, #600, #898, #2133, #3388, #2156, #1550, #21, #1246, #2490, #3195, #1366, #3520, #137, #2324, #1049, #429, #695, #1347, #2306, #1924, #2618, #3885, #1083, #3501, #2877, #1964, #3177, #1943, #2928, #85, #462, #3826, #393, #3251, #2248, #2598, #122, #2946, #1621, #1311, #1013, #1067, #2267, #3216, #3846, #410, #1639, #1693, #3865, #2636, #2579, #3555, #2557, #764, #3807, #710, #2894, #446, #103, #1329, #1996, #1029, #732, #1658, #2911, #2288, #3540, #749, #1980, #3235, #1675, #155, #1387, #2044, #2084, #1116, #2340, #813, #2062, #3587, #1175, #211, #1155, #1764, #2980, #3919, #3302, #831, #497, #1439, #2671, #2999, #2375, #480, #797, #1404, #2689, #2012, #2028, #190, #1728, #2653, #3342, #2357, #511, #2728, #3936, #1099, #1744, #3904, #532, #3284, #1136, #3570, #3621, #3604, #779, #1422, #3322, #3017, #3266, #1456, #230, #2708, #3954, #2394, #3643, #853, #551, #1476, #1783, #3035, #250, #3974, #1712, #2965, #174, #2750, #1896, #3754, #1851, #37, #1193, #3146, #2506, #340, #2196, #13, #959, #1260, #2149, #1499, #2126, #3404, #1518, #365, #3361, #3055, #616, #892, #1237, #935, #665, #3450, #1594, #2104, #3729, #2851, #2775, #57, #3995, #3122, #2437, #2171, #570, #3098, #2416, #1569, #2481, #3682, #3382, #3426, #3663, #594, #1825, #4016, #871, #1801, #271, #3076, #2827, #295, #1215, #2459, #641, #3706, #913, #317, #1541, #2797, #1873, #2905, #2261 ) ),
 .UNSPECIFIED., .F., .F., .F. ) 
 B_SPLINE_SURFACE_WITH_KNOTS ( ( 2, 2 ),
 ( 3, 2, 2, 2, 2, 2, 2, 2, 2, 2, 2, 2, 2, 2, 2, 2, 2, 2, 2, 2, 2, 2, 2, 2, 2, 2, 2, 2, 2, 2, 2, 2, 2, 2, 2, 2, 2, 2, 2, 2, 2, 2, 2, 2, 2, 2, 2, 2, 2, 2, 2, 2, 2, 2, 2, 2, 2, 2, 2, 2, 2, 2, 2, 2, 2, 2, 2, 2, 2, 2, 2, 2, 2, 2, 2, 2, 2, 2, 2, 2, 2, 2, 2, 2, 2, 2, 2, 2, 2, 2, 2, 2, 2, 2, 2, 2, 2, 2, 2, 2, 2, 2, 2, 2, 2, 2, 2, 2, 2, 2, 2, 2, 3 ),
 ( 0.000000000000000000, 1.000000000000000000 ),
 ( 0.000000000000000000, 0.008928571428571428076, 0.01785714285714285615, 0.02678571428571428423, 0.03571428571428571230, 0.04464285714285714385, 0.05357142857142856845, 0.06250000000000000000, 0.07142857142857142461, 0.08035714285714286309, 0.08928571428571428770, 0.09821428571428571230, 0.1071428571428571369, 0.1160714285714285754, 0.1250000000000000000, 0.1339285714285714246, 0.1428571428571428492, 0.1517857142857142738, 0.1607142857142857262, 0.1696428571428571508, 0.1785714285714285754, 0.1875000000000000000, 0.1964285714285714246, 0.2053571428571428492, 0.2142857142857142738, 0.2232142857142857262, 0.2321428571428571508, 0.2410714285714285754, 0.2500000000000000000, 0.2589285714285714524, 0.2678571428571428492, 0.2767857142857143016, 0.2857142857142856984, 0.2946428571428571508, 0.3035714285714285476, 0.3125000000000000000, 0.3214285714285714524, 0.3303571428571428492, 0.3392857142857143016, 0.3482142857142856984, 0.3571428571428571508, 0.3660714285714285476, 0.3750000000000000000, 0.3839285714285714524, 0.3928571428571428492, 0.4017857142857143016, 0.4107142857142856984, 0.4196428571428571508, 0.4285714285714285476, 0.4375000000000000000, 0.4464285714285714524, 0.4553571428571428492, 0.4642857142857143016, 0.4732142857142856984, 0.4821428571428571508, 0.4910714285714285476, 0.5000000000000000000, 0.5089285714285713969, 0.5178571428571429047, 0.5267857142857143016, 0.5357142857142856984, 0.5446428571428570953, 0.5535714285714286031, 0.5625000000000000000, 0.5714285714285713969, 0.5803571428571429047, 0.5892857142857143016, 0.5982142857142856984, 0.6071428571428570953, 0.6160714285714286031, 0.6250000000000000000, 0.6339285714285713969, 0.6428571428571429047, 0.6517857142857143016, 0.6607142857142856984, 0.6696428571428570953, 0.6785714285714286031, 0.6875000000000000000, 0.6964285714285713969, 0.7053571428571429047, 0.7142857142857143016, 0.7232142857142856984, 0.7321428571428570953, 0.7410714285714286031, 0.7500000000000000000, 0.7589285714285713969, 0.7678571428571429047, 0.7767857142857143016, 0.7857142857142856984, 0.7946428571428570953, 0.8035714285714286031, 0.8125000000000000000, 0.8214285714285713969, 0.8303571428571429047, 0.8392857142857143016, 0.8482142857142856984, 0.8571428571428570953, 0.8660714285714286031, 0.8750000000000000000, 0.8839285714285713969, 0.8928571428571429047, 0.9017857142857143016, 0.9107142857142856984, 0.9196428571428570953, 0.9285714285714286031, 0.9375000000000000000, 0.9464285714285713969, 0.9553571428571429047, 0.9642857142857143016, 0.9732142857142856984, 0.9821428571428570953, 0.9910714285714286031, 1.000000000000000000 ),
 .UNSPECIFIED. ) 
 GEOMETRIC_REPRESENTATION_ITEM ( )  RATIONAL_B_SPLINE_SURFACE ( (
 ( 1.000000000000000000, 0.9238795325112867385, 1.000000000000000000, 0.9238795325112867385, 1.000000000000000000, 0.9238795325112867385, 1.000000000000000000, 0.9238795325112867385, 1.000000000000000000, 0.9238795325112867385, 1.000000000000000000, 0.9238795325112867385, 1.000000000000000000, 0.9238795325112867385, 1.000000000000000000, 0.9238795325112867385, 1.000000000000000000, 0.9238795325112867385, 1.000000000000000000, 0.9238795325112867385, 1.000000000000000000, 0.9238795325112867385, 1.000000000000000000, 0.9238795325112867385, 1.000000000000000000, 0.9238795325112867385, 1.000000000000000000, 0.9238795325112867385, 1.000000000000000000, 0.9238795325112867385, 1.000000000000000000, 0.9238795325112867385, 1.000000000000000000, 0.9238795325112867385, 1.000000000000000000, 0.9238795325112867385, 1.000000000000000000, 0.9238795325112867385, 1.000000000000000000, 0.9238795325112867385, 1.000000000000000000, 0.9238795325112867385, 1.000000000000000000, 0.9238795325112867385, 1.000000000000000000, 0.9238795325112867385, 1.000000000000000000, 0.9238795325112867385, 1.000000000000000000, 0.9238795325112867385, 1.000000000000000000, 0.9238795325112867385, 1.000000000000000000, 0.9238795325112867385, 1.000000000000000000, 0.9238795325112867385, 1.000000000000000000, 0.9238795325112867385, 1.000000000000000000, 0.9238795325112867385, 1.000000000000000000, 0.9238795325112867385, 1.000000000000000000, 0.9238795325112867385, 1.000000000000000000, 0.9238795325112867385, 1.000000000000000000, 0.9238795325112867385, 1.000000000000000000, 0.9238795325112867385, 1.000000000000000000, 0.9238795325112867385, 1.000000000000000000, 0.9238795325112867385, 1.000000000000000000, 0.9238795325112867385, 1.000000000000000000, 0.9238795325112867385, 1.000000000000000000, 0.9238795325112867385, 1.000000000000000000, 0.9238795325112867385, 1.000000000000000000, 0.9238795325112867385, 1.000000000000000000, 0.9238795325112867385, 1.000000000000000000, 0.9238795325112867385, 1.000000000000000000, 0.9238795325112867385, 1.000000000000000000, 0.9238795325112867385, 1.000000000000000000, 0.9238795325112867385, 1.000000000000000000, 0.9238795325112867385, 1.000000000000000000, 0.9238795325112867385, 1.000000000000000000, 0.9238795325112867385, 1.000000000000000000, 0.9238795325112867385, 1.000000000000000000, 0.9238795325112867385, 1.000000000000000000, 0.9238795325112867385, 1.000000000000000000, 0.9238795325112867385, 1.000000000000000000, 0.9238795325112867385, 1.000000000000000000, 0.9238795325112867385, 1.000000000000000000, 0.9238795325112867385, 1.000000000000000000, 0.9238795325112867385, 1.000000000000000000, 0.9238795325112867385, 1.000000000000000000, 0.9238795325112867385, 1.000000000000000000, 0.9238795325112867385, 1.000000000000000000, 0.9238795325112867385, 1.000000000000000000, 0.9238795325112867385, 1.000000000000000000, 0.9238795325112867385, 1.000000000000000000, 0.9238795325112867385, 1.000000000000000000, 0.9238795325112867385, 1.000000000000000000, 0.9238795325112867385, 1.000000000000000000, 0.9238795325112867385, 1.000000000000000000, 0.9238795325112867385, 1.000000000000000000, 0.9238795325112867385, 1.000000000000000000, 0.9238795325112867385, 1.000000000000000000, 0.9238795325112867385, 1.000000000000000000, 0.9238795325112867385, 1.000000000000000000, 0.9238795325112867385, 1.000000000000000000, 0.9238795325112867385, 1.000000000000000000, 0.9238795325112867385, 1.000000000000000000, 0.9238795325112867385, 1.000000000000000000, 0.9238795325112867385, 1.000000000000000000, 0.9238795325112867385, 1.000000000000000000, 0.9238795325112867385, 1.000000000000000000, 0.9238795325112867385, 1.000000000000000000, 0.9238795325112867385, 1.000000000000000000, 0.9238795325112867385, 1.000000000000000000, 0.9238795325112867385, 1.000000000000000000, 0.9238795325112867385, 1.000000000000000000, 0.9238795325112867385, 1.000000000000000000, 0.9238795325112867385, 1.000000000000000000, 0.9238795325112867385, 1.000000000000000000, 0.9238795325112867385, 1.000000000000000000, 0.9238795325112867385, 1.000000000000000000, 0.9238795325112867385, 1.000000000000000000, 0.9238795325112867385, 1.000000000000000000, 0.9238795325112867385, 1.000000000000000000, 0.9238795325112867385, 1.000000000000000000, 0.9238795325112867385, 1.000000000000000000, 0.9238795325112867385, 1.000000000000000000, 0.9238795325112867385, 1.000000000000000000, 0.9238795325112867385, 1.000000000000000000, 0.9238795325112867385, 1.000000000000000000, 0.9238795325112867385, 1.000000000000000000, 0.9238795325112867385, 1.000000000000000000, 0.9238795325112867385, 1.000000000000000000, 0.9238795325112867385, 1.000000000000000000, 0.9238795325112867385, 1.000000000000000000, 0.9238795325112867385, 1.000000000000000000, 0.9238795325112867385, 1.000000000000000000, 0.9238795325112867385, 1.000000000000000000, 0.9238795325112867385, 1.000000000000000000, 0.9238795325112867385, 1.000000000000000000, 0.9238795325112867385, 1.000000000000000000, 0.9238795325112867385, 1.000000000000000000, 0.9238795325112867385, 1.000000000000000000),
 ( 1.000000000000000000, 0.9238795325112867385, 1.000000000000000000, 0.9238795325112867385, 1.000000000000000000, 0.9238795325112867385, 1.000000000000000000, 0.9238795325112867385, 1.000000000000000000, 0.9238795325112867385, 1.000000000000000000, 0.9238795325112867385, 1.000000000000000000, 0.9238795325112867385, 1.000000000000000000, 0.9238795325112867385, 1.000000000000000000, 0.9238795325112867385, 1.000000000000000000, 0.9238795325112867385, 1.000000000000000000, 0.9238795325112867385, 1.000000000000000000, 0.9238795325112867385, 1.000000000000000000, 0.9238795325112867385, 1.000000000000000000, 0.9238795325112867385, 1.000000000000000000, 0.9238795325112867385, 1.000000000000000000, 0.9238795325112867385, 1.000000000000000000, 0.9238795325112867385, 1.000000000000000000, 0.9238795325112867385, 1.000000000000000000, 0.9238795325112867385, 1.000000000000000000, 0.9238795325112867385, 1.000000000000000000, 0.9238795325112867385, 1.000000000000000000, 0.9238795325112867385, 1.000000000000000000, 0.9238795325112867385, 1.000000000000000000, 0.9238795325112867385, 1.000000000000000000, 0.9238795325112867385, 1.000000000000000000, 0.9238795325112867385, 1.000000000000000000, 0.9238795325112867385, 1.000000000000000000, 0.9238795325112867385, 1.000000000000000000, 0.9238795325112867385, 1.000000000000000000, 0.9238795325112867385, 1.000000000000000000, 0.9238795325112867385, 1.000000000000000000, 0.9238795325112867385, 1.000000000000000000, 0.9238795325112867385, 1.000000000000000000, 0.9238795325112867385, 1.000000000000000000, 0.9238795325112867385, 1.000000000000000000, 0.9238795325112867385, 1.000000000000000000, 0.9238795325112867385, 1.000000000000000000, 0.9238795325112867385, 1.000000000000000000, 0.9238795325112867385, 1.000000000000000000, 0.9238795325112867385, 1.000000000000000000, 0.9238795325112867385, 1.000000000000000000, 0.9238795325112867385, 1.000000000000000000, 0.9238795325112867385, 1.000000000000000000, 0.9238795325112867385, 1.000000000000000000, 0.9238795325112867385, 1.000000000000000000, 0.9238795325112867385, 1.000000000000000000, 0.9238795325112867385, 1.000000000000000000, 0.9238795325112867385, 1.000000000000000000, 0.9238795325112867385, 1.000000000000000000, 0.9238795325112867385, 1.000000000000000000, 0.9238795325112867385, 1.000000000000000000, 0.9238795325112867385, 1.000000000000000000, 0.9238795325112867385, 1.000000000000000000, 0.9238795325112867385, 1.000000000000000000, 0.9238795325112867385, 1.000000000000000000, 0.9238795325112867385, 1.000000000000000000, 0.9238795325112867385, 1.000000000000000000, 0.9238795325112867385, 1.000000000000000000, 0.9238795325112867385, 1.000000000000000000, 0.9238795325112867385, 1.000000000000000000, 0.9238795325112867385, 1.000000000000000000, 0.9238795325112867385, 1.000000000000000000, 0.9238795325112867385, 1.000000000000000000, 0.9238795325112867385, 1.000000000000000000, 0.9238795325112867385, 1.000000000000000000, 0.9238795325112867385, 1.000000000000000000, 0.9238795325112867385, 1.000000000000000000, 0.9238795325112867385, 1.000000000000000000, 0.9238795325112867385, 1.000000000000000000, 0.9238795325112867385, 1.000000000000000000, 0.9238795325112867385, 1.000000000000000000, 0.9238795325112867385, 1.000000000000000000, 0.9238795325112867385, 1.000000000000000000, 0.9238795325112867385, 1.000000000000000000, 0.9238795325112867385, 1.000000000000000000, 0.9238795325112867385, 1.000000000000000000, 0.9238795325112867385, 1.000000000000000000, 0.9238795325112867385, 1.000000000000000000, 0.9238795325112867385, 1.000000000000000000, 0.9238795325112867385, 1.000000000000000000, 0.9238795325112867385, 1.000000000000000000, 0.9238795325112867385, 1.000000000000000000, 0.9238795325112867385, 1.000000000000000000, 0.9238795325112867385, 1.000000000000000000, 0.9238795325112867385, 1.000000000000000000, 0.9238795325112867385, 1.000000000000000000, 0.9238795325112867385, 1.000000000000000000, 0.9238795325112867385, 1.000000000000000000, 0.9238795325112867385, 1.000000000000000000, 0.9238795325112867385, 1.000000000000000000, 0.9238795325112867385, 1.000000000000000000, 0.9238795325112867385, 1.000000000000000000, 0.9238795325112867385, 1.000000000000000000, 0.9238795325112867385, 1.000000000000000000, 0.9238795325112867385, 1.000000000000000000, 0.9238795325112867385, 1.000000000000000000, 0.9238795325112867385, 1.000000000000000000, 0.9238795325112867385, 1.000000000000000000, 0.9238795325112867385, 1.000000000000000000, 0.9238795325112867385, 1.000000000000000000, 0.9238795325112867385, 1.000000000000000000, 0.9238795325112867385, 1.000000000000000000, 0.9238795325112867385, 1.000000000000000000, 0.9238795325112867385, 1.000000000000000000, 0.9238795325112867385, 1.000000000000000000, 0.9238795325112867385, 1.000000000000000000, 0.9238795325112867385, 1.000000000000000000, 0.9238795325112867385, 1.000000000000000000, 0.9238795325112867385, 1.000000000000000000, 0.9238795325112867385, 1.000000000000000000, 0.9238795325112867385, 1.000000000000000000, 0.9238795325112867385, 1.000000000000000000) ) ) 
 REPRESENTATION_ITEM ( '' )  SURFACE ( )  );
#1089 = PLANE ( 'NONE',  #3458 ) ;
#1090 = CARTESIAN_POINT ( 'NONE',  ( 4.041265874999999674, 1.673947134580573870, 20.25000000136559919 ) ) ;
#1091 = CARTESIAN_POINT ( 'NONE',  ( 0.1633688523880726939, 6.000000000000002665, 17.25000000000000000 ) ) ;
#1092 = CARTESIAN_POINT ( 'NONE',  ( -2.474561659161088847E-16, 4.041265874999999674, 33.43750000136559919 ) ) ;
#1093 = DIRECTION ( 'NONE',  ( -0.000000000000000000, -0.000000000000000000, 1.000000000000000000 ) ) ;
#1094 = CARTESIAN_POINT ( 'NONE',  ( -3.499999999999985789, 1.449747468305846443, 23.93750000000000711 ) ) ;
#1095 = CARTESIAN_POINT ( 'NONE',  ( -5.137253385764129376, 3.099778656006952460, 16.20993453834211095 ) ) ;
#1096 = CARTESIAN_POINT ( 'NONE',  ( -1.449747468305833786, -3.499999999999999556, 20.43750000273119127 ) ) ;
#1097 = CARTESIAN_POINT ( 'NONE',  ( -1.449747468305833342, 3.500000000000000444, 28.81250000000000355 ) ) ;
#1098 = CARTESIAN_POINT ( 'NONE',  ( -3.391577893200492522, -1.235131784786723808, 20.00000000000000000 ) ) ;
#1099 = CARTESIAN_POINT ( 'NONE',  ( -3.500000000000000444, 1.449747468305833120, 25.18750000273119838 ) ) ;
#1100 = VERTEX_POINT ( 'NONE', #809 ) ;
#1101 = CARTESIAN_POINT ( 'NONE',  ( -1.673947134580574092, -4.041265874999998786, 24.87500000136559564 ) ) ;
#1102 = CARTESIAN_POINT ( 'NONE',  ( 1.673947134580573426, 4.041265874999999674, 26.25000000136559564 ) ) ;
#1103 = CARTESIAN_POINT ( 'NONE',  ( -2.474561659161088847E-16, 4.041265874999999674, 22.31250000136559919 ) ) ;
#1104 = APPROVAL_DATE_TIME ( #2561, #2486 ) ;
#1105 = CARTESIAN_POINT ( 'NONE',  ( -1.449747468305833564, 3.500000000000000000, 29.06250000273119127 ) ) ;
#1106 = CARTESIAN_POINT ( 'NONE',  ( -3.500000000000000000, 4.286263797015736595E-16, 20.00000000000000355 ) ) ;
#1107 =( BOUNDED_CURVE ( )  B_SPLINE_CURVE ( 2, ( #199, #840, #2070, #3330, #2093 ),
 .UNSPECIFIED., .F., .T. ) 
 B_SPLINE_CURVE_WITH_KNOTS ( ( 3, 2, 3 ),
 ( 0.9285714285714284921, 0.9375000000000000000, 0.9464285716397300430 ),
 .UNSPECIFIED. ) 
 CURVE ( )  GEOMETRIC_REPRESENTATION_ITEM ( )  RATIONAL_B_SPLINE_CURVE ( ( 1.000000000000000888, 0.9238795325112857393, 1.000000000000000000, 0.9238795325112867385, 1.000000000000000000 ) ) 
 REPRESENTATION_ITEM ( '' )  );
#1108 = CARTESIAN_POINT ( 'NONE',  ( -2.857606504790286994, 2.857606504790286994, 31.56250000136559564 ) ) ;
#1109 = CARTESIAN_POINT ( 'NONE',  ( -2.143131898507868297E-16, 3.500000000000000000, 30.75000000000000355 ) ) ;
#1110 = CARTESIAN_POINT ( 'NONE',  ( -3.500000000000013767, 1.449747468305818909, 20.93750000000000355 ) ) ;
#1111 = AXIS2_PLACEMENT_3D ( 'NONE', #2159, #996, #354 ) ;
#1112 = CARTESIAN_POINT ( 'NONE',  ( -5.947773525594145738, 0.8153240918084005973, 18.99787125098463392 ) ) ;
#1113 = CARTESIAN_POINT ( 'NONE',  ( -0.6374385072048538436, 2.006918889977284071, 4.912343455739505593 ) ) ;
#1114 = CARTESIAN_POINT ( 'NONE',  ( 1.449747468305832898, 3.500000000000000444, 25.68750000000000355 ) ) ;
#1115 = CARTESIAN_POINT ( 'NONE',  ( -1.465112052870068959, -3.547075986578409612, 20.00000000000000711 ) ) ;
#1116 = CARTESIAN_POINT ( 'NONE',  ( -3.500000000000000444, 1.449747468305833120, 27.18750000273119838 ) ) ;
#1117 = VERTEX_POINT ( 'NONE', #2008 ) ;
#1118 = CARTESIAN_POINT ( 'NONE',  ( 2.857606504790286550, 2.857606504790286994, 32.31250000136559919 ) ) ;
#1119 = CARTESIAN_POINT ( 'NONE',  ( 4.041265875000001451, -1.673947134580572538, 27.00000000136559564 ) ) ;
#1120 = CARTESIAN_POINT ( 'NONE',  ( -2.857606504790286994, 2.857606504790286994, 24.43750000136559564 ) ) ;
#1121 = EDGE_CURVE ( 'NONE', #2837, #2013, #992, .T. ) ;
#1122 = EDGE_CURVE ( 'NONE', #4024, #3173, #8, .T. ) ;
#1123 = CARTESIAN_POINT ( 'NONE',  ( -2.857606504790286106, -2.857606504790286994, 19.81250000136559919 ) ) ;
#1124 = LINE ( 'NONE', #2661, #3065 ) ;
#1125 = CARTESIAN_POINT ( 'NONE',  ( -4.041265874999998786, -1.673947134580575868, 31.75000000136559919 ) ) ;
#1126 = CARTESIAN_POINT ( 'NONE',  ( 3.500000000000000000, 4.286263797015736595E-16, 24.50000000000000000 ) ) ;
#1127 = ORIENTED_EDGE ( 'NONE', *, *, #716, .F. ) ;
#1128 = CARTESIAN_POINT ( 'NONE',  ( -4.041265874999999674, 0.000000000000000000, 23.56250000136559564 ) ) ;
#1129 = CARTESIAN_POINT ( 'NONE',  ( 1.449747468305832898, 3.500000000000000000, 29.68750000000000711 ) ) ;
#1130 =( BOUNDED_CURVE ( )  B_SPLINE_CURVE ( 2, ( #2901, #1609, #112, #1337, #1037, #1702, #1734, #770, #1987 ),
 .UNSPECIFIED., .F., .F. ) 
 B_SPLINE_CURVE_WITH_KNOTS ( ( 3, 2, 2, 2, 3 ),
 ( 0.2142857142857142183, 0.2232142857142856707, 0.2321428571428570953, 0.2410714285714285199, 0.2499999999999999445 ),
 .UNSPECIFIED. ) 
 CURVE ( )  GEOMETRIC_REPRESENTATION_ITEM ( )  RATIONAL_B_SPLINE_CURVE ( ( 1.000000000000000444, 0.9238795325112862944, 1.000000000000000000, 0.9238795325112867385, 1.000000000000000000, 0.9238795325112867385, 1.000000000000000000, 0.9238795325112871826, 0.9999999999999995559 ) ) 
 REPRESENTATION_ITEM ( '' )  );
#1131 = ORIENTED_EDGE ( 'NONE', *, *, #166, .F. ) ;
#1132 = CARTESIAN_POINT ( 'NONE',  ( -5.366593199265692782, 2.686067525780535536, 17.56051781610677054 ) ) ;
#1133 = CARTESIAN_POINT ( 'NONE',  ( 1.449747468305834897, -3.499999999999999112, 24.56250000273119127 ) ) ;
#1134 = CARTESIAN_POINT ( 'NONE',  ( 2.474873734152917226, -2.474873734152916338, 28.37500000000000355 ) ) ;
#1135 = CARTESIAN_POINT ( 'NONE',  ( -3.500000000000000000, 0.000000000000000000, 20.00000000000000355 ) ) ;
#1136 = CARTESIAN_POINT ( 'NONE',  ( 2.474873734152916338, 2.474873734152916782, 24.87500000273119127 ) ) ;
#1137 = ORIENTED_EDGE ( 'NONE', *, *, #2074, .T. ) ;
#1138 = CARTESIAN_POINT ( 'NONE',  ( -1.449747468305833786, -3.499999999999999556, 21.43750000273119127 ) ) ;
#1139 = ORIENTED_EDGE ( 'NONE', *, *, #1696, .F. ) ;
#1140 = CARTESIAN_POINT ( 'NONE',  ( -2.474561659161088847E-16, 4.041265874999999674, 27.31250000136559919 ) ) ;
#1141 = CARTESIAN_POINT ( 'NONE',  ( 1.673947134580575424, -4.041265874999998786, 21.87500000136560274 ) ) ;
#1142 = CARTESIAN_POINT ( 'NONE',  ( 4.041265874999999674, 1.673947134580573870, 22.25000000136559919 ) ) ;
#1143 = CARTESIAN_POINT ( 'NONE',  ( 3.499999999999987121, -1.449747468305845999, 23.68750000273119483 ) ) ;
#1144 = CARTESIAN_POINT ( 'NONE',  ( 6.429395695523603167E-16, -3.500000000000000000, 30.25000000000000355 ) ) ;
#1145 = EDGE_CURVE ( 'NONE', #1452, #226, #3453, .T. ) ;
#1146 = CARTESIAN_POINT ( 'NONE',  ( 7.423684977483266541E-16, -4.041265874999999674, 30.93750000136559919 ) ) ;
#1147 = CARTESIAN_POINT ( 'NONE',  ( -2.474873734152916782, 2.474873734152916782, 33.87500000000000000 ) ) ;
#1148 = CARTESIAN_POINT ( 'NONE',  ( -2.474561659161088847E-16, 4.041265874999999674, 25.31250000136559564 ) ) ;
#1149 = CARTESIAN_POINT ( 'NONE',  ( 4.041265874999999674, 4.949123318322177694E-16, 31.06250000136559919 ) ) ;
#1150 = ORIENTED_EDGE ( 'NONE', *, *, #3231, .T. ) ;
#1151 = CARTESIAN_POINT ( 'NONE',  ( -5.693970141553376330, 1.899787175488685920, 18.45793589679207969 ) ) ;
#1152 = VECTOR ( 'NONE', #1079, 1000.000000000000000 ) ;
#1153 = CARTESIAN_POINT ( 'NONE',  ( 2.474873734152916338, 2.474873734152916782, 23.62500000000000000 ) ) ;
#1154 = CARTESIAN_POINT ( 'NONE',  ( -2.474561659161088847E-16, 4.041265874999999674, 32.31250000136559919 ) ) ;
#1155 = CARTESIAN_POINT ( 'NONE',  ( 3.500000000000000000, 4.286263797015736595E-16, 26.75000000273119483 ) ) ;
#1156 = VERTEX_POINT ( 'NONE', #1211 ) ;
#1157 = CARTESIAN_POINT ( 'NONE',  ( -2.857606504790286106, -2.857606504790286994, 32.81250000136559919 ) ) ;
#1158 = ORIENTED_EDGE ( 'NONE', *, *, #2106, .T. ) ;
#1159 = CARTESIAN_POINT ( 'NONE',  ( -1.673947134580574092, -4.041265874999998786, 24.75000000136559564 ) ) ;
#1160 = CARTESIAN_POINT ( 'NONE',  ( 0.4110145365817010621, 2.060842040911430306, 7.183326443098305703 ) ) ;
#1161 = CARTESIAN_POINT ( 'NONE',  ( -4.041265874999998786, -1.673947134580575868, 22.62500000136559564 ) ) ;
#1162 = VECTOR ( 'NONE', #788, 1000.000000000000000 ) ;
#1163 = CARTESIAN_POINT ( 'NONE',  ( -1.673947134580574092, -4.041265874999998786, 21.87500000136560274 ) ) ;
#1164 = CARTESIAN_POINT ( 'NONE',  ( 3.500000000000000000, 0.000000000000000000, 20.00000000000000355 ) ) ;
#1165 = LINE ( 'NONE', #3025, #475 ) ;
#1166 = CARTESIAN_POINT ( 'NONE',  ( -2.474561659161088847E-16, 4.041265874999999674, 26.43750000136559919 ) ) ;
#1167 = CARTESIAN_POINT ( 'NONE',  ( -4.041265874999999674, 0.000000000000000000, 24.56250000136559564 ) ) ;
#1168 = CARTESIAN_POINT ( 'NONE',  ( -1.673947134580574092, -4.041265874999998786, 32.75000000136559919 ) ) ;
#1169 = VERTEX_POINT ( 'NONE', #313 ) ;
#1170 = CARTESIAN_POINT ( 'NONE',  ( 2.474873734152916338, 2.474873734152916782, 23.87500000273119127 ) ) ;
#1171 = CARTESIAN_POINT ( 'NONE',  ( 2.474873734152916338, 2.474873734152916782, 30.62500000000000355 ) ) ;
#1172 = AXIS2_PLACEMENT_3D ( 'NONE', #2470, #3963, #559 ) ;
#1173 = CARTESIAN_POINT ( 'NONE',  ( 1.449747468305832898, 3.500000000000000444, 24.68750000000000355 ) ) ;
#1174 = CARTESIAN_POINT ( 'NONE',  ( 1.673947134580573426, 4.041265874999999674, 32.25000000136559919 ) ) ;
#1175 = CARTESIAN_POINT ( 'NONE',  ( 2.474873734152916338, 2.474873734152916782, 26.87500000273119483 ) ) ;
#1176 = VERTEX_POINT ( 'NONE', #3051 ) ;
#1177 = CARTESIAN_POINT ( 'NONE',  ( -4.041265874999998786, -1.673947134580575868, 32.75000000136559919 ) ) ;
#1178 = VERTEX_POINT ( 'NONE', #612 ) ;
#1179 = CARTESIAN_POINT ( 'NONE',  ( -1.673947134580574092, -4.041265874999998786, 20.75000000136559564 ) ) ;
#1180 = CARTESIAN_POINT ( 'NONE',  ( -5.992815780368901279, -0.3300052203812344764, 4.783402181232426997 ) ) ;
#1181 = CARTESIAN_POINT ( 'NONE',  ( 1.673947134580573426, 4.041265874999999674, 23.25000000136559208 ) ) ;
#1182 = CARTESIAN_POINT ( 'NONE',  ( -3.499999999999991562, 1.449747468305841780, 32.93750000000000711 ) ) ;
#1183 = CARTESIAN_POINT ( 'NONE',  ( -2.857606504790286994, 2.857606504790286994, 28.56250000136559564 ) ) ;
#1184 = CARTESIAN_POINT ( 'NONE',  ( 1.449747468305834674, -3.499999999999999556, 33.31250000000000000 ) ) ;
#1185 = CARTESIAN_POINT ( 'NONE',  ( -1.673947134580574092, -4.041265874999998786, 25.75000000136559564 ) ) ;
#1186 = CARTESIAN_POINT ( 'NONE',  ( -1.673947134580574092, -4.041265874999998786, 24.87500000136559919 ) ) ;
#1187 = CARTESIAN_POINT ( 'NONE',  ( -2.474561659161088847E-16, 4.041265874999999674, 31.31250000136559564 ) ) ;
#1188 = EDGE_LOOP ( 'NONE', ( #3013, #969, #2358, #2754 ) ) ;
#1189 = CARTESIAN_POINT ( 'NONE',  ( -2.474873734152916782, 2.474873734152916782, 25.87500000000000355 ) ) ;
#1190 = CARTESIAN_POINT ( 'NONE',  ( 6.429395695523603167E-16, -3.500000000000000000, 30.25000000000000355 ) ) ;
#1191 = CARTESIAN_POINT ( 'NONE',  ( 3.500000000000000000, 4.286263797015736595E-16, 24.50000000000000000 ) ) ;
#1192 = CARTESIAN_POINT ( 'NONE',  ( 1.673947134580575424, -4.041265874999998786, 31.87500000136559208 ) ) ;
#1193 = CARTESIAN_POINT ( 'NONE',  ( -2.143131898507868297E-16, 3.500000000000000000, 23.00000000273119127 ) ) ;
#1194 = ORIENTED_EDGE ( 'NONE', *, *, #922, .F. ) ;
#1195 = CARTESIAN_POINT ( 'NONE',  ( 4.041265875000000563, -1.673947134580572538, 33.12500000136559919 ) ) ;
#1196 = ORIENTED_EDGE ( 'NONE', *, *, #3043, .F. ) ;
#1197 = EDGE_CURVE ( 'NONE', #3758, #3000, #3779, .T. ) ;
#1198 = CARTESIAN_POINT ( 'NONE',  ( -1.673947134580573870, 4.041265874999999674, 22.37500000136559919 ) ) ;
#1199 = CARTESIAN_POINT ( 'NONE',  ( 3.500000000000000000, 0.000000000000000000, 20.00000000000000355 ) ) ;
#1200 = CARTESIAN_POINT ( 'NONE',  ( 4.041265875000001451, -1.673947134580572538, 20.00000000136559919 ) ) ;
#1201 = CARTESIAN_POINT ( 'NONE',  ( 7.423684977483266541E-16, -4.041265874999999674, 31.81250000136559564 ) ) ;
#1202 = CARTESIAN_POINT ( 'NONE',  ( -1.249995657775717639, 3.099998249103114389, 16.08245157935013125 ) ) ;
#1203 = CARTESIAN_POINT ( 'NONE',  ( -3.499999999999993339, 1.449747468305839782, 28.93750000000000000 ) ) ;
#1204 = CARTESIAN_POINT ( 'NONE',  ( -0.08483529500006929680, 2.100000000000000533, 4.749999999999998224 ) ) ;
#1205 = CARTESIAN_POINT ( 'NONE',  ( 1.673947134580575424, -4.041265874999998786, 29.00000000136559564 ) ) ;
#1206 = CARTESIAN_POINT ( 'NONE',  ( -1.673947134580574092, -4.041265874999998786, 23.75000000136559564 ) ) ;
#1207 = CARTESIAN_POINT ( 'NONE',  ( -1.673947134580574092, -4.041265874999998786, 27.87500000136559919 ) ) ;
#1208 = CARTESIAN_POINT ( 'NONE',  ( 4.041265875000000563, -1.673947134580572538, 30.00000000136559919 ) ) ;
#1209 = VERTEX_POINT ( 'NONE', #362 ) ;
#1210 = CC_DESIGN_PERSON_AND_ORGANIZATION_ASSIGNMENT ( #1272, #3200, ( #1813 ) ) ;
#1211 = CARTESIAN_POINT ( 'NONE',  ( -2.100000000000000089, 0.000000000000000000, 11.00000000000000000 ) ) ;
#1212 = CARTESIAN_POINT ( 'NONE',  ( 6.429395695523603167E-16, -3.500000000000000000, 31.25000000000000000 ) ) ;
#1213 = CARTESIAN_POINT ( 'NONE',  ( -3.500000000000000444, 1.449747468305833120, 22.93750000000000000 ) ) ;
#1214 = CARTESIAN_POINT ( 'NONE',  ( 1.673947134580575424, -4.041265874999998786, 32.87500000136559919 ) ) ;
#1215 = CARTESIAN_POINT ( 'NONE',  ( 2.474873734152916338, 2.474873734152916782, 19.87500000273119483 ) ) ;
#1216 = VERTEX_POINT ( 'NONE', #1591 ) ;
#1217 = EDGE_CURVE ( 'NONE', #1156, #2378, #956, .T. ) ;
#1218 = CARTESIAN_POINT ( 'NONE',  ( 2.857606504790286550, 2.857606504790286994, 31.31250000136559564 ) ) ;
#1219 = EDGE_LOOP ( 'NONE', ( #15, #2173, #74, #245 ) ) ;
#1220 = CARTESIAN_POINT ( 'NONE',  ( -2.857606504790286106, -2.857606504790286994, 22.68750000136559564 ) ) ;
#1221 = CARTESIAN_POINT ( 'NONE',  ( -6.000000000000000888, 1.530808498934191324E-16, 7.250000000000000000 ) ) ;
#1222 = CARTESIAN_POINT ( 'NONE',  ( 3.500000000000000444, 1.449747468305833342, 32.81250000273119127 ) ) ;
#1223 = ADVANCED_FACE ( 'NONE', ( #267, #2793 ), #2823, .F. ) ;
#1224 = ORIENTED_EDGE ( 'NONE', *, *, #1197, .F. ) ;
#1225 = CARTESIAN_POINT ( 'NONE',  ( -2.857606504790286994, 2.857606504790286994, 32.43750000136559919 ) ) ;
#1226 = DIRECTION ( 'NONE',  ( 1.000000000000000000, 0.000000000000000000, 0.000000000000000000 ) ) ;
#1227 = CARTESIAN_POINT ( 'NONE',  ( -5.367166739705482748, -2.684921420755305377, 14.43753372133780388 ) ) ;
#1228 = CARTESIAN_POINT ( 'NONE',  ( -2.857606504790286106, -2.857606504790286994, 27.81250000136559919 ) ) ;
#1229 = CARTESIAN_POINT ( 'NONE',  ( 4.041265875000000563, -1.673947134580572538, 21.00000000136559564 ) ) ;
#1230 = CARTESIAN_POINT ( 'NONE',  ( 7.423684977483266541E-16, -4.041265874999999674, 25.93750000136559564 ) ) ;
#1231 = CARTESIAN_POINT ( 'NONE',  ( 4.041265875000000563, -1.673947134580572538, 28.00000000136559919 ) ) ;
#1232 = CARTESIAN_POINT ( 'NONE',  ( -2.075434277453434895, 0.3306458352400281631, 4.791650835013154364 ) ) ;
#1233 = DIRECTION ( 'NONE',  ( 0.000000000000000000, 0.000000000000000000, -1.000000000000000000 ) ) ;
#1234 = CARTESIAN_POINT ( 'NONE',  ( -2.143131898507868297E-16, 3.500000000000000000, 30.75000000000000355 ) ) ;
#1235 = CARTESIAN_POINT ( 'NONE',  ( 6.429395695523603167E-16, -3.500000000000000000, 21.25000000000000000 ) ) ;
#1236 = CARTESIAN_POINT ( 'NONE',  ( 4.041265875000001451, -1.673947134580572538, 32.00000000136559919 ) ) ;
#1237 = CARTESIAN_POINT ( 'NONE',  ( 2.474873734152916338, 2.474873734152916782, 21.87500000273119127 ) ) ;
#1238 = CARTESIAN_POINT ( 'NONE',  ( -3.500000000000000000, 0.000000000000000000, 23.25000000273119127 ) ) ;
#1239 = ORIENTED_EDGE ( 'NONE', *, *, #2056, .F. ) ;
#1240 = CARTESIAN_POINT ( 'NONE',  ( -2.857606504790286994, 2.857606504790286994, 29.56250000136559564 ) ) ;
#1241 = ORIENTED_EDGE ( 'NONE', *, *, #3346, .F. ) ;
#1242 = CARTESIAN_POINT ( 'NONE',  ( 1.673947134580575424, -4.041265874999998786, 25.00000000136559564 ) ) ;
#1243 = CARTESIAN_POINT ( 'NONE',  ( -1.673947134580573870, 4.041265874999999674, 23.37500000136559564 ) ) ;
#1244 = ADVANCED_FACE ( 'NONE', ( #590 ), #3447, .F. ) ;
#1245 = FACE_OUTER_BOUND ( 'NONE', #3436, .T. ) ;
#1246 = CARTESIAN_POINT ( 'NONE',  ( -1.449747468305833564, -3.500000000000000000, 31.43750000273119127 ) ) ;
#1247 = CARTESIAN_POINT ( 'NONE',  ( -2.857606504790286106, -2.857606504790286994, 20.81250000136559564 ) ) ;
#1248 = CARTESIAN_POINT ( 'NONE',  ( 1.449747468305832898, 3.500000000000000000, 28.68750000000000355 ) ) ;
#1249 = CARTESIAN_POINT ( 'NONE',  ( 3.500000000000000000, 4.286263797015736595E-16, 22.75000000273119127 ) ) ;
#1250 = CARTESIAN_POINT ( 'NONE',  ( 2.857606504790286994, -2.857606504790286550, 28.06250000136559919 ) ) ;
#1251 = CARTESIAN_POINT ( 'NONE',  ( 2.857606504790286994, -2.857606504790286550, 21.93750000136559564 ) ) ;
#1252 = CARTESIAN_POINT ( 'NONE',  ( 1.673947134580573426, 4.041265874999999674, 27.37500000136559919 ) ) ;
#1253 = CARTESIAN_POINT ( 'NONE',  ( -2.474561659161088847E-16, 4.041265874999999674, 29.31250000136559564 ) ) ;
#1254 = DIRECTION ( 'NONE',  ( 0.000000000000000000, -1.000000000000000000, 0.000000000000000000 ) ) ;
#1255 = CARTESIAN_POINT ( 'NONE',  ( 3.500000000000000000, 4.286263797015736595E-16, 32.75000000273119127 ) ) ;
#1256 = CARTESIAN_POINT ( 'NONE',  ( -1.449747468305833786, -3.499999999999999556, 27.43750000273120193 ) ) ;
#1257 = CARTESIAN_POINT ( 'NONE',  ( 3.500000000000000444, 1.449747468305833342, 32.56250000000000000 ) ) ;
#1258 = CARTESIAN_POINT ( 'NONE',  ( -2.474561659161088847E-16, 4.041265874999999674, 32.43750000136559919 ) ) ;
#1259 = CARTESIAN_POINT ( 'NONE',  ( -2.857606504790286106, -2.857606504790286994, 29.68750000136559564 ) ) ;
#1260 = CARTESIAN_POINT ( 'NONE',  ( 1.449747468305834674, -3.499999999999999556, 22.56250000273119127 ) ) ;
#1261 = CARTESIAN_POINT ( 'NONE',  ( -1.956446060636632511, -0.7730846652287489684, 6.995065291380775818 ) ) ;
#1262 = EDGE_LOOP ( 'NONE', ( #3303, #2476, #1264, #2829 ) ) ;
#1263 = CARTESIAN_POINT ( 'NONE',  ( -4.041265874999999674, 0.000000000000000000, 30.68750000136559919 ) ) ;
#1264 = ORIENTED_EDGE ( 'NONE', *, *, #924, .F. ) ;
#1265 = CARTESIAN_POINT ( 'NONE',  ( -2.474561659161088847E-16, 4.041265874999999674, 25.43750000136559564 ) ) ;
#1266 = CARTESIAN_POINT ( 'NONE',  ( 2.857606504790286550, 2.857606504790286994, 20.18750000136559919 ) ) ;
#1267 = CYLINDRICAL_SURFACE ( 'NONE', #3632, 3.500000000000000000 ) ;
#1268 = CARTESIAN_POINT ( 'NONE',  ( 2.857606504790286994, -2.857606504790286550, 20.93750000136559564 ) ) ;
#1269 =( BOUNDED_CURVE ( )  B_SPLINE_CURVE ( 2, ( #1839, #2209, #3487, #2862, #2495, #949, #1584, #3463, #327 ),
 .UNSPECIFIED., .F., .F. ) 
 B_SPLINE_CURVE_WITH_KNOTS ( ( 3, 2, 2, 2, 3 ),
 ( 0.1071428571428572341, 0.1160714285714286864, 0.1250000000000001110, 0.1339285714285715634, 0.1428571428571429880 ),
 .UNSPECIFIED. ) 
 CURVE ( )  GEOMETRIC_REPRESENTATION_ITEM ( )  RATIONAL_B_SPLINE_CURVE ( ( 0.9999999999999992228, 0.9238795325112875156, 1.000000000000000000, 0.9238795325112867385, 1.000000000000000000, 0.9238795325112867385, 1.000000000000000000, 0.9238795325112855172, 1.000000000000001110 ) ) 
 REPRESENTATION_ITEM ( '' )  );
#1270 = ORIENTED_EDGE ( 'NONE', *, *, #2779, .F. ) ;
#1271 = CARTESIAN_POINT ( 'NONE',  ( -1.673947134580574092, -4.041265874999998786, 32.75000000136559919 ) ) ;
#1272 = PERSON_AND_ORGANIZATION ( #234, #3393 ) ;
#1273 = EDGE_CURVE ( 'NONE', #2672, #3709, #3496, .T. ) ;
#1274 = CARTESIAN_POINT ( 'NONE',  ( 2.474873734152917226, -2.474873734152916338, 24.37500000000000000 ) ) ;
#1275 = CARTESIAN_POINT ( 'NONE',  ( 0.000000000000000000, 0.000000000000000000, 20.00000000000000355 ) ) ;
#1276 = CARTESIAN_POINT ( 'NONE',  ( 2.857606504790286550, 2.857606504790286994, 25.31250000136559564 ) ) ;
#1277 = CARTESIAN_POINT ( 'NONE',  ( 1.673947134580573204, 4.041265874999999674, 28.25000000136559919 ) ) ;
#1278 = CARTESIAN_POINT ( 'NONE',  ( 3.500000000000000000, 4.286263797015736595E-16, 22.75000000273119127 ) ) ;
#1279 = CARTESIAN_POINT ( 'NONE',  ( 3.500000000000000000, 4.286263797015736595E-16, 23.50000000000000000 ) ) ;
#1280 = ORIENTED_EDGE ( 'NONE', *, *, #3096, .F. ) ;
#1281 = CARTESIAN_POINT ( 'NONE',  ( -3.500000000000000000, 0.000000000000000000, 26.25000000273119127 ) ) ;
#1282 = CARTESIAN_POINT ( 'NONE',  ( -2.474873734152915894, -2.474873734152917226, 27.12500000000000355 ) ) ;
#1283 = CARTESIAN_POINT ( 'NONE',  ( 2.857606504790286994, -2.857606504790286550, 31.06250000136559919 ) ) ;
#1284 = CARTESIAN_POINT ( 'NONE',  ( -2.474873734152915894, -2.474873734152917226, 26.37500000273119127 ) ) ;
#1285 = CARTESIAN_POINT ( 'NONE',  ( -2.094882734084855258, -0.1678882202016376002, 7.241456157515521852 ) ) ;
#1286 = ORIENTED_EDGE ( 'NONE', *, *, #3566, .F. ) ;
#1287 = CARTESIAN_POINT ( 'NONE',  ( 4.041265875000000563, -1.673947134580572538, 29.12500000136559564 ) ) ;
#1288 = ORIENTED_EDGE ( 'NONE', *, *, #2056, .T. ) ;
#1289 = CARTESIAN_POINT ( 'NONE',  ( 7.423684977483266541E-16, -4.041265874999999674, 23.93750000136559564 ) ) ;
#1290 = CARTESIAN_POINT ( 'NONE',  ( 3.500000000000017319, 1.449747468305816245, 31.56250000000000000 ) ) ;
#1291 = CARTESIAN_POINT ( 'NONE',  ( 0.9992252543351192173, 5.917348716280395493, 5.231604851894950947 ) ) ;
#1292 = CARTESIAN_POINT ( 'NONE',  ( -3.500000000000000000, 0.000000000000000000, 32.25000000273119127 ) ) ;
#1293 = CARTESIAN_POINT ( 'NONE',  ( -2.857606504790286106, -2.857606504790286994, 19.81250000136559919 ) ) ;
#1294 = APPROVAL_STATUS ( 'not_yet_approved' ) ;
#1295 = CARTESIAN_POINT ( 'NONE',  ( -5.839937740935670085, -1.390059491479948450, 13.22156824932037722 ) ) ;
#1296 = CARTESIAN_POINT ( 'NONE',  ( 4.041265874999999674, 4.949123318322177694E-16, 20.06250000136559919 ) ) ;
#1297 = CARTESIAN_POINT ( 'NONE',  ( 1.673947134580573426, 4.041265874999999674, 21.37500000136560274 ) ) ;
#1298 = CARTESIAN_POINT ( 'NONE',  ( 1.449747468305832898, 3.500000000000000000, 24.93750000273119483 ) ) ;
#1299 = VERTEX_POINT ( 'NONE', #2433 ) ;
#1300 = DIRECTION ( 'NONE',  ( -0.000000000000000000, -0.000000000000000000, -1.000000000000000000 ) ) ;
#1301 = DIRECTION ( 'NONE',  ( -0.000000000000000000, -0.000000000000000000, -1.000000000000000000 ) ) ;
#1302 = CARTESIAN_POINT ( 'NONE',  ( 1.449747468305832898, 3.500000000000000444, 20.68750000000000355 ) ) ;
#1303 = EDGE_CURVE ( 'NONE', #512, #1786, #3233, .T. ) ;
#1304 = FACE_OUTER_BOUND ( 'NONE', #296, .T. ) ;
#1305 = DIRECTION ( 'NONE',  ( -0.000000000000000000, -0.000000000000000000, 1.000000000000000000 ) ) ;
#1306 = CARTESIAN_POINT ( 'NONE',  ( -4.041265874999998786, -1.673947134580575868, 31.75000000136559564 ) ) ;
#1307 = EDGE_LOOP ( 'NONE', ( #2723, #1280, #3285, #3658 ) ) ;
#1308 = CARTESIAN_POINT ( 'NONE',  ( -4.041265874999998786, -1.673947134580575868, 21.75000000136559564 ) ) ;
#1309 = CARTESIAN_POINT ( 'NONE',  ( -2.474873734152915894, -2.474873734152917226, 25.12500000000000000 ) ) ;
#1310 = LINE ( 'NONE', #2247, #1361 ) ;
#1311 = CARTESIAN_POINT ( 'NONE',  ( -1.449747468305833564, -3.500000000000000000, 29.43750000273119838 ) ) ;
#1312 = CARTESIAN_POINT ( 'NONE',  ( 1.673947134580573426, 4.041265874999999674, 29.25000000136559564 ) ) ;
#1313 = CARTESIAN_POINT ( 'NONE',  ( -2.474873734152915894, -2.474873734152917226, 27.12500000000000355 ) ) ;
#1314 = CARTESIAN_POINT ( 'NONE',  ( 1.673947134580575424, -4.041265874999998786, 27.87500000136559919 ) ) ;
#1315 = LOCAL_TIME ( 10, 29, 50.00000000000000000, #2208 ) ;
#1316 = CARTESIAN_POINT ( 'NONE',  ( 3.500000000000000000, 4.286263797015736595E-16, 24.50000000000000000 ) ) ;
#1317 = CARTESIAN_POINT ( 'NONE',  ( -4.041265874999999674, 0.000000000000000000, 22.56250000136559919 ) ) ;
#1318 = CARTESIAN_POINT ( 'NONE',  ( 7.423684977483266541E-16, -4.041265874999999674, 20.93750000136559564 ) ) ;
#1319 = CARTESIAN_POINT ( 'NONE',  ( 0.000000000000000000, 6.000000000000000888, 6.000000000000000000 ) ) ;
#1320 = CYLINDRICAL_SURFACE ( 'NONE', #2417, 6.000000000000000888 ) ;
#1321 = CARTESIAN_POINT ( 'NONE',  ( -3.500000000000000000, 0.000000000000000000, 30.00000000000000355 ) ) ;
#1322 = CARTESIAN_POINT ( 'NONE',  ( 4.041265874999999674, 1.673947134580573870, 33.25000000136559919 ) ) ;
#1323 = FACE_OUTER_BOUND ( 'NONE', #3951, .T. ) ;
#1324 = CARTESIAN_POINT ( 'NONE',  ( 2.474873734152917226, -2.474873734152916338, 20.37500000000000355 ) ) ;
#1325 = CARTESIAN_POINT ( 'NONE',  ( -2.474561659161088847E-16, 4.041265874999999674, 26.43750000136559919 ) ) ;
#1326 = CARTESIAN_POINT ( 'NONE',  ( -2.857606504790286106, -2.857606504790286994, 20.81250000136559564 ) ) ;
#1327 = CARTESIAN_POINT ( 'NONE',  ( -6.000000000000000888, -2.363372051778785898E-22, 7.250000000000000000 ) ) ;
#1328 = DIRECTION ( 'NONE',  ( 1.000000000000000000, 0.000000000000000000, 0.000000000000000000 ) ) ;
#1329 = CARTESIAN_POINT ( 'NONE',  ( -3.500000000000000444, 1.449747468305833120, 28.18750000273119483 ) ) ;
#1330 = ADVANCED_FACE ( 'NONE', ( #2770, #910, #3400 ), #1320, .T. ) ;
#1331 = CARTESIAN_POINT ( 'NONE',  ( -2.474561659161088847E-16, 4.041265874999999674, 31.31250000136559564 ) ) ;
#1332 = CARTESIAN_POINT ( 'NONE',  ( -3.499999999999999556, -1.449747468305835341, 26.06250000000000355 ) ) ;
#1333 = CARTESIAN_POINT ( 'NONE',  ( -2.857606504790286106, -2.857606504790286994, 28.68750000136559564 ) ) ;
#1334 = DIRECTION ( 'NONE',  ( -0.000000000000000000, -0.000000000000000000, 1.000000000000000000 ) ) ;
#1335 = CARTESIAN_POINT ( 'NONE',  ( 0.08444962980125413077, 2.100000000000000089, 7.250000000000000888 ) ) ;
#1336 = CARTESIAN_POINT ( 'NONE',  ( -4.041265874999999674, 0.000000000000000000, 20.68750000136559564 ) ) ;
#1337 = CARTESIAN_POINT ( 'NONE',  ( -1.449747468305833564, 3.500000000000000000, 30.06250000273119127 ) ) ;
#1338 = FACE_OUTER_BOUND ( 'NONE', #1442, .T. ) ;
#1339 = CARTESIAN_POINT ( 'NONE',  ( 1.449747468305834897, -3.499999999999999112, 32.31250000000000000 ) ) ;
#1340 = CARTESIAN_POINT ( 'NONE',  ( -1.449747468305833564, -3.500000000000000000, 20.18750000000000000 ) ) ;
#1341 = CARTESIAN_POINT ( 'NONE',  ( 1.449747468305834897, -3.499999999999999112, 22.31250000000000355 ) ) ;
#1342 = CARTESIAN_POINT ( 'NONE',  ( 0.000000000000000000, 0.000000000000000000, 20.00000000000000355 ) ) ;
#1343 = CARTESIAN_POINT ( 'NONE',  ( 7.423684977483266541E-16, -4.041265874999999674, 25.93750000136559564 ) ) ;
#1344 = CARTESIAN_POINT ( 'NONE',  ( 4.041265874999999674, 1.673947134580573648, 21.25000000136559564 ) ) ;
#1345 = CARTESIAN_POINT ( 'NONE',  ( -2.474873734152916782, 2.474873734152916782, 21.87500000000000355 ) ) ;
#1346 = CARTESIAN_POINT ( 'NONE',  ( 3.500000000000015099, -1.449747468305818465, 21.43750000000000000 ) ) ;
#1347 = CARTESIAN_POINT ( 'NONE',  ( 3.500000000000000444, 1.449747468305833342, 30.81250000273119483 ) ) ;
#1348 = CARTESIAN_POINT ( 'NONE',  ( 1.673947134580575424, -4.041265874999998786, 25.00000000136559564 ) ) ;
#1349 = CARTESIAN_POINT ( 'NONE',  ( -4.041265874999999674, 1.673947134580573648, 31.50000000136559564 ) ) ;
#1350 = CARTESIAN_POINT ( 'NONE',  ( 1.673947134580575424, -4.041265874999998786, 26.87500000136559919 ) ) ;
#1351 = ADVANCED_FACE ( 'NONE', ( #756 ), #3837, .T. ) ;
#1352 = CIRCLE ( 'NONE', #3627, 6.000000000000000888 ) ;
#1353 = CARTESIAN_POINT ( 'NONE',  ( -3.500000000000000000, 0.000000000000000000, 25.00000000000000000 ) ) ;
#1354 = CARTESIAN_POINT ( 'NONE',  ( 1.673947134580573426, 4.041265874999999674, 24.37500000136559564 ) ) ;
#1355 = FACE_OUTER_BOUND ( 'NONE', #2152, .T. ) ;
#1356 = DIRECTION ( 'NONE',  ( 0.000000000000000000, 0.000000000000000000, 1.000000000000000000 ) ) ;
#1357 = CARTESIAN_POINT ( 'NONE',  ( -3.500000000000000000, 1.449747468305833120, 22.93750000000000355 ) ) ;
#1358 = CARTESIAN_POINT ( 'NONE',  ( -4.041265874999999674, 0.000000000000000000, 29.68750000136559564 ) ) ;
#1359 = CARTESIAN_POINT ( 'NONE',  ( 3.500000000000000000, 4.286263797015736595E-16, 22.50000000000000355 ) ) ;
#1360 = CARTESIAN_POINT ( 'NONE',  ( 1.449747468305832898, 3.500000000000000000, 23.68750000000000355 ) ) ;
#1361 = VECTOR ( 'NONE', #2556, 1000.000000000000000 ) ;
#1362 = CARTESIAN_POINT ( 'NONE',  ( 1.673947134580575424, -4.041265874999998786, 28.00000000136559919 ) ) ;
#1363 = DIRECTION ( 'NONE',  ( -0.000000000000000000, -0.000000000000000000, 1.000000000000000000 ) ) ;
#1364 = CARTESIAN_POINT ( 'NONE',  ( -3.500000000000000000, 0.000000000000000000, 23.25000000273119127 ) ) ;
#1365 = CYLINDRICAL_SURFACE ( 'NONE', #2131, 3.500000000000000000 ) ;
#1366 = CARTESIAN_POINT ( 'NONE',  ( -3.500000000000000000, 0.000000000000000000, 31.25000000273119127 ) ) ;
#1367 = CARTESIAN_POINT ( 'NONE',  ( 2.857606504790286550, 2.857606504790286994, 25.31250000136559564 ) ) ;
#1368 = ADVANCED_FACE ( 'NONE', ( #3547 ), #2526, .T. ) ;
#1369 = CARTESIAN_POINT ( 'NONE',  ( 1.673947134580575424, -4.041265874999998786, 29.87500000136559919 ) ) ;
#1370 = CARTESIAN_POINT ( 'NONE',  ( -2.857606504790286106, -2.857606504790286994, 25.68750000136559564 ) ) ;
#1371 = ADVANCED_FACE ( 'NONE', ( #1338 ), #2589, .T. ) ;
#1372 = LOCAL_TIME ( 10, 29, 50.00000000000000000, #196 ) ;
#1373 =( BOUNDED_CURVE ( )  B_SPLINE_CURVE ( 2, ( #3840, #3473, #1025, #457, #441, #116, #1614, #79, #3534 ),
 .UNSPECIFIED., .F., .F. ) 
 B_SPLINE_CURVE_WITH_KNOTS ( ( 3, 2, 2, 2, 3 ),
 ( 0.3571428571428572063, 0.3660714285714285476, 0.3749999999999999445, 0.3839285714285713413, 0.3928571428571426827 ),
 .UNSPECIFIED. ) 
 CURVE ( )  GEOMETRIC_REPRESENTATION_ITEM ( )  RATIONAL_B_SPLINE_CURVE ( ( 0.9999999999999995559, 0.9238795325112871826, 1.000000000000000000, 0.9238795325112867385, 1.000000000000000000, 0.9238795325112867385, 1.000000000000000000, 0.9238795325112881818, 0.9999999999999985567 ) ) 
 REPRESENTATION_ITEM ( '' )  );
#1374 = FACE_BOUND ( 'NONE', #650, .T. ) ;
#1375 = CARTESIAN_POINT ( 'NONE',  ( -2.474561659161088847E-16, 4.041265874999999674, 23.43750000136559564 ) ) ;
#1376 = DIRECTION ( 'NONE',  ( -0.000000000000000000, -0.000000000000000000, 1.000000000000000000 ) ) ;
#1377 = CARTESIAN_POINT ( 'NONE',  ( 4.041265874999999674, 4.949123318322177694E-16, 30.18750000136559919 ) ) ;
#1378 = CARTESIAN_POINT ( 'NONE',  ( -1.449747468305833564, 3.500000000000000000, 33.06250000273119127 ) ) ;
#1379 = ORIENTED_EDGE ( 'NONE', *, *, #1993, .T. ) ;
#1380 = CARTESIAN_POINT ( 'NONE',  ( 2.857606504790286550, 2.857606504790286994, 30.31250000136559919 ) ) ;
#1381 = CYLINDRICAL_SURFACE ( 'NONE', #727, 3.500000000000000000 ) ;
#1382 = LINE ( 'NONE', #3880, #2385 ) ;
#1383 = AXIS2_PLACEMENT_3D ( 'NONE', #9, #1233, #3118 ) ;
#1384 = DIRECTION ( 'NONE',  ( 1.000000000000000000, 0.000000000000000000, -0.000000000000000000 ) ) ;
#1385 = CARTESIAN_POINT ( 'NONE',  ( 0.3308437478600306791, 2.852162774859383632, 14.78353966296988631 ) ) ;
#1386 = CARTESIAN_POINT ( 'NONE',  ( -3.523264040302664490, -0.3115565283323531443, 19.99999999999999289 ) ) ;
#1387 = CARTESIAN_POINT ( 'NONE',  ( -2.474873734152915894, -2.474873734152917226, 27.37500000273119483 ) ) ;
#1388 = MANIFOLD_SOLID_BREP ( '螺纹线1', #2270 ) ;
#1389 = CARTESIAN_POINT ( 'NONE',  ( -2.857606504790286994, 2.857606504790286994, 23.56250000136559564 ) ) ;
#1390 = CARTESIAN_POINT ( 'NONE',  ( -4.041265874999998786, -1.673947134580575868, 30.62500000136559564 ) ) ;
#1391 = CARTESIAN_POINT ( 'NONE',  ( -1.673947134580574092, -4.041265874999998786, 27.75000000136559919 ) ) ;
#1392 = CARTESIAN_POINT ( 'NONE',  ( -1.092095569954299572, 5.900116150698969442, 15.37046071167467254 ) ) ;
#1393 = CARTESIAN_POINT ( 'NONE',  ( 0.000000000000000000, 6.000000000000000888, 4.749999999999999112 ) ) ;
#1394 = CARTESIAN_POINT ( 'NONE',  ( -3.500000000000000000, 0.000000000000000000, 25.00000000000000000 ) ) ;
#1395 =( BOUNDED_CURVE ( )  B_SPLINE_CURVE ( 2, ( #2243, #3427, #1324, #706, #3495, #404, #2221, #1634, #2888 ),
 .UNSPECIFIED., .F., .F. ) 
 B_SPLINE_CURVE_WITH_KNOTS ( ( 3, 2, 2, 2, 3 ),
 ( 0.9642857142857140795, 0.9732142857142855874, 0.9821428571428569843, 0.9910714285714286031, 1.000000000000000000 ),
 .UNSPECIFIED. ) 
 CURVE ( )  GEOMETRIC_REPRESENTATION_ITEM ( )  RATIONAL_B_SPLINE_CURVE ( ( 1.000000000000001998, 0.9238795325112848511, 1.000000000000000000, 0.9238795325112867385, 1.000000000000000000, 0.9238795325112867385, 1.000000000000000000, 0.9238795325112867385, 1.000000000000000000 ) ) 
 REPRESENTATION_ITEM ( '' )  );
#1396 = CARTESIAN_POINT ( 'NONE',  ( 4.041265875000001451, -1.673947134580572538, 31.12500000136559919 ) ) ;
#1397 = CARTESIAN_POINT ( 'NONE',  ( 3.881585103873453235, 0.4375133272519478589, 20.00000000000000000 ) ) ;
#1398 = CARTESIAN_POINT ( 'NONE',  ( 2.474873734152916338, 2.474873734152916782, 20.62500000000000355 ) ) ;
#1399 = EDGE_CURVE ( 'NONE', #914, #1209, #683, .T. ) ;
#1400 = CARTESIAN_POINT ( 'NONE',  ( -0.7691680017106995448, 5.951628850031974949, 5.001341621895597278 ) ) ;
#1401 = CARTESIAN_POINT ( 'NONE',  ( 3.500000000000015099, -1.449747468305818465, 20.68750000273118417 ) ) ;
#1402 = CARTESIAN_POINT ( 'NONE',  ( 2.474873734152917226, -2.474873734152916338, 25.37500000000000000 ) ) ;
#1403 = CARTESIAN_POINT ( 'NONE',  ( -5.992955371259922615, 0.3278061979690364280, 7.217289621151372181 ) ) ;
#1404 = CARTESIAN_POINT ( 'NONE',  ( 1.449747468305832898, 3.500000000000000444, 25.93750000273119483 ) ) ;
#1405 = ORIENTED_EDGE ( 'NONE', *, *, #206, .F. ) ;
#1406 = CARTESIAN_POINT ( 'NONE',  ( -2.857606504790286106, -2.857606504790286994, 22.81250000136559564 ) ) ;
#1407 = CARTESIAN_POINT ( 'NONE',  ( -4.041265874999999674, 1.673947134580573648, 25.50000000136559919 ) ) ;
#1408 = CARTESIAN_POINT ( 'NONE',  ( -2.857606504790286106, -2.857606504790286994, 24.68750000136559564 ) ) ;
#1409 = CALENDAR_DATE ( 2023, 13, 3 ) ;
#1410 = DIRECTION ( 'NONE',  ( 0.000000000000000000, -1.000000000000000000, 0.000000000000000000 ) ) ;
#1411 = DIRECTION ( 'NONE',  ( 1.000000000000000000, 0.000000000000000000, 0.000000000000000000 ) ) ;
#1412 = CARTESIAN_POINT ( 'NONE',  ( 1.673947134580573426, 4.041265874999999674, 32.37500000136559919 ) ) ;
#1413 = ADVANCED_FACE ( 'NONE', ( #3797 ), #1003, .F. ) ;
#1414 = CARTESIAN_POINT ( 'NONE',  ( -2.143131898507868297E-16, 3.500000000000000000, 33.00000000273119127 ) ) ;
#1415 = AXIS2_PLACEMENT_3D ( 'NONE', #455, #1093, #3009 ) ;
#1416 = CYLINDRICAL_SURFACE ( 'NONE', #3788, 3.500000000000000000 ) ;
#1417 = CARTESIAN_POINT ( 'NONE',  ( -5.233050472930572461, 2.936498873099461893, 17.01364906194324433 ) ) ;
#1418 = CARTESIAN_POINT ( 'NONE',  ( 0.000000000000000000, 2.836811590500856628, 14.75000000000000000 ) ) ;
#1419 = CARTESIAN_POINT ( 'NONE',  ( 3.500000000000001332, -1.449747468305832010, 28.43750000000000355 ) ) ;
#1420 = VECTOR ( 'NONE', #239, 1000.000000000000000 ) ;
#1421 = DIRECTION ( 'NONE',  ( 0.000000000000000000, 0.000000000000000000, -1.000000000000000000 ) ) ;
#1422 = CARTESIAN_POINT ( 'NONE',  ( 1.449747468305834674, -3.499999999999999556, 24.56250000273119127 ) ) ;
#1423 = ORIENTED_EDGE ( 'NONE', *, *, #421, .T. ) ;
#1424 = CARTESIAN_POINT ( 'NONE',  ( -2.007007337859007645, 0.6371287258144427978, 4.912183532202841540 ) ) ;
#1425 = EDGE_CURVE ( 'NONE', #597, #2316, #3747, .T. ) ;
#1426 = CARTESIAN_POINT ( 'NONE',  ( -1.673947134580573870, 4.041265874999999674, 24.37500000136559564 ) ) ;
#1427 = CARTESIAN_POINT ( 'NONE',  ( -2.474561659161088847E-16, 4.041265874999999674, 25.31250000136559564 ) ) ;
#1428 = PERSON_AND_ORGANIZATION_ROLE ( 'design_supplier' ) ;
#1429 = CARTESIAN_POINT ( 'NONE',  ( -4.041265874999998786, -1.673947134580575868, 19.75000000136559919 ) ) ;
#1430 = CARTESIAN_POINT ( 'NONE',  ( 2.857606504790286994, -2.857606504790286550, 32.06250000136559919 ) ) ;
#1431 = CARTESIAN_POINT ( 'NONE',  ( 0.000000000000000000, 0.000000000000000000, 20.00000000000000355 ) ) ;
#1432 = CARTESIAN_POINT ( 'NONE',  ( -2.857606504790286106, -2.857606504790286994, 24.68750000136559564 ) ) ;
#1433 = CARTESIAN_POINT ( 'NONE',  ( -2.857606504790286994, 2.857606504790286994, 31.43750000136559564 ) ) ;
#1434 = ORIENTED_EDGE ( 'NONE', *, *, #585, .F. ) ;
#1435 = CARTESIAN_POINT ( 'NONE',  ( -5.989128303967611089, 0.4136489393868499898, 19.07910376036721445 ) ) ;
#1436 = CARTESIAN_POINT ( 'NONE',  ( 3.500000000000000000, 0.000000000000000000, 20.00000000000000355 ) ) ;
#1437 = CARTESIAN_POINT ( 'NONE',  ( 3.500000000000001332, -1.449747468305832010, 27.43750000000000711 ) ) ;
#1438 = CARTESIAN_POINT ( 'NONE',  ( 2.000000000000000000, 0.000000000000000000, 19.10000000000000142 ) ) ;
#1439 = CARTESIAN_POINT ( 'NONE',  ( -3.499999999999999556, -1.449747468305835341, 26.31250000273119483 ) ) ;
#1440 = ORIENTED_EDGE ( 'NONE', *, *, #188, .T. ) ;
#1441 = DIRECTION ( 'NONE',  ( -0.000000000000000000, -0.000000000000000000, 1.000000000000000000 ) ) ;
#1442 = EDGE_LOOP ( 'NONE', ( #298, #3666, #3056, #2180 ) ) ;
#1443 = CARTESIAN_POINT ( 'NONE',  ( -2.857606504790286106, -2.857606504790286994, 24.68750000136559564 ) ) ;
#1444 = CARTESIAN_POINT ( 'NONE',  ( 4.041265874999999674, 4.949123318322177694E-16, 22.06250000136559564 ) ) ;
#1445 = CARTESIAN_POINT ( 'NONE',  ( 1.673947134580573426, 4.041265874999999674, 22.37500000136559919 ) ) ;
#1446 = CARTESIAN_POINT ( 'NONE',  ( 3.500000000000000000, 4.286263797015736595E-16, 22.50000000000000355 ) ) ;
#1447 = CARTESIAN_POINT ( 'NONE',  ( 3.500000000000000000, 1.449747468305833564, 21.81250000273119127 ) ) ;
#1448 = CARTESIAN_POINT ( 'NONE',  ( -2.857606504790286994, 2.857606504790286994, 33.56250000136559919 ) ) ;
#1449 = CARTESIAN_POINT ( 'NONE',  ( -3.500000000000000000, 0.000000000000000000, 20.25000000273119127 ) ) ;
#1450 = CARTESIAN_POINT ( 'NONE',  ( -2.474561659161088847E-16, 4.041265874999999674, 26.31250000136559919 ) ) ;
#1451 = CARTESIAN_POINT ( 'NONE',  ( -2.474873734152916782, 2.474873734152916782, 29.87500000000000355 ) ) ;
#1452 = VERTEX_POINT ( 'NONE', #3185 ) ;
#1453 = CARTESIAN_POINT ( 'NONE',  ( -5.916869328174747089, 1.013280469844869192, 13.06333542949767335 ) ) ;
#1454 = CARTESIAN_POINT ( 'NONE',  ( -1.449747468305833564, -3.500000000000000000, 22.18750000000000000 ) ) ;
#1455 = CARTESIAN_POINT ( 'NONE',  ( -2.474561659161088847E-16, 4.041265874999999674, 31.31250000136559564 ) ) ;
#1456 = CARTESIAN_POINT ( 'NONE',  ( -3.499999999999999556, -1.449747468305835341, 24.31250000273119127 ) ) ;
#1457 = VERTEX_POINT ( 'NONE', #3856 ) ;
#1458 = DIRECTION ( 'NONE',  ( -0.000000000000000000, -0.000000000000000000, 1.000000000000000000 ) ) ;
#1459 = ORIENTED_EDGE ( 'NONE', *, *, #2314, .F. ) ;
#1460 = CARTESIAN_POINT ( 'NONE',  ( 4.041265874999999674, 4.949123318322177694E-16, 27.06250000136559919 ) ) ;
#1461 = CARTESIAN_POINT ( 'NONE',  ( 1.529190219174742497E-16, 2.100000000000000089, 7.250000000000000888 ) ) ;
#1462 = CARTESIAN_POINT ( 'NONE',  ( 4.041265874999999674, 1.673947134580573870, 23.12500000136559564 ) ) ;
#1463 = CARTESIAN_POINT ( 'NONE',  ( 4.041265875000001451, -1.673947134580572538, 22.12500000136560274 ) ) ;
#1464 = EDGE_CURVE ( 'NONE', #1117, #2531, #1934, .T. ) ;
#1465 = CARTESIAN_POINT ( 'NONE',  ( -2.857606504790286994, 2.857606504790286994, 20.56250000136559919 ) ) ;
#1466 = CARTESIAN_POINT ( 'NONE',  ( 3.500000000000000000, 4.286263797015736595E-16, 30.50000000000000355 ) ) ;
#1467 = CARTESIAN_POINT ( 'NONE',  ( -4.041265874999999674, 0.000000000000000000, 29.68750000136559564 ) ) ;
#1468 = CARTESIAN_POINT ( 'NONE',  ( 3.500000000000001332, -1.449747468305832010, 33.43750000000000000 ) ) ;
#1469 = CARTESIAN_POINT ( 'NONE',  ( 1.673947134580575424, -4.041265874999998786, 25.87500000136559564 ) ) ;
#1470 = CARTESIAN_POINT ( 'NONE',  ( -3.500000000000000000, 0.000000000000000000, 30.00000000000000355 ) ) ;
#1471 = EDGE_LOOP ( 'NONE', ( #1729, #212, #1898, #701, #1543, #533, #866, #2477 ) ) ;
#1472 = CARTESIAN_POINT ( 'NONE',  ( -5.473338018064978883, 2.461277614697563010, 14.10466439699552943 ) ) ;
#1473 = CARTESIAN_POINT ( 'NONE',  ( -2.474873734152916782, 2.474873734152916782, 32.87500000000000000 ) ) ;
#1474 = CARTESIAN_POINT ( 'NONE',  ( 1.449747468305834674, -3.499999999999999556, 23.31249999999999645 ) ) ;
#1475 = CARTESIAN_POINT ( 'NONE',  ( -6.000000000000000888, -2.363372051778785898E-22, 7.250000000000000000 ) ) ;
#1476 = CARTESIAN_POINT ( 'NONE',  ( 3.500000000000000444, 1.449747468305833342, 23.81250000273119127 ) ) ;
#1477 = ORIENTED_EDGE ( 'NONE', *, *, #1993, .F. ) ;
#1478 = CARTESIAN_POINT ( 'NONE',  ( -2.075244260414200070, 0.3317140748884333523, 7.208022840016845123 ) ) ;
#1479 = ORIENTED_EDGE ( 'NONE', *, *, #162, .T. ) ;
#1480 = CARTESIAN_POINT ( 'NONE',  ( -4.041265874999998786, -1.673947134580575868, 25.62500000136559564 ) ) ;
#1481 = CARTESIAN_POINT ( 'NONE',  ( -3.500000000000000000, 0.000000000000000000, 33.00000000000000000 ) ) ;
#1482 = CARTESIAN_POINT ( 'NONE',  ( 1.673947134580573426, 4.041265874999999674, 22.25000000136559919 ) ) ;
#1483 = VECTOR ( 'NONE', #1807, 1000.000000000000000 ) ;
#1484 = CARTESIAN_POINT ( 'NONE',  ( -0.9983928384826096236, 3.005378063110811571, 15.23057820236546966 ) ) ;
#1485 = CARTESIAN_POINT ( 'NONE',  ( -2.474873734152916782, 2.474873734152916782, 32.87500000000000000 ) ) ;
#1486 = PRODUCT_DEFINITION_SHAPE ( 'NONE', 'NONE',  #2007 ) ;
#1487 = CARTESIAN_POINT ( 'NONE',  ( -4.041265874999998786, -1.673947134580575868, 26.75000000136559919 ) ) ;
#1488 = CARTESIAN_POINT ( 'NONE',  ( -3.500000000000000000, 0.000000000000000000, 28.25000000273119127 ) ) ;
#1489 = CARTESIAN_POINT ( 'NONE',  ( 4.041265874999999674, 4.949123318322177694E-16, 27.06250000136559919 ) ) ;
#1490 = CARTESIAN_POINT ( 'NONE',  ( -4.041265874999999674, 0.000000000000000000, 31.56250000136559564 ) ) ;
#1491 = ORIENTED_EDGE ( 'NONE', *, *, #2604, .F. ) ;
#1492 = EDGE_CURVE ( 'NONE', #1617, #1854, #1022, .T. ) ;
#1493 = CARTESIAN_POINT ( 'NONE',  ( -1.449747468305833564, 3.500000000000000000, 24.06250000273119127 ) ) ;
#1494 = CARTESIAN_POINT ( 'NONE',  ( 3.500000000000001332, -1.449747468305832010, 31.43750000000000355 ) ) ;
#1495 = AXIS2_PLACEMENT_3D ( 'NONE', #2540, #1334, #2839 ) ;
#1496 =( BOUNDED_CURVE ( )  B_SPLINE_CURVE ( 2, ( #1686, #687, #1919, #725, #3799, #1991, #1284, #2528, #2549 ),
 .UNSPECIFIED., .F., .F. ) 
 B_SPLINE_CURVE_WITH_KNOTS ( ( 3, 2, 2, 2, 3 ),
 ( 0.4642857142857141906, 0.4732142857142855874, 0.4821428571428570398, 0.4910714285714284366, 0.4999999999999998890 ),
 .UNSPECIFIED. ) 
 CURVE ( )  GEOMETRIC_REPRESENTATION_ITEM ( )  RATIONAL_B_SPLINE_CURVE ( ( 1.000000000000000888, 0.9238795325112857393, 1.000000000000000000, 0.9238795325112867385, 1.000000000000000000, 0.9238795325112867385, 1.000000000000000000, 0.9238795325112877377, 0.9999999999999990008 ) ) 
 REPRESENTATION_ITEM ( '' )  );
#1497 = CARTESIAN_POINT ( 'NONE',  ( 3.500000000000000444, 1.449747468305833342, 24.56250000000000000 ) ) ;
#1498 = CARTESIAN_POINT ( 'NONE',  ( 2.857606504790286994, -2.857606504790286550, 30.93750000136559919 ) ) ;
#1499 = CARTESIAN_POINT ( 'NONE',  ( -1.449747468305833564, -3.500000000000000000, 22.43750000273119127 ) ) ;
#1500 = ORIENTED_EDGE ( 'NONE', *, *, #3638, .T. ) ;
#1501 = LINE ( 'NONE', #3665, #3700 ) ;
#1502 = EDGE_LOOP ( 'NONE', ( #3699, #319, #3939 ) ) ;
#1503 = CARTESIAN_POINT ( 'NONE',  ( -4.041265874999998786, -1.673947134580575868, 23.62500000136559919 ) ) ;
#1504 = CARTESIAN_POINT ( 'NONE',  ( 1.530810862315391917E-16, 6.000000000000000888, 7.250000000000000888 ) ) ;
#1505 = CARTESIAN_POINT ( 'NONE',  ( -3.500000000000000000, 0.000000000000000000, 33.25000000273119127 ) ) ;
#1506 = CARTESIAN_POINT ( 'NONE',  ( 4.041265874999999674, 1.673947134580573870, 32.12500000136559208 ) ) ;
#1507 = CARTESIAN_POINT ( 'NONE',  ( -0.6335232425564354397, 2.902820811364925646, 14.90990473176533726 ) ) ;
#1508 = CARTESIAN_POINT ( 'NONE',  ( -1.088680421162679490, 1.797344414602701779, 5.364773042119827196 ) ) ;
#1509 = CARTESIAN_POINT ( 'NONE',  ( 4.041265875000001451, -1.673947134580572538, 26.12500000136559919 ) ) ;
#1510 = CARTESIAN_POINT ( 'NONE',  ( 2.857606504790286994, -2.857606504790286550, 23.93750000136559564 ) ) ;
#1511 = CARTESIAN_POINT ( 'NONE',  ( 2.857606504790286550, 2.857606504790286994, 27.31250000136559919 ) ) ;
#1512 = CARTESIAN_POINT ( 'NONE',  ( -4.041265874999998786, -1.673947134580575868, 31.62500000136559564 ) ) ;
#1513 = EDGE_LOOP ( 'NONE', ( #3376, #635, #3325, #2515, #1521, #643, #1828, #2552, #2711, #1224, #893, #3624, #3422, #290, #2665, #2198, #2064, #3780, #2045, #573, #1139, #1875, #3431, #1684, #1239, #3914, #345, #2992, #2752, #1856 ) ) ;
#1514 = CARTESIAN_POINT ( 'NONE',  ( -0.1634114241445050464, 6.000000000000001776, 7.250000000000002665 ) ) ;
#1515 = CARTESIAN_POINT ( 'NONE',  ( 6.429395695523603167E-16, -3.500000000000000000, 32.25000000000000000 ) ) ;
#1516 = CARTESIAN_POINT ( 'NONE',  ( -2.474873734152916782, 2.474873734152916782, 21.87500000000000355 ) ) ;
#1517 = CARTESIAN_POINT ( 'NONE',  ( 1.673947134580573426, 4.041265874999999674, 31.25000000136559564 ) ) ;
#1518 = CARTESIAN_POINT ( 'NONE',  ( -3.500000000000000000, 0.000000000000000000, 22.25000000273119127 ) ) ;
#1519 = ORIENTED_EDGE ( 'NONE', *, *, #1303, .F. ) ;
#1520 = CARTESIAN_POINT ( 'NONE',  ( 4.041265874999999674, 1.673947134580573648, 28.25000000136559919 ) ) ;
#1521 = ORIENTED_EDGE ( 'NONE', *, *, #867, .F. ) ;
#1522 =( BOUNDED_CURVE ( )  B_SPLINE_CURVE ( 2, ( #2265, #1401, #2648, #776, #810, #1096, #3281, #1814, #2115 ),
 .UNSPECIFIED., .F., .F. ) 
 B_SPLINE_CURVE_WITH_KNOTS ( ( 3, 2, 2, 2, 3 ),
 ( 0.8928571428571427937, 0.9017857142857141906, 0.9107142857142855874, 0.9196428571428569843, 0.9285714285714284921 ),
 .UNSPECIFIED. ) 
 CURVE ( )  GEOMETRIC_REPRESENTATION_ITEM ( )  RATIONAL_B_SPLINE_CURVE ( ( 1.000000000000000888, 0.9238795325112857393, 1.000000000000000000, 0.9238795325112867385, 1.000000000000000000, 0.9238795325112867385, 1.000000000000000000, 0.9238795325112877377, 0.9999999999999990008 ) ) 
 REPRESENTATION_ITEM ( '' )  );
#1523 = CARTESIAN_POINT ( 'NONE',  ( 1.673947134580573426, 4.041265874999999674, 20.25000000136559919 ) ) ;
#1524 = CARTESIAN_POINT ( 'NONE',  ( 1.249921918242511198, 5.868363929124337908, 6.165619519227382384 ) ) ;
#1525 = CARTESIAN_POINT ( 'NONE',  ( 1.449747468305834674, -3.499999999999999556, 32.56250000273119127 ) ) ;
#1526 = ORIENTED_EDGE ( 'NONE', *, *, #761, .F. ) ;
#1527 = CARTESIAN_POINT ( 'NONE',  ( 4.041265874999999674, 4.949123318322177694E-16, 21.18750000136559564 ) ) ;
#1528 = CARTESIAN_POINT ( 'NONE',  ( 1.528722718240420924E-16, 2.836811590500855740, 17.25000000000000000 ) ) ;
#1529 = CARTESIAN_POINT ( 'NONE',  ( 1.449747468305832898, 3.500000000000000000, 21.93750000273119127 ) ) ;
#1530 = CARTESIAN_POINT ( 'NONE',  ( 0.7684757381093431094, 2.937022129861126540, 16.99906005094921468 ) ) ;
#1531 = CARTESIAN_POINT ( 'NONE',  ( 1.673947134580573426, 4.041265874999999674, 28.37500000136559564 ) ) ;
#1532 = DIRECTION ( 'NONE',  ( 1.000000000000000000, 0.000000000000000000, 0.000000000000000000 ) ) ;
#1533 = CARTESIAN_POINT ( 'NONE',  ( 2.857606504790286550, 2.857606504790286994, 28.31250000136559564 ) ) ;
#1534 = CARTESIAN_POINT ( 'NONE',  ( 4.041265875000000563, -1.673947134580572538, 29.00000000136559564 ) ) ;
#1535 = DIRECTION ( 'NONE',  ( 0.000000000000000000, 0.000000000000000000, 1.000000000000000000 ) ) ;
#1536 = ORIENTED_EDGE ( 'NONE', *, *, #2441, .T. ) ;
#1537 = CARTESIAN_POINT ( 'NONE',  ( -2.143131898507868297E-16, 3.500000000000000000, 24.00000000273119127 ) ) ;
#1538 = CARTESIAN_POINT ( 'NONE',  ( -3.500000000000000444, 1.449747468305833120, 29.93750000000000711 ) ) ;
#1539 = CARTESIAN_POINT ( 'NONE',  ( 3.500000000000001332, -1.449747468305832010, 21.43750000000000000 ) ) ;
#1540 = CARTESIAN_POINT ( 'NONE',  ( 1.673947134580573426, 4.041265874999999674, 33.25000000136559919 ) ) ;
#1541 = CARTESIAN_POINT ( 'NONE',  ( 6.429395695523603167E-16, -3.500000000000000000, 19.50000000273119483 ) ) ;
#1542 = CARTESIAN_POINT ( 'NONE',  ( -6.000000000000000888, -0.2084997703611721764, 19.09999999999999787 ) ) ;
#1543 = ORIENTED_EDGE ( 'NONE', *, *, #3158, .T. ) ;
#1544 = CARTESIAN_POINT ( 'NONE',  ( 7.423684977483266541E-16, -4.041265874999999674, 31.93750000136559564 ) ) ;
#1545 = ORIENTED_EDGE ( 'NONE', *, *, #1197, .T. ) ;
#1546 = ADVANCED_FACE ( 'NONE', ( #94 ), #438, .T. ) ;
#1547 = CARTESIAN_POINT ( 'NONE',  ( -4.041265874999998786, -1.673947134580575868, 23.75000000136559208 ) ) ;
#1548 = CARTESIAN_POINT ( 'NONE',  ( -2.474561659161088847E-16, 4.041265874999999674, 22.31250000136559919 ) ) ;
#1549 = CARTESIAN_POINT ( 'NONE',  ( -5.900303112435466346, -1.091125582612481715, 6.631616423771936830 ) ) ;
#1550 = CARTESIAN_POINT ( 'NONE',  ( 1.449747468305834674, -3.499999999999999556, 31.56250000273119127 ) ) ;
#1551 = VECTOR ( 'NONE', #1951, 1000.000000000000000 ) ;
#1552 =( BOUNDED_CURVE ( )  B_SPLINE_CURVE ( 2, ( #2917, #2954, #2365, #2348, #2020, #2296, #3546, #489, #2986 ),
 .UNSPECIFIED., .F., .F. ) 
 B_SPLINE_CURVE_WITH_KNOTS ( ( 3, 2, 2, 2, 3 ),
 ( 0.3928571428571426827, 0.4017857142857141350, 0.4107142857142855874, 0.4196428571428570398, 0.4285714285714284366 ),
 .UNSPECIFIED. ) 
 CURVE ( )  GEOMETRIC_REPRESENTATION_ITEM ( )  RATIONAL_B_SPLINE_CURVE ( ( 1.000000000000001332, 0.9238795325112852952, 1.000000000000000000, 0.9238795325112867385, 1.000000000000000000, 0.9238795325112867385, 1.000000000000000000, 0.9238795325112877377, 0.9999999999999990008 ) ) 
 REPRESENTATION_ITEM ( '' )  );
#1553 = ADVANCED_FACE ( 'NONE', ( #3511 ), #1649, .F. ) ;
#1554 = CARTESIAN_POINT ( 'NONE',  ( -2.857606504790286994, 2.857606504790286994, 20.56250000136559919 ) ) ;
#1555 = VECTOR ( 'NONE', #2403, 1000.000000000000000 ) ;
#1556 = APPROVAL_STATUS ( 'not_yet_approved' ) ;
#1557 = CARTESIAN_POINT ( 'NONE',  ( 0.000000000000000000, 6.000000000000000888, 14.75000000000000000 ) ) ;
#1558 = CARTESIAN_POINT ( 'NONE',  ( 4.041265874999999674, 1.673947134580573870, 29.25000000136559564 ) ) ;
#1559 = CARTESIAN_POINT ( 'NONE',  ( -1.673947134580574092, -4.041265874999998786, 22.75000000136559919 ) ) ;
#1560 = CARTESIAN_POINT ( 'NONE',  ( -2.857606504790286994, 2.857606504790286994, 27.56250000136559919 ) ) ;
#1561 = CARTESIAN_POINT ( 'NONE',  ( -2.857606504790286994, 2.857606504790286994, 27.43750000136559919 ) ) ;
#1562 = CARTESIAN_POINT ( 'NONE',  ( 2.474873734152916338, 2.474873734152916782, 26.87500000273119483 ) ) ;
#1563 = CARTESIAN_POINT ( 'NONE',  ( -2.474873734152915894, -2.474873734152917226, 26.12500000000000355 ) ) ;
#1564 = ORIENTED_EDGE ( 'NONE', *, *, #3654, .T. ) ;
#1565 = CARTESIAN_POINT ( 'NONE',  ( 1.449747468305834897, -3.499999999999999112, 27.56250000273119483 ) ) ;
#1566 = CARTESIAN_POINT ( 'NONE',  ( 1.449747468305834674, -3.499999999999999556, 29.31250000000000000 ) ) ;
#1567 = CARTESIAN_POINT ( 'NONE',  ( 4.041265874999999674, 1.673947134580573870, 32.25000000136559919 ) ) ;
#1568 = CARTESIAN_POINT ( 'NONE',  ( -1.673947134580574092, -4.041265874999998786, 29.75000000136559564 ) ) ;
#1569 = CARTESIAN_POINT ( 'NONE',  ( 3.500000000000000444, 1.449747468305833342, 20.81250000273119483 ) ) ;
#1570 = CARTESIAN_POINT ( 'NONE',  ( 1.530810862204951390E-16, 6.000000000000000888, 17.25000000000000000 ) ) ;
#1571 = EDGE_LOOP ( 'NONE', ( #2491, #3920, #191, #3580 ) ) ;
#1572 = CARTESIAN_POINT ( 'NONE',  ( 4.041265874999999674, 4.949123318322177694E-16, 30.18750000136559919 ) ) ;
#1573 = ORIENTED_EDGE ( 'NONE', *, *, #2432, .T. ) ;
#1574 = CARTESIAN_POINT ( 'NONE',  ( 2.857606504790286994, -2.857606504790286550, 24.06250000136559564 ) ) ;
#1575 = CARTESIAN_POINT ( 'NONE',  ( 7.423684977483266541E-16, -4.041265874999999674, 20.81250000136559564 ) ) ;
#1576 = CARTESIAN_POINT ( 'NONE',  ( -5.992915249958480572, -0.3282665342002866748, 7.217079017640589456 ) ) ;
#1577 = CARTESIAN_POINT ( 'NONE',  ( 2.857606504790286994, -2.857606504790286550, 19.93750000136559919 ) ) ;
#1578 = EDGE_CURVE ( 'NONE', #1882, #232, #711, .T. ) ;
#1579 = ORIENTED_EDGE ( 'NONE', *, *, #2160, .T. ) ;
#1580 = CARTESIAN_POINT ( 'NONE',  ( -4.041265874999998786, -1.673947134580575868, 20.75000000136559564 ) ) ;
#1581 = EDGE_CURVE ( 'NONE', #512, #1882, #2956, .T. ) ;
#1582 = AXIS2_PLACEMENT_3D ( 'NONE', #2258, #1988, #418 ) ;
#1583 = B_SPLINE_CURVE_WITH_KNOTS ( 'NONE', 3,
 ( #128, #1091, #437, #3595, #2972, #3241, #2625, #180, #200, #3873, #2312, #470, #1665, #2679, #3855, #3926, #1057, #3561 ),
 .UNSPECIFIED., .F., .F.,
 ( 4, 2, 2, 2, 2, 2, 2, 2, 4 ),
 ( 0.003918822340149865496, 0.004408547516782008319, 0.004898272693414152008, 0.005387997870046295698, 0.005877723046678438520, 0.006367448223310581343, 0.006857173399942729369, 0.007346898576574877396, 0.007836623753207025422 ),
 .UNSPECIFIED. ) ;
#1584 = CARTESIAN_POINT ( 'NONE',  ( -2.474873734152915894, -2.474873734152917226, 31.37500000273119127 ) ) ;
#1585 = CARTESIAN_POINT ( 'NONE',  ( -4.041265874999998786, -1.673947134580575868, 25.75000000136559564 ) ) ;
#1586 = CARTESIAN_POINT ( 'NONE',  ( 3.733642814419390721, -1.546525527359302599, 20.00000000000019185 ) ) ;
#1587 = CARTESIAN_POINT ( 'NONE',  ( -1.673947134580573870, 4.041265874999999674, 25.50000000136559919 ) ) ;
#1588 = CARTESIAN_POINT ( 'NONE',  ( 2.857606504790286994, -2.857606504790286550, 29.93750000136559919 ) ) ;
#1589 = CARTESIAN_POINT ( 'NONE',  ( 0.000000000000000000, 0.000000000000000000, 20.00000000000000355 ) ) ;
#1590 = CARTESIAN_POINT ( 'NONE',  ( 1.449747468305834897, -3.499999999999999112, 32.56250000273119127 ) ) ;
#1591 = CARTESIAN_POINT ( 'NONE',  ( 3.500000000000000000, 4.286263797015736595E-16, 28.50000000000000355 ) ) ;
#1592 = CARTESIAN_POINT ( 'NONE',  ( -1.449747468305833786, -3.499999999999999556, 27.18750000000000355 ) ) ;
#1593 = CARTESIAN_POINT ( 'NONE',  ( 1.673947134580573426, 4.041265874999999674, 31.37500000136559564 ) ) ;
#1594 = CARTESIAN_POINT ( 'NONE',  ( 2.474873734152917226, -2.474873734152916338, 21.62500000273119127 ) ) ;
#1595 = CARTESIAN_POINT ( 'NONE',  ( -1.956919285319601354, -0.7719932105418628732, 5.003961444098767863 ) ) ;
#1596 = ORIENTED_EDGE ( 'NONE', *, *, #2106, .F. ) ;
#1597 = CARTESIAN_POINT ( 'NONE',  ( 2.857606504790286550, 2.857606504790286994, 29.31250000136559564 ) ) ;
#1598 = ORIENTED_EDGE ( 'NONE', *, *, #1303, .T. ) ;
#1599 = CARTESIAN_POINT ( 'NONE',  ( -2.857606504790286994, 2.857606504790286994, 22.56250000136559919 ) ) ;
#1600 = CARTESIAN_POINT ( 'NONE',  ( -4.041265874999999674, 0.000000000000000000, 20.56250000136559564 ) ) ;
#1601 = CARTESIAN_POINT ( 'NONE',  ( 0.6306622085690010149, 5.968668997490167882, 4.908542773723239883 ) ) ;
#1602 = CARTESIAN_POINT ( 'NONE',  ( -3.500000000000000444, 1.449747468305833120, 33.18750000273119127 ) ) ;
#1603 = ADVANCED_FACE ( 'NONE', ( #2937 ), #847, .F. ) ;
#1604 = CARTESIAN_POINT ( 'NONE',  ( 1.673947134580575424, -4.041265874999998786, 32.87500000136559919 ) ) ;
#1605 = EDGE_CURVE ( 'NONE', #2099, #2029, #2236, .T. ) ;
#1606 = CARTESIAN_POINT ( 'NONE',  ( 3.214364764180826839, -2.463528987928295333, 20.00000000000001776 ) ) ;
#1607 = CARTESIAN_POINT ( 'NONE',  ( -4.041265874999998786, -1.673947134580575868, 22.62500000136559564 ) ) ;
#1608 = CARTESIAN_POINT ( 'NONE',  ( -2.857606504790286994, 2.857606504790286994, 21.56250000136559564 ) ) ;
#1609 = CARTESIAN_POINT ( 'NONE',  ( -3.500000000000007550, 1.449747468305826015, 30.18750000273119127 ) ) ;
#1610 = CARTESIAN_POINT ( 'NONE',  ( 2.474873734152917226, -2.474873734152916338, 23.37500000000000000 ) ) ;
#1611 = CARTESIAN_POINT ( 'NONE',  ( -2.474873734152916782, 2.474873734152916782, 21.12500000273119127 ) ) ;
#1612 = CARTESIAN_POINT ( 'NONE',  ( -3.499999999999985789, -1.449747468305849107, 27.06250000000000355 ) ) ;
#1613 = CARTESIAN_POINT ( 'NONE',  ( 7.423684977483266541E-16, -4.041265874999999674, 30.93750000136559919 ) ) ;
#1614 = CARTESIAN_POINT ( 'NONE',  ( 2.474873734152916338, 2.474873734152916782, 27.87500000273119127 ) ) ;
#1615 = CARTESIAN_POINT ( 'NONE',  ( -2.079057563921688168, -0.3344903974913365774, 4.784357561525172109 ) ) ;
#1616 = CARTESIAN_POINT ( 'NONE',  ( -1.673947134580573648, 4.041265874999999674, 29.50000000136559564 ) ) ;
#1617 = VERTEX_POINT ( 'NONE', #3805 ) ;
#1618 = CARTESIAN_POINT ( 'NONE',  ( -4.041265874999999674, 1.673947134580573426, 20.62500000136560629 ) ) ;
#1619 = CARTESIAN_POINT ( 'NONE',  ( -2.474873734152916782, 2.474873734152916782, 31.87500000000000000 ) ) ;
#1620 = CARTESIAN_POINT ( 'NONE',  ( 2.474873734152917226, -2.474873734152916338, 21.37500000000000000 ) ) ;
#1621 = CARTESIAN_POINT ( 'NONE',  ( 6.429395695523603167E-16, -3.500000000000000000, 29.50000000273119127 ) ) ;
#1622 = CARTESIAN_POINT ( 'NONE',  ( -1.673947134580574092, -4.041265874999998786, 28.75000000136559208 ) ) ;
#1623 = AXIS2_PLACEMENT_3D ( 'NONE', #3634, #242, #2096 ) ;
#1624 = CARTESIAN_POINT ( 'NONE',  ( -3.499999999999999556, -1.449747468305835341, 27.06250000000000000 ) ) ;
#1625 = CARTESIAN_POINT ( 'NONE',  ( -5.233075498417158578, -2.936446228047555174, 14.98630507314248383 ) ) ;
#1626 = AXIS2_PLACEMENT_3D ( 'NONE', #556, #2155, #348 ) ;
#1627 = CARTESIAN_POINT ( 'NONE',  ( 2.857606504790286550, 2.857606504790286994, 20.18750000136559919 ) ) ;
#1628 = CARTESIAN_POINT ( 'NONE',  ( 2.857606504790286550, 2.857606504790286994, 21.31250000136559564 ) ) ;
#1629 = CARTESIAN_POINT ( 'NONE',  ( 3.500000000000000000, 4.286263797015736595E-16, 26.75000000273119483 ) ) ;
#1630 = CARTESIAN_POINT ( 'NONE',  ( -2.143131898507868297E-16, 3.500000000000000000, 26.00000000273119127 ) ) ;
#1631 = CARTESIAN_POINT ( 'NONE',  ( 2.474873734152916338, 2.474873734152916782, 22.62500000000000355 ) ) ;
#1632 = CARTESIAN_POINT ( 'NONE',  ( 2.857606504790286550, 2.857606504790286994, 32.31250000136559919 ) ) ;
#1633 = CARTESIAN_POINT ( 'NONE',  ( -3.500000000000000000, 0.000000000000000000, 27.00000000000000355 ) ) ;
#1634 = CARTESIAN_POINT ( 'NONE',  ( -3.499999999999999112, -1.449747468305835341, 20.06250000000000355 ) ) ;
#1635 = CARTESIAN_POINT ( 'NONE',  ( -1.673947134580574092, -4.041265874999998786, 26.87500000136559919 ) ) ;
#1636 = CARTESIAN_POINT ( 'NONE',  ( -2.857606504790286106, -2.857606504790286994, 21.81250000136559564 ) ) ;
#1637 = CARTESIAN_POINT ( 'NONE',  ( 3.500000000000000000, 4.286263797015736595E-16, 25.50000000000000355 ) ) ;
#1638 = CARTESIAN_POINT ( 'NONE',  ( 3.500000000000000000, 0.000000000000000000, 20.00000000000000355 ) ) ;
#1639 = CARTESIAN_POINT ( 'NONE',  ( -2.143131898507868297E-16, 3.500000000000000000, 29.00000000273119127 ) ) ;
#1640 = CARTESIAN_POINT ( 'NONE',  ( 2.857606504790286550, 2.857606504790286994, 31.18750000136559919 ) ) ;
#1641 = CARTESIAN_POINT ( 'NONE',  ( -1.449747468305833564, -3.500000000000000000, 27.18750000000000355 ) ) ;
#1642 = CARTESIAN_POINT ( 'NONE',  ( -1.673947134580573870, 4.041265874999999674, 29.37500000136559564 ) ) ;
#1643 = CC_DESIGN_APPROVAL ( #2182, ( #3589 ) ) ;
#1644 = CYLINDRICAL_SURFACE ( 'NONE', #2289, 6.000000000000000888 ) ;
#1645 = CARTESIAN_POINT ( 'NONE',  ( -5.149890533468953535, -3.079109232768351134, 15.58535062453717757 ) ) ;
#1646 = CARTESIAN_POINT ( 'NONE',  ( -0.7691680017106995448, 5.951628850031972284, 15.00134162189559284 ) ) ;
#1647 = CARTESIAN_POINT ( 'NONE',  ( 7.423684977483266541E-16, -4.041265874999999674, 21.93750000136559564 ) ) ;
#1648 = CARTESIAN_POINT ( 'NONE',  ( -3.500000000000000000, 0.000000000000000000, 25.25000000273119127 ) ) ;
#1649 = CYLINDRICAL_SURFACE ( 'NONE', #2959, 1.250000000000000222 ) ;
#1650 = CARTESIAN_POINT ( 'NONE',  ( 1.449747468305834897, -3.499999999999999112, 31.31250000000000000 ) ) ;
#1651 = CARTESIAN_POINT ( 'NONE',  ( -2.857606504790286106, -2.857606504790286994, 31.81250000136559564 ) ) ;
#1652 = CARTESIAN_POINT ( 'NONE',  ( -3.500000000000000000, 0.000000000000000000, 25.25000000273119127 ) ) ;
#1653 = CARTESIAN_POINT ( 'NONE',  ( 4.041265875000000563, -1.673947134580572538, 26.12500000136559919 ) ) ;
#1654 = CARTESIAN_POINT ( 'NONE',  ( -3.499999999999999556, 0.000000000000000000, 30.25000000273119127 ) ) ;
#1655 = EDGE_CURVE ( 'NONE', #3483, #1748, #2379, .T. ) ;
#1656 = CARTESIAN_POINT ( 'NONE',  ( 2.000000000000000000, 0.000000000000000000, 19.09999999999999787 ) ) ;
#1657 = CARTESIAN_POINT ( 'NONE',  ( -4.041265874999999674, 0.000000000000000000, 33.62500000136559919 ) ) ;
#1658 = CARTESIAN_POINT ( 'NONE',  ( 1.449747468305832898, 3.500000000000000444, 27.93750000273119483 ) ) ;
#1659 = CARTESIAN_POINT ( 'NONE',  ( 1.673947134580575424, -4.041265874999998786, 22.00000000136559564 ) ) ;
#1660 = CARTESIAN_POINT ( 'NONE',  ( 1.673947134580575424, -4.041265874999998786, 30.87500000136559919 ) ) ;
#1661 = CARTESIAN_POINT ( 'NONE',  ( 1.673947134580575424, -4.041265874999998786, 28.87500000136559564 ) ) ;
#1662 =( BOUNDED_CURVE ( )  B_SPLINE_CURVE ( 2, ( #3752, #2919, #1004, #1650, #2570, #2849, #55, #77, #3818 ),
 .UNSPECIFIED., .F., .F. ) 
 B_SPLINE_CURVE_WITH_KNOTS ( ( 3, 2, 2, 2, 3 ),
 ( 0.1785714285714287142, 0.1875000000000000833, 0.1964285714285714524, 0.2053571428571428492, 0.2142857142857142183 ),
 .UNSPECIFIED. ) 
 CURVE ( )  GEOMETRIC_REPRESENTATION_ITEM ( )  RATIONAL_B_SPLINE_CURVE ( ( 0.9999999999999987788, 0.9238795325112879597, 1.000000000000000000, 0.9238795325112867385, 1.000000000000000000, 0.9238795325112867385, 1.000000000000000000, 0.9238795325112871826, 0.9999999999999995559 ) ) 
 REPRESENTATION_ITEM ( '' )  );
#1663 = CARTESIAN_POINT ( 'NONE',  ( -1.209813661503295945, 5.876786414010354065, 16.32488067794265518 ) ) ;
#1664 = CARTESIAN_POINT ( 'NONE',  ( 1.673947134580575424, -4.041265874999998786, 24.00000000136559564 ) ) ;
#1665 = CARTESIAN_POINT ( 'NONE',  ( 0.9992252543351218819, 5.917348716280394605, 15.23160485189495184 ) ) ;
#1666 = DIRECTION ( 'NONE',  ( 0.000000000000000000, 0.000000000000000000, -1.000000000000000000 ) ) ;
#1667 = CARTESIAN_POINT ( 'NONE',  ( 6.429395695523603167E-16, -3.500000000000000000, 23.25000000000000000 ) ) ;
#1668 = CARTESIAN_POINT ( 'NONE',  ( -4.041265874999999674, 0.000000000000000000, 30.68750000136559919 ) ) ;
#1669 = CYLINDRICAL_SURFACE ( 'NONE', #3701, 3.500000000000000000 ) ;
#1670 = CARTESIAN_POINT ( 'NONE',  ( -2.474873734152916782, 2.474873734152916782, 23.87500000000000000 ) ) ;
#1671 = CARTESIAN_POINT ( 'NONE',  ( 4.041265874999999674, 1.673947134580573648, 27.25000000136559919 ) ) ;
#1672 = CARTESIAN_POINT ( 'NONE',  ( 6.000000000000000888, 7.347880794884120722E-16, 0.000000000000000000 ) ) ;
#1673 = CARTESIAN_POINT ( 'NONE',  ( 1.449747468305832898, 3.500000000000000000, 22.93750000273119127 ) ) ;
#1674 = CARTESIAN_POINT ( 'NONE',  ( 3.500000000000000000, 4.286263797015736595E-16, 30.75000000273119483 ) ) ;
#1675 = CARTESIAN_POINT ( 'NONE',  ( 6.429395695523603167E-16, -3.500000000000000000, 27.50000000273119483 ) ) ;
#1676 = CARTESIAN_POINT ( 'NONE',  ( 2.857606504790286994, -2.857606504790286550, 25.06250000136559564 ) ) ;
#1677 = CARTESIAN_POINT ( 'NONE',  ( 1.673947134580573426, 4.041265874999999674, 31.25000000136559564 ) ) ;
#1678 = CARTESIAN_POINT ( 'NONE',  ( -4.041265874999999674, 1.673947134580573648, 27.50000000136559564 ) ) ;
#1679 = CARTESIAN_POINT ( 'NONE',  ( 1.530808498934193543E-16, 6.000000000000000888, 17.25000000000000000 ) ) ;
#1680 = CARTESIAN_POINT ( 'NONE',  ( -4.041265874999999674, 0.000000000000000000, 21.68750000136559564 ) ) ;
#1681 = CARTESIAN_POINT ( 'NONE',  ( 1.449747468305832898, 3.500000000000000000, 24.68750000000000355 ) ) ;
#1682 =( BOUNDED_CURVE ( )  B_SPLINE_CURVE ( 2, ( #2710, #2065, #833, #3645, #553, #1138, #3997, #3001, #2128 ),
 .UNSPECIFIED., .F., .F. ) 
 B_SPLINE_CURVE_WITH_KNOTS ( ( 3, 2, 2, 2, 3 ),
 ( 0.8214285714285713969, 0.8303571428571429047, 0.8392857142857143016, 0.8482142857142856984, 0.8571428571428570953 ),
 .UNSPECIFIED. ) 
 CURVE ( )  GEOMETRIC_REPRESENTATION_ITEM ( )  RATIONAL_B_SPLINE_CURVE ( ( 1.000000000000000000, 0.9238795325112867385, 1.000000000000000000, 0.9238795325112867385, 1.000000000000000000, 0.9238795325112867385, 1.000000000000000000, 0.9238795325112867385, 1.000000000000000000 ) ) 
 REPRESENTATION_ITEM ( '' )  );
#1683 = DIRECTION ( 'NONE',  ( 1.000000000000000000, -0.000000000000000000, -0.000000000000000000 ) ) ;
#1684 = ORIENTED_EDGE ( 'NONE', *, *, #2834, .F. ) ;
#1685 = CARTESIAN_POINT ( 'NONE',  ( -2.474561659161088847E-16, 4.041265874999999674, 30.43750000136559919 ) ) ;
#1686 = CARTESIAN_POINT ( 'NONE',  ( 3.500000000000000000, 4.286263797015736595E-16, 26.75000000273119483 ) ) ;
#1687 = CARTESIAN_POINT ( 'NONE',  ( 3.500000000000000000, 4.286263797015736595E-16, 27.50000000000000355 ) ) ;
#1688 = AXIS2_PLACEMENT_3D ( 'NONE', #2331, #3577, #1411 ) ;
#1689 = B_SPLINE_CURVE_WITH_KNOTS ( 'NONE', 3,
 ( #1788, #3410, #1576, #4000, #3131, #3668, #1549, #877, #623, #3040, #599, #45, #2807, #919, #3979, #1180, #324, #648 ),
 .UNSPECIFIED., .F., .F.,
 ( 4, 2, 2, 2, 2, 2, 2, 2, 4 ),
 ( 0.003918822340149859425, 0.004408547516782003982, 0.004898272693414148539, 0.005387997870046293963, 0.005877723046678438520, 0.006367448223310583078, 0.006857173399942727635, 0.007346898576574872192, 0.007836623753207016749 ),
 .UNSPECIFIED. ) ;
#1690 = LINE ( 'NONE', #2925, #2803 ) ;
#1691 = LINE ( 'NONE', #903, #3990 ) ;
#1692 = CARTESIAN_POINT ( 'NONE',  ( 2.100000000000000089, 2.571758278209441957E-16, 11.00000000000000000 ) ) ;
#1693 = CARTESIAN_POINT ( 'NONE',  ( 1.449747468305832898, 3.500000000000000444, 28.93750000273119838 ) ) ;
#1694 = CARTESIAN_POINT ( 'NONE',  ( 1.673947134580573204, 4.041265874999999674, 24.37500000136559564 ) ) ;
#1695 = CARTESIAN_POINT ( 'NONE',  ( 4.041265874999999674, 4.949123318322177694E-16, 31.06250000136559919 ) ) ;
#1696 = EDGE_CURVE ( 'NONE', #645, #874, #3467, .T. ) ;
#1697 = CARTESIAN_POINT ( 'NONE',  ( 4.041265874999999674, 1.673947134580573870, 27.12500000136559919 ) ) ;
#1698 = LOCAL_TIME ( 10, 29, 50.00000000000000000, #1928 ) ;
#1699 = EDGE_CURVE ( 'NONE', #3050, #856, #1962, .T. ) ;
#1700 = CARTESIAN_POINT ( 'NONE',  ( -0.9990562021281875760, 5.917380509007154288, 15.23134879431373889 ) ) ;
#1701 = CARTESIAN_POINT ( 'NONE',  ( -4.041265874999999674, 0.000000000000000000, 33.68750000136559919 ) ) ;
#1702 = CARTESIAN_POINT ( 'NONE',  ( 1.449747468305832898, 3.500000000000000000, 29.93750000273119483 ) ) ;
#1703 = CARTESIAN_POINT ( 'NONE',  ( 4.041265874999999674, 4.949123318322177694E-16, 32.18750000136559919 ) ) ;
#1704 = CARTESIAN_POINT ( 'NONE',  ( 3.832582358329978955, -1.250757105155344995, 20.00000000000000711 ) ) ;
#1705 = VERTEX_POINT ( 'NONE', #3214 ) ;
#1706 = CARTESIAN_POINT ( 'NONE',  ( -2.857606504790286106, -2.857606504790286994, 28.81250000136559564 ) ) ;
#1707 = DIRECTION ( 'NONE',  ( 0.000000000000000000, 0.000000000000000000, -1.000000000000000000 ) ) ;
#1708 = CARTESIAN_POINT ( 'NONE',  ( -1.249935086906629911, 5.868361124105374138, 5.835943233701768484 ) ) ;
#1709 = CARTESIAN_POINT ( 'NONE',  ( -1.250057093362956895, 1.687411410532957179, 6.168896321299835783 ) ) ;
#1710 = CARTESIAN_POINT ( 'NONE',  ( -1.449747468305833342, 3.500000000000000444, 27.81250000000000355 ) ) ;
#1711 = CARTESIAN_POINT ( 'NONE',  ( -5.876786414010351400, 1.209813661503294391, 6.324880677942648965 ) ) ;
#1712 = CARTESIAN_POINT ( 'NONE',  ( 6.429395695523603167E-16, -3.500000000000000000, 23.50000000273119127 ) ) ;
#1713 = ORIENTED_EDGE ( 'NONE', *, *, #2409, .F. ) ;
#1714 = CARTESIAN_POINT ( 'NONE',  ( -1.673947134580574092, -4.041265874999998786, 22.87500000136559564 ) ) ;
#1715 = CARTESIAN_POINT ( 'NONE',  ( -1.673947134580574092, -4.041265874999998786, 23.75000000136559208 ) ) ;
#1716 = CARTESIAN_POINT ( 'NONE',  ( 4.041265874999999674, 1.673947134580573870, 28.12500000136559564 ) ) ;
#1717 = EDGE_CURVE ( 'NONE', #1617, #2729, #161, .T. ) ;
#1718 = CARTESIAN_POINT ( 'NONE',  ( 0.9985094822302312823, 1.851659049565819615, 5.231035530614773776 ) ) ;
#1719 = CARTESIAN_POINT ( 'NONE',  ( 2.474873734152916338, 2.474873734152916782, 24.62500000000000000 ) ) ;
#1720 = EDGE_CURVE ( 'NONE', #1786, #2440, #138, .T. ) ;
#1721 = CARTESIAN_POINT ( 'NONE',  ( 4.041265874999999674, 1.673947134580573870, 32.25000000136559919 ) ) ;
#1722 = DIRECTION ( 'NONE',  ( -0.000000000000000000, -0.000000000000000000, 1.000000000000000000 ) ) ;
#1723 = DIRECTION ( 'NONE',  ( -1.000000000000000000, 0.000000000000000000, 0.000000000000000000 ) ) ;
#1724 = CARTESIAN_POINT ( 'NONE',  ( -5.149883675480753098, 3.079109514311371143, 16.41358911485266603 ) ) ;
#1725 = CARTESIAN_POINT ( 'NONE',  ( 0.000000000000000000, 0.000000000000000000, 20.00000000000000355 ) ) ;
#1726 = CARTESIAN_POINT ( 'NONE',  ( 3.500000000000000444, 1.449747468305833342, 26.56250000000000000 ) ) ;
#1727 = CARTESIAN_POINT ( 'NONE',  ( 1.449747468305834897, -3.499999999999999112, 29.31250000000000000 ) ) ;
#1728 = CARTESIAN_POINT ( 'NONE',  ( 2.474873734152917226, -2.474873734152916338, 25.62500000273119127 ) ) ;
#1729 = ORIENTED_EDGE ( 'NONE', *, *, #2216, .F. ) ;
#1730 = CARTESIAN_POINT ( 'NONE',  ( -1.673947134580573648, 4.041265874999999674, 25.50000000136559919 ) ) ;
#1731 = CARTESIAN_POINT ( 'NONE',  ( 1.673947134580575424, -4.041265874999998786, 26.87500000136559919 ) ) ;
#1732 = CARTESIAN_POINT ( 'NONE',  ( -4.041265874999999674, 1.673947134580573648, 23.50000000136559564 ) ) ;
#1733 = CARTESIAN_POINT ( 'NONE',  ( -2.474873734152915894, -2.474873734152917226, 23.37500000273119127 ) ) ;
#1734 = CARTESIAN_POINT ( 'NONE',  ( 2.474873734152916338, 2.474873734152916782, 29.87500000273119127 ) ) ;
#1735 = CARTESIAN_POINT ( 'NONE',  ( -2.857606504790286994, 2.857606504790286994, 32.56250000136559919 ) ) ;
#1736 = CARTESIAN_POINT ( 'NONE',  ( 3.850736310896522241, 0.5884508162088579741, 20.00000000000000711 ) ) ;
#1737 = CARTESIAN_POINT ( 'NONE',  ( -2.857606504790286994, 2.857606504790286994, 33.43750000136559919 ) ) ;
#1738 = VERTEX_POINT ( 'NONE', #2246 ) ;
#1739 = CARTESIAN_POINT ( 'NONE',  ( -5.232521954708922785, 2.937466138133654425, 14.98875573694050978 ) ) ;
#1740 = CARTESIAN_POINT ( 'NONE',  ( -1.449747468305833786, -3.499999999999999556, 24.43750000273119127 ) ) ;
#1741 = CARTESIAN_POINT ( 'NONE',  ( 3.500000000000000000, 4.286263797015736595E-16, 25.50000000000000355 ) ) ;
#1742 = AXIS2_PLACEMENT_3D ( 'NONE', #3899, #3318, #246 ) ;
#1743 = CARTESIAN_POINT ( 'NONE',  ( -1.734293199604623581, -3.397885007154598291, 20.00000000000000355 ) ) ;
#1744 = CARTESIAN_POINT ( 'NONE',  ( -2.474873734152916782, 2.474873734152916782, 25.12500000273119127 ) ) ;
#1745 = CIRCLE ( 'NONE', #518, 2.100000000000000089 ) ;
#1746 = VERTEX_POINT ( 'NONE', #3499 ) ;
#1747 = CARTESIAN_POINT ( 'NONE',  ( -1.673947134580573648, 4.041265874999999674, 33.50000000136559919 ) ) ;
#1748 = VERTEX_POINT ( 'NONE', #408 ) ;
#1749 = CARTESIAN_POINT ( 'NONE',  ( -4.041265874999999674, 0.000000000000000000, 27.56250000136559919 ) ) ;
#1750 = CARTESIAN_POINT ( 'NONE',  ( -2.474561659161088847E-16, 4.041265874999999674, 24.31250000136559564 ) ) ;
#1751 = CARTESIAN_POINT ( 'NONE',  ( -2.474561659161088847E-16, 4.041265874999999674, 24.43750000136559564 ) ) ;
#1752 = CARTESIAN_POINT ( 'NONE',  ( 2.474873734152916338, 2.474873734152916782, 28.87500000273119127 ) ) ;
#1753 = LINE ( 'NONE', #902, #2820 ) ;
#1754 = AXIS2_PLACEMENT_3D ( 'NONE', #2736, #1226, #2425 ) ;
#1755 = CC_DESIGN_PERSON_AND_ORGANIZATION_ASSIGNMENT ( #2951, #2602, ( #2405 ) ) ;
#1756 = CARTESIAN_POINT ( 'NONE',  ( -4.041265874999998786, -1.673947134580575868, 30.75000000136559564 ) ) ;
#1757 = DIRECTION ( 'NONE',  ( 1.000000000000000000, 0.000000000000000000, 0.000000000000000000 ) ) ;
#1758 = CARTESIAN_POINT ( 'NONE',  ( 2.857606504790286994, -2.857606504790286550, 26.93750000136559919 ) ) ;
#1759 = CARTESIAN_POINT ( 'NONE',  ( -2.143131898507868297E-16, 3.500000000000000000, 29.75000000000000355 ) ) ;
#1760 = ORIENTED_EDGE ( 'NONE', *, *, #2074, .F. ) ;
#1761 = CARTESIAN_POINT ( 'NONE',  ( -5.197575985905920071, 2.997902790758913749, 16.81519949350287746 ) ) ;
#1762 = CARTESIAN_POINT ( 'NONE',  ( -3.499999999999999556, -1.449747468305835341, 23.06250000000000000 ) ) ;
#1763 = CARTESIAN_POINT ( 'NONE',  ( -5.992938828568171949, 0.3282050358826025249, 4.782782919331653559 ) ) ;
#1764 = CARTESIAN_POINT ( 'NONE',  ( 3.500000000000001332, -1.449747468305832010, 26.68750000273119838 ) ) ;
#1765 = ORIENTED_EDGE ( 'NONE', *, *, #1605, .T. ) ;
#1766 = CARTESIAN_POINT ( 'NONE',  ( -1.851938134009584624, 0.9978624969567090330, 5.230463697848940718 ) ) ;
#1767 = EDGE_LOOP ( 'NONE', ( #4019, #2205, #2420, #498 ) ) ;
#1768 = CARTESIAN_POINT ( 'NONE',  ( 1.673947134580575424, -4.041265874999998786, 24.87500000136559919 ) ) ;
#1769 = CARTESIAN_POINT ( 'NONE',  ( 4.041265874999999674, 1.673947134580573870, 25.12500000136559564 ) ) ;
#1770 = CARTESIAN_POINT ( 'NONE',  ( 1.673947134580573426, 4.041265874999999674, 24.37500000136559564 ) ) ;
#1771 = CARTESIAN_POINT ( 'NONE',  ( 3.499999999999999556, 4.286263797015736595E-16, 28.75000000273119127 ) ) ;
#1772 = DIRECTION ( 'NONE',  ( -0.000000000000000000, -0.000000000000000000, -1.000000000000000000 ) ) ;
#1773 = CARTESIAN_POINT ( 'NONE',  ( 2.857606504790286994, -2.857606504790286550, 30.06250000136559919 ) ) ;
#1774 = CARTESIAN_POINT ( 'NONE',  ( -3.500000000000000444, 1.449747468305833120, 33.93750000000000000 ) ) ;
#1775 = CARTESIAN_POINT ( 'NONE',  ( -4.041265874999999674, 1.673947134580573426, 26.50000000136559919 ) ) ;
#1776 = CARTESIAN_POINT ( 'NONE',  ( -1.673947134580573648, 4.041265874999999674, 30.37500000136559919 ) ) ;
#1777 = ORIENTED_EDGE ( 'NONE', *, *, #2771, .F. ) ;
#1778 = CARTESIAN_POINT ( 'NONE',  ( -5.136988358046870928, 3.100217843163964204, 15.79665410859088936 ) ) ;
#1779 = CARTESIAN_POINT ( 'NONE',  ( -3.499999999999999556, -1.449747468305835341, 29.06250000000000000 ) ) ;
#1780 =( BOUNDED_CURVE ( )  B_SPLINE_CURVE ( 2, ( #1648, #3444, #3141, #54, #1933, #1298, #3529, #399, #332 ),
 .UNSPECIFIED., .F., .F. ) 
 B_SPLINE_CURVE_WITH_KNOTS ( ( 3, 2, 2, 2, 3 ),
 ( 0.5714285714285713969, 0.5803571428571429047, 0.5892857142857143016, 0.5982142857142856984, 0.6071428571428570953 ),
 .UNSPECIFIED. ) 
 CURVE ( )  GEOMETRIC_REPRESENTATION_ITEM ( )  RATIONAL_B_SPLINE_CURVE ( ( 1.000000000000000000, 0.9238795325112867385, 1.000000000000000000, 0.9238795325112867385, 1.000000000000000000, 0.9238795325112867385, 1.000000000000000000, 0.9238795325112867385, 1.000000000000000000 ) ) 
 REPRESENTATION_ITEM ( '' )  );
#1781 = CARTESIAN_POINT ( 'NONE',  ( -2.474873734152916782, 2.474873734152916782, 24.87500000000000000 ) ) ;
#1782 = CARTESIAN_POINT ( 'NONE',  ( -4.041265874999999674, 0.000000000000000000, 31.56250000136559564 ) ) ;
#1783 = CARTESIAN_POINT ( 'NONE',  ( 3.500000000000000000, 4.286263797015736595E-16, 23.75000000273119127 ) ) ;
#1784 = EDGE_LOOP ( 'NONE', ( #214, #2778, #921, #175 ) ) ;
#1785 = CARTESIAN_POINT ( 'NONE',  ( -2.100000000000000089, 0.000000000000000000, 7.249999999999999112 ) ) ;
#1786 = VERTEX_POINT ( 'NONE', #1637 ) ;
#1787 = CARTESIAN_POINT ( 'NONE',  ( 2.857606504790286550, 2.857606504790286994, 26.18750000136559919 ) ) ;
#1788 = CARTESIAN_POINT ( 'NONE',  ( -6.000000000000000888, -2.363372051778785898E-22, 7.250000000000000000 ) ) ;
#1789 = CARTESIAN_POINT ( 'NONE',  ( 4.041265874999999674, 4.949123318322177694E-16, 24.06250000136559564 ) ) ;
#1790 = CARTESIAN_POINT ( 'NONE',  ( -3.500000000000000000, 0.000000000000000000, 33.00000000000000000 ) ) ;
#1791 = DIRECTION ( 'NONE',  ( -0.000000000000000000, -0.000000000000000000, 1.000000000000000000 ) ) ;
#1792 = CARTESIAN_POINT ( 'NONE',  ( 1.673947134580573426, 4.041265874999999674, 29.37500000136559564 ) ) ;
#1793 = CARTESIAN_POINT ( 'NONE',  ( 1.449747468305832898, 3.500000000000000444, 33.68750000000000000 ) ) ;
#1794 = CARTESIAN_POINT ( 'NONE',  ( -4.041265874999999674, 1.673947134580573426, 23.50000000136559564 ) ) ;
#1795 = CARTESIAN_POINT ( 'NONE',  ( -1.449747468305833564, 3.500000000000000000, 29.81250000000000355 ) ) ;
#1796 = EDGE_LOOP ( 'NONE', ( #3955, #872 ) ) ;
#1797 = CARTESIAN_POINT ( 'NONE',  ( 1.449747468305832898, 3.500000000000000000, 23.93750000273119127 ) ) ;
#1798 = CARTESIAN_POINT ( 'NONE',  ( 2.474873734152917226, -2.474873734152916338, 30.37500000000000355 ) ) ;
#1799 = CARTESIAN_POINT ( 'NONE',  ( -1.449747468305833342, 3.500000000000000444, 23.81250000000000000 ) ) ;
#1800 = CARTESIAN_POINT ( 'NONE',  ( 4.041265875000001451, -1.673947134580572538, 31.00000000136559564 ) ) ;
#1801 = CARTESIAN_POINT ( 'NONE',  ( -3.500000000000000444, 1.449747468305833120, 20.18750000273119483 ) ) ;
#1802 = VERTEX_POINT ( 'NONE', #1327 ) ;
#1803 = CARTESIAN_POINT ( 'NONE',  ( -1.673947134580573648, 4.041265874999999674, 32.50000000136559919 ) ) ;
#1804 = ORIENTED_EDGE ( 'NONE', *, *, #1655, .T. ) ;
#1805 =( BOUNDED_CURVE ( )  B_SPLINE_CURVE ( 2, ( #3535, #458, #1975, #169, #3228, #151, #2906, #2631, #1687 ),
 .UNSPECIFIED., .F., .F. ) 
 B_SPLINE_CURVE_WITH_KNOTS ( ( 3, 2, 2, 2, 3 ),
 ( 0.4285714285714284366, 0.4374999999999998890, 0.4464285714285713413, 0.4553571428571427382, 0.4642857142857141906 ),
 .UNSPECIFIED. ) 
 CURVE ( )  GEOMETRIC_REPRESENTATION_ITEM ( )  RATIONAL_B_SPLINE_CURVE ( ( 1.000000000000000888, 0.9238795325112857393, 1.000000000000000000, 0.9238795325112867385, 1.000000000000000000, 0.9238795325112867385, 1.000000000000000000, 0.9238795325112877377, 0.9999999999999990008 ) ) 
 REPRESENTATION_ITEM ( '' )  );
#1806 = CARTESIAN_POINT ( 'NONE',  ( 7.423684977483266541E-16, -4.041265874999999674, 19.81250000136559919 ) ) ;
#1807 = DIRECTION ( 'NONE',  ( -0.000000000000000000, -0.000000000000000000, 1.000000000000000000 ) ) ;
#1808 = CARTESIAN_POINT ( 'NONE',  ( -2.143131898507868297E-16, 3.500000000000000000, 32.00000000273119127 ) ) ;
#1809 = EDGE_CURVE ( 'NONE', #2316, #481, #1522, .T. ) ;
#1810 = CARTESIAN_POINT ( 'NONE',  ( -1.673947134580573870, 4.041265874999999674, 32.37500000136559919 ) ) ;
#1811 = CARTESIAN_POINT ( 'NONE',  ( -3.500000000000008438, -1.449747468305826459, 33.06250000000000000 ) ) ;
#1812 = CARTESIAN_POINT ( 'NONE',  ( 2.474873734152916338, 2.474873734152916782, 21.87500000273119127 ) ) ;
#1813 = PRODUCT ( '联轴器', '联轴器', '', ( #3813 ) ) ;
#1814 = CARTESIAN_POINT ( 'NONE',  ( -3.499999999999985789, -1.449747468305849107, 20.31250000273119483 ) ) ;
#1815 = CARTESIAN_POINT ( 'NONE',  ( 4.041265874999999674, 4.949123318322177694E-16, 27.18750000136559919 ) ) ;
#1816 = CARTESIAN_POINT ( 'NONE',  ( 4.041265874999999674, 4.949123318322177694E-16, 24.06250000136559564 ) ) ;
#1817 = CARTESIAN_POINT ( 'NONE',  ( 1.673947134580575424, -4.041265874999998786, 26.00000000136559564 ) ) ;
#1818 = CARTESIAN_POINT ( 'NONE',  ( 2.474873734152916338, 2.474873734152916782, 29.62500000000000355 ) ) ;
#1819 = ORIENTED_EDGE ( 'NONE', *, *, #2530, .T. ) ;
#1820 = CARTESIAN_POINT ( 'NONE',  ( 2.474873734152916338, 2.474873734152916782, 25.62500000000000355 ) ) ;
#1821 = CARTESIAN_POINT ( 'NONE',  ( 2.474873734152917226, -2.474873734152916338, 32.37500000000000000 ) ) ;
#1822 = APPROVAL_PERSON_ORGANIZATION ( #784, #2182, #3833 ) ;
#1823 = CARTESIAN_POINT ( 'NONE',  ( -1.449747468305833564, -3.500000000000000000, 24.18750000000000355 ) ) ;
#1824 = CARTESIAN_POINT ( 'NONE',  ( -1.673947134580574092, -4.041265874999998786, 31.75000000136559919 ) ) ;
#1825 = CARTESIAN_POINT ( 'NONE',  ( -2.474873734152915894, -2.474873734152917226, 20.37500000273119127 ) ) ;
#1826 = ORIENTED_EDGE ( 'NONE', *, *, #585, .T. ) ;
#1827 = CARTESIAN_POINT ( 'NONE',  ( 4.041265874999999674, 4.949123318322177694E-16, 33.18750000136559919 ) ) ;
#1828 = ORIENTED_EDGE ( 'NONE', *, *, #3415, .F. ) ;
#1829 = CARTESIAN_POINT ( 'NONE',  ( -4.041265874999999674, 1.673947134580573648, 20.50000000136559564 ) ) ;
#1830 = CARTESIAN_POINT ( 'NONE',  ( 1.091125582612481493, 5.900303112435467234, 6.631616423771938607 ) ) ;
#1831 = CARTESIAN_POINT ( 'NONE',  ( 1.673947134580573426, 4.041265874999999674, 21.25000000136559564 ) ) ;
#1832 = CC_DESIGN_PERSON_AND_ORGANIZATION_ASSIGNMENT ( #1968, #1428, ( #2405 ) ) ;
#1833 = EDGE_LOOP ( 'NONE', ( #302, #669 ) ) ;
#1834 = CARTESIAN_POINT ( 'NONE',  ( -4.041265874999999674, 0.000000000000000000, 33.56250000136559919 ) ) ;
#1835 = CARTESIAN_POINT ( 'NONE',  ( -1.090776301194877451, 3.038733858290749712, 15.36805821256713678 ) ) ;
#1836 = CARTESIAN_POINT ( 'NONE',  ( 3.500000000000000000, 4.286263797015736595E-16, 32.50000000000000000 ) ) ;
#1837 = EDGE_CURVE ( 'NONE', #47, #3092, #67, .T. ) ;
#1838 = AXIS2_PLACEMENT_3D ( 'NONE', #983, #1305, #2593 ) ;
#1839 = CARTESIAN_POINT ( 'NONE',  ( 3.500000000000000000, 4.286263797015736595E-16, 31.75000000273119127 ) ) ;
#1840 = CARTESIAN_POINT ( 'NONE',  ( -1.673947134580574092, -4.041265874999998786, 28.87500000136559564 ) ) ;
#1841 = CARTESIAN_POINT ( 'NONE',  ( -4.041265874999999674, 0.000000000000000000, 25.56250000136559564 ) ) ;
#1842 = CARTESIAN_POINT ( 'NONE',  ( -4.041265874999998786, -1.673947134580575868, 26.75000000136559919 ) ) ;
#1843 = CARTESIAN_POINT ( 'NONE',  ( 1.673947134580575424, -4.041265874999998786, 28.87500000136559564 ) ) ;
#1844 = EDGE_CURVE ( 'NONE', #253, #645, #3299, .T. ) ;
#1845 = CARTESIAN_POINT ( 'NONE',  ( -3.499999999999999112, -1.449747468305835341, 26.06250000000000355 ) ) ;
#1846 = ORIENTED_EDGE ( 'NONE', *, *, #1699, .F. ) ;
#1847 = CARTESIAN_POINT ( 'NONE',  ( -2.100000000000000089, 0.000000000000000000, 11.00000000000000000 ) ) ;
#1848 = CARTESIAN_POINT ( 'NONE',  ( -3.500000000000000000, 0.000000000000000000, 30.00000000000000355 ) ) ;
#1849 = CARTESIAN_POINT ( 'NONE',  ( 2.474873734152917226, -2.474873734152916338, 24.37500000000000000 ) ) ;
#1850 = CARTESIAN_POINT ( 'NONE',  ( -4.041265874999999674, 0.000000000000000000, 30.56250000136559919 ) ) ;
#1851 = CARTESIAN_POINT ( 'NONE',  ( -2.474873734152916782, 2.474873734152916782, 23.12500000273119127 ) ) ;
#1852 = CARTESIAN_POINT ( 'NONE',  ( -1.449747468305833564, 3.500000000000000000, 32.06250000273119127 ) ) ;
#1853 = EDGE_CURVE ( 'NONE', #618, #2672, #1691, .T. ) ;
#1854 = VERTEX_POINT ( 'NONE', #2764 ) ;
#1855 = CARTESIAN_POINT ( 'NONE',  ( -2.474561659161088847E-16, 4.041265874999999674, 29.43750000136559564 ) ) ;
#1856 = ORIENTED_EDGE ( 'NONE', *, *, #2345, .T. ) ;
#1857 = CARTESIAN_POINT ( 'NONE',  ( -1.673947134580573870, 4.041265874999999674, 24.50000000136559564 ) ) ;
#1858 = CARTESIAN_POINT ( 'NONE',  ( 4.041265875000001451, -1.673947134580572538, 23.00000000136559564 ) ) ;
#1859 = DIRECTION ( 'NONE',  ( 1.000000000000000000, 0.000000000000000000, -0.000000000000000000 ) ) ;
#1860 = CARTESIAN_POINT ( 'NONE',  ( 3.500000000000001332, -1.449747468305832010, 32.68750000273119127 ) ) ;
#1861 = CARTESIAN_POINT ( 'NONE',  ( 2.857606504790286994, -2.857606504790286550, 31.93750000136559564 ) ) ;
#1862 = PERSON_AND_ORGANIZATION ( #234, #3393 ) ;
#1863 = CARTESIAN_POINT ( 'NONE',  ( -3.500000000000000000, 4.286263797015736595E-16, 20.00000000000000355 ) ) ;
#1864 = CARTESIAN_POINT ( 'NONE',  ( 2.857606504790286550, 2.857606504790286994, 27.31250000136559919 ) ) ;
#1865 = CARTESIAN_POINT ( 'NONE',  ( 1.673947134580573204, 4.041265874999999674, 21.25000000136559564 ) ) ;
#1866 = CARTESIAN_POINT ( 'NONE',  ( -4.041265874999999674, 1.673947134580573648, 26.62500000136559919 ) ) ;
#1867 = CARTESIAN_POINT ( 'NONE',  ( -1.673947134580573648, 4.041265874999999674, 28.37500000136559564 ) ) ;
#1868 = CARTESIAN_POINT ( 'NONE',  ( -3.500000000000000000, 0.000000000000000000, 32.25000000273119127 ) ) ;
#1869 = CARTESIAN_POINT ( 'NONE',  ( 3.500000000000000000, 4.286263797015736595E-16, 23.75000000273119127 ) ) ;
#1870 = CARTESIAN_POINT ( 'NONE',  ( 2.474873734152916338, 2.474873734152916782, 29.62500000000000355 ) ) ;
#1871 = CARTESIAN_POINT ( 'NONE',  ( 2.857606504790286550, 2.857606504790286994, 31.31250000136559564 ) ) ;
#1872 = CARTESIAN_POINT ( 'NONE',  ( 4.041265874999999674, 4.949123318322177694E-16, 30.06250000136559919 ) ) ;
#1873 = CARTESIAN_POINT ( 'NONE',  ( -2.474873734152915894, -2.474873734152917226, 19.37500000273119483 ) ) ;
#1874 = CARTESIAN_POINT ( 'NONE',  ( -5.316925148257538147, -2.781775082118746134, 17.38315604542693293 ) ) ;
#1875 = ORIENTED_EDGE ( 'NONE', *, *, #3507, .F. ) ;
#1876 = CARTESIAN_POINT ( 'NONE',  ( 2.857606504790286550, 2.857606504790286994, 30.31250000136559919 ) ) ;
#1877 = VERTEX_POINT ( 'NONE', #508 ) ;
#1878 = CARTESIAN_POINT ( 'NONE',  ( -4.041265874999999674, 0.000000000000000000, 25.68750000136559564 ) ) ;
#1879 = CARTESIAN_POINT ( 'NONE',  ( 2.857606504790286550, 2.857606504790286994, 21.18750000136559564 ) ) ;
#1880 = CYLINDRICAL_SURFACE ( 'NONE', #2605, 1.250000000000000222 ) ;
#1881 = CARTESIAN_POINT ( 'NONE',  ( -1.673947134580573870, 4.041265874999999674, 21.37500000136560274 ) ) ;
#1882 = VERTEX_POINT ( 'NONE', #794 ) ;
#1883 = CARTESIAN_POINT ( 'NONE',  ( -4.041265874999999674, 0.000000000000000000, 21.68750000136559564 ) ) ;
#1884 = CARTESIAN_POINT ( 'NONE',  ( 3.632123905562975263, -1.791613848161498046, 20.00000000000001066 ) ) ;
#1885 = CARTESIAN_POINT ( 'NONE',  ( 2.857606504790286994, -2.857606504790286550, 26.06250000136559919 ) ) ;
#1886 = CARTESIAN_POINT ( 'NONE',  ( 4.041265874999999674, 4.949123318322177694E-16, 22.06250000136559564 ) ) ;
#1887 = CARTESIAN_POINT ( 'NONE',  ( -2.857606504790286106, -2.857606504790286994, 25.81250000136559564 ) ) ;
#1888 = CARTESIAN_POINT ( 'NONE',  ( -4.041265874999999674, 0.000000000000000000, 27.56250000136559919 ) ) ;
#1889 = CARTESIAN_POINT ( 'NONE',  ( -3.500000000000000000, 0.000000000000000000, 27.25000000273119483 ) ) ;
#1890 = DIRECTION ( 'NONE',  ( 0.000000000000000000, 0.000000000000000000, -1.000000000000000000 ) ) ;
#1891 = CC_DESIGN_DATE_AND_TIME_ASSIGNMENT ( #434, #3220, ( #3589 ) ) ;
#1892 = EDGE_LOOP ( 'NONE', ( #3469, #1596, #3733, #2981 ) ) ;
#1893 = CARTESIAN_POINT ( 'NONE',  ( 2.000000000000000000, 0.000000000000000000, 16.00000000000000000 ) ) ;
#1894 = CARTESIAN_POINT ( 'NONE',  ( -1.449747468305833564, 3.500000000000000000, 22.81250000000000355 ) ) ;
#1895 = CARTESIAN_POINT ( 'NONE',  ( -4.041265874999998786, -1.673947134580575868, 32.75000000136559919 ) ) ;
#1896 = CARTESIAN_POINT ( 'NONE',  ( -3.500000000000000000, 0.000000000000000000, 23.25000000273119127 ) ) ;
#1897 = CARTESIAN_POINT ( 'NONE',  ( -1.687496101150218974, -1.249942764156294794, 6.169740361579030719 ) ) ;
#1898 = ORIENTED_EDGE ( 'NONE', *, *, #1399, .T. ) ;
#1899 = CARTESIAN_POINT ( 'NONE',  ( -2.857606504790286106, -2.857606504790286994, 30.81250000136559919 ) ) ;
#1900 = ORIENTED_EDGE ( 'NONE', *, *, #1145, .T. ) ;
#1901 = AXIS2_PLACEMENT_3D ( 'NONE', #3505, #653, #946 ) ;
#1902 = CARTESIAN_POINT ( 'NONE',  ( -1.673947134580574092, -4.041265874999998786, 22.87500000136559564 ) ) ;
#1903 = CARTESIAN_POINT ( 'NONE',  ( -4.041265874999999674, 1.673947134580573648, 23.50000000136559564 ) ) ;
#1904 = CARTESIAN_POINT ( 'NONE',  ( 6.429395695523603167E-16, -3.500000000000000000, 21.25000000000000000 ) ) ;
#1905 = CARTESIAN_POINT ( 'NONE',  ( -2.857606504790286994, 2.857606504790286994, 20.43750000136559919 ) ) ;
#1906 = ORIENTED_EDGE ( 'NONE', *, *, #3369, .T. ) ;
#1907 = CARTESIAN_POINT ( 'NONE',  ( -1.673947134580573870, 4.041265874999999674, 20.50000000136559564 ) ) ;
#1908 = FACE_OUTER_BOUND ( 'NONE', #832, .T. ) ;
#1909 = CARTESIAN_POINT ( 'NONE',  ( 0.1645282677620220901, 2.836811590500855740, 17.24999999999999289 ) ) ;
#1910 = CARTESIAN_POINT ( 'NONE',  ( -4.041265874999999674, 0.000000000000000000, 21.56250000136559564 ) ) ;
#1911 = CARTESIAN_POINT ( 'NONE',  ( 1.673947134580573426, 4.041265874999999674, 28.37500000136559564 ) ) ;
#1912 = CARTESIAN_POINT ( 'NONE',  ( -1.673947134580573648, 4.041265874999999674, 27.37500000136559919 ) ) ;
#1913 = CARTESIAN_POINT ( 'NONE',  ( -3.500000000000000000, 0.000000000000000000, 22.25000000273119127 ) ) ;
#1914 = ORIENTED_EDGE ( 'NONE', *, *, #1970, .T. ) ;
#1915 = ORIENTED_EDGE ( 'NONE', *, *, #24, .F. ) ;
#1916 = DIRECTION ( 'NONE',  ( 1.000000000000000000, 0.000000000000000000, 0.000000000000000000 ) ) ;
#1917 = CARTESIAN_POINT ( 'NONE',  ( 0.000000000000000000, 0.000000000000000000, 20.00000000000000355 ) ) ;
#1918 = CARTESIAN_POINT ( 'NONE',  ( -4.041265874999998786, -1.673947134580575868, 31.75000000136559919 ) ) ;
#1919 = CARTESIAN_POINT ( 'NONE',  ( 2.474873734152917226, -2.474873734152916338, 26.62500000273119483 ) ) ;
#1920 = CARTESIAN_POINT ( 'NONE',  ( -2.857606504790286994, 2.857606504790286994, 28.56250000136559564 ) ) ;
#1921 = ORIENTED_EDGE ( 'NONE', *, *, #3654, .F. ) ;
#1922 = PLANE ( 'NONE',  #2987 ) ;
#1923 = DIRECTION ( 'NONE',  ( -0.000000000000000000, -0.000000000000000000, 1.000000000000000000 ) ) ;
#1924 = CARTESIAN_POINT ( 'NONE',  ( 3.500000000000001332, -1.449747468305832010, 30.68750000273119838 ) ) ;
#1925 = ORIENTED_EDGE ( 'NONE', *, *, #2273, .T. ) ;
#1926 = CARTESIAN_POINT ( 'NONE',  ( 7.423684977483266541E-16, -4.041265874999999674, 30.81250000136559919 ) ) ;
#1927 =( BOUNDED_CURVE ( )  B_SPLINE_CURVE ( 2, ( #1633, #3820, #3494, #705, #3208, #403, #1937, #2887, #97 ),
 .UNSPECIFIED., .F., .F. ) 
 B_SPLINE_CURVE_WITH_KNOTS ( ( 3, 2, 2, 2, 3 ),
 ( 0.4999999999999998890, 0.5089285714285712858, 0.5178571428571427937, 0.5267857142857143016, 0.5357142857142856984 ),
 .UNSPECIFIED. ) 
 CURVE ( )  GEOMETRIC_REPRESENTATION_ITEM ( )  RATIONAL_B_SPLINE_CURVE ( ( 1.000000000000000888, 0.9238795325112857393, 1.000000000000000000, 0.9238795325112867385, 1.000000000000000000, 0.9238795325112867385, 1.000000000000000000, 0.9238795325112867385, 1.000000000000000000 ) ) 
 REPRESENTATION_ITEM ( '' )  );
#1928 = COORDINATED_UNIVERSAL_TIME_OFFSET ( 8, 0, .AHEAD. ) ;
#1929 = CARTESIAN_POINT ( 'NONE',  ( 3.499999999999987121, -1.449747468305845999, 24.43750000000000000 ) ) ;
#1930 = EDGE_CURVE ( 'NONE', #312, #3758, #736, .T. ) ;
#1931 = CARTESIAN_POINT ( 'NONE',  ( 7.423684977483266541E-16, -4.041265874999999674, 21.81250000136559564 ) ) ;
#1932 = CARTESIAN_POINT ( 'NONE',  ( 4.041265875000001451, -1.673947134580572538, 21.12500000136559919 ) ) ;
#1933 = CARTESIAN_POINT ( 'NONE',  ( -2.143131898507868297E-16, 3.500000000000000000, 25.00000000273119127 ) ) ;
#1934 = LINE ( 'NONE', #2217, #2751 ) ;
#1935 = DIRECTION ( 'NONE',  ( -0.000000000000000000, -0.000000000000000000, -1.000000000000000000 ) ) ;
#1936 = CARTESIAN_POINT ( 'NONE',  ( 3.500000000000000000, 4.286263797015736595E-16, 20.50000000000000355 ) ) ;
#1937 = CARTESIAN_POINT ( 'NONE',  ( 2.474873734152916338, 2.474873734152916782, 26.62500000000000355 ) ) ;
#1938 = DIRECTION ( 'NONE',  ( -1.000000000000000000, 0.000000000000000000, 0.000000000000000000 ) ) ;
#1939 = CARTESIAN_POINT ( 'NONE',  ( 1.673947134580575424, -4.041265874999998786, 30.00000000136559919 ) ) ;
#1940 = CARTESIAN_POINT ( 'NONE',  ( 4.041265875000000563, -1.673947134580572538, 21.12500000136559919 ) ) ;
#1941 = CARTESIAN_POINT ( 'NONE',  ( 3.500000000000000000, 4.286263797015736595E-16, 31.50000000000000000 ) ) ;
#1942 = CARTESIAN_POINT ( 'NONE',  ( -1.449747468305833564, 3.500000000000000000, 31.06250000273119127 ) ) ;
#1943 = CARTESIAN_POINT ( 'NONE',  ( -3.500000000000000444, 1.449747468305833120, 30.18750000273119838 ) ) ;
#1944 = CARTESIAN_POINT ( 'NONE',  ( -2.857606504790286106, -2.857606504790286994, 29.68750000136559564 ) ) ;
#1945 = CARTESIAN_POINT ( 'NONE',  ( -2.143131898507868297E-16, 3.500000000000000000, 26.75000000000000355 ) ) ;
#1946 = CARTESIAN_POINT ( 'NONE',  ( 2.857606504790286550, 2.857606504790286994, 26.18750000136559919 ) ) ;
#1947 =( NAMED_UNIT ( * ) SI_UNIT ( $, .STERADIAN. ) SOLID_ANGLE_UNIT ( ) );
#1948 = ADVANCED_FACE ( 'NONE', ( #208 ), #3933, .T. ) ;
#1949 = CARTESIAN_POINT ( 'NONE',  ( -5.149568834345239488, -3.079635771832017532, 16.41006033903542161 ) ) ;
#1950 =( BOUNDED_CURVE ( )  B_SPLINE_CURVE ( 2, ( #3250, #763, #3016, #1727, #2027, #3586, #2670, #3283, #2374 ),
 .UNSPECIFIED., .F., .F. ) 
 B_SPLINE_CURVE_WITH_KNOTS ( ( 3, 2, 2, 2, 3 ),
 ( 0.3214285714285713969, 0.3303571428571427937, 0.3392857142857143016, 0.3482142857142856984, 0.3571428571428572063 ),
 .UNSPECIFIED. ) 
 CURVE ( )  GEOMETRIC_REPRESENTATION_ITEM ( )  RATIONAL_B_SPLINE_CURVE ( ( 1.000000000000000444, 0.9238795325112862944, 1.000000000000000000, 0.9238795325112867385, 1.000000000000000000, 0.9238795325112867385, 1.000000000000000000, 0.9238795325112862944, 1.000000000000000444 ) ) 
 REPRESENTATION_ITEM ( '' )  );
#1951 = DIRECTION ( 'NONE',  ( -0.000000000000000000, -0.000000000000000000, 1.000000000000000000 ) ) ;
#1952 = CARTESIAN_POINT ( 'NONE',  ( -1.673947134580573870, 4.041265874999999674, 24.50000000136559564 ) ) ;
#1953 = DIRECTION ( 'NONE',  ( 0.000000000000000000, 0.000000000000000000, -1.000000000000000000 ) ) ;
#1954 = EDGE_CURVE ( 'NONE', #7, #3000, #186, .T. ) ;
#1955 = DIRECTION ( 'NONE',  ( -0.000000000000000000, -0.000000000000000000, 1.000000000000000000 ) ) ;
#1956 = CARTESIAN_POINT ( 'NONE',  ( -2.474873734152915894, -2.474873734152917226, 32.12500000000000000 ) ) ;
#1957 = CARTESIAN_POINT ( 'NONE',  ( -4.041265874999999674, 0.000000000000000000, 31.68750000136559564 ) ) ;
#1958 = CARTESIAN_POINT ( 'NONE',  ( -2.474873734152915894, -2.474873734152917226, 25.37500000273119127 ) ) ;
#1959 = CARTESIAN_POINT ( 'NONE',  ( 1.449747468305832898, 3.500000000000000000, 20.68750000000000355 ) ) ;
#1960 = CARTESIAN_POINT ( 'NONE',  ( 4.041265875000000563, -1.673947134580572538, 27.12500000136559919 ) ) ;
#1961 = CARTESIAN_POINT ( 'NONE',  ( 6.429395695523603167E-16, -3.500000000000000000, 30.50000000273119483 ) ) ;
#1962 = LINE ( 'NONE', #1656, #2758 ) ;
#1963 = CARTESIAN_POINT ( 'NONE',  ( -3.500000000000000000, 0.000000000000000000, 25.25000000273119127 ) ) ;
#1964 = CARTESIAN_POINT ( 'NONE',  ( -3.499999999999999556, -1.449747468305835341, 30.31250000273119127 ) ) ;
#1965 = CARTESIAN_POINT ( 'NONE',  ( -2.474561659161088847E-16, 4.041265874999999674, 23.43750000136559564 ) ) ;
#1966 = CARTESIAN_POINT ( 'NONE',  ( -2.857606504790286106, -2.857606504790286994, 27.68750000136559919 ) ) ;
#1967 = CARTESIAN_POINT ( 'NONE',  ( -1.673947134580573870, 4.041265874999999674, 28.37500000136559564 ) ) ;
#1968 = PERSON_AND_ORGANIZATION ( #234, #3393 ) ;
#1969 = CARTESIAN_POINT ( 'NONE',  ( -1.186126370351688886, 5.881677493222349007, 16.40291388676864415 ) ) ;
#1970 = EDGE_CURVE ( 'NONE', #3267, #3677, #905, .T. ) ;
#1971 = CARTESIAN_POINT ( 'NONE',  ( -2.857606504790286994, 2.857606504790286994, 24.56250000136559564 ) ) ;
#1972 =( BOUNDED_CURVE ( )  B_SPLINE_CURVE ( 2, ( #3717, #1182, #1485, #540, #880, #3309, #2404, #3045, #1836 ),
 .UNSPECIFIED., .F., .F. ) 
 B_SPLINE_CURVE_WITH_KNOTS ( ( 3, 2, 2, 2, 3 ),
 ( 0.07142857142857149400, 0.08035714285714293248, 0.08928571428571437096, 0.09821428571428580945, 0.1071428571428572341 ),
 .UNSPECIFIED. ) 
 CURVE ( )  GEOMETRIC_REPRESENTATION_ITEM ( )  RATIONAL_B_SPLINE_CURVE ( ( 0.9999999999999994449, 0.9238795325112872936, 1.000000000000000000, 0.9238795325112867385, 1.000000000000000000, 0.9238795325112867385, 1.000000000000000000, 0.9238795325112859613, 1.000000000000000888 ) ) 
 REPRESENTATION_ITEM ( '' )  );
#1973 = CARTESIAN_POINT ( 'NONE',  ( -1.449747468305833564, 3.500000000000000000, 21.06250000273119127 ) ) ;
#1974 = CARTESIAN_POINT ( 'NONE',  ( 1.673947134580575424, -4.041265874999998786, 30.00000000136559564 ) ) ;
#1975 = CARTESIAN_POINT ( 'NONE',  ( -2.474873734152916782, 2.474873734152916782, 27.87500000000000355 ) ) ;
#1976 = CARTESIAN_POINT ( 'NONE',  ( 7.423684977483266541E-16, -4.041265874999999674, 27.93750000136559919 ) ) ;
#1977 = CARTESIAN_POINT ( 'NONE',  ( 1.546525464925490256, -3.733642840280322339, 19.99999999999997158 ) ) ;
#1978 = CARTESIAN_POINT ( 'NONE',  ( -2.143131898507868297E-16, 3.500000000000000000, 23.00000000273119127 ) ) ;
#1979 = CARTESIAN_POINT ( 'NONE',  ( -3.500000000000000000, 4.286263797015736595E-16, 20.00000000000000355 ) ) ;
#1980 = CARTESIAN_POINT ( 'NONE',  ( 2.474873734152917226, -2.474873734152916338, 27.62500000273119483 ) ) ;
#1981 = CARTESIAN_POINT ( 'NONE',  ( 4.041265874999999674, 4.949123318322177694E-16, 24.18750000136559564 ) ) ;
#1982 = CARTESIAN_POINT ( 'NONE',  ( 1.673947134580573426, 4.041265874999999674, 28.25000000136559208 ) ) ;
#1983 = CARTESIAN_POINT ( 'NONE',  ( -2.474561659161088847E-16, 4.041265874999999674, 29.31250000136559564 ) ) ;
#1984 = B_SPLINE_CURVE_WITH_KNOTS ( 'NONE', 3,
 ( #2685, #3280, #1435, #1112, #2352, #2024, #3583, #1151, #2961, #493, #3932, #1132, #3338, #1417, #1761, #1724, #1095, #1778, #2320, #3262, #1739, #3617, #207, #1472, #2976, #227, #3600, #1453, #2705, #2371, #2667, #185 ),
 .UNSPECIFIED., .F., .F.,
 ( 4, 2, 2, 2, 2, 2, 2, 2, 2, 2, 2, 2, 2, 2, 2, 4 ),
 ( 0.000000000000000000, 0.0006171252694665890683, 0.001234250538933177920, 0.001851375808399766988, 0.002468501077866355406, 0.003085626347332944691, 0.003702751616799533976, 0.004319876886266122394, 0.004937002155732711679, 0.005554127425199300097, 0.006171252694665889382, 0.006788377964132478667, 0.007405503233599067953, 0.008639753772532244788, 0.009256879041998835808, 0.009874004311465426828 ),
 .UNSPECIFIED. ) ;
#1985 = CARTESIAN_POINT ( 'NONE',  ( -1.241843620414985860, 5.870101538635535299, 16.16438057335065537 ) ) ;
#1986 = CARTESIAN_POINT ( 'NONE',  ( 1.673947134580575424, -4.041265874999998786, 22.00000000136559564 ) ) ;
#1987 = CARTESIAN_POINT ( 'NONE',  ( 3.499999999999999556, 4.286263797015736595E-16, 29.75000000273119127 ) ) ;
#1988 = DIRECTION ( 'NONE',  ( -0.000000000000000000, -0.000000000000000000, 1.000000000000000000 ) ) ;
#1989 = FACE_OUTER_BOUND ( 'NONE', #1892, .T. ) ;
#1990 = CARTESIAN_POINT ( 'NONE',  ( 4.041265875000001451, -1.673947134580572538, 29.12500000136559919 ) ) ;
#1991 = CARTESIAN_POINT ( 'NONE',  ( -1.449747468305833786, -3.499999999999999556, 26.43750000273119838 ) ) ;
#1992 = CYLINDRICAL_SURFACE ( 'NONE', #828, 1.250000000000001110 ) ;
#1993 = EDGE_CURVE ( 'NONE', #382, #3165, #541, .T. ) ;
#1994 = CARTESIAN_POINT ( 'NONE',  ( 2.857606504790286550, 2.857606504790286994, 21.31250000136559564 ) ) ;
#1995 = DIRECTION ( 'NONE',  ( 1.000000000000000000, 0.000000000000000000, -0.000000000000000000 ) ) ;
#1996 = CARTESIAN_POINT ( 'NONE',  ( -2.474873734152916782, 2.474873734152916782, 28.12500000273119127 ) ) ;
#1997 = CARTESIAN_POINT ( 'NONE',  ( -4.041265874999998786, -1.673947134580575868, 25.75000000136559564 ) ) ;
#1998 = CARTESIAN_POINT ( 'NONE',  ( 2.857606504790286994, -2.857606504790286550, 27.93750000136559919 ) ) ;
#1999 = CARTESIAN_POINT ( 'NONE',  ( 2.857606504790286550, 2.857606504790286994, 28.18750000136559564 ) ) ;
#2000 = DIRECTION ( 'NONE',  ( 0.000000000000000000, 0.000000000000000000, -1.000000000000000000 ) ) ;
#2001 = CARTESIAN_POINT ( 'NONE',  ( -1.673947134580573870, 4.041265874999999674, 22.50000000136559564 ) ) ;
#2002 = DIRECTION ( 'NONE',  ( 0.000000000000000000, -1.000000000000000000, 0.000000000000000000 ) ) ;
#2003 = CARTESIAN_POINT ( 'NONE',  ( -4.041265874999999674, 0.000000000000000000, 33.68750000136559919 ) ) ;
#2004 = CARTESIAN_POINT ( 'NONE',  ( 0.000000000000000000, 0.000000000000000000, 20.00000000000000355 ) ) ;
#2005 = CARTESIAN_POINT ( 'NONE',  ( 4.041265874999999674, 1.673947134580573870, 29.25000000136559564 ) ) ;
#2006 = LINE ( 'NONE', #3860, #1152 ) ;
#2007 = PRODUCT_DEFINITION ( '未知', '', #2405, #2282 ) ;
#2008 = CARTESIAN_POINT ( 'NONE',  ( 2.000000000000000000, 3.796405077356795411E-16, 12.90000000000000036 ) ) ;
#2009 = CARTESIAN_POINT ( 'NONE',  ( 1.216189528961315602, 3.085974902334735148, 15.66852322225834726 ) ) ;
#2010 = CARTESIAN_POINT ( 'NONE',  ( 2.474873734152916338, 2.474873734152916782, 26.62500000000000355 ) ) ;
#2011 = CARTESIAN_POINT ( 'NONE',  ( 1.529190219174742497E-16, 2.100000000000000089, 7.250000000000000888 ) ) ;
#2012 = CARTESIAN_POINT ( 'NONE',  ( 3.500000000000000444, 1.449747468305833342, 25.81250000273119483 ) ) ;
#2013 = VERTEX_POINT ( 'NONE', #3814 ) ;
#2014 = CARTESIAN_POINT ( 'NONE',  ( 4.041265874999999674, 1.673947134580573648, 25.25000000136559564 ) ) ;
#2015 = CARTESIAN_POINT ( 'NONE',  ( -2.857606504790286994, 2.857606504790286994, 27.43750000136559919 ) ) ;
#2016 = CARTESIAN_POINT ( 'NONE',  ( -2.857606504790286994, 2.857606504790286994, 28.43750000136559564 ) ) ;
#2017 = CARTESIAN_POINT ( 'NONE',  ( 2.000000000000000000, 0.000000000000000000, 16.00000000000000000 ) ) ;
#2018 = EDGE_CURVE ( 'NONE', #82, #1176, #377, .T. ) ;
#2019 = CARTESIAN_POINT ( 'NONE',  ( 3.500000000000000000, 4.286263797015736595E-16, 26.75000000273119483 ) ) ;
#2020 = CARTESIAN_POINT ( 'NONE',  ( 6.429395695523603167E-16, -3.500000000000000000, 28.25000000000000355 ) ) ;
#2021 = CARTESIAN_POINT ( 'NONE',  ( -4.041265874999999674, 1.673947134580573648, 31.62500000136559564 ) ) ;
#2022 = CARTESIAN_POINT ( 'NONE',  ( 2.820675661213099872, 2.466480253072429019, 20.00000000000001776 ) ) ;
#2023 = DIRECTION ( 'NONE',  ( -0.000000000000000000, -0.000000000000000000, 1.000000000000000000 ) ) ;
#2024 = CARTESIAN_POINT ( 'NONE',  ( -5.840234723398579852, 1.388579978000099135, 18.77904122146317079 ) ) ;
#2025 = CARTESIAN_POINT ( 'NONE',  ( -2.474873734152915894, -2.474873734152917226, 24.37500000273119127 ) ) ;
#2026 = CARTESIAN_POINT ( 'NONE',  ( 3.500000000000000000, 4.286263797015736595E-16, 26.50000000000000355 ) ) ;
#2027 = CARTESIAN_POINT ( 'NONE',  ( 6.429395695523603167E-16, -3.500000000000000000, 29.25000000000000000 ) ) ;
#2028 = CARTESIAN_POINT ( 'NONE',  ( 3.500000000000000000, 4.286263797015736595E-16, 25.75000000273119127 ) ) ;
#2029 = VERTEX_POINT ( 'NONE', #1249 ) ;
#2030 = AXIS2_PLACEMENT_3D ( 'NONE', #1725, #2138, #3394 ) ;
#2031 = CARTESIAN_POINT ( 'NONE',  ( -2.857606504790286106, -2.857606504790286994, 23.81250000136559564 ) ) ;
#2032 = CARTESIAN_POINT ( 'NONE',  ( 2.857606504790286994, -2.857606504790286550, 24.93750000136559564 ) ) ;
#2033 = CARTESIAN_POINT ( 'NONE',  ( 4.041265874999999674, 1.673947134580573870, 22.12500000136560274 ) ) ;
#2034 = CARTESIAN_POINT ( 'NONE',  ( 2.857606504790286550, 2.857606504790286994, 20.31250000136559919 ) ) ;
#2035 = CYLINDRICAL_SURFACE ( 'NONE', #2346, 3.500000000000000000 ) ;
#2036 = EDGE_CURVE ( 'NONE', #2231, #571, #2760, .T. ) ;
#2037 = CARTESIAN_POINT ( 'NONE',  ( 2.857606504790286550, 2.857606504790286994, 33.31250000136559919 ) ) ;
#2038 = CARTESIAN_POINT ( 'NONE',  ( 3.946648508951964285, -0.01939444830477295156, 20.00000000000000711 ) ) ;
#2039 = CARTESIAN_POINT ( 'NONE',  ( -2.474561659161088847E-16, 4.041265874999999674, 32.31250000136559919 ) ) ;
#2040 = CARTESIAN_POINT ( 'NONE',  ( -3.500000000000000000, 1.449747468305833120, 33.93750000000000000 ) ) ;
#2041 = CARTESIAN_POINT ( 'NONE',  ( -0.7730846652287504117, 1.956446060636631179, 5.004934708619220629 ) ) ;
#2042 = CARTESIAN_POINT ( 'NONE',  ( 2.474873734152916338, 2.474873734152916782, 25.62500000000000355 ) ) ;
#2043 = CARTESIAN_POINT ( 'NONE',  ( -3.021656476421622717, -2.084470862190609619, 20.00000000000001421 ) ) ;
#2044 = CARTESIAN_POINT ( 'NONE',  ( -3.499999999999999556, -1.449747468305835341, 27.31250000273119127 ) ) ;
#2045 = ORIENTED_EDGE ( 'NONE', *, *, #427, .F. ) ;
#2046 = CARTESIAN_POINT ( 'NONE',  ( 4.041265874999999674, 1.673947134580573648, 32.25000000136559919 ) ) ;
#2047 = CARTESIAN_POINT ( 'NONE',  ( -1.673947134580574092, -4.041265874999998786, 26.75000000136559919 ) ) ;
#2048 = CARTESIAN_POINT ( 'NONE',  ( -2.857606504790286106, -2.857606504790286994, 23.68750000136559564 ) ) ;
#2049 = FACE_OUTER_BOUND ( 'NONE', #944, .T. ) ;
#2050 = CARTESIAN_POINT ( 'NONE',  ( -1.673947134580573870, 4.041265874999999674, 30.50000000136559919 ) ) ;
#2051 = CARTESIAN_POINT ( 'NONE',  ( 1.665260370550360358, 3.231180313001993820, 20.00000000000001776 ) ) ;
#2052 = ORIENTED_EDGE ( 'NONE', *, *, #2697, .T. ) ;
#2053 = CARTESIAN_POINT ( 'NONE',  ( 7.423684977483266541E-16, -4.041265874999999674, 25.81250000136559564 ) ) ;
#2054 = AXIS2_PLACEMENT_3D ( 'NONE', #930, #1535, #660 ) ;
#2055 = CARTESIAN_POINT ( 'NONE',  ( 4.041265875000000563, -1.673947134580572538, 32.00000000136559919 ) ) ;
#2056 = EDGE_CURVE ( 'NONE', #2078, #2860, #1269, .T. ) ;
#2057 = ORIENTED_EDGE ( 'NONE', *, *, #3096, .T. ) ;
#2058 = CARTESIAN_POINT ( 'NONE',  ( 3.500000000000000000, 4.286263797015736595E-16, 33.50000000000000000 ) ) ;
#2059 =( BOUNDED_CURVE ( )  B_SPLINE_CURVE ( 2, ( #3226, #3448, #663, #3144, #363, #1592, #1282, #1612, #2868 ),
 .UNSPECIFIED., .F., .F. ) 
 B_SPLINE_CURVE_WITH_KNOTS ( ( 3, 2, 2, 2, 3 ),
 ( 0.4642857142857141906, 0.4732142857142855874, 0.4821428571428570398, 0.4910714285714284366, 0.4999999999999998890 ),
 .UNSPECIFIED. ) 
 CURVE ( )  GEOMETRIC_REPRESENTATION_ITEM ( )  RATIONAL_B_SPLINE_CURVE ( ( 1.000000000000000888, 0.9238795325112857393, 1.000000000000000000, 0.9238795325112867385, 1.000000000000000000, 0.9238795325112867385, 1.000000000000000000, 0.9238795325112877377, 0.9999999999999990008 ) ) 
 REPRESENTATION_ITEM ( '' )  );
#2060 = CARTESIAN_POINT ( 'NONE',  ( 3.500000000000000444, 1.449747468305833342, 27.56250000000000355 ) ) ;
#2061 = CARTESIAN_POINT ( 'NONE',  ( -5.881677493222345454, 1.186126370351687109, 6.402913886768641483 ) ) ;
#2062 = CARTESIAN_POINT ( 'NONE',  ( -2.143131898507868297E-16, 3.500000000000000000, 27.00000000273119483 ) ) ;
#2063 = VECTOR ( 'NONE', #20, 1000.000000000000000 ) ;
#2064 = ORIENTED_EDGE ( 'NONE', *, *, #1273, .F. ) ;
#2065 = CARTESIAN_POINT ( 'NONE',  ( 3.500000000000001332, -1.449747468305832454, 21.68750000273119127 ) ) ;
#2066 = VERTEX_POINT ( 'NONE', #925 ) ;
#2067 = CARTESIAN_POINT ( 'NONE',  ( 2.857606504790286550, 2.857606504790286994, 25.18750000136559564 ) ) ;
#2068 = CARTESIAN_POINT ( 'NONE',  ( -1.673947134580573870, 4.041265874999999674, 24.37500000136559564 ) ) ;
#2069 = CARTESIAN_POINT ( 'NONE',  ( -1.673947134580574092, -4.041265874999998786, 23.87500000136559564 ) ) ;
#2070 = CARTESIAN_POINT ( 'NONE',  ( -2.474873734152916782, 2.474873734152916782, 20.12500000273119483 ) ) ;
#2071 = CARTESIAN_POINT ( 'NONE',  ( -2.474873734152915894, -2.474873734152917226, 30.12500000000000355 ) ) ;
#2072 = LOCAL_TIME ( 10, 29, 50.00000000000000000, #69 ) ;
#2073 = CARTESIAN_POINT ( 'NONE',  ( 4.041265874999999674, 1.673947134580573870, 30.25000000136559564 ) ) ;
#2074 = EDGE_CURVE ( 'NONE', #59, #3267, #3110, .T. ) ;
#2075 = CARTESIAN_POINT ( 'NONE',  ( -1.449747468305833564, -3.500000000000000000, 33.18750000000000000 ) ) ;
#2076 = CARTESIAN_POINT ( 'NONE',  ( 1.673947134580573204, 4.041265874999999674, 24.25000000136559564 ) ) ;
#2077 = CARTESIAN_POINT ( 'NONE',  ( -2.857606504790286106, -2.857606504790286994, 31.68750000136559564 ) ) ;
#2078 = VERTEX_POINT ( 'NONE', #3086 ) ;
#2079 = CARTESIAN_POINT ( 'NONE',  ( 0.000000000000000000, 6.000000000000000888, 4.749999999999999112 ) ) ;
#2080 = EDGE_CURVE ( 'NONE', #2531, #856, #3100, .T. ) ;
#2081 = CARTESIAN_POINT ( 'NONE',  ( -1.449747468305833342, 3.500000000000000444, 29.81250000000000000 ) ) ;
#2082 = CARTESIAN_POINT ( 'NONE',  ( 1.449747468305834674, -3.499999999999999556, 24.31250000000000000 ) ) ;
#2083 = CARTESIAN_POINT ( 'NONE',  ( 4.041265875000001451, -1.673947134580572538, 33.00000000136559919 ) ) ;
#2084 = CARTESIAN_POINT ( 'NONE',  ( -3.500000000000000000, 0.000000000000000000, 27.25000000273119483 ) ) ;
#2085 = ORIENTED_EDGE ( 'NONE', *, *, #231, .F. ) ;
#2086 = CARTESIAN_POINT ( 'NONE',  ( -1.687473854267776519, 1.249972796626938720, 5.831817003673622324 ) ) ;
#2087 = ORIENTED_EDGE ( 'NONE', *, *, #1492, .T. ) ;
#2088 =( BOUNDED_CURVE ( )  B_SPLINE_CURVE ( 2, ( #1359, #2612, #3859, #1341, #3245, #3188, #1062, #2300, #3514 ),
 .UNSPECIFIED., .F., .F. ) 
 B_SPLINE_CURVE_WITH_KNOTS ( ( 3, 2, 2, 2, 3 ),
 ( 0.8214285714285713969, 0.8303571428571429047, 0.8392857142857143016, 0.8482142857142856984, 0.8571428571428570953 ),
 .UNSPECIFIED. ) 
 CURVE ( )  GEOMETRIC_REPRESENTATION_ITEM ( )  RATIONAL_B_SPLINE_CURVE ( ( 1.000000000000000000, 0.9238795325112867385, 1.000000000000000000, 0.9238795325112867385, 1.000000000000000000, 0.9238795325112867385, 1.000000000000000000, 0.9238795325112867385, 1.000000000000000000 ) ) 
 REPRESENTATION_ITEM ( '' )  );
#2089 = ADVANCED_FACE ( 'NONE', ( #1007 ), #2172, .F. ) ;
#2090 = CARTESIAN_POINT ( 'NONE',  ( 1.673947134580575424, -4.041265874999998786, 23.87500000136559564 ) ) ;
#2091 = CARTESIAN_POINT ( 'NONE',  ( 3.500000000000000000, 4.286263797015736595E-16, 31.50000000000000000 ) ) ;
#2092 = CARTESIAN_POINT ( 'NONE',  ( -1.673947134580574092, -4.041265874999998786, 22.75000000136559208 ) ) ;
#2093 = CARTESIAN_POINT ( 'NONE',  ( 6.335262163001002996E-08, 3.499999999999999556, 20.00000000000000355 ) ) ;
#2094 = CARTESIAN_POINT ( 'NONE',  ( 3.500000000000007994, -1.449747468305825127, 30.43750000000000355 ) ) ;
#2095 = CARTESIAN_POINT ( 'NONE',  ( 2.857606504790286550, 2.857606504790286994, 26.31250000136559919 ) ) ;
#2096 = DIRECTION ( 'NONE',  ( 1.000000000000000000, 0.000000000000000000, 0.000000000000000000 ) ) ;
#2097 = CARTESIAN_POINT ( 'NONE',  ( -4.041265874999998786, -1.673947134580575868, 25.62500000136559564 ) ) ;
#2098 = CARTESIAN_POINT ( 'NONE',  ( -1.673947134580573648, 4.041265874999999674, 33.37500000136559919 ) ) ;
#2099 = VERTEX_POINT ( 'NONE', #1238 ) ;
#2100 = CARTESIAN_POINT ( 'NONE',  ( -2.474873734152915894, -2.474873734152917226, 27.37500000273119483 ) ) ;
#2101 = CARTESIAN_POINT ( 'NONE',  ( 2.474873734152916338, 2.474873734152916782, 31.62500000000000000 ) ) ;
#2102 = CARTESIAN_POINT ( 'NONE',  ( -2.143131898507868297E-16, 3.500000000000000000, 24.75000000000000000 ) ) ;
#2103 = CARTESIAN_POINT ( 'NONE',  ( 2.857606504790286550, 2.857606504790286994, 32.18750000136559919 ) ) ;
#2104 = CARTESIAN_POINT ( 'NONE',  ( 1.449747468305834674, -3.499999999999999556, 21.56250000273119127 ) ) ;
#2105 = ORIENTED_EDGE ( 'NONE', *, *, #3803, .F. ) ;
#2106 = EDGE_CURVE ( 'NONE', #2524, #780, #1395, .T. ) ;
#2107 = CARTESIAN_POINT ( 'NONE',  ( -2.857606504790286994, 2.857606504790286994, 32.56250000136559919 ) ) ;
#2108 = VERTEX_POINT ( 'NONE', #1570 ) ;
#2109 = CARTESIAN_POINT ( 'NONE',  ( -2.857606504790286994, 2.857606504790286994, 20.43750000136559919 ) ) ;
#2110 = CARTESIAN_POINT ( 'NONE',  ( 0.000000000000000000, 0.000000000000000000, 20.00000000000000355 ) ) ;
#2111 = CARTESIAN_POINT ( 'NONE',  ( 4.041265875000001451, -1.673947134580572538, 23.00000000136559564 ) ) ;
#2112 = EDGE_CURVE ( 'NONE', #1854, #2078, #430, .T. ) ;
#2113 = CARTESIAN_POINT ( 'NONE',  ( 1.449747468305834897, -3.499999999999999112, 33.31250000000000000 ) ) ;
#2114 = FACE_OUTER_BOUND ( 'NONE', #61, .T. ) ;
#2115 = CARTESIAN_POINT ( 'NONE',  ( -3.500000000000000000, 0.000000000000000000, 20.25000000273119127 ) ) ;
#2116 = CARTESIAN_POINT ( 'NONE',  ( 4.041265874999999674, 1.673947134580573870, 26.25000000136559564 ) ) ;
#2117 = CARTESIAN_POINT ( 'NONE',  ( -1.449747468305833786, -3.499999999999999556, 28.43750000273119483 ) ) ;
#2118 = CARTESIAN_POINT ( 'NONE',  ( 4.041265874999999674, 4.949123318322177694E-16, 25.06250000136559564 ) ) ;
#2119 = CARTESIAN_POINT ( 'NONE',  ( -4.041265874999999674, 0.000000000000000000, 24.68750000136559564 ) ) ;
#2120 = CARTESIAN_POINT ( 'NONE',  ( 7.423684977483266541E-16, -4.041265874999999674, 30.81250000136559919 ) ) ;
#2121 = EDGE_LOOP ( 'NONE', ( #40, #2691 ) ) ;
#2122 = CARTESIAN_POINT ( 'NONE',  ( -3.500000000000000000, 1.449747468305833120, 25.93750000000000711 ) ) ;
#2123 = CARTESIAN_POINT ( 'NONE',  ( -2.474873734152916782, 2.474873734152916782, 31.87500000000000000 ) ) ;
#2124 = CARTESIAN_POINT ( 'NONE',  ( -1.449747468305833564, -3.500000000000000000, 23.18750000000000000 ) ) ;
#2125 = CARTESIAN_POINT ( 'NONE',  ( -2.474561659161088847E-16, 4.041265874999999674, 33.31250000136559919 ) ) ;
#2126 = CARTESIAN_POINT ( 'NONE',  ( -2.474873734152915894, -2.474873734152917226, 22.37500000273118772 ) ) ;
#2127 = ORIENTED_EDGE ( 'NONE', *, *, #3881, .T. ) ;
#2128 = CARTESIAN_POINT ( 'NONE',  ( -3.500000000000000000, 0.000000000000000000, 21.25000000273119127 ) ) ;
#2129 = EDGE_LOOP ( 'NONE', ( #667, #1127 ) ) ;
#2130 = CARTESIAN_POINT ( 'NONE',  ( 2.857606504790286994, -2.857606504790286550, 20.93750000136559564 ) ) ;
#2131 = AXIS2_PLACEMENT_3D ( 'NONE', #3761, #967, #2203 ) ;
#2132 = CARTESIAN_POINT ( 'NONE',  ( 0.000000000000000000, 0.000000000000000000, 0.000000000000000000 ) ) ;
#2133 = CARTESIAN_POINT ( 'NONE',  ( 3.500000000000000000, 4.286263797015736595E-16, 31.75000000273119127 ) ) ;
#2134 = CARTESIAN_POINT ( 'NONE',  ( -2.857606504790286106, -2.857606504790286994, 31.68750000136559564 ) ) ;
#2135 = EDGE_CURVE ( 'NONE', #2378, #1877, #2568, .T. ) ;
#2136 = CARTESIAN_POINT ( 'NONE',  ( -0.1644170496010384508, 2.836811590500856628, 17.25000000000000000 ) ) ;
#2137 = CARTESIAN_POINT ( 'NONE',  ( -2.143131898507868297E-16, 3.500000000000000000, 28.75000000000000000 ) ) ;
#2138 = DIRECTION ( 'NONE',  ( -0.000000000000000000, -0.000000000000000000, 1.000000000000000000 ) ) ;
#2139 = CARTESIAN_POINT ( 'NONE',  ( -2.474561659161088847E-16, 4.041265874999999674, 29.43750000136559564 ) ) ;
#2140 = ADVANCED_FACE ( 'NONE', ( #2529 ), #3778, .T. ) ;
#2141 = CARTESIAN_POINT ( 'NONE',  ( 4.041265874999999674, 4.949123318322177694E-16, 26.06250000136559919 ) ) ;
#2142 = CARTESIAN_POINT ( 'NONE',  ( 4.041265874999999674, 1.673947134580573870, 28.25000000136559208 ) ) ;
#2143 = CARTESIAN_POINT ( 'NONE',  ( 2.857606504790286550, 2.857606504790286994, 28.18750000136559564 ) ) ;
#2144 = CARTESIAN_POINT ( 'NONE',  ( 3.500000000000001332, -1.449747468305832454, 26.43750000000000711 ) ) ;
#2145 = CARTESIAN_POINT ( 'NONE',  ( -1.091833514733748345, 5.900169758489262506, 6.630349936529401411 ) ) ;
#2146 = CARTESIAN_POINT ( 'NONE',  ( -3.500000000000000444, 1.449747468305833120, 30.93750000000000711 ) ) ;
#2147 = CARTESIAN_POINT ( 'NONE',  ( -1.449747468305833342, 3.500000000000000444, 21.81250000000000355 ) ) ;
#2148 = CARTESIAN_POINT ( 'NONE',  ( 4.041265874999999674, 4.949123318322177694E-16, 33.06250000136559919 ) ) ;
#2149 = CARTESIAN_POINT ( 'NONE',  ( 6.429395695523603167E-16, -3.500000000000000000, 22.50000000273118772 ) ) ;
#2150 = EDGE_LOOP ( 'NONE', ( #3038, #2325, #2200, #3030 ) ) ;
#2151 = CARTESIAN_POINT ( 'NONE',  ( 1.673947134580575424, -4.041265874999998786, 31.00000000136559564 ) ) ;
#2152 = EDGE_LOOP ( 'NONE', ( #2873, #535, #3772, #993 ) ) ;
#2153 = CARTESIAN_POINT ( 'NONE',  ( 7.423684977483266541E-16, -4.041265874999999674, 22.93750000136559564 ) ) ;
#2154 = CARTESIAN_POINT ( 'NONE',  ( -2.857606504790286106, -2.857606504790286994, 19.68750000136559919 ) ) ;
#2155 = DIRECTION ( 'NONE',  ( 0.000000000000000000, -1.000000000000000000, 0.000000000000000000 ) ) ;
#2156 = CARTESIAN_POINT ( 'NONE',  ( 2.474873734152917226, -2.474873734152916338, 31.62500000273119127 ) ) ;
#2157 = VERTEX_POINT ( 'NONE', #3915 ) ;
#2158 = CARTESIAN_POINT ( 'NONE',  ( 2.857606504790286994, -2.857606504790286550, 21.06250000136559564 ) ) ;
#2159 = CARTESIAN_POINT ( 'NONE',  ( 0.000000000000000000, 0.000000000000000000, 0.000000000000000000 ) ) ;
#2160 = EDGE_CURVE ( 'NONE', #3124, #2524, #289, .T. ) ;
#2161 = CARTESIAN_POINT ( 'NONE',  ( 3.733642814419390721, -1.546525527359302599, 20.00000000000019185 ) ) ;
#2162 = CARTESIAN_POINT ( 'NONE',  ( -4.041265874999999674, 0.000000000000000000, 27.68750000136559919 ) ) ;
#2163 = CYLINDRICAL_SURFACE ( 'NONE', #2359, 3.500000000000000000 ) ;
#2164 = CARTESIAN_POINT ( 'NONE',  ( 7.423684977483266541E-16, -4.041265874999999674, 26.93750000136559919 ) ) ;
#2165 = CARTESIAN_POINT ( 'NONE',  ( -2.857606504790286994, 2.857606504790286994, 29.43750000136559564 ) ) ;
#2166 = CARTESIAN_POINT ( 'NONE',  ( -3.500000000000008438, -1.449747468305826459, 32.31250000273119127 ) ) ;
#2167 = CARTESIAN_POINT ( 'NONE',  ( -0.3278061979690359284, 5.992955371259924391, 7.217289621151370405 ) ) ;
#2168 = CARTESIAN_POINT ( 'NONE',  ( -2.474873734152915894, -2.474873734152917226, 31.12500000000000355 ) ) ;
#2169 = CARTESIAN_POINT ( 'NONE',  ( -3.500000000000000444, 1.449747468305833120, 24.93750000000000355 ) ) ;
#2170 = CARTESIAN_POINT ( 'NONE',  ( 4.041265874999999674, 1.673947134580573870, 30.12500000136559564 ) ) ;
#2171 = CARTESIAN_POINT ( 'NONE',  ( -1.449747468305833342, 3.500000000000000444, 21.06250000273119127 ) ) ;
#2172 = CYLINDRICAL_SURFACE ( 'NONE', #3810, 3.099999999999998757 ) ;
#2173 = ORIENTED_EDGE ( 'NONE', *, *, #3900, .T. ) ;
#2174 = CARTESIAN_POINT ( 'NONE',  ( 2.857606504790286994, -2.857606504790286550, 31.06250000136559919 ) ) ;
#2175 = EDGE_LOOP ( 'NONE', ( #2085, #1915, #2396, #3337, #3969, #916, #1440, #2769 ) ) ;
#2176 = CARTESIAN_POINT ( 'NONE',  ( 4.041265874999999674, 4.949123318322177694E-16, 25.18750000136559564 ) ) ;
#2177 = CARTESIAN_POINT ( 'NONE',  ( 4.041265874999999674, 4.949123318322177694E-16, 21.06250000136559564 ) ) ;
#2178 = CARTESIAN_POINT ( 'NONE',  ( -3.500000000000000000, 4.286263797015736595E-16, 20.00000000000000355 ) ) ;
#2179 = CARTESIAN_POINT ( 'NONE',  ( 1.673947134580575424, -4.041265874999998786, 20.87500000136560274 ) ) ;
#2180 = ORIENTED_EDGE ( 'NONE', *, *, #2809, .F. ) ;
#2181 = CARTESIAN_POINT ( 'NONE',  ( 2.857606504790286550, 2.857606504790286994, 33.18750000136559919 ) ) ;
#2182 = APPROVAL ( #160, '未指定' ) ;
#2183 = CARTESIAN_POINT ( 'NONE',  ( -6.000000000000000888, 6.593496661063521923E-24, 12.90000000000000036 ) ) ;
#2184 = CARTESIAN_POINT ( 'NONE',  ( 4.041265875000001451, -1.673947134580572538, 27.12500000136559919 ) ) ;
#2185 = CARTESIAN_POINT ( 'NONE',  ( 4.041265874999999674, 4.949123318322177694E-16, 23.06250000136559564 ) ) ;
#2186 = ADVANCED_FACE ( 'NONE', ( #184 ), #1416, .T. ) ;
#2187 = CARTESIAN_POINT ( 'NONE',  ( -2.474561659161088847E-16, 4.041265874999999674, 27.43750000136559919 ) ) ;
#2188 = CARTESIAN_POINT ( 'NONE',  ( -4.041265874999999674, 1.673947134580573426, 28.50000000136559564 ) ) ;
#2189 = CARTESIAN_POINT ( 'NONE',  ( -1.449747468305833786, -3.499999999999999556, 22.43750000273118772 ) ) ;
#2190 = ORIENTED_EDGE ( 'NONE', *, *, #3638, .F. ) ;
#2191 = ORIENTED_EDGE ( 'NONE', *, *, #1014, .T. ) ;
#2192 = DIRECTION ( 'NONE',  ( 0.000000000000000000, 0.000000000000000000, -1.000000000000000000 ) ) ;
#2193 = CARTESIAN_POINT ( 'NONE',  ( -3.500000000000000000, 0.000000000000000000, 23.00000000000000355 ) ) ;
#2194 = CARTESIAN_POINT ( 'NONE',  ( -4.041265874999999674, 0.000000000000000000, 33.68750000136559919 ) ) ;
#2195 = ADVANCED_FACE ( 'NONE', ( #3898 ), #1992, .F. ) ;
#2196 = CARTESIAN_POINT ( 'NONE',  ( 3.500000000000000000, 4.286263797015736595E-16, 22.75000000273119127 ) ) ;
#2197 = CARTESIAN_POINT ( 'NONE',  ( -1.797344414602702667, -1.088680421162678602, 6.635226957880170140 ) ) ;
#2198 = ORIENTED_EDGE ( 'NONE', *, *, #3389, .F. ) ;
#2199 = CARTESIAN_POINT ( 'NONE',  ( -2.857606504790286994, 2.857606504790286994, 30.56250000136559919 ) ) ;
#2200 = ORIENTED_EDGE ( 'NONE', *, *, #2809, .T. ) ;
#2201 = CARTESIAN_POINT ( 'NONE',  ( 7.423684977483266541E-16, -4.041265874999999674, 24.93750000136559564 ) ) ;
#2202 = CARTESIAN_POINT ( 'NONE',  ( 4.041265875000001451, -1.673947134580572538, 20.00000000136559919 ) ) ;
#2203 = DIRECTION ( 'NONE',  ( 1.000000000000000000, 0.000000000000000000, 0.000000000000000000 ) ) ;
#2204 = CARTESIAN_POINT ( 'NONE',  ( -1.673947134580573870, 4.041265874999999674, 20.37500000136560629 ) ) ;
#2205 = ORIENTED_EDGE ( 'NONE', *, *, #3827, .T. ) ;
#2206 = CARTESIAN_POINT ( 'NONE',  ( -4.041265874999998786, -1.673947134580575868, 19.75000000136559919 ) ) ;
#2207 = VECTOR ( 'NONE', #2287, 1000.000000000000000 ) ;
#2208 = COORDINATED_UNIVERSAL_TIME_OFFSET ( 8, 0, .AHEAD. ) ;
#2209 = CARTESIAN_POINT ( 'NONE',  ( 3.499999999999989342, -1.449747468305844444, 31.68750000273119127 ) ) ;
#2210 = CARTESIAN_POINT ( 'NONE',  ( 4.041265874999999674, 1.673947134580573648, 22.12500000136559919 ) ) ;
#2211 = CARTESIAN_POINT ( 'NONE',  ( 1.673947134580573426, 4.041265874999999674, 26.37500000136559919 ) ) ;
#2212 = CARTESIAN_POINT ( 'NONE',  ( 7.423684977483266541E-16, -4.041265874999999674, 27.81250000136559919 ) ) ;
#2213 = LINE ( 'NONE', #3490, #140 ) ;
#2214 = CARTESIAN_POINT ( 'NONE',  ( 1.449747468305834897, -3.499999999999999112, 26.31250000000000355 ) ) ;
#2215 = ORIENTED_EDGE ( 'NONE', *, *, #1425, .T. ) ;
#2216 = EDGE_CURVE ( 'NONE', #1746, #3317, #1352, .T. ) ;
#2217 = CARTESIAN_POINT ( 'NONE',  ( 2.000000000000000000, 3.796405077356795411E-16, 12.90000000000000036 ) ) ;
#2218 = FACE_OUTER_BOUND ( 'NONE', #3101, .T. ) ;
#2219 = CARTESIAN_POINT ( 'NONE',  ( -4.041265874999999674, 1.673947134580573648, 31.62500000136559564 ) ) ;
#2220 = DIRECTION ( 'NONE',  ( 1.000000000000000000, 0.000000000000000000, 0.000000000000000000 ) ) ;
#2221 = CARTESIAN_POINT ( 'NONE',  ( -2.474873734152915894, -2.474873734152917226, 20.12500000000000355 ) ) ;
#2222 = EDGE_LOOP ( 'NONE', ( #3018, #2376, #1137, #1914 ) ) ;
#2223 = CARTESIAN_POINT ( 'NONE',  ( -4.041265874999998786, -1.673947134580575868, 28.75000000136559564 ) ) ;
#2224 = VERTEX_POINT ( 'NONE', #3552 ) ;
#2225 = CARTESIAN_POINT ( 'NONE',  ( -4.041265874999999674, 0.000000000000000000, 24.68750000136559564 ) ) ;
#2226 = CARTESIAN_POINT ( 'NONE',  ( 1.449747468305834897, -3.499999999999999112, 25.31250000000000000 ) ) ;
#2227 = B_SPLINE_CURVE_WITH_KNOTS ( 'NONE', 3,
 ( #1504, #300, #3348, #2756, #2443, #897, #1830, #3081, #1524, #2781, #2466, #2893, #1291, #1012, #1601, #731, #2858, #409 ),
 .UNSPECIFIED., .F., .F.,
 ( 4, 2, 2, 2, 2, 2, 2, 2, 4 ),
 ( 0.003918822340149863762, 0.004408547516782008319, 0.004898272693414152876, 0.005387997870046298300, 0.005877723046678442857, 0.006367448223310587414, 0.006857173399942732839, 0.007346898576574877396, 0.007836623753207021953 ),
 .UNSPECIFIED. ) ;
#2228 = DIRECTION ( 'NONE',  ( -0.000000000000000000, -0.000000000000000000, 1.000000000000000000 ) ) ;
#2229 = CARTESIAN_POINT ( 'NONE',  ( -2.857606504790286994, 2.857606504790286994, 21.43750000136559564 ) ) ;
#2230 = ADVANCED_FACE ( 'NONE', ( #726, #2283 ), #3246, .F. ) ;
#2231 = VERTEX_POINT ( 'NONE', #792 ) ;
#2232 = CARTESIAN_POINT ( 'NONE',  ( 4.041265875000001451, -1.673947134580572538, 31.00000000136559564 ) ) ;
#2233 = APPROVAL_ROLE ( '' ) ;
#2234 = AXIS2_PLACEMENT_3D ( 'NONE', #2867, #1356, #3531 ) ;
#2235 = CARTESIAN_POINT ( 'NONE',  ( 1.449747468305834897, -3.499999999999999112, 24.31250000000000000 ) ) ;
#2236 =( BOUNDED_CURVE ( )  B_SPLINE_CURVE ( 2, ( #1364, #730, #3844, #3193, #1978, #1673, #3518, #762, #2304 ),
 .UNSPECIFIED., .F., .F. ) 
 B_SPLINE_CURVE_WITH_KNOTS ( ( 3, 2, 2, 2, 3 ),
 ( 0.7142857142857144126, 0.7232142857142858094, 0.7321428571428572063, 0.7410714285714287142, 0.7500000000000001110 ),
 .UNSPECIFIED. ) 
 CURVE ( )  GEOMETRIC_REPRESENTATION_ITEM ( )  RATIONAL_B_SPLINE_CURVE ( ( 0.9999999999999990008, 0.9238795325112877377, 1.000000000000000000, 0.9238795325112867385, 1.000000000000000000, 0.9238795325112867385, 1.000000000000000000, 0.9238795325112857393, 1.000000000000000888 ) ) 
 REPRESENTATION_ITEM ( '' )  );
#2237 = CARTESIAN_POINT ( 'NONE',  ( -4.041265874999999674, 0.000000000000000000, 20.56250000136559564 ) ) ;
#2238 = CARTESIAN_POINT ( 'NONE',  ( -4.041265874999998786, -1.673947134580575868, 22.75000000136559208 ) ) ;
#2239 = CARTESIAN_POINT ( 'NONE',  ( 3.499999999999987121, -1.449747468305845999, 22.68750000273119127 ) ) ;
#2240 = DIRECTION ( 'NONE',  ( -0.000000000000000000, -0.000000000000000000, 1.000000000000000000 ) ) ;
#2241 = LINE ( 'NONE', #3206, #3307 ) ;
#2242 = CARTESIAN_POINT ( 'NONE',  ( 4.041265874999999674, 4.949123318322177694E-16, 33.18750000136559919 ) ) ;
#2243 = CARTESIAN_POINT ( 'NONE',  ( 3.500000000000000000, 4.286263797015736595E-16, 20.50000000000000355 ) ) ;
#2244 = CARTESIAN_POINT ( 'NONE',  ( -4.041265874999999674, 0.000000000000000000, 28.68750000136559564 ) ) ;
#2245 = CARTESIAN_POINT ( 'NONE',  ( -2.474561659161088847E-16, 4.041265874999999674, 20.43750000136559919 ) ) ;
#2246 = CARTESIAN_POINT ( 'NONE',  ( 3.500000000000000000, 4.286263797015736595E-16, 30.75000000273119483 ) ) ;
#2247 = CARTESIAN_POINT ( 'NONE',  ( 2.100000000000000089, 2.571758278209441957E-16, 11.00000000000000000 ) ) ;
#2248 = CARTESIAN_POINT ( 'NONE',  ( 3.500000000000000000, 4.286263797015736595E-16, 29.75000000273119127 ) ) ;
#2249 = EDGE_CURVE ( 'NONE', #82, #618, #1805, .T. ) ;
#2250 = CARTESIAN_POINT ( 'NONE',  ( 4.041265874999999674, 1.673947134580573870, 30.12500000136559564 ) ) ;
#2251 = CARTESIAN_POINT ( 'NONE',  ( 2.474873734152916338, 2.474873734152916782, 28.62500000000000000 ) ) ;
#2252 = CARTESIAN_POINT ( 'NONE',  ( 4.041265874999999674, 4.949123318322177694E-16, 29.06250000136559564 ) ) ;
#2253 = CARTESIAN_POINT ( 'NONE',  ( 3.499999999999978684, 1.449747468305853770, 28.56250000000000000 ) ) ;
#2254 = CARTESIAN_POINT ( 'NONE',  ( 2.036702109917433834, -3.530605030767915764, 20.00000000000000711 ) ) ;
#2255 = CARTESIAN_POINT ( 'NONE',  ( -2.857606504790286994, 2.857606504790286994, 22.43750000136559919 ) ) ;
#2256 = CARTESIAN_POINT ( 'NONE',  ( -4.041265874999999674, 0.000000000000000000, 22.68750000136559919 ) ) ;
#2257 = CARTESIAN_POINT ( 'NONE',  ( 3.499999999999985789, 1.449747468305847109, 26.81250000273119483 ) ) ;
#2258 = CARTESIAN_POINT ( 'NONE',  ( 0.000000000000000000, 0.000000000000000000, 20.00000000000000355 ) ) ;
#2259 = DIRECTION ( 'NONE',  ( 1.000000000000000000, 0.000000000000000000, 0.000000000000000000 ) ) ;
#2260 = CARTESIAN_POINT ( 'NONE',  ( 4.041265874999999674, 4.949123318322177694E-16, 31.18750000136559919 ) ) ;
#2261 = CARTESIAN_POINT ( 'NONE',  ( -3.500000000000000000, 0.000000000000000000, 19.25000000273119483 ) ) ;
#2262 = CARTESIAN_POINT ( 'NONE',  ( -3.500000000000000000, 0.000000000000000000, 32.25000000273119127 ) ) ;
#2263 = CARTESIAN_POINT ( 'NONE',  ( -2.857606504790286994, 2.857606504790286994, 26.56250000136559919 ) ) ;
#2264 = CARTESIAN_POINT ( 'NONE',  ( -2.857606504790286994, 2.857606504790286994, 21.56250000136559564 ) ) ;
#2265 = CARTESIAN_POINT ( 'NONE',  ( 3.500000000000000000, 4.286263797015736595E-16, 20.75000000273119127 ) ) ;
#2266 = CARTESIAN_POINT ( 'NONE',  ( 0.000000000000000000, 0.000000000000000000, 20.00000000000000355 ) ) ;
#2267 = CARTESIAN_POINT ( 'NONE',  ( -3.500000000000000000, 0.000000000000000000, 29.25000000273119127 ) ) ;
#2268 = CARTESIAN_POINT ( 'NONE',  ( -4.041265874999999674, 0.000000000000000000, 25.68750000136559564 ) ) ;
#2269 = CARTESIAN_POINT ( 'NONE',  ( 4.041265875000001451, -1.673947134580572538, 28.00000000136559919 ) ) ;
#2270 = CLOSED_SHELL ( 'NONE', ( #2089, #2690, #2585, #1244, #2195, #1330, #343, #3808, #3292, #1546, #2140, #2651, #3720, #1371, #1054, #3776, #350, #2186, #2973, #215, #375, #505, #1368, #1948, #4011, #3297, #947, #3180, #3211, #2744, #3289, #2382, #3530, #1351, #3156, #611, #4020, #118, #2230, #2546, #1413, #3482, #1553, #1223, #2517, #1008, #2933, #1603, #523, #3178 ) ) ;
#2271 = CARTESIAN_POINT ( 'NONE',  ( 3.500000000000000444, 1.449747468305833342, 28.56250000000000000 ) ) ;
#2272 = CARTESIAN_POINT ( 'NONE',  ( 4.041265874999999674, 4.949123318322177694E-16, 27.06250000136559919 ) ) ;
#2273 = EDGE_CURVE ( 'NONE', #3165, #7, #3210, .T. ) ;
#2274 = VECTOR ( 'NONE', #2228, 1000.000000000000000 ) ;
#2275 = CARTESIAN_POINT ( 'NONE',  ( 3.500000000000000000, 4.286263797015736595E-16, 20.50000000000000355 ) ) ;
#2276 = CARTESIAN_POINT ( 'NONE',  ( -2.857606504790286106, -2.857606504790286994, 23.81250000136559564 ) ) ;
#2277 = LINE ( 'NONE', #2523, #2395 ) ;
#2278 = EDGE_CURVE ( 'NONE', #3483, #961, #1382, .T. ) ;
#2279 = DIRECTION ( 'NONE',  ( -1.000000000000000000, 0.000000000000000000, 0.000000000000000000 ) ) ;
#2280 = CARTESIAN_POINT ( 'NONE',  ( -2.474561659161088847E-16, 4.041265874999999674, 29.43750000136559564 ) ) ;
#2281 = CARTESIAN_POINT ( 'NONE',  ( 6.429395695523603167E-16, -3.500000000000000000, 25.50000000273119127 ) ) ;
#2282 = DESIGN_CONTEXT ( 'detailed design', #62, 'design' ) ;
#2283 = FACE_BOUND ( 'NONE', #3683, .T. ) ;
#2284 = CARTESIAN_POINT ( 'NONE',  ( -2.857606504790286106, -2.857606504790286994, 27.81250000136559919 ) ) ;
#2285 = CARTESIAN_POINT ( 'NONE',  ( 1.673947134580573204, 4.041265874999999674, 20.37500000136560629 ) ) ;
#2286 = CARTESIAN_POINT ( 'NONE',  ( 3.500000000000007994, -1.449747468305825127, 29.68750000273119127 ) ) ;
#2287 = DIRECTION ( 'NONE',  ( -0.000000000000000000, -0.000000000000000000, 1.000000000000000000 ) ) ;
#2288 = CARTESIAN_POINT ( 'NONE',  ( 3.500000000000000444, 1.449747468305833342, 27.81250000273118772 ) ) ;
#2289 = AXIS2_PLACEMENT_3D ( 'NONE', #715, #3740, #3109 ) ;
#2290 = CARTESIAN_POINT ( 'NONE',  ( -2.474561659161088847E-16, 4.041265874999999674, 24.43750000136559564 ) ) ;
#2291 = CARTESIAN_POINT ( 'NONE',  ( 4.041265874999999674, 1.673947134580573870, 28.12500000136559564 ) ) ;
#2292 = CARTESIAN_POINT ( 'NONE',  ( 1.673947134580575424, -4.041265874999998786, 25.87500000136559919 ) ) ;
#2293 = PERSON_AND_ORGANIZATION ( #234, #3393 ) ;
#2294 = CARTESIAN_POINT ( 'NONE',  ( 1.250027170630405138, 1.687433576123949619, 5.832221618655933248 ) ) ;
#2295 = CARTESIAN_POINT ( 'NONE',  ( -2.857606504790286994, 2.857606504790286994, 22.56250000136559919 ) ) ;
#2296 = CARTESIAN_POINT ( 'NONE',  ( -1.449747468305833786, -3.499999999999999556, 28.18750000000000355 ) ) ;
#2297 = CARTESIAN_POINT ( 'NONE',  ( -3.500000000000000000, 1.449747468305833120, 21.18750000273119127 ) ) ;
#2298 = CARTESIAN_POINT ( 'NONE',  ( -2.474873734152916782, 2.474873734152916782, 33.12500000273119127 ) ) ;
#2299 = CARTESIAN_POINT ( 'NONE',  ( -2.857606504790286106, -2.857606504790286994, 29.81250000136559564 ) ) ;
#2300 = CARTESIAN_POINT ( 'NONE',  ( -3.499999999999999112, -1.449747468305835341, 22.06250000000000355 ) ) ;
#2301 = CARTESIAN_POINT ( 'NONE',  ( -3.500000000000000000, 0.000000000000000000, 21.00000000000000000 ) ) ;
#2302 = EDGE_CURVE ( 'NONE', #3124, #597, #2006, .T. ) ;
#2303 = CARTESIAN_POINT ( 'NONE',  ( -3.500000000000000000, 4.286263797015736595E-16, 20.00000000000000355 ) ) ;
#2304 = CARTESIAN_POINT ( 'NONE',  ( 3.500000000000000000, 4.286263797015736595E-16, 22.75000000273119127 ) ) ;
#2305 = CARTESIAN_POINT ( 'NONE',  ( 0.000000000000000000, 0.000000000000000000, 20.00000000000000355 ) ) ;
#2306 = CARTESIAN_POINT ( 'NONE',  ( 3.500000000000000000, 4.286263797015736595E-16, 30.75000000273119483 ) ) ;
#2307 = CARTESIAN_POINT ( 'NONE',  ( 4.041265874999999674, 1.673947134580573648, 22.25000000136559919 ) ) ;
#2308 = CARTESIAN_POINT ( 'NONE',  ( -4.041265874999999674, 0.000000000000000000, 28.56250000136559564 ) ) ;
#2309 = CARTESIAN_POINT ( 'NONE',  ( -4.041265874999998786, -1.673947134580575868, 25.62500000136559564 ) ) ;
#2310 = CARTESIAN_POINT ( 'NONE',  ( -0.6299628033887917367, 5.968761835731645427, 17.09196968434856956 ) ) ;
#2311 = CARTESIAN_POINT ( 'NONE',  ( -2.474561659161088847E-16, 4.041265874999999674, 24.43750000136559564 ) ) ;
#2312 = CARTESIAN_POINT ( 'NONE',  ( 1.217298626417389507, 5.875563839680874700, 15.67229832393784328 ) ) ;
#2313 = CARTESIAN_POINT ( 'NONE',  ( 3.500000000000000000, 4.286263797015736595E-16, 25.75000000273119127 ) ) ;
#2314 = EDGE_CURVE ( 'NONE', #2957, #2066, #3565, .T. ) ;
#2315 = CARTESIAN_POINT ( 'NONE',  ( 3.720468934892285695, 1.036177460992471655, 19.99999999999998934 ) ) ;
#2316 = VERTEX_POINT ( 'NONE', #492 ) ;
#2317 = CARTESIAN_POINT ( 'NONE',  ( 1.673947134580573426, 4.041265874999999674, 30.37500000136559919 ) ) ;
#2318 = CARTESIAN_POINT ( 'NONE',  ( 0.000000000000000000, 0.000000000000000000, 20.00000000000000355 ) ) ;
#2319 = CARTESIAN_POINT ( 'NONE',  ( 3.500000000000013767, 1.449747468305819575, 23.56250000000000000 ) ) ;
#2320 = CARTESIAN_POINT ( 'NONE',  ( -5.149803761263396673, 3.079241796099344342, 15.58742077053769393 ) ) ;
#2321 = EDGE_CURVE ( 'NONE', #205, #253, #964, .T. ) ;
#2322 = CARTESIAN_POINT ( 'NONE',  ( 0.7699199503811607892, 2.937418841286725701, 15.00214186389650983 ) ) ;
#2323 = CARTESIAN_POINT ( 'NONE',  ( -5.868340415034847268, 1.250032309329059954, 6.081285371658045058 ) ) ;
#2324 = CARTESIAN_POINT ( 'NONE',  ( -1.449747468305833342, 3.500000000000000444, 31.06250000273118772 ) ) ;
#2325 = ORIENTED_EDGE ( 'NONE', *, *, #22, .F. ) ;
#2326 = CARTESIAN_POINT ( 'NONE',  ( -4.041265874999998786, -1.673947134580575868, 23.75000000136559564 ) ) ;
#2327 = CARTESIAN_POINT ( 'NONE',  ( 7.423684977483266541E-16, -4.041265874999999674, 24.81250000136559564 ) ) ;
#2328 = CARTESIAN_POINT ( 'NONE',  ( 2.857606504790286550, 2.857606504790286994, 29.18750000136559564 ) ) ;
#2329 = CARTESIAN_POINT ( 'NONE',  ( 1.088348270274898777, 1.797563030580057619, 6.636027150965015053 ) ) ;
#2330 = CARTESIAN_POINT ( 'NONE',  ( 4.041265874999999674, 4.949123318322177694E-16, 20.18750000136559919 ) ) ;
#2331 = CARTESIAN_POINT ( 'NONE',  ( 0.000000000000000000, 0.000000000000000000, 20.00000000000000355 ) ) ;
#2332 = CARTESIAN_POINT ( 'NONE',  ( 4.041265874999999674, 1.673947134580573870, 33.25000000136559919 ) ) ;
#2333 = DIRECTION ( 'NONE',  ( -0.000000000000000000, -0.000000000000000000, 1.000000000000000000 ) ) ;
#2334 = CARTESIAN_POINT ( 'NONE',  ( 3.500000000000000000, 0.000000000000000000, 20.00000000000000355 ) ) ;
#2335 =( BOUNDED_CURVE ( )  B_SPLINE_CURVE ( 2, ( #1889, #1021, #2846, #2884, #31, #73, #1562, #2257, #1629 ),
 .UNSPECIFIED., .F., .F. ) 
 B_SPLINE_CURVE_WITH_KNOTS ( ( 3, 2, 2, 2, 3 ),
 ( 0.4285714285714284366, 0.4374999999999998890, 0.4464285714285713413, 0.4553571428571427382, 0.4642857142857141906 ),
 .UNSPECIFIED. ) 
 CURVE ( )  GEOMETRIC_REPRESENTATION_ITEM ( )  RATIONAL_B_SPLINE_CURVE ( ( 1.000000000000000888, 0.9238795325112857393, 1.000000000000000000, 0.9238795325112867385, 1.000000000000000000, 0.9238795325112867385, 1.000000000000000000, 0.9238795325112877377, 0.9999999999999990008 ) ) 
 REPRESENTATION_ITEM ( '' )  );
#2336 = CYLINDRICAL_SURFACE ( 'NONE', #3310, 3.500000000000000000 ) ;
#2337 = CARTESIAN_POINT ( 'NONE',  ( -1.249942764156295905, 1.687496101150218086, 5.830259638420968393 ) ) ;
#2338 = CARTESIAN_POINT ( 'NONE',  ( -3.499999999999999556, -1.449747468305835341, 28.06250000000000355 ) ) ;
#2339 = FACE_BOUND ( 'NONE', #887, .T. ) ;
#2340 = CARTESIAN_POINT ( 'NONE',  ( -2.474873734152916782, 2.474873734152916782, 27.12500000273119483 ) ) ;
#2341 = EDGE_LOOP ( 'NONE', ( #1777, #3407, #3613 ) ) ;
#2342 = CARTESIAN_POINT ( 'NONE',  ( 4.041265875000000563, -1.673947134580572538, 23.12500000136559564 ) ) ;
#2343 = CARTESIAN_POINT ( 'NONE',  ( 4.041265875000001451, -1.673947134580572538, 26.00000000136559564 ) ) ;
#2344 = CARTESIAN_POINT ( 'NONE',  ( 2.857606504790286550, 2.857606504790286994, 22.18750000136559919 ) ) ;
#2345 = EDGE_CURVE ( 'NONE', #1299, #2231, #691, .T. ) ;
#2346 = AXIS2_PLACEMENT_3D ( 'NONE', #502, #1791, #3392 ) ;
#2347 = CARTESIAN_POINT ( 'NONE',  ( -2.143131898507868297E-16, 3.500000000000000000, 29.00000000273119127 ) ) ;
#2348 = CARTESIAN_POINT ( 'NONE',  ( 1.449747468305834897, -3.499999999999999112, 28.31250000000000355 ) ) ;
#2349 = CARTESIAN_POINT ( 'NONE',  ( -4.041265874999999674, 0.000000000000000000, 32.68750000136559919 ) ) ;
#2350 = CARTESIAN_POINT ( 'NONE',  ( -3.500000000000000000, 0.000000000000000000, 23.00000000000000355 ) ) ;
#2351 = CARTESIAN_POINT ( 'NONE',  ( 3.499999999999993339, 1.449747468305840226, 29.56250000000000000 ) ) ;
#2352 = CARTESIAN_POINT ( 'NONE',  ( -5.916740177403950973, 1.014239445489613312, 18.93641666204017326 ) ) ;
#2353 = CARTESIAN_POINT ( 'NONE',  ( -0.3344903974913361333, 2.079057563921688168, 7.215642438474827003 ) ) ;
#2354 =( BOUNDED_CURVE ( )  B_SPLINE_CURVE ( 2, ( #422, #2870, #2572, #3170, #2281, #386, #1958, #2940, #1652 ),
 .UNSPECIFIED., .F., .F. ) 
 B_SPLINE_CURVE_WITH_KNOTS ( ( 3, 2, 2, 2, 3 ),
 ( 0.5357142857142856984, 0.5446428571428570953, 0.5535714285714286031, 0.5625000000000000000, 0.5714285714285713969 ),
 .UNSPECIFIED. ) 
 CURVE ( )  GEOMETRIC_REPRESENTATION_ITEM ( )  RATIONAL_B_SPLINE_CURVE ( ( 1.000000000000000000, 0.9238795325112867385, 1.000000000000000000, 0.9238795325112867385, 1.000000000000000000, 0.9238795325112867385, 1.000000000000000000, 0.9238795325112867385, 1.000000000000000000 ) ) 
 REPRESENTATION_ITEM ( '' )  );
#2355 = CARTESIAN_POINT ( 'NONE',  ( 6.429395695523603167E-16, -3.500000000000000000, 27.25000000000000355 ) ) ;
#2356 = CARTESIAN_POINT ( 'NONE',  ( -2.230767165240029382, -3.026768326869547110, 20.00000000000000000 ) ) ;
#2357 = CARTESIAN_POINT ( 'NONE',  ( -1.449747468305833564, -3.500000000000000000, 25.43750000273119483 ) ) ;
#2358 = ORIENTED_EDGE ( 'NONE', *, *, #3507, .T. ) ;
#2359 = AXIS2_PLACEMENT_3D ( 'NONE', #1275, #2520, #1532 ) ;
#2360 = CARTESIAN_POINT ( 'NONE',  ( -2.006767123951970877, 0.6381966472590527850, 7.087393164614275598 ) ) ;
#2361 = CARTESIAN_POINT ( 'NONE',  ( 7.423684977483266541E-16, -4.041265874999999674, 25.81250000136559564 ) ) ;
#2362 = CARTESIAN_POINT ( 'NONE',  ( 4.041265874999999674, 1.673947134580573870, 24.12500000136559919 ) ) ;
#2363 = EDGE_CURVE ( 'NONE', #1178, #2837, #2882, .T. ) ;
#2364 = CARTESIAN_POINT ( 'NONE',  ( -3.500000000000000000, 1.449747468305833120, 29.18750000273119483 ) ) ;
#2365 = CARTESIAN_POINT ( 'NONE',  ( 2.474873734152917226, -2.474873734152916338, 28.37500000000000355 ) ) ;
#2366 = CARTESIAN_POINT ( 'NONE',  ( -2.857606504790286106, -2.857606504790286994, 30.81250000136559919 ) ) ;
#2367 = CARTESIAN_POINT ( 'NONE',  ( 3.500000000000000000, 4.286263797015736595E-16, 28.75000000273119127 ) ) ;
#2368 = CARTESIAN_POINT ( 'NONE',  ( -2.857606504790286106, -2.857606504790286994, 26.68750000136559919 ) ) ;
#2369 = CARTESIAN_POINT ( 'NONE',  ( 1.673947134580575424, -4.041265874999998786, 32.87500000136559919 ) ) ;
#2370 = ORIENTED_EDGE ( 'NONE', *, *, #575, .T. ) ;
#2371 = CARTESIAN_POINT ( 'NONE',  ( -5.989393054309220865, 0.4106458321589352423, 12.92037880327481680 ) ) ;
#2372 = DIRECTION ( 'NONE',  ( -0.000000000000000000, -0.000000000000000000, 1.000000000000000000 ) ) ;
#2373 = CARTESIAN_POINT ( 'NONE',  ( -1.449747468305833564, -3.500000000000000000, 28.18750000000000711 ) ) ;
#2374 = CARTESIAN_POINT ( 'NONE',  ( -3.500000000000000000, 0.000000000000000000, 29.00000000000000000 ) ) ;
#2375 = CARTESIAN_POINT ( 'NONE',  ( -2.474873734152916782, 2.474873734152916782, 26.12500000273119127 ) ) ;
#2376 = ORIENTED_EDGE ( 'NONE', *, *, #3712, .T. ) ;
#2377 = CARTESIAN_POINT ( 'NONE',  ( 4.041265874999999674, 4.949123318322177694E-16, 32.18750000136559919 ) ) ;
#2378 = VERTEX_POINT ( 'NONE', #3088 ) ;
#2379 =( BOUNDED_CURVE ( )  B_SPLINE_CURVE ( 2, ( #1048, #2892, #1345, #64, #708, #121, #3232, #2596, #1065 ),
 .UNSPECIFIED., .F., .F. ) 
 B_SPLINE_CURVE_WITH_KNOTS ( ( 3, 2, 2, 2, 3 ),
 ( 0.8571428571428570953, 0.8660714285714286031, 0.8750000000000000000, 0.8839285714285712858, 0.8928571428571427937 ),
 .UNSPECIFIED. ) 
 CURVE ( )  GEOMETRIC_REPRESENTATION_ITEM ( )  RATIONAL_B_SPLINE_CURVE ( ( 1.000000000000000000, 0.9238795325112867385, 1.000000000000000000, 0.9238795325112867385, 1.000000000000000000, 0.9238795325112867385, 1.000000000000000000, 0.9238795325112877377, 0.9999999999999990008 ) ) 
 REPRESENTATION_ITEM ( '' )  );
#2380 = CARTESIAN_POINT ( 'NONE',  ( -1.673947134580573870, 4.041265874999999674, 26.37500000136559919 ) ) ;
#2381 = CARTESIAN_POINT ( 'NONE',  ( 7.423684977483266541E-16, -4.041265874999999674, 21.81250000136559564 ) ) ;
#2382 = ADVANCED_FACE ( 'NONE', ( #308 ), #2163, .T. ) ;
#2383 = CARTESIAN_POINT ( 'NONE',  ( 4.041265874999999674, 4.949123318322177694E-16, 22.18750000136559919 ) ) ;
#2384 = CARTESIAN_POINT ( 'NONE',  ( -3.500000000000013323, -1.449747468305821574, 23.31250000273118417 ) ) ;
#2385 = VECTOR ( 'NONE', #774, 1000.000000000000000 ) ;
#2386 = CARTESIAN_POINT ( 'NONE',  ( -2.474561659161088847E-16, 4.041265874999999674, 30.43750000136559919 ) ) ;
#2387 = CARTESIAN_POINT ( 'NONE',  ( -2.143131898507868297E-16, 3.500000000000000000, 33.75000000000000000 ) ) ;
#2388 = CARTESIAN_POINT ( 'NONE',  ( 2.857606504790286550, 2.857606504790286994, 25.18750000136559564 ) ) ;
#2389 = CARTESIAN_POINT ( 'NONE',  ( -4.041265874999998786, -1.673947134580575868, 30.62500000136559919 ) ) ;
#2390 = ORIENTED_EDGE ( 'NONE', *, *, #257, .T. ) ;
#2391 = CARTESIAN_POINT ( 'NONE',  ( 1.449747468305832898, 3.500000000000000000, 33.68750000000000000 ) ) ;
#2392 = CARTESIAN_POINT ( 'NONE',  ( -2.474873734152915894, -2.474873734152917226, 23.12500000000000000 ) ) ;
#2393 = CARTESIAN_POINT ( 'NONE',  ( -4.041265874999999674, 0.000000000000000000, 32.56250000136559919 ) ) ;
#2394 = CARTESIAN_POINT ( 'NONE',  ( -1.449747468305833342, 3.500000000000000444, 24.06250000273118772 ) ) ;
#2395 = VECTOR ( 'NONE', #3770, 1000.000000000000000 ) ;
#2396 = ORIENTED_EDGE ( 'NONE', *, *, #3849, .T. ) ;
#2397 = CARTESIAN_POINT ( 'NONE',  ( -3.500000000000000000, 4.286263797015736595E-16, 20.00000000000000355 ) ) ;
#2398 = EDGE_LOOP ( 'NONE', ( #2190, #3763, #1906, #3452 ) ) ;
#2399 = CARTESIAN_POINT ( 'NONE',  ( -4.041265874999999674, 1.673947134580573648, 27.50000000136559564 ) ) ;
#2400 = DIRECTION ( 'NONE',  ( 0.000000000000000000, -1.000000000000000000, 0.000000000000000000 ) ) ;
#2401 = CARTESIAN_POINT ( 'NONE',  ( -4.041265874999999674, 1.673947134580573648, 24.50000000136559564 ) ) ;
#2402 = CARTESIAN_POINT ( 'NONE',  ( -4.041265874999999674, 1.673947134580573648, 23.62500000136559919 ) ) ;
#2403 = DIRECTION ( 'NONE',  ( -0.000000000000000000, -0.000000000000000000, 1.000000000000000000 ) ) ;
#2404 = CARTESIAN_POINT ( 'NONE',  ( 2.474873734152916338, 2.474873734152916782, 32.62500000000000000 ) ) ;
#2405 = PRODUCT_DEFINITION_FORMATION_WITH_SPECIFIED_SOURCE ( '任何', '', #1813, .NOT_KNOWN. ) ;
#2406 = CARTESIAN_POINT ( 'NONE',  ( -2.857606504790286994, 2.857606504790286994, 26.56250000136559919 ) ) ;
#2407 = CARTESIAN_POINT ( 'NONE',  ( -3.499999999999999556, -1.449747468305835341, 33.06250000000000000 ) ) ;
#2408 = CARTESIAN_POINT ( 'NONE',  ( -2.474561659161088847E-16, 4.041265874999999674, 23.31250000136559564 ) ) ;
#2409 = EDGE_CURVE ( 'NONE', #59, #2108, #104, .T. ) ;
#2410 = CARTESIAN_POINT ( 'NONE',  ( -1.673947134580573648, 4.041265874999999674, 32.37500000136559919 ) ) ;
#2411 = ORIENTED_EDGE ( 'NONE', *, *, #2080, .T. ) ;
#2412 = CARTESIAN_POINT ( 'NONE',  ( -3.500000000000000000, 0.000000000000000000, 27.25000000273119483 ) ) ;
#2413 = CARTESIAN_POINT ( 'NONE',  ( -3.499999999999999556, -1.449747468305835341, 31.06250000000000355 ) ) ;
#2414 = CARTESIAN_POINT ( 'NONE',  ( 2.474873734152916338, 2.474873734152916782, 22.62500000000000355 ) ) ;
#2415 = CARTESIAN_POINT ( 'NONE',  ( -2.100000000000000089, 0.000000000000000000, 0.000000000000000000 ) ) ;
#2416 = CARTESIAN_POINT ( 'NONE',  ( 2.474873734152916338, 2.474873734152916782, 20.87500000273119127 ) ) ;
#2417 = AXIS2_PLACEMENT_3D ( 'NONE', #454, #1300, #2279 ) ;
#2418 = ORIENTED_EDGE ( 'NONE', *, *, #1837, .F. ) ;
#2419 = CARTESIAN_POINT ( 'NONE',  ( -1.956586358165673056, 0.7727704950834829445, 5.004640042452264126 ) ) ;
#2420 = ORIENTED_EDGE ( 'NONE', *, *, #1699, .T. ) ;
#2421 = CARTESIAN_POINT ( 'NONE',  ( -2.474561659161088847E-16, 4.041265874999999674, 20.31250000136559919 ) ) ;
#2422 = PLANE ( 'NONE',  #2662 ) ;
#2423 = CARTESIAN_POINT ( 'NONE',  ( -2.857606504790286106, -2.857606504790286994, 21.68750000136559564 ) ) ;
#2424 = CARTESIAN_POINT ( 'NONE',  ( -0.1670153239434264136, 2.836811590500856628, 14.75000000000000000 ) ) ;
#2425 = DIRECTION ( 'NONE',  ( 0.000000000000000000, 0.000000000000000000, -1.000000000000000000 ) ) ;
#2426 = CARTESIAN_POINT ( 'NONE',  ( 1.673947134580573426, 4.041265874999999674, 27.37500000136559919 ) ) ;
#2427 = CARTESIAN_POINT ( 'NONE',  ( 1.449747468305834897, -3.499999999999999112, 28.56250000273119127 ) ) ;
#2428 = CARTESIAN_POINT ( 'NONE',  ( 4.041265875000000563, -1.673947134580572538, 25.00000000136559564 ) ) ;
#2429 = CARTESIAN_POINT ( 'NONE',  ( -2.857606504790286106, -2.857606504790286994, 24.81250000136559564 ) ) ;
#2430 = CARTESIAN_POINT ( 'NONE',  ( -2.857606504790286994, 2.857606504790286994, 32.43750000136559919 ) ) ;
#2431 = VERTEX_POINT ( 'NONE', #3239 ) ;
#2432 = EDGE_CURVE ( 'NONE', #369, #2099, #2623, .T. ) ;
#2433 = CARTESIAN_POINT ( 'NONE',  ( -4.041265874999999674, 0.000000000000000000, 33.56250000136559919 ) ) ;
#2434 = CARTESIAN_POINT ( 'NONE',  ( -3.500000000000000444, 1.449747468305833120, 32.93750000000000000 ) ) ;
#2435 = CARTESIAN_POINT ( 'NONE',  ( 3.500000000000000000, 4.286263797015736595E-16, 22.50000000000000355 ) ) ;
#2436 = CARTESIAN_POINT ( 'NONE',  ( -2.857606504790286106, -2.857606504790286994, 30.68750000136559919 ) ) ;
#2437 = CARTESIAN_POINT ( 'NONE',  ( -2.474873734152916782, 2.474873734152916782, 21.12500000273119127 ) ) ;
#2438 = ORIENTED_EDGE ( 'NONE', *, *, #2363, .F. ) ;
#2439 = CARTESIAN_POINT ( 'NONE',  ( 7.423684977483266541E-16, -4.041265874999999674, 32.93750000136559919 ) ) ;
#2440 = VERTEX_POINT ( 'NONE', #1353 ) ;
#2441 = EDGE_CURVE ( 'NONE', #2108, #3677, #1035, .T. ) ;
#2442 = CARTESIAN_POINT ( 'NONE',  ( -1.673947134580573870, 4.041265874999999674, 21.37500000136560274 ) ) ;
#2443 = CARTESIAN_POINT ( 'NONE',  ( 0.7681220519353006981, 5.951770555479772185, 6.999519475157878645 ) ) ;
#2444 = CARTESIAN_POINT ( 'NONE',  ( -2.474873734152915894, -2.474873734152917226, 32.37500000273119127 ) ) ;
#2445 = EDGE_CURVE ( 'NONE', #589, #2029, #2934, .T. ) ;
#2446 = CARTESIAN_POINT ( 'NONE',  ( -2.474561659161088847E-16, 4.041265874999999674, 32.31250000136559919 ) ) ;
#2447 = CARTESIAN_POINT ( 'NONE',  ( -0.6323141787866427554, 2.902607874067270277, 17.09063191864153808 ) ) ;
#2448 = CARTESIAN_POINT ( 'NONE',  ( -2.474873734152916782, 2.474873734152916782, 28.87500000000000000 ) ) ;
#2449 = CARTESIAN_POINT ( 'NONE',  ( -1.215162229938042238, 1.714375225747181597, 6.335178876804119952 ) ) ;
#2450 = CARTESIAN_POINT ( 'NONE',  ( -4.041265874999999674, 0.000000000000000000, 28.68750000136559564 ) ) ;
#2451 = CARTESIAN_POINT ( 'NONE',  ( 7.423684977483266541E-16, -4.041265874999999674, 26.81250000136559919 ) ) ;
#2452 = CARTESIAN_POINT ( 'NONE',  ( -1.673947134580573870, 4.041265874999999674, 27.50000000136559564 ) ) ;
#2453 = CARTESIAN_POINT ( 'NONE',  ( 7.423684977483266541E-16, -4.041265874999999674, 29.81250000136559564 ) ) ;
#2454 = VERTEX_POINT ( 'NONE', #163 ) ;
#2455 = CARTESIAN_POINT ( 'NONE',  ( -1.186126370351687553, 5.881677493222346342, 6.402913886768642371 ) ) ;
#2456 = CARTESIAN_POINT ( 'NONE',  ( -1.449747468305833342, 3.500000000000000444, 30.81250000000000355 ) ) ;
#2457 = CARTESIAN_POINT ( 'NONE',  ( 2.474873734152917226, -2.474873734152916338, 22.37500000000000355 ) ) ;
#2458 = CARTESIAN_POINT ( 'NONE',  ( -4.041265874999999674, 1.673947134580573648, 31.50000000136559564 ) ) ;
#2459 = CARTESIAN_POINT ( 'NONE',  ( 3.500000000000000444, 1.449747468305833342, 19.81250000273119483 ) ) ;
#2460 = ORIENTED_EDGE ( 'NONE', *, *, #3116, .T. ) ;
#2461 = CARTESIAN_POINT ( 'NONE',  ( 7.423684977483266541E-16, -4.041265874999999674, 30.93750000136559919 ) ) ;
#2462 = ORIENTED_EDGE ( 'NONE', *, *, #1122, .F. ) ;
#2463 = AXIS2_PLACEMENT_3D ( 'NONE', #3192, #2942, #1010 ) ;
#2464 = CARTESIAN_POINT ( 'NONE',  ( 1.673947134580573426, 4.041265874999999674, 21.25000000136559564 ) ) ;
#2465 = AXIS2_PLACEMENT_3D ( 'NONE', #982, #1042, #743 ) ;
#2466 = CARTESIAN_POINT ( 'NONE',  ( 1.217298626417388174, 5.875563839680872924, 5.672298323937841502 ) ) ;
#2467 = CARTESIAN_POINT ( 'NONE',  ( 1.449747468305832898, 3.500000000000000444, 31.93750000273119127 ) ) ;
#2468 = CARTESIAN_POINT ( 'NONE',  ( -4.041265874999999674, 1.673947134580573648, 21.62500000136560274 ) ) ;
#2469 = EDGE_CURVE ( 'NONE', #3071, #1156, #3848, .T. ) ;
#2470 = CARTESIAN_POINT ( 'NONE',  ( 0.000000000000000000, 0.000000000000000000, 20.00000000000000355 ) ) ;
#2471 = CARTESIAN_POINT ( 'NONE',  ( 3.506768366839762674, -2.025757027114123421, 20.00000000000001066 ) ) ;
#2472 = CARTESIAN_POINT ( 'NONE',  ( 7.423684977483266541E-16, -4.041265874999999674, 29.93750000136559919 ) ) ;
#2473 = CARTESIAN_POINT ( 'NONE',  ( 0.000000000000000000, 6.000000000000000888, 14.75000000000000000 ) ) ;
#2474 = CARTESIAN_POINT ( 'NONE',  ( 4.041265874999999674, 4.949123318322177694E-16, 28.18750000136559919 ) ) ;
#2475 = CARTESIAN_POINT ( 'NONE',  ( 7.423684977483266541E-16, -4.041265874999999674, 28.81250000136559564 ) ) ;
#2476 = ORIENTED_EDGE ( 'NONE', *, *, #2345, .F. ) ;
#2477 = ORIENTED_EDGE ( 'NONE', *, *, #3849, .F. ) ;
#2478 = CARTESIAN_POINT ( 'NONE',  ( -2.143131898507868297E-16, 3.500000000000000000, 29.75000000000000355 ) ) ;
#2479 = CARTESIAN_POINT ( 'NONE',  ( 2.474873734152917226, -2.474873734152916338, 21.37500000000000000 ) ) ;
#2480 = CARTESIAN_POINT ( 'NONE',  ( 2.857606504790286994, -2.857606504790286550, 32.93750000136559919 ) ) ;
#2481 = CARTESIAN_POINT ( 'NONE',  ( 3.500000000000000000, 4.286263797015736595E-16, 20.75000000273119127 ) ) ;
#2482 = CARTESIAN_POINT ( 'NONE',  ( 3.500000000000000000, 4.286263797015736595E-16, 31.75000000273119127 ) ) ;
#2483 = ORIENTED_EDGE ( 'NONE', *, *, #2675, .F. ) ;
#2484 = CARTESIAN_POINT ( 'NONE',  ( 4.041265874999999674, 1.673947134580573648, 29.25000000136559564 ) ) ;
#2485 = ORIENTED_EDGE ( 'NONE', *, *, #3881, .F. ) ;
#2486 = APPROVAL ( #1294, '未指定' ) ;
#2487 = CARTESIAN_POINT ( 'NONE',  ( -4.041265874999999674, 1.673947134580573648, 25.62500000136559564 ) ) ;
#2488 = CARTESIAN_POINT ( 'NONE',  ( -4.041265874999999674, 0.000000000000000000, 21.56250000136559564 ) ) ;
#2489 = FACE_OUTER_BOUND ( 'NONE', #2398, .T. ) ;
#2490 = CARTESIAN_POINT ( 'NONE',  ( -2.474873734152915894, -2.474873734152917226, 31.37500000273119127 ) ) ;
#2491 = ORIENTED_EDGE ( 'NONE', *, *, #2697, .F. ) ;
#2492 = CARTESIAN_POINT ( 'NONE',  ( 1.673947134580573426, 4.041265874999999674, 20.37500000136560629 ) ) ;
#2493 =( BOUNDED_CURVE ( )  B_SPLINE_CURVE ( 2, ( #3274, #1143, #488, #164, #469, #3651, #1733, #2384, #520 ),
 .UNSPECIFIED., .F., .F. ) 
 B_SPLINE_CURVE_WITH_KNOTS ( ( 3, 2, 2, 2, 3 ),
 ( 0.6785714285714287142, 0.6875000000000001110, 0.6964285714285715079, 0.7053571428571430157, 0.7142857142857144126 ),
 .UNSPECIFIED. ) 
 CURVE ( )  GEOMETRIC_REPRESENTATION_ITEM ( )  RATIONAL_B_SPLINE_CURVE ( ( 0.9999999999999990008, 0.9238795325112877377, 1.000000000000000000, 0.9238795325112867385, 1.000000000000000000, 0.9238795325112867385, 1.000000000000000000, 0.9238795325112857393, 1.000000000000000888 ) ) 
 REPRESENTATION_ITEM ( '' )  );
#2494 = CALENDAR_DATE ( 2023, 13, 3 ) ;
#2495 = CARTESIAN_POINT ( 'NONE',  ( 6.429395695523603167E-16, -3.500000000000000000, 31.50000000273119127 ) ) ;
#2496 = CARTESIAN_POINT ( 'NONE',  ( -1.673947134580574092, -4.041265874999998786, 27.87500000136559919 ) ) ;
#2497 = CARTESIAN_POINT ( 'NONE',  ( -2.474561659161088847E-16, 4.041265874999999674, 21.31250000136559564 ) ) ;
#2498 = CARTESIAN_POINT ( 'NONE',  ( 4.041265874999999674, 4.949123318322177694E-16, 27.18750000136559919 ) ) ;
#2499 = CARTESIAN_POINT ( 'NONE',  ( -4.041265874999998786, -1.673947134580575868, 29.62500000136559564 ) ) ;
#2500 = DIRECTION ( 'NONE',  ( 1.000000000000000000, 0.000000000000000000, 0.000000000000000000 ) ) ;
#2501 = CARTESIAN_POINT ( 'NONE',  ( -2.474873734152915894, -2.474873734152917226, 32.37500000273119127 ) ) ;
#2502 = CARTESIAN_POINT ( 'NONE',  ( 3.500000000000000000, 4.286263797015736595E-16, 27.75000000273119483 ) ) ;
#2503 = CARTESIAN_POINT ( 'NONE',  ( 1.449747468305832898, 3.500000000000000444, 31.68750000000000000 ) ) ;
#2504 = CARTESIAN_POINT ( 'NONE',  ( 4.041265875000001451, -1.673947134580572538, 33.12500000136559208 ) ) ;
#2505 = CARTESIAN_POINT ( 'NONE',  ( -4.041265874999998786, -1.673947134580575868, 29.62500000136559564 ) ) ;
#2506 = CARTESIAN_POINT ( 'NONE',  ( 2.474873734152916338, 2.474873734152916782, 22.87500000273119127 ) ) ;
#2507 = CARTESIAN_POINT ( 'NONE',  ( -5.693684122649932178, -1.900528746340952591, 18.45725023469204729 ) ) ;
#2508 = VERTEX_POINT ( 'NONE', #2899 ) ;
#2509 = CARTESIAN_POINT ( 'NONE',  ( -4.041265874999999674, 0.000000000000000000, 29.68750000136559564 ) ) ;
#2510 = ORIENTED_EDGE ( 'NONE', *, *, #3987, .F. ) ;
#2511 = CARTESIAN_POINT ( 'NONE',  ( -2.857606504790286106, -2.857606504790286994, 24.81250000136559564 ) ) ;
#2512 = CARTESIAN_POINT ( 'NONE',  ( 4.041265874999999674, 1.673947134580573870, 20.12500000136560274 ) ) ;
#2513 = DIRECTION ( 'NONE',  ( 0.000000000000000000, 0.000000000000000000, -1.000000000000000000 ) ) ;
#2514 = CARTESIAN_POINT ( 'NONE',  ( -1.673947134580574092, -4.041265874999998786, 20.75000000136559564 ) ) ;
#2515 = ORIENTED_EDGE ( 'NONE', *, *, #1425, .F. ) ;
#2516 = CARTESIAN_POINT ( 'NONE',  ( -4.041265874999999674, 1.673947134580573648, 20.62500000136560274 ) ) ;
#2517 = ADVANCED_FACE ( 'NONE', ( #435 ), #1089, .F. ) ;
#2518 = CARTESIAN_POINT ( 'NONE',  ( 1.528722718240420924E-16, 2.836811590500855740, 17.25000000000000000 ) ) ;
#2519 =( BOUNDED_CURVE ( )  B_SPLINE_CURVE ( 2, ( #723, #3168, #2903, #1339, #384, #1023, #1956, #685, #2885 ),
 .UNSPECIFIED., .F., .F. ) 
 B_SPLINE_CURVE_WITH_KNOTS ( ( 3, 2, 2, 2, 3 ),
 ( 0.1071428571428572341, 0.1160714285714286864, 0.1250000000000001110, 0.1339285714285715634, 0.1428571428571429880 ),
 .UNSPECIFIED. ) 
 CURVE ( )  GEOMETRIC_REPRESENTATION_ITEM ( )  RATIONAL_B_SPLINE_CURVE ( ( 0.9999999999999992228, 0.9238795325112875156, 1.000000000000000000, 0.9238795325112867385, 1.000000000000000000, 0.9238795325112867385, 1.000000000000000000, 0.9238795325112855172, 1.000000000000001110 ) ) 
 REPRESENTATION_ITEM ( '' )  );
#2520 = DIRECTION ( 'NONE',  ( -0.000000000000000000, -0.000000000000000000, 1.000000000000000000 ) ) ;
#2521 = CARTESIAN_POINT ( 'NONE',  ( 4.041265874999999674, 1.673947134580573870, 25.25000000136559564 ) ) ;
#2522 = CARTESIAN_POINT ( 'NONE',  ( -4.041265874999999674, 0.000000000000000000, 29.56250000136559564 ) ) ;
#2523 = CARTESIAN_POINT ( 'NONE',  ( -6.000000000000000888, 0.000000000000000000, 34.00000000000000000 ) ) ;
#2524 = VERTEX_POINT ( 'NONE', #2275 ) ;
#2525 = ORIENTED_EDGE ( 'NONE', *, *, #801, .F. ) ;
#2526 = CYLINDRICAL_SURFACE ( 'NONE', #483, 3.500000000000000000 ) ;
#2527 = CARTESIAN_POINT ( 'NONE',  ( 1.673947134580575424, -4.041265874999998786, 31.00000000136559564 ) ) ;
#2528 = CARTESIAN_POINT ( 'NONE',  ( -3.499999999999985789, -1.449747468305849107, 26.31250000273119483 ) ) ;
#2529 = FACE_OUTER_BOUND ( 'NONE', #75, .T. ) ;
#2530 = EDGE_CURVE ( 'NONE', #3092, #47, #2822, .T. ) ;
#2531 = VERTEX_POINT ( 'NONE', #3544 ) ;
#2532 = CARTESIAN_POINT ( 'NONE',  ( -1.673947134580574092, -4.041265874999998786, 28.87500000136559564 ) ) ;
#2533 = ORIENTED_EDGE ( 'NONE', *, *, #716, .T. ) ;
#2534 = CARTESIAN_POINT ( 'NONE',  ( -4.041265874999999674, 0.000000000000000000, 22.68750000136559919 ) ) ;
#2535 = CARTESIAN_POINT ( 'NONE',  ( -3.499999999999999112, -1.449747468305835341, 29.31250000273119127 ) ) ;
#2536 = CARTESIAN_POINT ( 'NONE',  ( 1.449747468305834897, -3.499999999999999112, 21.31250000000000000 ) ) ;
#2537 = CARTESIAN_POINT ( 'NONE',  ( 4.041265875000001451, -1.673947134580572538, 21.00000000136559564 ) ) ;
#2538 = ORIENTED_EDGE ( 'NONE', *, *, #2779, .T. ) ;
#2539 = CARTESIAN_POINT ( 'NONE',  ( -1.673947134580573870, 4.041265874999999674, 33.37500000136559919 ) ) ;
#2540 = CARTESIAN_POINT ( 'NONE',  ( 0.000000000000000000, 0.000000000000000000, 20.00000000000000355 ) ) ;
#2541 = CARTESIAN_POINT ( 'NONE',  ( -3.500000000000013323, -1.449747468305821574, 24.06250000000000355 ) ) ;
#2542 = CARTESIAN_POINT ( 'NONE',  ( 1.673947134580573204, 4.041265874999999674, 22.25000000136559919 ) ) ;
#2543 = CARTESIAN_POINT ( 'NONE',  ( 2.857606504790286550, 2.857606504790286994, 24.31250000136559564 ) ) ;
#2544 = CARTESIAN_POINT ( 'NONE',  ( -3.500000000000000000, 0.000000000000000000, 22.00000000000000355 ) ) ;
#2545 = CARTESIAN_POINT ( 'NONE',  ( 0.000000000000000000, 0.000000000000000000, 20.00000000000000355 ) ) ;
#2546 = ADVANCED_FACE ( 'NONE', ( #1374, #1245 ), #2422, .F. ) ;
#2547 = CARTESIAN_POINT ( 'NONE',  ( 1.449747468305834897, -3.499999999999999112, 23.31249999999999645 ) ) ;
#2548 = CARTESIAN_POINT ( 'NONE',  ( -1.449747468305833342, 3.500000000000000444, 20.81250000000000355 ) ) ;
#2549 = CARTESIAN_POINT ( 'NONE',  ( -3.500000000000000000, 0.000000000000000000, 26.25000000273119127 ) ) ;
#2550 = CARTESIAN_POINT ( 'NONE',  ( -5.916495409047759502, -1.015507678686291548, 18.93591700870164729 ) ) ;
#2551 = CARTESIAN_POINT ( 'NONE',  ( 7.423684977483266541E-16, -4.041265874999999674, 28.93750000136559564 ) ) ;
#2552 = ORIENTED_EDGE ( 'NONE', *, *, #1605, .F. ) ;
#2553 =( GEOMETRIC_REPRESENTATION_CONTEXT ( 3 ) GLOBAL_UNCERTAINTY_ASSIGNED_CONTEXT ( ( #3879 ) ) GLOBAL_UNIT_ASSIGNED_CONTEXT ( ( #3135, #3462, #1947 ) ) REPRESENTATION_CONTEXT ( 'NONE', 'WORKASPACE' ) );
#2554 = CARTESIAN_POINT ( 'NONE',  ( 1.449747468305834897, -3.499999999999999112, 30.56250000273119483 ) ) ;
#2555 = CARTESIAN_POINT ( 'NONE',  ( -3.499999999999985789, -1.449747468305849107, 25.06250000000000000 ) ) ;
#2556 = DIRECTION ( 'NONE',  ( 0.000000000000000000, 0.000000000000000000, -1.000000000000000000 ) ) ;
#2557 = CARTESIAN_POINT ( 'NONE',  ( 2.474873734152917226, -2.474873734152916338, 28.62500000273119127 ) ) ;
#2558 = CARTESIAN_POINT ( 'NONE',  ( 1.673947134580575424, -4.041265874999998786, 28.87500000136559564 ) ) ;
#2559 = CARTESIAN_POINT ( 'NONE',  ( 1.449747468305834674, -3.499999999999999556, 28.31250000000000711 ) ) ;
#2560 = CARTESIAN_POINT ( 'NONE',  ( 1.673947134580573426, 4.041265874999999674, 27.25000000136559919 ) ) ;
#2561 = DATE_AND_TIME ( #395, #1698 ) ;
#2562 = CARTESIAN_POINT ( 'NONE',  ( -1.449747468305833786, -3.499999999999999556, 24.18750000000000355 ) ) ;
#2563 = CARTESIAN_POINT ( 'NONE',  ( 4.041265874999999674, -0.8038577799683785940, 20.03248644226917463 ) ) ;
#2564 = VECTOR ( 'NONE', #2952, 1000.000000000000000 ) ;
#2565 = CARTESIAN_POINT ( 'NONE',  ( -1.673947134580574092, -4.041265874999998786, 23.87500000136559564 ) ) ;
#2566 = DIRECTION ( 'NONE',  ( -0.000000000000000000, -0.000000000000000000, 1.000000000000000000 ) ) ;
#2567 = CC_DESIGN_PERSON_AND_ORGANIZATION_ASSIGNMENT ( #3791, #25, ( #2007 ) ) ;
#2568 = B_SPLINE_CURVE_WITH_KNOTS ( 'NONE', 3,
 ( #3755, #341, #1285, #3730, #2828, #38, #1261, #960, #2197, #3451, #1897, #666, #3147, #2871, #366, #1595, #688, #1615, #3171, #2852 ),
 .UNSPECIFIED., .F., .F.,
 ( 4, 2, 2, 2, 2, 2, 2, 2, 2, 4 ),
 ( 0.000000000000000000, 0.0002505250081492355497, 0.0005010500162984710994, 0.001002100032596941331, 0.001503150048895411347, 0.002004200065193881362, 0.002505250081492351160, 0.003006300097790821392, 0.003507350114089291190, 0.004008400130387760989 ),
 .UNSPECIFIED. ) ;
#2569 = CARTESIAN_POINT ( 'NONE',  ( -2.474873734152916782, 2.474873734152916782, 26.12500000273119127 ) ) ;
#2570 = CARTESIAN_POINT ( 'NONE',  ( 6.429395695523603167E-16, -3.500000000000000000, 31.25000000000000000 ) ) ;
#2571 = CARTESIAN_POINT ( 'NONE',  ( -1.673947134580574092, -4.041265874999998786, 31.87500000136559208 ) ) ;
#2572 = CARTESIAN_POINT ( 'NONE',  ( 2.474873734152917226, -2.474873734152916338, 25.62500000273119127 ) ) ;
#2573 = CARTESIAN_POINT ( 'NONE',  ( -5.639654820975128935, -2.053580172395077952, 18.33078641601652592 ) ) ;
#2574 = EDGE_CURVE ( 'NONE', #2709, #1178, #3106, .T. ) ;
#2575 = CARTESIAN_POINT ( 'NONE',  ( -4.041265874999999674, 1.673947134580573426, 27.62500000136559919 ) ) ;
#2576 = CARTESIAN_POINT ( 'NONE',  ( 0.000000000000000000, 0.000000000000000000, 34.00000000000000000 ) ) ;
#2577 = CARTESIAN_POINT ( 'NONE',  ( -3.500000000000000000, 0.000000000000000000, 29.25000000273119127 ) ) ;
#2578 = CARTESIAN_POINT ( 'NONE',  ( -2.474873734152915894, -2.474873734152917226, 21.12500000000000000 ) ) ;
#2579 = CARTESIAN_POINT ( 'NONE',  ( 3.500000000000000000, 4.286263797015736595E-16, 28.75000000273119127 ) ) ;
#2580 = EDGE_CURVE ( 'NONE', #205, #3314, #3434, .T. ) ;
#2581 = CARTESIAN_POINT ( 'NONE',  ( -1.673947134580574092, -4.041265874999998786, 25.87500000136559564 ) ) ;
#2582 = CARTESIAN_POINT ( 'NONE',  ( 2.857606504790286550, 2.857606504790286994, 30.18750000136559919 ) ) ;
#2583 = CARTESIAN_POINT ( 'NONE',  ( 2.474873734152916338, 2.474873734152916782, 27.62500000000000355 ) ) ;
#2584 = CARTESIAN_POINT ( 'NONE',  ( -4.041265874999998786, -1.673947134580575868, 28.62500000136559919 ) ) ;
#2585 = ADVANCED_FACE ( 'NONE', ( #576 ), #2835, .F. ) ;
#2586 = CARTESIAN_POINT ( 'NONE',  ( -0.9999280223985107519, 5.917257064483839812, 16.76786352510259093 ) ) ;
#2587 = CARTESIAN_POINT ( 'NONE',  ( 2.857606504790286994, -2.857606504790286550, 23.06250000136559564 ) ) ;
#2588 = DIRECTION ( 'NONE',  ( -0.000000000000000000, -0.000000000000000000, 1.000000000000000000 ) ) ;
#2589 = CYLINDRICAL_SURFACE ( 'NONE', #157, 3.500000000000000000 ) ;
#2590 = CARTESIAN_POINT ( 'NONE',  ( 3.500000000000000000, 4.286263797015736595E-16, 29.50000000000000355 ) ) ;
#2591 = CARTESIAN_POINT ( 'NONE',  ( 1.673947134580573426, 4.041265874999999674, 33.37500000136559919 ) ) ;
#2592 = FACE_OUTER_BOUND ( 'NONE', #3323, .T. ) ;
#2593 = DIRECTION ( 'NONE',  ( 1.000000000000000000, 0.000000000000000000, 0.000000000000000000 ) ) ;
#2594 = CARTESIAN_POINT ( 'NONE',  ( 4.041265874999999674, 1.673947134580573648, 26.25000000136559919 ) ) ;
#2595 = CARTESIAN_POINT ( 'NONE',  ( 2.857606504790286550, 2.857606504790286994, 20.31250000136559919 ) ) ;
#2596 = CARTESIAN_POINT ( 'NONE',  ( 3.499999999999985789, 1.449747468305847109, 21.56250000000000711 ) ) ;
#2597 = CARTESIAN_POINT ( 'NONE',  ( -2.474873734152916782, 2.474873734152916782, 31.12500000273119127 ) ) ;
#2598 = CARTESIAN_POINT ( 'NONE',  ( 3.500000000000001332, -1.449747468305832010, 29.68750000273119483 ) ) ;
#2599 = CARTESIAN_POINT ( 'NONE',  ( -4.041265874999998786, -1.673947134580575868, 24.75000000136559564 ) ) ;
#2600 = CARTESIAN_POINT ( 'NONE',  ( -2.857606504790286994, 2.857606504790286994, 31.43750000136559564 ) ) ;
#2601 = CARTESIAN_POINT ( 'NONE',  ( 7.423684977483266541E-16, -4.041265874999999674, 28.81250000136559564 ) ) ;
#2602 = PERSON_AND_ORGANIZATION_ROLE ( 'creator' ) ;
#2603 = VECTOR ( 'NONE', #3862, 1000.000000000000000 ) ;
#2604 = EDGE_CURVE ( 'NONE', #1802, #1705, #1689, .T. ) ;
#2605 = AXIS2_PLACEMENT_3D ( 'NONE', #3060, #276, #2513 ) ;
#2606 = CARTESIAN_POINT ( 'NONE',  ( 0.1695051411479165382, 2.094741266835975946, 4.758782284767947957 ) ) ;
#2607 = CARTESIAN_POINT ( 'NONE',  ( 2.857606504790286550, 2.857606504790286994, 23.31250000136559564 ) ) ;
#2608 = CARTESIAN_POINT ( 'NONE',  ( -3.500000000000013767, 1.449747468305818909, 24.93750000000000711 ) ) ;
#2609 = CARTESIAN_POINT ( 'NONE',  ( 0.000000000000000000, 0.000000000000000000, 20.00000000000000355 ) ) ;
#2610 = CARTESIAN_POINT ( 'NONE',  ( 2.082824342650789529, 3.033972530002193135, 20.00000000000002132 ) ) ;
#2611 = CARTESIAN_POINT ( 'NONE',  ( -1.673947134580573870, 4.041265874999999674, 29.50000000136559564 ) ) ;
#2612 = CARTESIAN_POINT ( 'NONE',  ( 3.500000000000001332, -1.449747468305832454, 22.43750000000000711 ) ) ;
#2613 = CARTESIAN_POINT ( 'NONE',  ( 3.500000000000000000, 4.286263797015736595E-16, 23.50000000000000000 ) ) ;
#2614 = CARTESIAN_POINT ( 'NONE',  ( -1.673947134580573648, 4.041265874999999674, 27.50000000136559919 ) ) ;
#2615 = LINE ( 'NONE', #2303, #837 ) ;
#2616 = CARTESIAN_POINT ( 'NONE',  ( -2.143131898507868297E-16, 3.500000000000000000, 31.75000000000000000 ) ) ;
#2617 = CARTESIAN_POINT ( 'NONE',  ( -5.951848298472883769, 0.7676516456877624517, 7.000090692904213263 ) ) ;
#2618 = CARTESIAN_POINT ( 'NONE',  ( 2.474873734152917226, -2.474873734152916338, 30.62500000273119483 ) ) ;
#2619 = CARTESIAN_POINT ( 'NONE',  ( 2.857606504790286550, 2.857606504790286994, 24.31250000136559564 ) ) ;
#2620 = CARTESIAN_POINT ( 'NONE',  ( -2.474561659161088847E-16, 4.041265874999999674, 30.31250000136559919 ) ) ;
#2621 = CARTESIAN_POINT ( 'NONE',  ( -2.857606504790286994, 2.857606504790286994, 26.43750000136559919 ) ) ;
#2622 = PERSON_AND_ORGANIZATION_ROLE ( 'classification_officer' ) ;
#2623 = LINE ( 'NONE', #451, #1551 ) ;
#2624 = CARTESIAN_POINT ( 'NONE',  ( 2.857606504790286994, -2.857606504790286550, 22.06250000136559564 ) ) ;
#2625 = CARTESIAN_POINT ( 'NONE',  ( 1.091125582612483935, 5.900303112435467234, 16.63161642377193417 ) ) ;
#2626 = B_SPLINE_CURVE_WITH_KNOTS ( 'NONE', 3,
 ( #1528, #2136, #3391, #2447, #3982, #603, #2735, #3691, #2785, #3084, #1202, #900, #3670, #1835, #1484, #3370, #1507, #2762, #2424, #4003 ),
 .UNSPECIFIED., .F., .F.,
 ( 4, 2, 2, 2, 2, 2, 2, 2, 2, 4 ),
 ( 0.003950376061400757977, 0.004443839271146536422, 0.004937302480892314868, 0.005430765690638093314, 0.005677497295510982103, 0.005924228900383871760, 0.006417692110129650206, 0.006911155319875433856, 0.007404618529621216638, 0.007898081739366999421 ),
 .UNSPECIFIED. ) ;
#2627 = DIRECTION ( 'NONE',  ( -0.000000000000000000, -0.000000000000000000, 1.000000000000000000 ) ) ;
#2628 = CARTESIAN_POINT ( 'NONE',  ( 6.335262163001002996E-08, 3.499999999999999556, 20.00000000000000355 ) ) ;
#2629 = CARTESIAN_POINT ( 'NONE',  ( 7.423684977483266541E-16, -4.041265874999999674, 28.93750000136559564 ) ) ;
#2630 = DIRECTION ( 'NONE',  ( -0.000000000000000000, -0.000000000000000000, 1.000000000000000000 ) ) ;
#2631 = CARTESIAN_POINT ( 'NONE',  ( 3.499999999999985789, 1.449747468305847109, 27.56250000000000711 ) ) ;
#2632 =( BOUNDED_SURFACE ( )  B_SPLINE_SURFACE ( 1, 2, ( 
 ( #2740, #1774, #1147, #3947, #2387, #1793, #843, #3985, #3027, #1468, #3047, #1184, #263, #2075, #3966, #2407, #268, #2434, #1473, #2725, #3971, #3094, #3032, #1257, #4013, #292, #1821, #3703, #1515, #637, #3379, #3423, #3679, #3660, #2123, #3401, #868, #2503, #2101, #2772, #889, #1494, #2747, #3073, #1212, #566, #2168, #2413, #337, #2146, #3358, #2456, #1234, #613, #1171, #591, #850, #10, #1798, #314, #1190, #911, #3052, #3992, #1848, #1538, #2794, #2081, #2478, #3726, #1870, #247, #932, #548, #3119, #1566, #2824, #34, #3339, #1779, #811, #2650, #209, #1097, #795, #3902, #2251, #2271, #3585, #1419, #1134, #2559, #2963, #2373, #509, #2338, #412, #2997, #2669, #1710, #187, #2879, #2583, #2060, #713, #1437, #3934, #3198, #2355, #1641, #1313, #1624, #829, #172, #3602, #495, #1945, #2896, #2010, #1726, #2026, #2687, #107, #3282, #1032, #3264, #3503, #1332, #3830, #3918, #3811, #3320, #2978, #1114, #2042, #3300, #1741, #3619, #1402, #87, #478, #3525, #1016, #777, #549, #2169, #1781, #3993, #2102, #1173, #3972, #1497, #1191, #248, #1849, #2082, #11, #1823, #3340, #890, #912, #293, #3641, #1799, #530, #3704, #1153, #4014, #869, #567, #3033, #1474, #851, #2124, #2392, #1762, #2726, #1213, #3095, #2706, #3359, #228, #2414, #3380, #2435, #592, #2457, #3053, #3661, #1454, #3074, #2773, #3680, #3952, #1516, #2147, #269, #3402, #2748, #614, #315, #1539, #2479, #2795, #1235, #3727, #933, #3015, #2825, #3513, #2904, #2548, #1041, #1302, #3839, #3819, #1936, #664, #724, #958, #402, #1340, #3207, #704, #3187 ),
 ( #2194, #96, #3449, #3120, #3424, #2591, #686, #1322, #2242, #2504, #3753, #3775, #3493, #2869, #420, #1895, #3798, #2850, #981, #35, #1258, #3145, #1632, #1567, #638, #1005, #78, #385, #2886, #2571, #1651, #1918, #1957, #2219, #364, #3169, #1024, #1593, #1871, #56, #2260, #3472, #1283, #2527, #1613, #115, #338, #773, #1668, #3261, #149, #2920, #1685, #2317, #1380, #3227, #3549, #2958, #1076, #1974, #3877, #1061, #2299, #131, #1358, #440, #2939, #2611, #2280, #3858, #3564, #2005, #758, #1990, #742, #3244, #2629, #473, #1706, #3533, #456, #3722, #907, #587, #3113, #1911, #1533, #2142, #2474, #29, #928, #2767, #3465, #1207, #632, #952, #3161, #4008, #1560, #2452, #2187, #1252, #1511, #4, #2498, #3697, #379, #3397, #2164, #309, #608, #1842, #3419, #1866, #3089, #52, #286, #2211, #3744, #2790, #330, #3139, #3442, #1817, #1230, #2742, #1887, #3374, #657, #2817, #358, #1587, #2844, #3069, #1276, #2521, #3988, #3768, #975, #679, #885, #1186, #2429, #3675, #2119, #3528, #1971, #1952, #2311, #1354, #2543, #3222, #3854, #1036, #3794, #1664, #127, #2565, #2276, #2883, #3816, #2935, #417, #3560, #1375, #769, #2607, #1056, #1072, #754, #2587, #145, #738, #436, #3835, #2238, #2256, #2916, #2295, #2001, #999, #2900, #3258, #452, #3545, #398, #2624, #1986, #1647, #3240, #2864, #3509, #1680, #3872, #1608, #72, #3183, #1297, #1628, #3489, #699, #1932, #111, #91, #1318, #1020, #719, #3203, #1336, #3925, #1465, #3576, #3610, #3910, #2034, #1090, #2330, #787, #2698, #2642, #860, #818, #1123, #1429, #3308 ) ),
 .UNSPECIFIED., .F., .F., .F. ) 
 B_SPLINE_SURFACE_WITH_KNOTS ( ( 2, 2 ),
 ( 3, 2, 2, 2, 2, 2, 2, 2, 2, 2, 2, 2, 2, 2, 2, 2, 2, 2, 2, 2, 2, 2, 2, 2, 2, 2, 2, 2, 2, 2, 2, 2, 2, 2, 2, 2, 2, 2, 2, 2, 2, 2, 2, 2, 2, 2, 2, 2, 2, 2, 2, 2, 2, 2, 2, 2, 2, 2, 2, 2, 2, 2, 2, 2, 2, 2, 2, 2, 2, 2, 2, 2, 2, 2, 2, 2, 2, 2, 2, 2, 2, 2, 2, 2, 2, 2, 2, 2, 2, 2, 2, 2, 2, 2, 2, 2, 2, 2, 2, 2, 2, 2, 2, 2, 2, 2, 2, 2, 2, 2, 2, 2, 3 ),
 ( 0.000000000000000000, 1.000000000000000000 ),
 ( 0.000000000000000000, 0.008928571428571428076, 0.01785714285714285615, 0.02678571428571428423, 0.03571428571428571230, 0.04464285714285714385, 0.05357142857142856845, 0.06250000000000000000, 0.07142857142857142461, 0.08035714285714286309, 0.08928571428571428770, 0.09821428571428571230, 0.1071428571428571369, 0.1160714285714285754, 0.1250000000000000000, 0.1339285714285714246, 0.1428571428571428492, 0.1517857142857142738, 0.1607142857142857262, 0.1696428571428571508, 0.1785714285714285754, 0.1875000000000000000, 0.1964285714285714246, 0.2053571428571428492, 0.2142857142857142738, 0.2232142857142857262, 0.2321428571428571508, 0.2410714285714285754, 0.2500000000000000000, 0.2589285714285714524, 0.2678571428571428492, 0.2767857142857143016, 0.2857142857142856984, 0.2946428571428571508, 0.3035714285714285476, 0.3125000000000000000, 0.3214285714285714524, 0.3303571428571428492, 0.3392857142857143016, 0.3482142857142856984, 0.3571428571428571508, 0.3660714285714285476, 0.3750000000000000000, 0.3839285714285714524, 0.3928571428571428492, 0.4017857142857143016, 0.4107142857142856984, 0.4196428571428571508, 0.4285714285714285476, 0.4375000000000000000, 0.4464285714285714524, 0.4553571428571428492, 0.4642857142857143016, 0.4732142857142856984, 0.4821428571428571508, 0.4910714285714285476, 0.5000000000000000000, 0.5089285714285713969, 0.5178571428571429047, 0.5267857142857143016, 0.5357142857142856984, 0.5446428571428570953, 0.5535714285714286031, 0.5625000000000000000, 0.5714285714285713969, 0.5803571428571429047, 0.5892857142857143016, 0.5982142857142856984, 0.6071428571428570953, 0.6160714285714286031, 0.6250000000000000000, 0.6339285714285713969, 0.6428571428571429047, 0.6517857142857143016, 0.6607142857142856984, 0.6696428571428570953, 0.6785714285714286031, 0.6875000000000000000, 0.6964285714285713969, 0.7053571428571429047, 0.7142857142857143016, 0.7232142857142856984, 0.7321428571428570953, 0.7410714285714286031, 0.7500000000000000000, 0.7589285714285713969, 0.7678571428571429047, 0.7767857142857143016, 0.7857142857142856984, 0.7946428571428570953, 0.8035714285714286031, 0.8125000000000000000, 0.8214285714285713969, 0.8303571428571429047, 0.8392857142857143016, 0.8482142857142856984, 0.8571428571428570953, 0.8660714285714286031, 0.8750000000000000000, 0.8839285714285713969, 0.8928571428571429047, 0.9017857142857143016, 0.9107142857142856984, 0.9196428571428570953, 0.9285714285714286031, 0.9375000000000000000, 0.9464285714285713969, 0.9553571428571429047, 0.9642857142857143016, 0.9732142857142856984, 0.9821428571428570953, 0.9910714285714286031, 1.000000000000000000 ),
 .UNSPECIFIED. ) 
 GEOMETRIC_REPRESENTATION_ITEM ( )  RATIONAL_B_SPLINE_SURFACE ( (
 ( 1.000000000000000000, 0.9238795325112867385, 1.000000000000000000, 0.9238795325112867385, 1.000000000000000000, 0.9238795325112867385, 1.000000000000000000, 0.9238795325112867385, 1.000000000000000000, 0.9238795325112867385, 1.000000000000000000, 0.9238795325112867385, 1.000000000000000000, 0.9238795325112867385, 1.000000000000000000, 0.9238795325112867385, 1.000000000000000000, 0.9238795325112867385, 1.000000000000000000, 0.9238795325112867385, 1.000000000000000000, 0.9238795325112867385, 1.000000000000000000, 0.9238795325112867385, 1.000000000000000000, 0.9238795325112867385, 1.000000000000000000, 0.9238795325112867385, 1.000000000000000000, 0.9238795325112867385, 1.000000000000000000, 0.9238795325112867385, 1.000000000000000000, 0.9238795325112867385, 1.000000000000000000, 0.9238795325112867385, 1.000000000000000000, 0.9238795325112867385, 1.000000000000000000, 0.9238795325112867385, 1.000000000000000000, 0.9238795325112867385, 1.000000000000000000, 0.9238795325112867385, 1.000000000000000000, 0.9238795325112867385, 1.000000000000000000, 0.9238795325112867385, 1.000000000000000000, 0.9238795325112867385, 1.000000000000000000, 0.9238795325112867385, 1.000000000000000000, 0.9238795325112867385, 1.000000000000000000, 0.9238795325112867385, 1.000000000000000000, 0.9238795325112867385, 1.000000000000000000, 0.9238795325112867385, 1.000000000000000000, 0.9238795325112867385, 1.000000000000000000, 0.9238795325112867385, 1.000000000000000000, 0.9238795325112867385, 1.000000000000000000, 0.9238795325112867385, 1.000000000000000000, 0.9238795325112867385, 1.000000000000000000, 0.9238795325112867385, 1.000000000000000000, 0.9238795325112867385, 1.000000000000000000, 0.9238795325112867385, 1.000000000000000000, 0.9238795325112867385, 1.000000000000000000, 0.9238795325112867385, 1.000000000000000000, 0.9238795325112867385, 1.000000000000000000, 0.9238795325112867385, 1.000000000000000000, 0.9238795325112867385, 1.000000000000000000, 0.9238795325112867385, 1.000000000000000000, 0.9238795325112867385, 1.000000000000000000, 0.9238795325112867385, 1.000000000000000000, 0.9238795325112867385, 1.000000000000000000, 0.9238795325112867385, 1.000000000000000000, 0.9238795325112867385, 1.000000000000000000, 0.9238795325112867385, 1.000000000000000000, 0.9238795325112867385, 1.000000000000000000, 0.9238795325112867385, 1.000000000000000000, 0.9238795325112867385, 1.000000000000000000, 0.9238795325112867385, 1.000000000000000000, 0.9238795325112867385, 1.000000000000000000, 0.9238795325112867385, 1.000000000000000000, 0.9238795325112867385, 1.000000000000000000, 0.9238795325112867385, 1.000000000000000000, 0.9238795325112867385, 1.000000000000000000, 0.9238795325112867385, 1.000000000000000000, 0.9238795325112867385, 1.000000000000000000, 0.9238795325112867385, 1.000000000000000000, 0.9238795325112867385, 1.000000000000000000, 0.9238795325112867385, 1.000000000000000000, 0.9238795325112867385, 1.000000000000000000, 0.9238795325112867385, 1.000000000000000000, 0.9238795325112867385, 1.000000000000000000, 0.9238795325112867385, 1.000000000000000000, 0.9238795325112867385, 1.000000000000000000, 0.9238795325112867385, 1.000000000000000000, 0.9238795325112867385, 1.000000000000000000, 0.9238795325112867385, 1.000000000000000000, 0.9238795325112867385, 1.000000000000000000, 0.9238795325112867385, 1.000000000000000000, 0.9238795325112867385, 1.000000000000000000, 0.9238795325112867385, 1.000000000000000000, 0.9238795325112867385, 1.000000000000000000, 0.9238795325112867385, 1.000000000000000000, 0.9238795325112867385, 1.000000000000000000, 0.9238795325112867385, 1.000000000000000000, 0.9238795325112867385, 1.000000000000000000, 0.9238795325112867385, 1.000000000000000000, 0.9238795325112867385, 1.000000000000000000, 0.9238795325112867385, 1.000000000000000000, 0.9238795325112867385, 1.000000000000000000, 0.9238795325112867385, 1.000000000000000000, 0.9238795325112867385, 1.000000000000000000, 0.9238795325112867385, 1.000000000000000000, 0.9238795325112867385, 1.000000000000000000, 0.9238795325112867385, 1.000000000000000000, 0.9238795325112867385, 1.000000000000000000, 0.9238795325112867385, 1.000000000000000000, 0.9238795325112867385, 1.000000000000000000, 0.9238795325112867385, 1.000000000000000000, 0.9238795325112867385, 1.000000000000000000, 0.9238795325112867385, 1.000000000000000000, 0.9238795325112867385, 1.000000000000000000, 0.9238795325112867385, 1.000000000000000000, 0.9238795325112867385, 1.000000000000000000, 0.9238795325112867385, 1.000000000000000000, 0.9238795325112867385, 1.000000000000000000, 0.9238795325112867385, 1.000000000000000000, 0.9238795325112867385, 1.000000000000000000, 0.9238795325112867385, 1.000000000000000000, 0.9238795325112867385, 1.000000000000000000, 0.9238795325112867385, 1.000000000000000000, 0.9238795325112867385, 1.000000000000000000, 0.9238795325112867385, 1.000000000000000000, 0.9238795325112867385, 1.000000000000000000, 0.9238795325112867385, 1.000000000000000000, 0.9238795325112867385, 1.000000000000000000, 0.9238795325112867385, 1.000000000000000000),
 ( 1.000000000000000000, 0.9238795325112867385, 1.000000000000000000, 0.9238795325112867385, 1.000000000000000000, 0.9238795325112867385, 1.000000000000000000, 0.9238795325112867385, 1.000000000000000000, 0.9238795325112867385, 1.000000000000000000, 0.9238795325112867385, 1.000000000000000000, 0.9238795325112867385, 1.000000000000000000, 0.9238795325112867385, 1.000000000000000000, 0.9238795325112867385, 1.000000000000000000, 0.9238795325112867385, 1.000000000000000000, 0.9238795325112867385, 1.000000000000000000, 0.9238795325112867385, 1.000000000000000000, 0.9238795325112867385, 1.000000000000000000, 0.9238795325112867385, 1.000000000000000000, 0.9238795325112867385, 1.000000000000000000, 0.9238795325112867385, 1.000000000000000000, 0.9238795325112867385, 1.000000000000000000, 0.9238795325112867385, 1.000000000000000000, 0.9238795325112867385, 1.000000000000000000, 0.9238795325112867385, 1.000000000000000000, 0.9238795325112867385, 1.000000000000000000, 0.9238795325112867385, 1.000000000000000000, 0.9238795325112867385, 1.000000000000000000, 0.9238795325112867385, 1.000000000000000000, 0.9238795325112867385, 1.000000000000000000, 0.9238795325112867385, 1.000000000000000000, 0.9238795325112867385, 1.000000000000000000, 0.9238795325112867385, 1.000000000000000000, 0.9238795325112867385, 1.000000000000000000, 0.9238795325112867385, 1.000000000000000000, 0.9238795325112867385, 1.000000000000000000, 0.9238795325112867385, 1.000000000000000000, 0.9238795325112867385, 1.000000000000000000, 0.9238795325112867385, 1.000000000000000000, 0.9238795325112867385, 1.000000000000000000, 0.9238795325112867385, 1.000000000000000000, 0.9238795325112867385, 1.000000000000000000, 0.9238795325112867385, 1.000000000000000000, 0.9238795325112867385, 1.000000000000000000, 0.9238795325112867385, 1.000000000000000000, 0.9238795325112867385, 1.000000000000000000, 0.9238795325112867385, 1.000000000000000000, 0.9238795325112867385, 1.000000000000000000, 0.9238795325112867385, 1.000000000000000000, 0.9238795325112867385, 1.000000000000000000, 0.9238795325112867385, 1.000000000000000000, 0.9238795325112867385, 1.000000000000000000, 0.9238795325112867385, 1.000000000000000000, 0.9238795325112867385, 1.000000000000000000, 0.9238795325112867385, 1.000000000000000000, 0.9238795325112867385, 1.000000000000000000, 0.9238795325112867385, 1.000000000000000000, 0.9238795325112867385, 1.000000000000000000, 0.9238795325112867385, 1.000000000000000000, 0.9238795325112867385, 1.000000000000000000, 0.9238795325112867385, 1.000000000000000000, 0.9238795325112867385, 1.000000000000000000, 0.9238795325112867385, 1.000000000000000000, 0.9238795325112867385, 1.000000000000000000, 0.9238795325112867385, 1.000000000000000000, 0.9238795325112867385, 1.000000000000000000, 0.9238795325112867385, 1.000000000000000000, 0.9238795325112867385, 1.000000000000000000, 0.9238795325112867385, 1.000000000000000000, 0.9238795325112867385, 1.000000000000000000, 0.9238795325112867385, 1.000000000000000000, 0.9238795325112867385, 1.000000000000000000, 0.9238795325112867385, 1.000000000000000000, 0.9238795325112867385, 1.000000000000000000, 0.9238795325112867385, 1.000000000000000000, 0.9238795325112867385, 1.000000000000000000, 0.9238795325112867385, 1.000000000000000000, 0.9238795325112867385, 1.000000000000000000, 0.9238795325112867385, 1.000000000000000000, 0.9238795325112867385, 1.000000000000000000, 0.9238795325112867385, 1.000000000000000000, 0.9238795325112867385, 1.000000000000000000, 0.9238795325112867385, 1.000000000000000000, 0.9238795325112867385, 1.000000000000000000, 0.9238795325112867385, 1.000000000000000000, 0.9238795325112867385, 1.000000000000000000, 0.9238795325112867385, 1.000000000000000000, 0.9238795325112867385, 1.000000000000000000, 0.9238795325112867385, 1.000000000000000000, 0.9238795325112867385, 1.000000000000000000, 0.9238795325112867385, 1.000000000000000000, 0.9238795325112867385, 1.000000000000000000, 0.9238795325112867385, 1.000000000000000000, 0.9238795325112867385, 1.000000000000000000, 0.9238795325112867385, 1.000000000000000000, 0.9238795325112867385, 1.000000000000000000, 0.9238795325112867385, 1.000000000000000000, 0.9238795325112867385, 1.000000000000000000, 0.9238795325112867385, 1.000000000000000000, 0.9238795325112867385, 1.000000000000000000, 0.9238795325112867385, 1.000000000000000000, 0.9238795325112867385, 1.000000000000000000, 0.9238795325112867385, 1.000000000000000000, 0.9238795325112867385, 1.000000000000000000, 0.9238795325112867385, 1.000000000000000000, 0.9238795325112867385, 1.000000000000000000, 0.9238795325112867385, 1.000000000000000000, 0.9238795325112867385, 1.000000000000000000, 0.9238795325112867385, 1.000000000000000000, 0.9238795325112867385, 1.000000000000000000, 0.9238795325112867385, 1.000000000000000000, 0.9238795325112867385, 1.000000000000000000, 0.9238795325112867385, 1.000000000000000000, 0.9238795325112867385, 1.000000000000000000, 0.9238795325112867385, 1.000000000000000000, 0.9238795325112867385, 1.000000000000000000, 0.9238795325112867385, 1.000000000000000000) ) ) 
 REPRESENTATION_ITEM ( '' )  SURFACE ( )  );
#2633 = CARTESIAN_POINT ( 'NONE',  ( -4.041265874999999674, 1.673947134580573426, 21.62500000136559919 ) ) ;
#2634 = CARTESIAN_POINT ( 'NONE',  ( -1.088896343312206527, 1.797221859772744068, 6.635034548701856494 ) ) ;
#2635 = CARTESIAN_POINT ( 'NONE',  ( -5.968681298996449947, 0.6307756332871469196, 4.908460688980614606 ) ) ;
#2636 = CARTESIAN_POINT ( 'NONE',  ( 3.500000000000000444, 1.449747468305833342, 28.81250000273119127 ) ) ;
#2637 = ORIENTED_EDGE ( 'NONE', *, *, #2036, .T. ) ;
#2638 = CARTESIAN_POINT ( 'NONE',  ( 2.857606504790286994, -2.857606504790286550, 23.06250000136559564 ) ) ;
#2639 = CARTESIAN_POINT ( 'NONE',  ( 7.423684977483266541E-16, -4.041265874999999674, 29.81250000136559564 ) ) ;
#2640 = CARTESIAN_POINT ( 'NONE',  ( -2.857606504790286994, 2.857606504790286994, 29.43750000136559564 ) ) ;
#2641 = CARTESIAN_POINT ( 'NONE',  ( 0.7727704950834833886, 1.956586358165671724, 6.995359957547736762 ) ) ;
#2642 = CARTESIAN_POINT ( 'NONE',  ( 1.673947134580575424, -4.041265874999998786, 20.00000000136559919 ) ) ;
#2643 = CARTESIAN_POINT ( 'NONE',  ( -2.143131898507868297E-16, 3.500000000000000000, 24.75000000000000000 ) ) ;
#2644 = CARTESIAN_POINT ( 'NONE',  ( -3.500000000000000000, 4.286263797015736595E-16, 20.00000000000000355 ) ) ;
#2645 = CYLINDRICAL_SURFACE ( 'NONE', #972, 3.500000000000000000 ) ;
#2646 = CARTESIAN_POINT ( 'NONE',  ( -3.500000000000000000, 0.000000000000000000, 24.00000000000000000 ) ) ;
#2647 = CARTESIAN_POINT ( 'NONE',  ( -1.250032309329060398, 5.868340415034844604, 6.081285371658045058 ) ) ;
#2648 = CARTESIAN_POINT ( 'NONE',  ( 2.474873734152917226, -2.474873734152916338, 20.62500000273119127 ) ) ;
#2649 =( BOUNDED_CURVE ( )  B_SPLINE_CURVE ( 2, ( #311, #2144, #634, #2214, #3164, #3091, #1563, #1845, #3724 ),
 .UNSPECIFIED., .F., .F. ) 
 B_SPLINE_CURVE_WITH_KNOTS ( ( 3, 2, 2, 2, 3 ),
 ( 0.5357142857142856984, 0.5446428571428570953, 0.5535714285714286031, 0.5625000000000000000, 0.5714285714285713969 ),
 .UNSPECIFIED. ) 
 CURVE ( )  GEOMETRIC_REPRESENTATION_ITEM ( )  RATIONAL_B_SPLINE_CURVE ( ( 1.000000000000000000, 0.9238795325112867385, 1.000000000000000000, 0.9238795325112867385, 1.000000000000000000, 0.9238795325112867385, 1.000000000000000000, 0.9238795325112867385, 1.000000000000000000 ) ) 
 REPRESENTATION_ITEM ( '' )  );
#2650 = CARTESIAN_POINT ( 'NONE',  ( -3.500000000000000444, 1.449747468305833120, 28.93750000000000355 ) ) ;
#2651 = ADVANCED_FACE ( 'NONE', ( #2489 ), #1267, .T. ) ;
#2652 = CARTESIAN_POINT ( 'NONE',  ( -3.296363155593395877, -1.527900531115242933, 20.00000000000001066 ) ) ;
#2653 = CARTESIAN_POINT ( 'NONE',  ( 1.449747468305834674, -3.499999999999999556, 25.56250000273119127 ) ) ;
#2654 = EDGE_LOOP ( 'NONE', ( #1713, #3622 ) ) ;
#2655 = CARTESIAN_POINT ( 'NONE',  ( -4.041265874999999674, 1.673947134580573426, 23.62500000136559564 ) ) ;
#2656 = CARTESIAN_POINT ( 'NONE',  ( -2.857606504790286106, -2.857606504790286994, 23.68750000136559564 ) ) ;
#2657 = CARTESIAN_POINT ( 'NONE',  ( -4.041265874999998786, -1.673947134580575868, 24.62500000136559564 ) ) ;
#2658 = DATE_AND_TIME ( #1409, #93 ) ;
#2659 = ADVANCED_BREP_SHAPE_REPRESENTATION ( '联轴器', ( #1388, #1111 ), #2553 ) ;
#2660 = CARTESIAN_POINT ( 'NONE',  ( -3.500000000000000000, 0.000000000000000000, 21.25000000273119127 ) ) ;
#2661 = CARTESIAN_POINT ( 'NONE',  ( 3.500000000000000000, 0.000000000000000000, 20.00000000000000355 ) ) ;
#2662 = AXIS2_PLACEMENT_3D ( 'NONE', #2132, #2733, #1859 ) ;
#2663 = CARTESIAN_POINT ( 'NONE',  ( 4.041265874999999674, 4.949123318322177694E-16, 31.18750000136559919 ) ) ;
#2664 = FACE_OUTER_BOUND ( 'NONE', #1188, .T. ) ;
#2665 = ORIENTED_EDGE ( 'NONE', *, *, #3255, .F. ) ;
#2666 = CARTESIAN_POINT ( 'NONE',  ( 0.000000000000000000, 0.000000000000000000, 11.00000000000000000 ) ) ;
#2667 = CARTESIAN_POINT ( 'NONE',  ( -6.000000000000001776, 0.2062497159920614886, 12.89999999999999325 ) ) ;
#2668 = CARTESIAN_POINT ( 'NONE',  ( -0.3306816871973094485, 2.075420378092508678, 4.791674933112772372 ) ) ;
#2669 = CARTESIAN_POINT ( 'NONE',  ( -2.474873734152916782, 2.474873734152916782, 27.87500000000000355 ) ) ;
#2670 = CARTESIAN_POINT ( 'NONE',  ( -2.474873734152915894, -2.474873734152917226, 29.12500000000000000 ) ) ;
#2671 = CARTESIAN_POINT ( 'NONE',  ( -3.500000000000000000, 0.000000000000000000, 26.25000000273119127 ) ) ;
#2672 = VERTEX_POINT ( 'NONE', #3736 ) ;
#2673 = ORIENTED_EDGE ( 'NONE', *, *, #2302, .F. ) ;
#2674 = LINE ( 'NONE', #2397, #3127 ) ;
#2675 = EDGE_CURVE ( 'NONE', #1216, #1100, #3366, .T. ) ;
#2676 = CARTESIAN_POINT ( 'NONE',  ( 4.041265874999999674, 4.949123318322177694E-16, 24.06250000136559564 ) ) ;
#2677 = CARTESIAN_POINT ( 'NONE',  ( 2.857606504790286550, 2.857606504790286994, 24.18750000136559564 ) ) ;
#2678 = CARTESIAN_POINT ( 'NONE',  ( 1.449747468305832898, 3.500000000000000000, 28.93750000273119483 ) ) ;
#2679 = CARTESIAN_POINT ( 'NONE',  ( 0.7696664105633598263, 5.951561186396122416, 15.00175362310550753 ) ) ;
#2680 = CARTESIAN_POINT ( 'NONE',  ( 2.857606504790286994, -2.857606504790286550, 31.06250000136559919 ) ) ;
#2681 = CARTESIAN_POINT ( 'NONE',  ( 1.521957343929899231, 3.287982237661889684, 20.00000000000000711 ) ) ;
#2682 = CARTESIAN_POINT ( 'NONE',  ( 4.041265874999999674, 1.673947134580573648, 25.12500000136559564 ) ) ;
#2683 = CARTESIAN_POINT ( 'NONE',  ( -1.673947134580573648, 4.041265874999999674, 31.37500000136559564 ) ) ;
#2684 = ORIENTED_EDGE ( 'NONE', *, *, #922, .T. ) ;
#2685 = CARTESIAN_POINT ( 'NONE',  ( -6.000000000000000000, 0.000000000000000000, 19.09999999999999787 ) ) ;
#2686 = CARTESIAN_POINT ( 'NONE',  ( 0.000000000000000000, 2.100000000000000089, 4.749999999999999112 ) ) ;
#2687 = CARTESIAN_POINT ( 'NONE',  ( 3.500000000000001332, -1.449747468305832010, 26.43750000000000355 ) ) ;
#2688 = CARTESIAN_POINT ( 'NONE',  ( -2.109656372196365481, -3.126191243448638524, 20.00000000000000000 ) ) ;
#2689 = CARTESIAN_POINT ( 'NONE',  ( 2.474873734152916338, 2.474873734152916782, 25.87500000273119127 ) ) ;
#2690 = ADVANCED_FACE ( 'NONE', ( #942 ), #1880, .F. ) ;
#2691 = ORIENTED_EDGE ( 'NONE', *, *, #2469, .F. ) ;
#2692 = CARTESIAN_POINT ( 'NONE',  ( -4.041265874999999674, 1.673947134580573426, 33.62500000136559919 ) ) ;
#2693 = ORIENTED_EDGE ( 'NONE', *, *, #1837, .T. ) ;
#2694 = CARTESIAN_POINT ( 'NONE',  ( 1.673947134580573426, 4.041265874999999674, 27.25000000136559919 ) ) ;
#2695 = CARTESIAN_POINT ( 'NONE',  ( -4.041265874999999674, 0.000000000000000000, 22.56250000136559919 ) ) ;
#2696 = CARTESIAN_POINT ( 'NONE',  ( -2.857606504790286994, 2.857606504790286994, 24.56250000136559564 ) ) ;
#2697 = EDGE_CURVE ( 'NONE', #1802, #2378, #3687, .T. ) ;
#2698 = CARTESIAN_POINT ( 'NONE',  ( 2.857606504790286994, -2.857606504790286550, 20.06250000136559919 ) ) ;
#2699 = CARTESIAN_POINT ( 'NONE',  ( 2.474873734152917226, -2.474873734152916338, 30.37500000000000355 ) ) ;
#2700 = CARTESIAN_POINT ( 'NONE',  ( -2.474561659161088847E-16, 4.041265874999999674, 32.43750000136559919 ) ) ;
#2701 = CYLINDRICAL_SURFACE ( 'NONE', #721, 3.500000000000000000 ) ;
#2702 = CARTESIAN_POINT ( 'NONE',  ( 1.673947134580573204, 4.041265874999999674, 26.25000000136559919 ) ) ;
#2703 = CARTESIAN_POINT ( 'NONE',  ( 4.041265874999999674, 1.673947134580573648, 32.12500000136559919 ) ) ;
#2704 = ORIENTED_EDGE ( 'NONE', *, *, #2018, .T. ) ;
#2705 = CARTESIAN_POINT ( 'NONE',  ( -5.947774448066541986, 0.8157439999189664004, 13.00212434524299532 ) ) ;
#2706 = CARTESIAN_POINT ( 'NONE',  ( -1.449747468305833342, 3.500000000000000444, 22.81250000000000355 ) ) ;
#2707 = CARTESIAN_POINT ( 'NONE',  ( 4.041265874999999674, 1.673947134580573870, 31.12500000136559919 ) ) ;
#2708 = CARTESIAN_POINT ( 'NONE',  ( -3.500000000000000444, 1.449747468305833120, 24.18750000273119127 ) ) ;
#2709 = VERTEX_POINT ( 'NONE', #1481 ) ;
#2710 = CARTESIAN_POINT ( 'NONE',  ( 3.500000000000000000, 4.286263797015736595E-16, 21.75000000273119127 ) ) ;
#2711 = ORIENTED_EDGE ( 'NONE', *, *, #575, .F. ) ;
#2712 = CARTESIAN_POINT ( 'NONE',  ( 1.673947134580575424, -4.041265874999998786, 25.87500000136559919 ) ) ;
#2713 = CARTESIAN_POINT ( 'NONE',  ( 0.6381966472590528960, 2.006767123951971321, 4.912606835385726178 ) ) ;
#2714 = CARTESIAN_POINT ( 'NONE',  ( -4.041265874999999674, 0.000000000000000000, 25.56250000136559564 ) ) ;
#2715 = CARTESIAN_POINT ( 'NONE',  ( 2.857606504790286994, -2.857606504790286550, 22.06250000136559564 ) ) ;
#2716 = CARTESIAN_POINT ( 'NONE',  ( 3.500000000000000000, 4.286263797015736595E-16, 29.75000000273119127 ) ) ;
#2717 = CARTESIAN_POINT ( 'NONE',  ( -3.770632937499999837, 0.000000000000000000, 33.40625000204839523 ) ) ;
#2718 = CARTESIAN_POINT ( 'NONE',  ( 7.423684977483266541E-16, -4.041265874999999674, 28.93750000136559564 ) ) ;
#2719 = DIRECTION ( 'NONE',  ( 1.000000000000000000, 0.000000000000000000, 0.000000000000000000 ) ) ;
#2720 = CARTESIAN_POINT ( 'NONE',  ( -2.857606504790286994, 2.857606504790286994, 26.43750000136559919 ) ) ;
#2721 = VECTOR ( 'NONE', #1935, 1000.000000000000000 ) ;
#2722 = CARTESIAN_POINT ( 'NONE',  ( -1.673947134580574092, -4.041265874999998786, 30.75000000136559919 ) ) ;
#2723 = ORIENTED_EDGE ( 'NONE', *, *, #817, .F. ) ;
#2724 = CARTESIAN_POINT ( 'NONE',  ( -0.3282050358826025804, 5.992938828568170173, 4.782782919331652671 ) ) ;
#2725 = CARTESIAN_POINT ( 'NONE',  ( -1.449747468305833342, 3.500000000000000444, 32.81250000000000000 ) ) ;
#2726 = CARTESIAN_POINT ( 'NONE',  ( -3.500000000000000000, 0.000000000000000000, 23.00000000000000355 ) ) ;
#2727 = CARTESIAN_POINT ( 'NONE',  ( -2.857606504790286994, 2.857606504790286994, 33.43750000136559919 ) ) ;
#2728 = CARTESIAN_POINT ( 'NONE',  ( -3.499999999999999556, -1.449747468305835341, 25.31250000273119127 ) ) ;
#2729 = VERTEX_POINT ( 'NONE', #2091 ) ;
#2730 = CARTESIAN_POINT ( 'NONE',  ( 2.857606504790286994, -2.857606504790286550, 33.06250000136559919 ) ) ;
#2731 = ORIENTED_EDGE ( 'NONE', *, *, #22, .T. ) ;
#2732 = CARTESIAN_POINT ( 'NONE',  ( -2.857606504790286994, 2.857606504790286994, 25.43750000136559564 ) ) ;
#2733 = DIRECTION ( 'NONE',  ( 0.000000000000000000, 0.000000000000000000, 1.000000000000000000 ) ) ;
#2734 = CARTESIAN_POINT ( 'NONE',  ( -1.673947134580574092, -4.041265874999998786, 21.75000000136559919 ) ) ;
#2735 = CARTESIAN_POINT ( 'NONE',  ( -1.090748946960641508, 3.038721778060236023, 16.63209623642974222 ) ) ;
#2736 = CARTESIAN_POINT ( 'NONE',  ( 2.000000000000000000, 0.000000000000000000, 16.00000000000000000 ) ) ;
#2737 = EDGE_CURVE ( 'NONE', #226, #1452, #2227, .T. ) ;
#2738 = AXIS2_PLACEMENT_3D ( 'NONE', #3085, #3371, #521 ) ;
#2739 = CARTESIAN_POINT ( 'NONE',  ( -4.041265874999998786, -1.673947134580575868, 28.75000000136559208 ) ) ;
#2740 = CARTESIAN_POINT ( 'NONE',  ( -3.500000000000000000, 0.000000000000000000, 34.00000000000000000 ) ) ;
#2741 = CARTESIAN_POINT ( 'NONE',  ( 2.857606504790286550, 2.857606504790286994, 24.18750000136559564 ) ) ;
#2742 = CARTESIAN_POINT ( 'NONE',  ( -1.673947134580574092, -4.041265874999998786, 25.87500000136559919 ) ) ;
#2743 = CARTESIAN_POINT ( 'NONE',  ( -4.041265874999999674, 1.673947134580573426, 31.50000000136559564 ) ) ;
#2744 = ADVANCED_FACE ( 'NONE', ( #102 ), #65, .T. ) ;
#2745 = ORIENTED_EDGE ( 'NONE', *, *, #3550, .F. ) ;
#2746 = DIRECTION ( 'NONE',  ( -1.000000000000000000, 0.000000000000000000, 0.000000000000000000 ) ) ;
#2747 = CARTESIAN_POINT ( 'NONE',  ( 2.474873734152917226, -2.474873734152916338, 31.37500000000000000 ) ) ;
#2748 = CARTESIAN_POINT ( 'NONE',  ( 2.474873734152916338, 2.474873734152916782, 21.62500000000000355 ) ) ;
#2749 = CARTESIAN_POINT ( 'NONE',  ( -4.041265874999999674, 0.000000000000000000, 33.56250000136559919 ) ) ;
#2750 = CARTESIAN_POINT ( 'NONE',  ( -3.499999999999999556, -1.449747468305835341, 23.31250000273119127 ) ) ;
#2751 = VECTOR ( 'NONE', #722, 1000.000000000000000 ) ;
#2752 = ORIENTED_EDGE ( 'NONE', *, *, #3900, .F. ) ;
#2753 = CARTESIAN_POINT ( 'NONE',  ( -1.957144258141034765, 0.7715236709059927200, 6.996533374510018888 ) ) ;
#2754 = ORIENTED_EDGE ( 'NONE', *, *, #1844, .F. ) ;
#2755 = CARTESIAN_POINT ( 'NONE',  ( 2.857606504790286994, -2.857606504790286550, 21.93750000136559564 ) ) ;
#2756 = CARTESIAN_POINT ( 'NONE',  ( 0.6292449150185006612, 5.968822576319730899, 7.092287091189951376 ) ) ;
#2757 = CARTESIAN_POINT ( 'NONE',  ( -1.449747468305833342, 3.500000000000000444, 33.06250000273119127 ) ) ;
#2758 = VECTOR ( 'NONE', #3863, 1000.000000000000000 ) ;
#2759 =( BOUNDED_CURVE ( )  B_SPLINE_CURVE ( 2, ( #1278, #2239, #3795, #3836, #2819, #2189, #659, #720, #1913 ),
 .UNSPECIFIED., .F., .F. ) 
 B_SPLINE_CURVE_WITH_KNOTS ( ( 3, 2, 2, 2, 3 ),
 ( 0.7500000000000001110, 0.7589285714285715079, 0.7678571428571430157, 0.7767857142857143016, 0.7857142857142856984 ),
 .UNSPECIFIED. ) 
 CURVE ( )  GEOMETRIC_REPRESENTATION_ITEM ( )  RATIONAL_B_SPLINE_CURVE ( ( 0.9999999999999990008, 0.9238795325112877377, 1.000000000000000000, 0.9238795325112867385, 1.000000000000000000, 0.9238795325112867385, 1.000000000000000000, 0.9238795325112867385, 1.000000000000000000 ) ) 
 REPRESENTATION_ITEM ( '' )  );
#2760 = B_SPLINE_CURVE_WITH_KNOTS ( 'NONE', 3,
 ( #2161, #1884, #2471, #1606, #3718, #3766, #2254, #973 ),
 .UNSPECIFIED., .F., .F.,
 ( 4, 2, 2, 4 ),
 ( 4.635575270480018256E-15, 0.0007954639062768500577, 0.001590927812549064501, 0.003181855625093492519 ),
 .UNSPECIFIED. ) ;
#2761 = CARTESIAN_POINT ( 'NONE',  ( -4.041265874999999674, 1.673947134580573648, 33.50000000136559919 ) ) ;
#2762 = CARTESIAN_POINT ( 'NONE',  ( -0.3293484099497614448, 2.851926951934522947, 14.78295890884884756 ) ) ;
#2763 = DIRECTION ( 'NONE',  ( 0.8660254037844408170, 0.000000000000000000, -0.4999999999999961697 ) ) ;
#2764 = CARTESIAN_POINT ( 'NONE',  ( -3.500000000000000000, 0.000000000000000000, 32.25000000273119127 ) ) ;
#2765 = CARTESIAN_POINT ( 'NONE',  ( 2.857606504790286550, 2.857606504790286994, 28.31250000136559564 ) ) ;
#2766 = CARTESIAN_POINT ( 'NONE',  ( 2.857606504790286550, 2.857606504790286994, 26.18750000136559919 ) ) ;
#2767 = CARTESIAN_POINT ( 'NONE',  ( 1.673947134580575424, -4.041265874999998786, 28.00000000136559919 ) ) ;
#2768 = CARTESIAN_POINT ( 'NONE',  ( 2.857606504790286994, -2.857606504790286550, 30.93750000136559919 ) ) ;
#2769 = ORIENTED_EDGE ( 'NONE', *, *, #467, .T. ) ;
#2770 = FACE_BOUND ( 'NONE', #2654, .T. ) ;
#2771 = EDGE_CURVE ( 'NONE', #2013, #2508, #1028, .T. ) ;
#2772 = CARTESIAN_POINT ( 'NONE',  ( 3.500000000000000444, 1.449747468305833342, 31.56249999999999645 ) ) ;
#2773 = CARTESIAN_POINT ( 'NONE',  ( -3.499999999999999556, -1.449747468305835341, 22.06250000000000000 ) ) ;
#2774 = CARTESIAN_POINT ( 'NONE',  ( -4.041265874999998786, -1.673947134580575868, 30.62500000136559564 ) ) ;
#2775 = CARTESIAN_POINT ( 'NONE',  ( -2.474873734152915894, -2.474873734152917226, 21.37500000273119127 ) ) ;
#2776 = ORIENTED_EDGE ( 'NONE', *, *, #282, .T. ) ;
#2777 = CARTESIAN_POINT ( 'NONE',  ( 4.041265874999999674, 4.949123318322177694E-16, 28.18750000136559919 ) ) ;
#2778 = ORIENTED_EDGE ( 'NONE', *, *, #3550, .T. ) ;
#2779 = EDGE_CURVE ( 'NONE', #3173, #4024, #3964, .T. ) ;
#2780 = CARTESIAN_POINT ( 'NONE',  ( 4.041265874999999674, 4.949123318322177694E-16, 23.06250000136559564 ) ) ;
#2781 = CARTESIAN_POINT ( 'NONE',  ( 1.250077802930038784, 5.868330724573413093, 5.835561216637453086 ) ) ;
#2782 = CARTESIAN_POINT ( 'NONE',  ( -2.474561659161088847E-16, 4.041265874999999674, 20.31250000136559919 ) ) ;
#2783 = EDGE_LOOP ( 'NONE', ( #3897, #2704, #1150, #3771 ) ) ;
#2784 = CARTESIAN_POINT ( 'NONE',  ( 2.857606504790286994, -2.857606504790286550, 32.93750000136559919 ) ) ;
#2785 = CARTESIAN_POINT ( 'NONE',  ( -1.209133691162134205, 3.083712356011356182, 16.32750686464290624 ) ) ;
#2786 = CARTESIAN_POINT ( 'NONE',  ( 1.449747468305834897, -3.499999999999999112, 30.31250000000000355 ) ) ;
#2787 = CARTESIAN_POINT ( 'NONE',  ( -6.000000000000001776, -0.2058442074416466372, 12.90000000000000036 ) ) ;
#2788 = CARTESIAN_POINT ( 'NONE',  ( 4.041265875000001451, -1.673947134580572538, 28.12500000136559919 ) ) ;
#2789 = CARTESIAN_POINT ( 'NONE',  ( -1.673947134580573648, 4.041265874999999674, 22.37500000136560629 ) ) ;
#2790 = CARTESIAN_POINT ( 'NONE',  ( 4.041265874999999674, 1.673947134580573870, 26.25000000136559564 ) ) ;
#2791 = CARTESIAN_POINT ( 'NONE',  ( -1.673947134580574092, -4.041265874999998786, 29.75000000136559564 ) ) ;
#2792 = CARTESIAN_POINT ( 'NONE',  ( -1.449747468305833786, -3.499999999999999556, 32.43750000273119127 ) ) ;
#2793 = FACE_BOUND ( 'NONE', #2129, .T. ) ;
#2794 = CARTESIAN_POINT ( 'NONE',  ( -2.474873734152916782, 2.474873734152916782, 29.87500000000000355 ) ) ;
#2795 = CARTESIAN_POINT ( 'NONE',  ( 1.449747468305834674, -3.499999999999999556, 21.31250000000000355 ) ) ;
#2796 = CARTESIAN_POINT ( 'NONE',  ( -4.041265874999999674, 1.673947134580573648, 30.50000000136559919 ) ) ;
#2797 = CARTESIAN_POINT ( 'NONE',  ( -1.449747468305833564, -3.500000000000000000, 19.43750000273119483 ) ) ;
#2798 = CARTESIAN_POINT ( 'NONE',  ( 3.500000000000011990, 1.449747468305821130, 31.81250000273118417 ) ) ;
#2799 = VERTEX_POINT ( 'NONE', #1963 ) ;
#2800 = EDGE_CURVE ( 'NONE', #1748, #3124, #3887, .T. ) ;
#2801 = CARTESIAN_POINT ( 'NONE',  ( 2.857606504790286994, -2.857606504790286550, 30.06250000136559919 ) ) ;
#2802 = ORIENTED_EDGE ( 'NONE', *, *, #467, .F. ) ;
#2803 = VECTOR ( 'NONE', #1363, 1000.000000000000000 ) ;
#2804 = CARTESIAN_POINT ( 'NONE',  ( 4.041265874999999674, 1.673947134580573870, 23.25000000136559208 ) ) ;
#2805 = CARTESIAN_POINT ( 'NONE',  ( 1.673947134580573426, 4.041265874999999674, 22.25000000136559919 ) ) ;
#2806 = CIRCLE ( 'NONE', #3311, 3.500000000000000000 ) ;
#2807 = CARTESIAN_POINT ( 'NONE',  ( -5.917348716280395493, -0.9992252543351189953, 5.231604851894952724 ) ) ;
#2808 = CARTESIAN_POINT ( 'NONE',  ( 7.423684977483266541E-16, -4.041265874999999674, 19.81250000136559919 ) ) ;
#2809 = EDGE_CURVE ( 'NONE', #2157, #552, #3539, .T. ) ;
#2810 = ORIENTED_EDGE ( 'NONE', *, *, #1717, .T. ) ;
#2811 = CARTESIAN_POINT ( 'NONE',  ( -2.474561659161088847E-16, 4.041265874999999674, 20.43750000136559919 ) ) ;
#2812 = CARTESIAN_POINT ( 'NONE',  ( 2.100000000000000089, 2.571758278209441957E-16, 0.000000000000000000 ) ) ;
#2813 = DIRECTION ( 'NONE',  ( 0.000000000000000000, -1.000000000000000000, 0.000000000000000000 ) ) ;
#2814 =( BOUNDED_CURVE ( )  B_SPLINE_CURVE ( 2, ( #240, #3945, #305, #861, #582, #1529, #1812, #1447, #841 ),
 .UNSPECIFIED., .F., .F. ) 
 B_SPLINE_CURVE_WITH_KNOTS ( ( 3, 2, 2, 2, 3 ),
 ( 0.7857142857142856984, 0.7946428571428570953, 0.8035714285714286031, 0.8125000000000000000, 0.8214285714285713969 ),
 .UNSPECIFIED. ) 
 CURVE ( )  GEOMETRIC_REPRESENTATION_ITEM ( )  RATIONAL_B_SPLINE_CURVE ( ( 1.000000000000000000, 0.9238795325112867385, 1.000000000000000000, 0.9238795325112867385, 1.000000000000000000, 0.9238795325112867385, 1.000000000000000000, 0.9238795325112867385, 1.000000000000000000 ) ) 
 REPRESENTATION_ITEM ( '' )  );
#2815 = CARTESIAN_POINT ( 'NONE',  ( -1.673947134580573870, 4.041265874999999674, 28.50000000136559564 ) ) ;
#2816 = CARTESIAN_POINT ( 'NONE',  ( 2.857606504790286550, 2.857606504790286994, 23.18750000136559564 ) ) ;
#2817 = CARTESIAN_POINT ( 'NONE',  ( -4.041265874999999674, 1.673947134580573648, 25.62500000136559564 ) ) ;
#2818 = CARTESIAN_POINT ( 'NONE',  ( 2.857606504790286994, -2.857606504790286550, 28.93750000136559564 ) ) ;
#2819 = CARTESIAN_POINT ( 'NONE',  ( 6.429395695523603167E-16, -3.500000000000000000, 22.50000000273118772 ) ) ;
#2820 = VECTOR ( 'NONE', #3007, 1000.000000000000000 ) ;
#2821 = CARTESIAN_POINT ( 'NONE',  ( 6.429395695523603167E-16, -3.500000000000000000, 32.50000000273119127 ) ) ;
#2822 = B_SPLINE_CURVE_WITH_KNOTS ( 'NONE', 3,
 ( #1461, #1335, #3257, #3871, #1160, #126, #2641, #144, #2329, #3575, #3273, #2294, #737, #487, #1718, #3202, #2713, #3834, #3527, #2606, #3853, #3959 ),
 .UNSPECIFIED., .F., .F.,
 ( 4, 2, 2, 2, 2, 2, 2, 2, 2, 2, 4 ),
 ( 0.004008400130387766193, 0.004258440454670161385, 0.004508480778952555709, 0.005008561427517346093, 0.005508642076082135609, 0.006008722724646925126, 0.006508803373211714642, 0.007008884021776505026, 0.007508964670341294542, 0.007759004994623688867, 0.008009045318906083191 ),
 .UNSPECIFIED. ) ;
#2823 = CYLINDRICAL_SURFACE ( 'NONE', #3652, 3.099999999999998757 ) ;
#2824 = CARTESIAN_POINT ( 'NONE',  ( 6.429395695523603167E-16, -3.500000000000000000, 29.25000000000000000 ) ) ;
#2825 = CARTESIAN_POINT ( 'NONE',  ( -3.500000000000000000, 0.000000000000000000, 21.00000000000000000 ) ) ;
#2826 = CARTESIAN_POINT ( 'NONE',  ( 2.857606504790286994, -2.857606504790286550, 29.93750000136559919 ) ) ;
#2827 = CARTESIAN_POINT ( 'NONE',  ( -2.143131898507868297E-16, 3.500000000000000000, 20.00000000273119483 ) ) ;
#2828 = CARTESIAN_POINT ( 'NONE',  ( -2.060819050996619328, -0.4111418969202655371, 7.183287155673493629 ) ) ;
#2829 = ORIENTED_EDGE ( 'NONE', *, *, #875, .T. ) ;
#2830 = CARTESIAN_POINT ( 'NONE',  ( -2.474561659161088847E-16, 4.041265874999999674, 30.43750000136559919 ) ) ;
#2831 = ORIENTED_EDGE ( 'NONE', *, *, #2737, .F. ) ;
#2832 = CARTESIAN_POINT ( 'NONE',  ( 2.857606504790286550, 2.857606504790286994, 24.31250000136559564 ) ) ;
#2833 = CARTESIAN_POINT ( 'NONE',  ( -4.041265874999999674, 1.673947134580573648, 22.50000000136559564 ) ) ;
#2834 = EDGE_CURVE ( 'NONE', #2860, #1738, #260, .T. ) ;
#2835 = CYLINDRICAL_SURFACE ( 'NONE', #1626, 1.250000000000001110 ) ;
#2836 = CARTESIAN_POINT ( 'NONE',  ( -1.673947134580574092, -4.041265874999998786, 19.75000000136559919 ) ) ;
#2837 = VERTEX_POINT ( 'NONE', #694 ) ;
#2838 = CARTESIAN_POINT ( 'NONE',  ( 4.041265875000001451, -1.673947134580572538, 33.00000000136559919 ) ) ;
#2839 = DIRECTION ( 'NONE',  ( 1.000000000000000000, 0.000000000000000000, 0.000000000000000000 ) ) ;
#2840 = CARTESIAN_POINT ( 'NONE',  ( -5.317213259781096824, -2.781193767495673708, 14.61607258767137907 ) ) ;
#2841 = CARTESIAN_POINT ( 'NONE',  ( 1.673947134580575424, -4.041265874999998786, 26.00000000136559564 ) ) ;
#2842 = EDGE_CURVE ( 'NONE', #2440, #2799, #428, .T. ) ;
#2843 = CARTESIAN_POINT ( 'NONE',  ( 4.041265874999999674, 1.673947134580573648, 23.12500000136559564 ) ) ;
#2844 = CARTESIAN_POINT ( 'NONE',  ( -2.474561659161088847E-16, 4.041265874999999674, 25.43750000136559564 ) ) ;
#2845 = CARTESIAN_POINT ( 'NONE',  ( 4.041265874999999674, 4.949123318322177694E-16, 30.06250000136559919 ) ) ;
#2846 = CARTESIAN_POINT ( 'NONE',  ( -2.474873734152916782, 2.474873734152916782, 27.12500000273119483 ) ) ;
#2847 = ORIENTED_EDGE ( 'NONE', *, *, #2112, .T. ) ;
#2848 = CARTESIAN_POINT ( 'NONE',  ( -3.499999999999985789, -1.449747468305849107, 27.31250000273119838 ) ) ;
#2849 = CARTESIAN_POINT ( 'NONE',  ( -1.449747468305833786, -3.499999999999999556, 31.18750000000000711 ) ) ;
#2850 = CARTESIAN_POINT ( 'NONE',  ( -4.041265874999999674, 1.673947134580573648, 32.62500000136559208 ) ) ;
#2851 = CARTESIAN_POINT ( 'NONE',  ( -1.449747468305833564, -3.500000000000000000, 21.43750000273119127 ) ) ;
#2852 = CARTESIAN_POINT ( 'NONE',  ( -2.100000000000000089, -1.618281125438398142E-19, 4.750000000000000000 ) ) ;
#2853 = ORIENTED_EDGE ( 'NONE', *, *, #166, .T. ) ;
#2854 = CARTESIAN_POINT ( 'NONE',  ( 4.041265875000000563, -1.673947134580572538, 30.12500000136559919 ) ) ;
#2855 = ORIENTED_EDGE ( 'NONE', *, *, #1720, .F. ) ;
#2856 = CARTESIAN_POINT ( 'NONE',  ( -2.474561659161088847E-16, 4.041265874999999674, 22.43750000136559919 ) ) ;
#2857 = CARTESIAN_POINT ( 'NONE',  ( 2.474873734152916338, 2.474873734152916782, 31.62500000000000000 ) ) ;
#2858 = CARTESIAN_POINT ( 'NONE',  ( 0.1656262679825011297, 6.000000000000001776, 4.749999999999999112 ) ) ;
#2859 = CARTESIAN_POINT ( 'NONE',  ( 2.474873734152916338, 2.474873734152916782, 32.87500000273119127 ) ) ;
#2860 = VERTEX_POINT ( 'NONE', #84 ) ;
#2861 = CARTESIAN_POINT ( 'NONE',  ( -4.041265874999999674, 0.000000000000000000, 20.68750000136559564 ) ) ;
#2862 = CARTESIAN_POINT ( 'NONE',  ( 1.449747468305834897, -3.499999999999999112, 31.56250000273119127 ) ) ;
#2863 = CARTESIAN_POINT ( 'NONE',  ( 2.857606504790286994, -2.857606504790286550, 20.93750000136559564 ) ) ;
#2864 = CARTESIAN_POINT ( 'NONE',  ( -2.857606504790286106, -2.857606504790286994, 21.81250000136559564 ) ) ;
#2865 = FACE_OUTER_BOUND ( 'NONE', #3948, .T. ) ;
#2866 = ORIENTED_EDGE ( 'NONE', *, *, #3827, .F. ) ;
#2867 = CARTESIAN_POINT ( 'NONE',  ( 0.000000000000000000, 0.000000000000000000, 0.000000000000000000 ) ) ;
#2868 = CARTESIAN_POINT ( 'NONE',  ( -3.500000000000000000, 0.000000000000000000, 27.00000000000000355 ) ) ;
#2869 = CARTESIAN_POINT ( 'NONE',  ( -1.673947134580574092, -4.041265874999998786, 32.87500000136559919 ) ) ;
#2870 = CARTESIAN_POINT ( 'NONE',  ( 3.500000000000001332, -1.449747468305832454, 25.68750000273119838 ) ) ;
#2871 = CARTESIAN_POINT ( 'NONE',  ( -1.797221859772744290, -1.088896343312205639, 5.364965451298141730 ) ) ;
#2872 = CARTESIAN_POINT ( 'NONE',  ( 1.673947134580573204, 4.041265874999999674, 30.37500000136559919 ) ) ;
#2873 = ORIENTED_EDGE ( 'NONE', *, *, #1492, .F. ) ;
#2874 = CARTESIAN_POINT ( 'NONE',  ( 2.474873734152917226, -2.474873734152916338, 30.62500000273119483 ) ) ;
#2875 = CARTESIAN_POINT ( 'NONE',  ( -1.449747468305833786, -3.499999999999999556, 29.43750000273119483 ) ) ;
#2876 = CARTESIAN_POINT ( 'NONE',  ( 3.499999999999985789, 1.449747468305847109, 30.81250000273119838 ) ) ;
#2877 = CARTESIAN_POINT ( 'NONE',  ( -2.474873734152915894, -2.474873734152917226, 30.37500000273119127 ) ) ;
#2878 = CARTESIAN_POINT ( 'NONE',  ( -4.041265874999998786, -1.673947134580575868, 31.62500000136559564 ) ) ;
#2879 = CARTESIAN_POINT ( 'NONE',  ( 1.449747468305832898, 3.500000000000000444, 27.68750000000000355 ) ) ;
#2880 = FACE_OUTER_BOUND ( 'NONE', #2175, .T. ) ;
#2881 = CARTESIAN_POINT ( 'NONE',  ( -5.198308166785444939, -2.996644519652638117, 15.17965288156365311 ) ) ;
#2882 = LINE ( 'NONE', #3815, #3445 ) ;
#2883 = CARTESIAN_POINT ( 'NONE',  ( -4.041265874999998786, -1.673947134580575868, 23.75000000136559208 ) ) ;
#2884 = CARTESIAN_POINT ( 'NONE',  ( -1.449747468305833564, 3.500000000000000000, 27.06250000273119483 ) ) ;
#2885 = CARTESIAN_POINT ( 'NONE',  ( -3.500000000000000000, 0.000000000000000000, 32.00000000000000000 ) ) ;
#2886 = CARTESIAN_POINT ( 'NONE',  ( 7.423684977483266541E-16, -4.041265874999999674, 31.93750000136559564 ) ) ;
#2887 = CARTESIAN_POINT ( 'NONE',  ( 3.500000000000000000, 1.449747468305833564, 26.56250000000000711 ) ) ;
#2888 = CARTESIAN_POINT ( 'NONE',  ( -3.500000000000000000, 0.000000000000000000, 20.00000000000000355 ) ) ;
#2889 = CARTESIAN_POINT ( 'NONE',  ( -4.041265874999998786, -1.673947134580575868, 26.75000000136559919 ) ) ;
#2890 = CIRCLE ( 'NONE', #1901, 3.500000000000000000 ) ;
#2891 = CARTESIAN_POINT ( 'NONE',  ( -1.673947134580573648, 4.041265874999999674, 21.50000000136559564 ) ) ;
#2892 = CARTESIAN_POINT ( 'NONE',  ( -3.500000000000000000, 1.449747468305833120, 21.93750000000000355 ) ) ;
#2893 = CARTESIAN_POINT ( 'NONE',  ( 1.092146436861833658, 5.900108688871172014, 5.370380674675872434 ) ) ;
#2894 = CARTESIAN_POINT ( 'NONE',  ( -2.474873734152915894, -2.474873734152917226, 28.37500000273119127 ) ) ;
#2895 = CARTESIAN_POINT ( 'NONE',  ( -1.673947134580574092, -4.041265874999998786, 27.75000000136559919 ) ) ;
#2896 = CARTESIAN_POINT ( 'NONE',  ( 1.449747468305832898, 3.500000000000000444, 26.68750000000000355 ) ) ;
#2897 = CARTESIAN_POINT ( 'NONE',  ( 4.041265874999999674, 4.949123318322177694E-16, 28.06250000136559919 ) ) ;
#2898 = APPROVAL_ROLE ( '' ) ;
#2899 = CARTESIAN_POINT ( 'NONE',  ( 3.500000000000000000, 0.000000000000000000, 34.00000000000000000 ) ) ;
#2900 = CARTESIAN_POINT ( 'NONE',  ( 1.673947134580573426, 4.041265874999999674, 22.37500000136559919 ) ) ;
#2901 = CARTESIAN_POINT ( 'NONE',  ( -3.500000000000000000, 0.000000000000000000, 30.25000000273119127 ) ) ;
#2902 = CARTESIAN_POINT ( 'NONE',  ( -1.449747468305833564, 3.500000000000000000, 26.06250000273119127 ) ) ;
#2903 = CARTESIAN_POINT ( 'NONE',  ( 2.474873734152917226, -2.474873734152916338, 32.37500000000000000 ) ) ;
#2904 = CARTESIAN_POINT ( 'NONE',  ( -2.474873734152916782, 2.474873734152916782, 20.87500000000000355 ) ) ;
#2905 = CARTESIAN_POINT ( 'NONE',  ( -3.499999999999999556, -1.449747468305835341, 19.31250000273119483 ) ) ;
#2906 = CARTESIAN_POINT ( 'NONE',  ( 2.474873734152916338, 2.474873734152916782, 27.62500000000000355 ) ) ;
#2907 = CARTESIAN_POINT ( 'NONE',  ( 2.857606504790286994, -2.857606504790286550, 26.06250000136559919 ) ) ;
#2908 = FACE_OUTER_BOUND ( 'NONE', #2783, .T. ) ;
#2909 = CARTESIAN_POINT ( 'NONE',  ( 3.500000000000001332, -1.449747468305832454, 25.43750000000000355 ) ) ;
#2910 = DIRECTION ( 'NONE',  ( 1.000000000000000000, 0.000000000000000000, 0.000000000000000000 ) ) ;
#2911 = CARTESIAN_POINT ( 'NONE',  ( 2.474873734152916338, 2.474873734152916782, 27.87500000273119127 ) ) ;
#2912 = CARTESIAN_POINT ( 'NONE',  ( 7.423684977483266541E-16, -4.041265874999999674, 21.93750000136559564 ) ) ;
#2913 = CARTESIAN_POINT ( 'NONE',  ( 4.041265874999999674, 4.949123318322177694E-16, 30.06250000136559919 ) ) ;
#2914 = CARTESIAN_POINT ( 'NONE',  ( 2.857606504790286994, -2.857606504790286550, 26.93750000136559919 ) ) ;
#2915 = CARTESIAN_POINT ( 'NONE',  ( -1.216893427121909177, 5.875645812392041201, 15.67111881098721327 ) ) ;
#2916 = CARTESIAN_POINT ( 'NONE',  ( -4.041265874999999674, 1.673947134580573648, 22.62500000136560274 ) ) ;
#2917 = CARTESIAN_POINT ( 'NONE',  ( 3.500000000000000000, 4.286263797015736595E-16, 28.50000000000000355 ) ) ;
#2918 = CARTESIAN_POINT ( 'NONE',  ( 1.449747468305832898, 3.500000000000000000, 25.93750000273119838 ) ) ;
#2919 = CARTESIAN_POINT ( 'NONE',  ( 3.499999999999983569, -1.449747468305849107, 31.43750000000000000 ) ) ;
#2920 = CARTESIAN_POINT ( 'NONE',  ( -1.673947134580573870, 4.041265874999999674, 30.50000000136559919 ) ) ;
#2921 = CARTESIAN_POINT ( 'NONE',  ( 0.000000000000000000, 0.000000000000000000, 20.00000000000000355 ) ) ;
#2922 = CARTESIAN_POINT ( 'NONE',  ( -2.143131898507868297E-16, 3.500000000000000000, 23.75000000000000000 ) ) ;
#2923 =( BOUNDED_CURVE ( )  B_SPLINE_CURVE ( 2, ( #2367, #3612, #822, #2427, #3655, #2117, #863, #883, #1488 ),
 .UNSPECIFIED., .F., .F. ) 
 B_SPLINE_CURVE_WITH_KNOTS ( ( 3, 2, 2, 2, 3 ),
 ( 0.3214285714285713969, 0.3303571428571427937, 0.3392857142857143016, 0.3482142857142856984, 0.3571428571428572063 ),
 .UNSPECIFIED. ) 
 CURVE ( )  GEOMETRIC_REPRESENTATION_ITEM ( )  RATIONAL_B_SPLINE_CURVE ( ( 1.000000000000000444, 0.9238795325112862944, 1.000000000000000000, 0.9238795325112867385, 1.000000000000000000, 0.9238795325112867385, 1.000000000000000000, 0.9238795325112862944, 1.000000000000000444 ) ) 
 REPRESENTATION_ITEM ( '' )  );
#2924 = CARTESIAN_POINT ( 'NONE',  ( -2.474561659161088847E-16, 4.041265874999999674, 27.43750000136559919 ) ) ;
#2925 = CARTESIAN_POINT ( 'NONE',  ( 3.500000000000000000, 0.000000000000000000, 20.00000000000000355 ) ) ;
#2926 = CARTESIAN_POINT ( 'NONE',  ( -3.500000000000000000, 0.000000000000000000, 32.00000000000000000 ) ) ;
#2927 = CARTESIAN_POINT ( 'NONE',  ( 3.500000000000000000, 4.286263797015736595E-16, 32.50000000000000000 ) ) ;
#2928 = CARTESIAN_POINT ( 'NONE',  ( -2.474873734152916782, 2.474873734152916782, 30.12500000273119127 ) ) ;
#2929 = VECTOR ( 'NONE', #2023, 1000.000000000000000 ) ;
#2930 = CARTESIAN_POINT ( 'NONE',  ( 7.423684977483266541E-16, -4.041265874999999674, 22.93750000136559564 ) ) ;
#2931 = CARTESIAN_POINT ( 'NONE',  ( -4.041265874999999674, 1.673947134580573648, 30.50000000136559919 ) ) ;
#2932 = CARTESIAN_POINT ( 'NONE',  ( 7.423684977483266541E-16, -4.041265874999999674, 25.81250000136559564 ) ) ;
#2933 = ADVANCED_FACE ( 'NONE', ( #3234 ), #3176, .T. ) ;
#2934 = LINE ( 'NONE', #3892, #2564 ) ;
#2935 = CARTESIAN_POINT ( 'NONE',  ( -4.041265874999999674, 1.673947134580573648, 23.62500000136559919 ) ) ;
#2936 = LINE ( 'NONE', #3894, #3981 ) ;
#2937 = FACE_OUTER_BOUND ( 'NONE', #1262, .T. ) ;
#2938 = CARTESIAN_POINT ( 'NONE',  ( 0.6190118588276716238, 3.506154699650485540, 19.99999999999998579 ) ) ;
#2939 = CARTESIAN_POINT ( 'NONE',  ( -2.857606504790286994, 2.857606504790286994, 29.56250000136559564 ) ) ;
#2940 = CARTESIAN_POINT ( 'NONE',  ( -3.499999999999999112, -1.449747468305835341, 25.31250000273119127 ) ) ;
#2941 = DIRECTION ( 'NONE',  ( -0.000000000000000000, -0.000000000000000000, 1.000000000000000000 ) ) ;
#2942 = DIRECTION ( 'NONE',  ( -0.000000000000000000, -0.000000000000000000, 1.000000000000000000 ) ) ;
#2943 = DIRECTION ( 'NONE',  ( -0.000000000000000000, -0.000000000000000000, 1.000000000000000000 ) ) ;
#2944 =( BOUNDED_CURVE ( )  B_SPLINE_CURVE ( 2, ( #304, #879, #4026, #2113, #581, #3351, #558, #1811, #1790 ),
 .UNSPECIFIED., .F., .F. ) 
 B_SPLINE_CURVE_WITH_KNOTS ( ( 3, 2, 2, 2, 3 ),
 ( 0.03571428571428574700, 0.04464285714285718548, 0.05357142857142861703, 0.06250000000000005551, 0.07142857142857149400 ),
 .UNSPECIFIED. ) 
 CURVE ( )  GEOMETRIC_REPRESENTATION_ITEM ( )  RATIONAL_B_SPLINE_CURVE ( ( 0.9999999999999996669, 0.9238795325112870716, 1.000000000000000000, 0.9238795325112867385, 1.000000000000000000, 0.9238795325112867385, 1.000000000000000000, 0.9238795325112861834, 1.000000000000000666 ) ) 
 REPRESENTATION_ITEM ( '' )  );
#2945 = CARTESIAN_POINT ( 'NONE',  ( 1.546525464925490256, -3.733642840280322339, 19.99999999999997158 ) ) ;
#2946 = CARTESIAN_POINT ( 'NONE',  ( 1.449747468305834674, -3.499999999999999556, 29.56250000273119127 ) ) ;
#2947 = VECTOR ( 'NONE', #1772, 1000.000000000000000 ) ;
#2948 = CARTESIAN_POINT ( 'NONE',  ( 2.857606504790286994, -2.857606504790286550, 24.06250000136559564 ) ) ;
#2949 = CARTESIAN_POINT ( 'NONE',  ( 4.041265875000001451, -1.673947134580572538, 29.00000000136559564 ) ) ;
#2950 = CARTESIAN_POINT ( 'NONE',  ( -4.041265874999999674, 0.000000000000000000, 26.56250000136559919 ) ) ;
#2951 = PERSON_AND_ORGANIZATION ( #234, #3393 ) ;
#2952 = DIRECTION ( 'NONE',  ( -0.000000000000000000, -0.000000000000000000, 1.000000000000000000 ) ) ;
#2953 = CARTESIAN_POINT ( 'NONE',  ( 3.500000000000000000, 4.286263797015736595E-16, 30.50000000000000355 ) ) ;
#2954 = CARTESIAN_POINT ( 'NONE',  ( 3.500000000000021760, -1.449747468305811360, 28.43750000000000355 ) ) ;
#2955 = EDGE_CURVE ( 'NONE', #3071, #4024, #1310, .T. ) ;
#2956 = LINE ( 'NONE', #2644, #3278 ) ;
#2957 = VERTEX_POINT ( 'NONE', #2927 ) ;
#2958 = CARTESIAN_POINT ( 'NONE',  ( 4.041265875000001451, -1.673947134580572538, 30.12500000136559564 ) ) ;
#2959 = AXIS2_PLACEMENT_3D ( 'NONE', #400, #1683, #1666 ) ;
#2960 = DIRECTION ( 'NONE',  ( 0.000000000000000000, 0.000000000000000000, -1.000000000000000000 ) ) ;
#2961 = CARTESIAN_POINT ( 'NONE',  ( -5.639283980538244201, 2.054549912203856188, 18.32985986774453124 ) ) ;
#2962 = CARTESIAN_POINT ( 'NONE',  ( 3.500000000000000000, 0.000000000000000000, 20.00000000000000355 ) ) ;
#2963 = CARTESIAN_POINT ( 'NONE',  ( 6.429395695523603167E-16, -3.500000000000000000, 28.25000000000000355 ) ) ;
#2964 = CARTESIAN_POINT ( 'NONE',  ( -5.968761835731643650, 0.6299628033887900713, 7.091969684348561564 ) ) ;
#2965 = CARTESIAN_POINT ( 'NONE',  ( -1.449747468305833564, -3.500000000000000000, 23.43750000273119127 ) ) ;
#2966 = EDGE_LOOP ( 'NONE', ( #4017, #2855, #2684, #3937 ) ) ;
#2967 = CARTESIAN_POINT ( 'NONE',  ( 4.041265874999999674, 4.949123318322177694E-16, 25.18750000136559564 ) ) ;
#2968 = CARTESIAN_POINT ( 'NONE',  ( -2.857606504790286106, -2.857606504790286994, 26.68750000136559919 ) ) ;
#2969 = CARTESIAN_POINT ( 'NONE',  ( -4.041265874999999674, 1.673947134580573648, 22.50000000136559564 ) ) ;
#2970 = CARTESIAN_POINT ( 'NONE',  ( -0.1634114241445046578, 6.000000000000000888, 17.24999999999999645 ) ) ;
#2971 = CARTESIAN_POINT ( 'NONE',  ( -3.500000000000000000, 0.000000000000000000, 29.25000000273119127 ) ) ;
#2972 = CARTESIAN_POINT ( 'NONE',  ( 0.7681220519353002540, 5.951770555479772185, 16.99951947515788220 ) ) ;
#2973 = ADVANCED_FACE ( 'NONE', ( #3806 ), #1365, .T. ) ;
#2974 = CARTESIAN_POINT ( 'NONE',  ( -1.673947134580574092, -4.041265874999998786, 30.87500000136559919 ) ) ;
#2975 = CARTESIAN_POINT ( 'NONE',  ( 2.474873734152916338, 2.474873734152916782, 32.87500000273119127 ) ) ;
#2976 = CARTESIAN_POINT ( 'NONE',  ( -5.529915138505382188, 2.332979917082619981, 13.94898574179153883 ) ) ;
#2977 = CARTESIAN_POINT ( 'NONE',  ( -0.9978523008356170454, 1.851971217944700321, 6.769647391785102108 ) ) ;
#2978 = CARTESIAN_POINT ( 'NONE',  ( -2.143131898507868297E-16, 3.500000000000000000, 25.75000000000000355 ) ) ;
#2979 = CARTESIAN_POINT ( 'NONE',  ( -3.500000000000000000, 0.000000000000000000, 21.00000000000000000 ) ) ;
#2980 = CARTESIAN_POINT ( 'NONE',  ( 2.474873734152917226, -2.474873734152916338, 26.62500000273119483 ) ) ;
#2981 = ORIENTED_EDGE ( 'NONE', *, *, #1809, .T. ) ;
#2982 = CARTESIAN_POINT ( 'NONE',  ( -2.474561659161088847E-16, 4.041265874999999674, 22.43750000136559919 ) ) ;
#2983 = CARTESIAN_POINT ( 'NONE',  ( -2.857606504790286106, -2.857606504790286994, 25.68750000136559564 ) ) ;
#2984 = CARTESIAN_POINT ( 'NONE',  ( 1.673947134580573426, 4.041265874999999674, 25.25000000136559564 ) ) ;
#2985 = LINE ( 'NONE', #539, #1420 ) ;
#2986 = CARTESIAN_POINT ( 'NONE',  ( -3.500000000000000000, 0.000000000000000000, 28.00000000000000355 ) ) ;
#2987 = AXIS2_PLACEMENT_3D ( 'NONE', #2576, #152, #1384 ) ;
#2988 = VECTOR ( 'NONE', #1923, 1000.000000000000000 ) ;
#2989 = CARTESIAN_POINT ( 'NONE',  ( 1.673947134580573426, 4.041265874999999674, 31.37500000136559564 ) ) ;
#2990 = CARTESIAN_POINT ( 'NONE',  ( 3.953186755456147505, -0.3332686125015901779, 20.00000000000000355 ) ) ;
#2991 = CARTESIAN_POINT ( 'NONE',  ( 1.673947134580575424, -4.041265874999998786, 30.87500000136559919 ) ) ;
#2992 = ORIENTED_EDGE ( 'NONE', *, *, #282, .F. ) ;
#2993 =( BOUNDED_CURVE ( )  B_SPLINE_CURVE ( 2, ( #4004, #1203, #2448, #3692, #2137, #1248, #414, #2253, #376 ),
 .UNSPECIFIED., .F., .F. ) 
 B_SPLINE_CURVE_WITH_KNOTS ( ( 3, 2, 2, 2, 3 ),
 ( 0.3571428571428572063, 0.3660714285714285476, 0.3749999999999999445, 0.3839285714285713413, 0.3928571428571426827 ),
 .UNSPECIFIED. ) 
 CURVE ( )  GEOMETRIC_REPRESENTATION_ITEM ( )  RATIONAL_B_SPLINE_CURVE ( ( 0.9999999999999995559, 0.9238795325112871826, 1.000000000000000000, 0.9238795325112867385, 1.000000000000000000, 0.9238795325112867385, 1.000000000000000000, 0.9238795325112881818, 0.9999999999999985567 ) ) 
 REPRESENTATION_ITEM ( '' )  );
#2994 = CARTESIAN_POINT ( 'NONE',  ( 3.500000000000004885, 1.449747468305829123, 33.56250000000000000 ) ) ;
#2995 = EDGE_CURVE ( 'NONE', #3050, #1117, #405, .T. ) ;
#2996 = CARTESIAN_POINT ( 'NONE',  ( -3.500000000000000000, 0.000000000000000000, 24.25000000273119127 ) ) ;
#2997 = CARTESIAN_POINT ( 'NONE',  ( -3.500000000000000444, 1.449747468305833120, 27.93750000000000711 ) ) ;
#2998 = DIRECTION ( 'NONE',  ( 0.000000000000000000, 0.000000000000000000, 1.000000000000000000 ) ) ;
#2999 = CARTESIAN_POINT ( 'NONE',  ( -3.500000000000000444, 1.449747468305833120, 26.18750000273119838 ) ) ;
#3000 = VERTEX_POINT ( 'NONE', #189 ) ;
#3001 = CARTESIAN_POINT ( 'NONE',  ( -3.499999999999999112, -1.449747468305835341, 21.31250000273119127 ) ) ;
#3002 = ORIENTED_EDGE ( 'NONE', *, *, #3043, .T. ) ;
#3003 = CARTESIAN_POINT ( 'NONE',  ( 1.673947134580573426, 4.041265874999999674, 25.25000000136559564 ) ) ;
#3004 = CARTESIAN_POINT ( 'NONE',  ( 1.673947134580573426, 4.041265874999999674, 24.25000000136559564 ) ) ;
#3005 = CARTESIAN_POINT ( 'NONE',  ( -4.041265874999999674, 0.000000000000000000, 23.68750000136559564 ) ) ;
#3006 = CARTESIAN_POINT ( 'NONE',  ( 1.546525464925490256, -3.733642840280322339, 19.99999999999997158 ) ) ;
#3007 = DIRECTION ( 'NONE',  ( -0.000000000000000000, -0.000000000000000000, 1.000000000000000000 ) ) ;
#3008 = CARTESIAN_POINT ( 'NONE',  ( 4.041265875000001451, -1.673947134580572538, 33.12500000136559208 ) ) ;
#3009 = DIRECTION ( 'NONE',  ( 1.000000000000000000, 0.000000000000000000, 0.000000000000000000 ) ) ;
#3010 = ORIENTED_EDGE ( 'NONE', *, *, #1464, .T. ) ;
#3011 = CARTESIAN_POINT ( 'NONE',  ( 2.857606504790286994, -2.857606504790286550, 25.93750000136559564 ) ) ;
#3012 = CARTESIAN_POINT ( 'NONE',  ( 2.857606504790286550, 2.857606504790286994, 31.18750000136559919 ) ) ;
#3013 = ORIENTED_EDGE ( 'NONE', *, *, #2321, .F. ) ;
#3014 = DIRECTION ( 'NONE',  ( 1.000000000000000000, 0.000000000000000000, 0.000000000000000000 ) ) ;
#3015 = CARTESIAN_POINT ( 'NONE',  ( -3.499999999999999556, -1.449747468305835341, 21.06250000000000000 ) ) ;
#3016 = CARTESIAN_POINT ( 'NONE',  ( 2.474873734152917226, -2.474873734152916338, 29.37500000000000355 ) ) ;
#3017 = CARTESIAN_POINT ( 'NONE',  ( -1.449747468305833564, -3.500000000000000000, 24.43750000273119483 ) ) ;
#3018 = ORIENTED_EDGE ( 'NONE', *, *, #2441, .F. ) ;
#3019 = CARTESIAN_POINT ( 'NONE',  ( -2.060842040911430306, 0.4110145365817010066, 4.816673556901695186 ) ) ;
#3020 = ORIENTED_EDGE ( 'NONE', *, *, #2530, .F. ) ;
#3021 = CARTESIAN_POINT ( 'NONE',  ( -4.041265874999998786, -1.673947134580575868, 27.62500000136559919 ) ) ;
#3022 = CARTESIAN_POINT ( 'NONE',  ( -1.673947134580574092, -4.041265874999998786, 24.75000000136559564 ) ) ;
#3023 = CARTESIAN_POINT ( 'NONE',  ( -1.673947134580573870, 4.041265874999999674, 25.50000000136559919 ) ) ;
#3024 = DIRECTION ( 'NONE',  ( -0.000000000000000000, -0.000000000000000000, 1.000000000000000000 ) ) ;
#3025 = CARTESIAN_POINT ( 'NONE',  ( 3.500000000000000000, 0.000000000000000000, 20.00000000000000355 ) ) ;
#3026 = CARTESIAN_POINT ( 'NONE',  ( 7.423684977483266541E-16, -4.041265874999999674, 26.93750000136559919 ) ) ;
#3027 = CARTESIAN_POINT ( 'NONE',  ( 3.500000000000000000, 4.286263797015736595E-16, 33.50000000000000000 ) ) ;
#3028 = CARTESIAN_POINT ( 'NONE',  ( -2.857606504790286994, 2.857606504790286994, 25.43750000136559564 ) ) ;
#3029 = CARTESIAN_POINT ( 'NONE',  ( 1.673947134580573204, 4.041265874999999674, 30.25000000136559919 ) ) ;
#3030 = ORIENTED_EDGE ( 'NONE', *, *, #3255, .T. ) ;
#3031 = CARTESIAN_POINT ( 'NONE',  ( 0.000000000000000000, 0.000000000000000000, 20.00000000000000355 ) ) ;
#3032 = CARTESIAN_POINT ( 'NONE',  ( 2.474873734152916338, 2.474873734152916782, 32.62500000000000000 ) ) ;
#3033 = CARTESIAN_POINT ( 'NONE',  ( 2.474873734152917226, -2.474873734152916338, 23.37500000000000000 ) ) ;
#3034 = CARTESIAN_POINT ( 'NONE',  ( -2.857606504790286106, -2.857606504790286994, 31.68750000136559564 ) ) ;
#3035 = CARTESIAN_POINT ( 'NONE',  ( 3.500000000000001332, -1.449747468305832010, 23.68750000273119127 ) ) ;
#3036 = ORIENTED_EDGE ( 'NONE', *, *, #3247, .T. ) ;
#3037 = CARTESIAN_POINT ( 'NONE',  ( -2.094741266835975502, 0.1695051411479172598, 7.241217715232049379 ) ) ;
#3038 = ORIENTED_EDGE ( 'NONE', *, *, #1581, .F. ) ;
#3039 = CARTESIAN_POINT ( 'NONE',  ( -4.041265874999998786, -1.673947134580575868, 26.62500000136559919 ) ) ;
#3040 = CARTESIAN_POINT ( 'NONE',  ( -5.868330724573412205, -1.250077802930037896, 5.835561216637453086 ) ) ;
#3041 = CARTESIAN_POINT ( 'NONE',  ( 7.423684977483266541E-16, -4.041265874999999674, 24.81250000136559564 ) ) ;
#3042 =( BOUNDED_CURVE ( )  B_SPLINE_CURVE ( 2, ( #2971, #2364, #3290, #1105, #2347, #2678, #1752, #179, #1771 ),
 .UNSPECIFIED., .F., .F. ) 
 B_SPLINE_CURVE_WITH_KNOTS ( ( 3, 2, 2, 2, 3 ),
 ( 0.2857142857142856984, 0.2946428571428571508, 0.3035714285714284921, 0.3124999999999999445, 0.3214285714285713969 ),
 .UNSPECIFIED. ) 
 CURVE ( )  GEOMETRIC_REPRESENTATION_ITEM ( )  RATIONAL_B_SPLINE_CURVE ( ( 1.000000000000000000, 0.9238795325112867385, 1.000000000000000000, 0.9238795325112867385, 1.000000000000000000, 0.9238795325112867385, 1.000000000000000000, 0.9238795325112871826, 0.9999999999999995559 ) ) 
 REPRESENTATION_ITEM ( '' )  );
#3043 = EDGE_CURVE ( 'NONE', #1877, #3173, #3864, .T. ) ;
#3044 = CARTESIAN_POINT ( 'NONE',  ( -3.500000000000000000, 0.000000000000000000, 20.00000000000000355 ) ) ;
#3045 = CARTESIAN_POINT ( 'NONE',  ( 3.500000000000011990, 1.449747468305821130, 32.56250000000000000 ) ) ;
#3046 = CARTESIAN_POINT ( 'NONE',  ( -4.041265874999999674, 1.673947134580573648, 28.62500000136559919 ) ) ;
#3047 = CARTESIAN_POINT ( 'NONE',  ( 2.474873734152917226, -2.474873734152916338, 33.37500000000000000 ) ) ;
#3048 = CARTESIAN_POINT ( 'NONE',  ( 1.673947134580575424, -4.041265874999998786, 24.87500000136559564 ) ) ;
#3049 = CARTESIAN_POINT ( 'NONE',  ( 2.857606504790286994, -2.857606504790286550, 31.93750000136559564 ) ) ;
#3050 = VERTEX_POINT ( 'NONE', #1438 ) ;
#3051 = CARTESIAN_POINT ( 'NONE',  ( -3.500000000000000000, 0.000000000000000000, 28.25000000273119127 ) ) ;
#3052 = CARTESIAN_POINT ( 'NONE',  ( -2.474873734152915894, -2.474873734152917226, 30.12500000000000355 ) ) ;
#3053 = CARTESIAN_POINT ( 'NONE',  ( 1.449747468305834674, -3.499999999999999556, 22.31250000000000355 ) ) ;
#3054 = CARTESIAN_POINT ( 'NONE',  ( 2.857606504790286994, -2.857606504790286550, 31.93750000136559564 ) ) ;
#3055 = CARTESIAN_POINT ( 'NONE',  ( -1.449747468305833342, 3.500000000000000444, 22.06250000273119483 ) ) ;
#3056 = ORIENTED_EDGE ( 'NONE', *, *, #3389, .T. ) ;
#3057 = CARTESIAN_POINT ( 'NONE',  ( -2.857606504790286994, 2.857606504790286994, 33.56250000136559919 ) ) ;
#3058 = ORIENTED_EDGE ( 'NONE', *, *, #2675, .T. ) ;
#3059 = CARTESIAN_POINT ( 'NONE',  ( 4.041265874999999674, 1.673947134580573870, 23.12500000136559564 ) ) ;
#3060 = CARTESIAN_POINT ( 'NONE',  ( -6.000000000000000888, 0.000000000000000000, 6.000000000000000000 ) ) ;
#3061 = CARTESIAN_POINT ( 'NONE',  ( 2.857606504790286550, 2.857606504790286994, 21.18750000136559564 ) ) ;
#3062 = CARTESIAN_POINT ( 'NONE',  ( 2.857606504790286550, 2.857606504790286994, 32.18750000136559919 ) ) ;
#3063 = CARTESIAN_POINT ( 'NONE',  ( -2.100000000000000089, 0.08444962980125381158, 4.750000000000000000 ) ) ;
#3064 = CARTESIAN_POINT ( 'NONE',  ( -3.500000000000000000, 0.000000000000000000, 30.00000000000000355 ) ) ;
#3065 = VECTOR ( 'NONE', #3911, 1000.000000000000000 ) ;
#3066 = CARTESIAN_POINT ( 'NONE',  ( 1.529190219174742497E-16, 2.100000000000000089, 7.250000000000000888 ) ) ;
#3067 = CARTESIAN_POINT ( 'NONE',  ( -1.673947134580574092, -4.041265874999998786, 26.87500000136559919 ) ) ;
#3068 = CARTESIAN_POINT ( 'NONE',  ( 1.673947134580575424, -4.041265874999998786, 23.87500000136559564 ) ) ;
#3069 = CARTESIAN_POINT ( 'NONE',  ( 1.673947134580573426, 4.041265874999999674, 25.37500000136559919 ) ) ;
#3070 = CARTESIAN_POINT ( 'NONE',  ( 2.857606504790286550, 2.857606504790286994, 32.18750000136559919 ) ) ;
#3071 = VERTEX_POINT ( 'NONE', #1692 ) ;
#3072 = CARTESIAN_POINT ( 'NONE',  ( 3.500000000000000000, 1.449747468305833564, 25.56250000000000355 ) ) ;
#3073 = CARTESIAN_POINT ( 'NONE',  ( 1.449747468305834674, -3.499999999999999556, 31.31250000000000000 ) ) ;
#3074 = CARTESIAN_POINT ( 'NONE',  ( -2.474873734152915894, -2.474873734152917226, 22.12500000000000355 ) ) ;
#3075 = CARTESIAN_POINT ( 'NONE',  ( -1.673947134580573870, 4.041265874999999674, 31.37500000136559564 ) ) ;
#3076 = CARTESIAN_POINT ( 'NONE',  ( -1.449747468305833342, 3.500000000000000444, 20.06250000273119483 ) ) ;
#3077 = ORIENTED_EDGE ( 'NONE', *, *, #2955, .T. ) ;
#3078 = CARTESIAN_POINT ( 'NONE',  ( 1.673947134580573204, 4.041265874999999674, 32.37500000136559919 ) ) ;
#3079 = ORIENTED_EDGE ( 'NONE', *, *, #2160, .F. ) ;
#3080 = CARTESIAN_POINT ( 'NONE',  ( 4.041265874999999674, 1.673947134580573870, 22.12500000136560274 ) ) ;
#3081 = CARTESIAN_POINT ( 'NONE',  ( 1.217283505800180521, 5.875572544199750169, 6.328199954778642500 ) ) ;
#3082 = CARTESIAN_POINT ( 'NONE',  ( 6.429395695523603167E-16, -3.500000000000000000, 32.50000000273119127 ) ) ;
#3083 = CARTESIAN_POINT ( 'NONE',  ( 1.673947134580573426, 4.041265874999999674, 33.25000000136559919 ) ) ;
#3084 = CARTESIAN_POINT ( 'NONE',  ( -1.241622648495963155, 3.096595616604123524, 16.16624749090877344 ) ) ;
#3085 = CARTESIAN_POINT ( 'NONE',  ( 0.000000000000000000, 0.000000000000000000, 20.00000000000000355 ) ) ;
#3086 = CARTESIAN_POINT ( 'NONE',  ( 3.500000000000000000, 4.286263797015736595E-16, 31.75000000273119127 ) ) ;
#3087 = CARTESIAN_POINT ( 'NONE',  ( 4.041265874999999674, 4.949123318322177694E-16, 28.18750000136559919 ) ) ;
#3088 = CARTESIAN_POINT ( 'NONE',  ( -2.100000000000000089, 0.000000000000000000, 7.249999999999999112 ) ) ;
#3089 = CARTESIAN_POINT ( 'NONE',  ( -2.857606504790286994, 2.857606504790286994, 26.56250000136559919 ) ) ;
#3090 = CARTESIAN_POINT ( 'NONE',  ( -1.673947134580574092, -4.041265874999998786, 27.75000000136559919 ) ) ;
#3091 = CARTESIAN_POINT ( 'NONE',  ( -1.449747468305833786, -3.499999999999999556, 26.18750000000000711 ) ) ;
#3092 = VERTEX_POINT ( 'NONE', #2011 ) ;
#3093 = CARTESIAN_POINT ( 'NONE',  ( -0.6299628033887902934, 5.968761835731644538, 7.091969684348563341 ) ) ;
#3094 = CARTESIAN_POINT ( 'NONE',  ( 1.449747468305832898, 3.500000000000000444, 32.68750000000000711 ) ) ;
#3095 = CARTESIAN_POINT ( 'NONE',  ( -2.474873734152916782, 2.474873734152916782, 22.87500000000000355 ) ) ;
#3096 = EDGE_CURVE ( 'NONE', #253, #2224, #1950, .T. ) ;
#3097 = CARTESIAN_POINT ( 'NONE',  ( -5.999999999999999112, 0.1634114241445050186, 7.249999999999997335 ) ) ;
#3098 = CARTESIAN_POINT ( 'NONE',  ( 1.449747468305832898, 3.500000000000000444, 20.93750000273118772 ) ) ;
#3099 = CARTESIAN_POINT ( 'NONE',  ( -2.143131898507868297E-16, 3.500000000000000000, 32.00000000273119127 ) ) ;
#3101 = EDGE_LOOP ( 'NONE', ( #2105, #3334, #2776, #1459 ) ) ;
#3100 = B_SPLINE_CURVE_WITH_KNOTS ( 'NONE', 3,
 ( #2183, #2787, #3136, #1, #3439, #1295, #997, #654, #677, #3792, #3181, #1227, #2840, #1625, #2881, #1645, #3506, #717, #1949, #3201, #415, #1874, #3123, #3189, #80, #2573, #2507, #3800, #14, #2550, #3821, #936, #1542, #387 ),
 .UNSPECIFIED., .F., .F.,
 ( 4, 2, 2, 2, 2, 2, 2, 2, 2, 2, 2, 2, 2, 2, 2, 2, 4 ),
 ( 0.009874004311465426828, 0.01048991624799605442, 0.01110582818452668201, 0.01172174012105730960, 0.01233765205758793719, 0.01295356399411856478, 0.01356947593064919064, 0.01418538786717981823, 0.01480129980371044582, 0.01541721174024107341, 0.01603312367677170100, 0.01664903561330232859, 0.01726494754983295618, 0.01788085948636358377, 0.01849677142289421136, 0.01911268335942483895, 0.01972859529595546654 ),
 .UNSPECIFIED. ) ;
#3102 = CARTESIAN_POINT ( 'NONE',  ( -1.673947134580573648, 4.041265874999999674, 31.50000000136559564 ) ) ;
#3103 = ORIENTED_EDGE ( 'NONE', *, *, #2445, .F. ) ;
#3104 = CARTESIAN_POINT ( 'NONE',  ( 2.857606504790286550, 2.857606504790286994, 23.31250000136559564 ) ) ;
#3105 = CARTESIAN_POINT ( 'NONE',  ( 7.423684977483266541E-16, -4.041265874999999674, 22.81250000136559564 ) ) ;
#3106 = LINE ( 'NONE', #4022, #3785 ) ;
#3107 = CARTESIAN_POINT ( 'NONE',  ( 4.041265874999999674, 4.949123318322177694E-16, 21.06250000136559564 ) ) ;
#3108 = CARTESIAN_POINT ( 'NONE',  ( 1.673947134580575424, -4.041265874999998786, 31.87500000136559208 ) ) ;
#3109 = DIRECTION ( 'NONE',  ( -1.000000000000000000, 0.000000000000000000, 0.000000000000000000 ) ) ;
#3110 = LINE ( 'NONE', #1557, #803 ) ;
#3111 = CARTESIAN_POINT ( 'NONE',  ( 2.857606504790286550, 2.857606504790286994, 29.31250000136559564 ) ) ;
#3112 = CARTESIAN_POINT ( 'NONE',  ( 1.673947134580575424, -4.041265874999998786, 21.87500000136560274 ) ) ;
#3113 = CARTESIAN_POINT ( 'NONE',  ( -2.474561659161088847E-16, 4.041265874999999674, 28.43750000136559564 ) ) ;
#3114 = CARTESIAN_POINT ( 'NONE',  ( -2.857606504790286106, -2.857606504790286994, 27.68750000136559919 ) ) ;
#3115 = CARTESIAN_POINT ( 'NONE',  ( 0.000000000000000000, 6.000000000000000888, 14.75000000000000000 ) ) ;
#3116 = EDGE_CURVE ( 'NONE', #571, #780, #181, .T. ) ;
#3117 = AXIS2_PLACEMENT_3D ( 'NONE', #1917, #703, #2259 ) ;
#3118 = DIRECTION ( 'NONE',  ( -1.000000000000000000, 0.000000000000000000, 0.000000000000000000 ) ) ;
#3119 = CARTESIAN_POINT ( 'NONE',  ( 2.474873734152917226, -2.474873734152916338, 29.37500000000000355 ) ) ;
#3120 = CARTESIAN_POINT ( 'NONE',  ( -1.673947134580573870, 4.041265874999999674, 33.50000000136559919 ) ) ;
#3121 = CARTESIAN_POINT ( 'NONE',  ( -1.673947134580573870, 4.041265874999999674, 33.37500000136559919 ) ) ;
#3122 = CARTESIAN_POINT ( 'NONE',  ( -3.500000000000000444, 1.449747468305833120, 21.18750000273119127 ) ) ;
#3123 = CARTESIAN_POINT ( 'NONE',  ( -5.366807160965777257, -2.685613066746985300, 17.56117949563935809 ) ) ;
#3124 = VERTEX_POINT ( 'NONE', #2979 ) ;
#3125 = CARTESIAN_POINT ( 'NONE',  ( -1.673947134580574092, -4.041265874999998786, 29.87500000136559564 ) ) ;
#3126 = EDGE_LOOP ( 'NONE', ( #1519, #334, #595, #1194 ) ) ;
#3127 = VECTOR ( 'NONE', #1458, 1000.000000000000000 ) ;
#3128 = CARTESIAN_POINT ( 'NONE',  ( 1.673947134580575424, -4.041265874999998786, 24.00000000136559564 ) ) ;
#3129 = CARTESIAN_POINT ( 'NONE',  ( 2.857606504790286550, 2.857606504790286994, 23.18750000136559564 ) ) ;
#3130 = AXIS2_PLACEMENT_3D ( 'NONE', #236, #3648, #110 ) ;
#3131 = CARTESIAN_POINT ( 'NONE',  ( -5.951770555479772185, -0.7681220519353001430, 6.999519475157878645 ) ) ;
#3132 = CARTESIAN_POINT ( 'NONE',  ( -4.041265874999998786, -1.673947134580575868, 19.62500000136560629 ) ) ;
#3133 = ORIENTED_EDGE ( 'NONE', *, *, #3271, .T. ) ;
#3134 = CARTESIAN_POINT ( 'NONE',  ( -2.474561659161088847E-16, 4.041265874999999674, 21.43750000136559564 ) ) ;
#3135 =( LENGTH_UNIT ( ) NAMED_UNIT ( * ) SI_UNIT ( .MILLI., .METRE. ) );
#3136 = CARTESIAN_POINT ( 'NONE',  ( -5.989023754804995825, -0.4152230219290555246, 12.92109820224750116 ) ) ;
#3137 = CARTESIAN_POINT ( 'NONE',  ( -1.673947134580574092, -4.041265874999998786, 25.87500000136559919 ) ) ;
#3138 = CARTESIAN_POINT ( 'NONE',  ( 4.041265875000000563, -1.673947134580572538, 22.00000000136559564 ) ) ;
#3139 = CARTESIAN_POINT ( 'NONE',  ( 4.041265875000001451, -1.673947134580572538, 26.12500000136559919 ) ) ;
#3140 = CARTESIAN_POINT ( 'NONE',  ( -2.474561659161088847E-16, 4.041265874999999674, 27.31250000136559919 ) ) ;
#3141 = CARTESIAN_POINT ( 'NONE',  ( -2.474873734152916782, 2.474873734152916782, 25.12500000273119127 ) ) ;
#3142 = CARTESIAN_POINT ( 'NONE',  ( 3.500000000000000000, 4.286263797015736595E-16, 23.50000000000000000 ) ) ;
#3143 = CARTESIAN_POINT ( 'NONE',  ( 3.500000000000021760, -1.449747468305811360, 27.68750000273119483 ) ) ;
#3144 = CARTESIAN_POINT ( 'NONE',  ( 1.449747468305834897, -3.499999999999999112, 27.31250000000000355 ) ) ;
#3145 = CARTESIAN_POINT ( 'NONE',  ( 1.673947134580573426, 4.041265874999999674, 32.37500000136559919 ) ) ;
#3146 = CARTESIAN_POINT ( 'NONE',  ( 1.449747468305832898, 3.500000000000000444, 22.93750000273119127 ) ) ;
#3147 = CARTESIAN_POINT ( 'NONE',  ( -1.714375225747182263, -1.215162229938041127, 5.664821123195880936 ) ) ;
#3148 = EDGE_LOOP ( 'NONE', ( #963, #791, #937, #798, #3002, #2462 ) ) ;
#3149 = CARTESIAN_POINT ( 'NONE',  ( -4.041265874999999674, 1.673947134580573426, 30.62500000136559919 ) ) ;
#3150 = EDGE_LOOP ( 'NONE', ( #3789, #2866 ) ) ;
#3151 = CARTESIAN_POINT ( 'NONE',  ( 4.041265875000001451, -1.673947134580572538, 23.12500000136559564 ) ) ;
#3152 = CARTESIAN_POINT ( 'NONE',  ( -2.857606504790286994, 2.857606504790286994, 21.43750000136559564 ) ) ;
#3153 = AXIS2_PLACEMENT_3D ( 'NONE', #3491, #3166, #3205 ) ;
#3154 = DIRECTION ( 'NONE',  ( 0.000000000000000000, 0.000000000000000000, -1.000000000000000000 ) ) ;
#3155 = CARTESIAN_POINT ( 'NONE',  ( 4.041265874999999674, 4.949123318322177694E-16, 20.06250000136559919 ) ) ;
#3156 = ADVANCED_FACE ( 'NONE', ( #173, #2339 ), #3569, .T. ) ;
#3157 = CARTESIAN_POINT ( 'NONE',  ( -1.673947134580574092, -4.041265874999998786, 20.87500000136560274 ) ) ;
#3158 = EDGE_CURVE ( 'NONE', #1705, #1802, #625, .T. ) ;
#3159 = DATE_AND_TIME ( #109, #1315 ) ;
#3160 = CARTESIAN_POINT ( 'NONE',  ( -2.857606504790286994, 2.857606504790286994, 20.43750000136559919 ) ) ;
#3161 = CARTESIAN_POINT ( 'NONE',  ( -4.041265874999999674, 0.000000000000000000, 27.68750000136559919 ) ) ;
#3162 = CARTESIAN_POINT ( 'NONE',  ( 1.673947134580575424, -4.041265874999998786, 29.87500000136559564 ) ) ;
#3163 = CARTESIAN_POINT ( 'NONE',  ( 0.000000000000000000, 0.000000000000000000, 34.00000000000000000 ) ) ;
#3164 = CARTESIAN_POINT ( 'NONE',  ( 6.429395695523603167E-16, -3.500000000000000000, 26.25000000000000355 ) ) ;
#3165 = VERTEX_POINT ( 'NONE', #316 ) ;
#3166 = DIRECTION ( 'NONE',  ( -0.000000000000000000, 0.000000000000000000, 1.000000000000000000 ) ) ;
#3167 = B_SPLINE_CURVE_WITH_KNOTS ( 'NONE', 3,
 ( #258, #3063, #280, #1232, #3019, #1424, #2419, #1766, #572, #273, #2086, #3384, #894, #3363, #3344, #2753, #2360, #514, #1478, #3037, #213, #1785 ),
 .UNSPECIFIED., .F., .F.,
 ( 4, 2, 2, 2, 2, 2, 2, 2, 2, 2, 4 ),
 ( 0.004008400130387760989, 0.004258440454670155313, 0.004508480778952549638, 0.005008561427517339154, 0.005508642076082127803, 0.006008722724646916452, 0.006508803373211705101, 0.007008884021776493750, 0.007508964670341282399, 0.007759004994623678458, 0.008009045318906072783 ),
 .UNSPECIFIED. ) ;
#3168 = CARTESIAN_POINT ( 'NONE',  ( 3.499999999999989342, -1.449747468305844444, 32.43750000000000711 ) ) ;
#3169 = CARTESIAN_POINT ( 'NONE',  ( -1.673947134580573870, 4.041265874999999674, 31.50000000136559564 ) ) ;
#3170 = CARTESIAN_POINT ( 'NONE',  ( 1.449747468305834897, -3.499999999999999112, 25.56250000273119127 ) ) ;
#3171 = CARTESIAN_POINT ( 'NONE',  ( -2.100000000000000533, -0.1692266577791242399, 4.750000000000001776 ) ) ;
#3172 = CARTESIAN_POINT ( 'NONE',  ( -1.673947134580573648, 4.041265874999999674, 28.50000000136559564 ) ) ;
#3173 = VERTEX_POINT ( 'NONE', #2415 ) ;
#3174 = CARTESIAN_POINT ( 'NONE',  ( -1.673947134580573648, 4.041265874999999674, 20.50000000136560274 ) ) ;
#3175 = CARTESIAN_POINT ( 'NONE',  ( 6.429395695523603167E-16, -3.500000000000000000, 25.25000000000000000 ) ) ;
#3176 = PLANE ( 'NONE',  #3256 ) ;
#3177 = CARTESIAN_POINT ( 'NONE',  ( -3.500000000000000000, 0.000000000000000000, 30.25000000273119127 ) ) ;
#3178 = ADVANCED_FACE ( 'NONE', ( #3953 ), #1088, .F. ) ;
#3179 = CARTESIAN_POINT ( 'NONE',  ( 2.857606504790286994, -2.857606504790286550, 30.93750000136559919 ) ) ;
#3180 = ADVANCED_FACE ( 'NONE', ( #2592 ), #3777, .T. ) ;
#3181 = CARTESIAN_POINT ( 'NONE',  ( -5.473201505120214527, -2.461574116654076327, 14.10507077287675948 ) ) ;
#3182 = CARTESIAN_POINT ( 'NONE',  ( -4.041265874999999674, 1.673947134580573426, 20.50000000136560274 ) ) ;
#3183 = CARTESIAN_POINT ( 'NONE',  ( -2.474561659161088847E-16, 4.041265874999999674, 21.43750000136559564 ) ) ;
#3184 = CARTESIAN_POINT ( 'NONE',  ( -3.500000000000000000, 0.000000000000000000, 30.25000000273119127 ) ) ;
#3185 = CARTESIAN_POINT ( 'NONE',  ( 0.000000000000000000, 6.000000000000000888, 4.749999999999999112 ) ) ;
#3186 = LINE ( 'NONE', #3838, #2721 ) ;
#3187 = CARTESIAN_POINT ( 'NONE',  ( -3.500000000000000000, 0.000000000000000000, 20.00000000000000355 ) ) ;
#3188 = CARTESIAN_POINT ( 'NONE',  ( -1.449747468305833786, -3.499999999999999556, 22.18750000000000355 ) ) ;
#3189 = CARTESIAN_POINT ( 'NONE',  ( -5.472387647817674505, -2.463353421514708597, 17.89253504131328754 ) ) ;
#3190 = AXIS2_PLACEMENT_3D ( 'NONE', #1431, #1722, #1757 ) ;
#3191 = CARTESIAN_POINT ( 'NONE',  ( 4.041265874999999674, 4.949123318322177694E-16, 27.18750000136559919 ) ) ;
#3192 = CARTESIAN_POINT ( 'NONE',  ( 0.000000000000000000, 0.000000000000000000, 20.00000000000000355 ) ) ;
#3193 = CARTESIAN_POINT ( 'NONE',  ( -1.449747468305833564, 3.500000000000000000, 23.06250000273119127 ) ) ;
#3194 = CARTESIAN_POINT ( 'NONE',  ( -3.499999999999985789, -1.449747468305849107, 21.06250000000000355 ) ) ;
#3195 = CARTESIAN_POINT ( 'NONE',  ( -3.499999999999999556, -1.449747468305835341, 31.31250000273118772 ) ) ;
#3196 = AXIS2_PLACEMENT_3D ( 'NONE', #2305, #2998, #1995 ) ;
#3197 = CARTESIAN_POINT ( 'NONE',  ( -2.857606504790286994, 2.857606504790286994, 29.43750000136559564 ) ) ;
#3198 = CARTESIAN_POINT ( 'NONE',  ( 1.449747468305834674, -3.499999999999999556, 27.31250000000000355 ) ) ;
#3199 = CARTESIAN_POINT ( 'NONE',  ( -2.857606504790286106, -2.857606504790286994, 27.68750000136559919 ) ) ;
#3200 = PERSON_AND_ORGANIZATION_ROLE ( 'design_owner' ) ;
#3201 = CARTESIAN_POINT ( 'NONE',  ( -5.197252404183980268, -2.998463458842047569, 16.81334055277368833 ) ) ;
#3202 = CARTESIAN_POINT ( 'NONE',  ( 0.7715236709059931641, 1.957144258141034321, 5.003466625489981112 ) ) ;
#3203 = CARTESIAN_POINT ( 'NONE',  ( -4.041265874999998786, -1.673947134580575868, 20.75000000136559564 ) ) ;
#3204 = DIRECTION ( 'NONE',  ( 1.000000000000000000, 0.000000000000000000, 0.000000000000000000 ) ) ;
#3205 = DIRECTION ( 'NONE',  ( 1.000000000000000000, 0.000000000000000000, 0.000000000000000000 ) ) ;
#3206 = CARTESIAN_POINT ( 'NONE',  ( -6.000000000000000888, 0.000000000000000000, 4.750000000000000000 ) ) ;
#3207 = CARTESIAN_POINT ( 'NONE',  ( -2.474873734152915894, -2.474873734152917226, 20.12500000000000355 ) ) ;
#3208 = CARTESIAN_POINT ( 'NONE',  ( -2.143131898507868297E-16, 3.500000000000000000, 26.75000000000000355 ) ) ;
#3209 = DIRECTION ( 'NONE',  ( 1.000000000000000000, 0.000000000000000000, 0.000000000000000000 ) ) ;
#3210 =( BOUNDED_CURVE ( )  B_SPLINE_CURVE ( 2, ( #2646, #1094, #1670, #117, #2922, #1360, #3581, #2319, #2613 ),
 .UNSPECIFIED., .F., .F. ) 
 B_SPLINE_CURVE_WITH_KNOTS ( ( 3, 2, 2, 2, 3 ),
 ( 0.7142857142857144126, 0.7232142857142858094, 0.7321428571428572063, 0.7410714285714287142, 0.7500000000000001110 ),
 .UNSPECIFIED. ) 
 CURVE ( )  GEOMETRIC_REPRESENTATION_ITEM ( )  RATIONAL_B_SPLINE_CURVE ( ( 0.9999999999999990008, 0.9238795325112877377, 1.000000000000000000, 0.9238795325112867385, 1.000000000000000000, 0.9238795325112867385, 1.000000000000000000, 0.9238795325112857393, 1.000000000000000888 ) ) 
 REPRESENTATION_ITEM ( '' )  );
#3211 = ADVANCED_FACE ( 'NONE', ( #1304 ), #1669, .T. ) ;
#3212 = CARTESIAN_POINT ( 'NONE',  ( 2.857606504790286550, 2.857606504790286994, 26.31250000136559919 ) ) ;
#3213 = CARTESIAN_POINT ( 'NONE',  ( -2.474561659161088847E-16, 4.041265874999999674, 21.43750000136559564 ) ) ;
#3214 = CARTESIAN_POINT ( 'NONE',  ( -6.000000000000000888, 0.000000000000000000, 4.750000000000000000 ) ) ;
#3215 = CARTESIAN_POINT ( 'NONE',  ( 2.474873734152916338, 2.474873734152916782, 30.87500000273119483 ) ) ;
#3216 = CARTESIAN_POINT ( 'NONE',  ( -3.500000000000000444, 1.449747468305833120, 29.18750000273119483 ) ) ;
#3217 = CARTESIAN_POINT ( 'NONE',  ( 2.857606504790286550, 2.857606504790286994, 22.31250000136559919 ) ) ;
#3218 = CARTESIAN_POINT ( 'NONE',  ( 7.423684977483266541E-16, -4.041265874999999674, 28.81250000136559564 ) ) ;
#3219 = CARTESIAN_POINT ( 'NONE',  ( -4.041265874999999674, 0.000000000000000000, 29.56250000136559564 ) ) ;
#3220 = DATE_TIME_ROLE ( 'classification_date' ) ;
#3221 = CARTESIAN_POINT ( 'NONE',  ( -0.7676516456877635619, 5.951848298472884657, 17.00009069290421593 ) ) ;
#3222 = CARTESIAN_POINT ( 'NONE',  ( 4.041265874999999674, 1.673947134580573870, 24.25000000136559564 ) ) ;
#3223 = CARTESIAN_POINT ( 'NONE',  ( 1.528722718240420924E-16, 2.836811590500855740, 17.25000000000000000 ) ) ;
#3224 = CARTESIAN_POINT ( 'NONE',  ( 1.449747468305832898, 3.500000000000000000, 20.93750000273119127 ) ) ;
#3225 = EDGE_CURVE ( 'NONE', #232, #2799, #2354, .T. ) ;
#3226 = CARTESIAN_POINT ( 'NONE',  ( 3.500000000000000000, 4.286263797015736595E-16, 27.50000000000000355 ) ) ;
#3227 = CARTESIAN_POINT ( 'NONE',  ( 4.041265874999999674, 1.673947134580573870, 30.25000000136559564 ) ) ;
#3228 = CARTESIAN_POINT ( 'NONE',  ( -2.143131898507868297E-16, 3.500000000000000000, 27.75000000000000355 ) ) ;
#3229 = CARTESIAN_POINT ( 'NONE',  ( -1.673947134580574092, -4.041265874999998786, 27.87500000136559919 ) ) ;
#3230 = CARTESIAN_POINT ( 'NONE',  ( 1.673947134580573204, 4.041265874999999674, 21.37500000136559919 ) ) ;
#3231 = EDGE_CURVE ( 'NONE', #1176, #2672, #1373, .T. ) ;
#3232 = CARTESIAN_POINT ( 'NONE',  ( 2.474873734152916338, 2.474873734152916782, 21.62500000000000355 ) ) ;
#3233 =( BOUNDED_CURVE ( )  B_SPLINE_CURVE ( 2, ( #3357, #2122, #1189, #4012, #3702, #888, #1820, #3072, #291 ),
 .UNSPECIFIED., .F., .F. ) 
 B_SPLINE_CURVE_WITH_KNOTS ( ( 3, 2, 2, 2, 3 ),
 ( 0.5714285714285713969, 0.5803571428571429047, 0.5892857142857143016, 0.5982142857142856984, 0.6071428571428570953 ),
 .UNSPECIFIED. ) 
 CURVE ( )  GEOMETRIC_REPRESENTATION_ITEM ( )  RATIONAL_B_SPLINE_CURVE ( ( 1.000000000000000000, 0.9238795325112867385, 1.000000000000000000, 0.9238795325112867385, 1.000000000000000000, 0.9238795325112867385, 1.000000000000000000, 0.9238795325112867385, 1.000000000000000000 ) ) 
 REPRESENTATION_ITEM ( '' )  );
#3234 = FACE_OUTER_BOUND ( 'NONE', #1219, .T. ) ;
#3235 = CARTESIAN_POINT ( 'NONE',  ( 1.449747468305834674, -3.499999999999999556, 27.56250000273119483 ) ) ;
#3236 = CARTESIAN_POINT ( 'NONE',  ( 4.041265874999999674, 1.673947134580573648, 24.25000000136559564 ) ) ;
#3237 = CARTESIAN_POINT ( 'NONE',  ( 4.041265874999999674, 1.673947134580573870, 29.12500000136559919 ) ) ;
#3238 = CARTESIAN_POINT ( 'NONE',  ( -2.474561659161088847E-16, 4.041265874999999674, 27.31250000136559919 ) ) ;
#3239 = CARTESIAN_POINT ( 'NONE',  ( -3.500000000000000000, 0.000000000000000000, 27.00000000000000355 ) ) ;
#3240 = CARTESIAN_POINT ( 'NONE',  ( -1.673947134580574092, -4.041265874999998786, 21.87500000136560274 ) ) ;
#3241 = CARTESIAN_POINT ( 'NONE',  ( 0.9986844538568122598, 5.917449923182282134, 16.76920740344454686 ) ) ;
#3242 = CARTESIAN_POINT ( 'NONE',  ( 3.500000000000000000, 4.286263797015736595E-16, 20.75000000273119127 ) ) ;
#3243 = CARTESIAN_POINT ( 'NONE',  ( 1.226942514041088339, 3.383330101538624124, 20.00000000000001066 ) ) ;
#3244 = CARTESIAN_POINT ( 'NONE',  ( 1.673947134580575424, -4.041265874999998786, 29.00000000136559564 ) ) ;
#3245 = CARTESIAN_POINT ( 'NONE',  ( 6.429395695523603167E-16, -3.500000000000000000, 22.25000000000000355 ) ) ;
#3246 = CYLINDRICAL_SURFACE ( 'NONE', #652, 2.100000000000000089 ) ;
#3247 = EDGE_CURVE ( 'NONE', #589, #3483, #2088, .T. ) ;
#3248 = CARTESIAN_POINT ( 'NONE',  ( -4.041265874999999674, 0.000000000000000000, 20.68750000136559564 ) ) ;
#3249 = CARTESIAN_POINT ( 'NONE',  ( 2.474873734152917226, -2.474873734152916338, 29.62500000273119127 ) ) ;
#3250 = CARTESIAN_POINT ( 'NONE',  ( 3.500000000000000000, 4.286263797015736595E-16, 29.50000000000000355 ) ) ;
#3251 = CARTESIAN_POINT ( 'NONE',  ( 3.500000000000000444, 1.449747468305833342, 29.81250000273119127 ) ) ;
#3252 = CARTESIAN_POINT ( 'NONE',  ( 7.423684977483266541E-16, -4.041265874999999674, 24.93750000136559564 ) ) ;
#3253 = CARTESIAN_POINT ( 'NONE',  ( -1.673947134580573870, 4.041265874999999674, 31.37500000136559564 ) ) ;
#3254 = CARTESIAN_POINT ( 'NONE',  ( -2.474561659161088847E-16, 4.041265874999999674, 28.31250000136559564 ) ) ;
#3255 = EDGE_CURVE ( 'NONE', #552, #1882, #1496, .T. ) ;
#3256 = AXIS2_PLACEMENT_3D ( 'NONE', #1657, #392, #445 ) ;
#3257 = CARTESIAN_POINT ( 'NONE',  ( 0.1674389874724593608, 2.094926799166128006, 7.241530731943508492 ) ) ;
#3258 = CARTESIAN_POINT ( 'NONE',  ( 2.857606504790286550, 2.857606504790286994, 22.31250000136559919 ) ) ;
#3259 = CARTESIAN_POINT ( 'NONE',  ( 1.673947134580573426, 4.041265874999999674, 33.37500000136559919 ) ) ;
#3260 = CARTESIAN_POINT ( 'NONE',  ( -3.500000000000000000, 0.000000000000000000, 31.00000000000000355 ) ) ;
#3261 = CARTESIAN_POINT ( 'NONE',  ( -4.041265874999999674, 1.673947134580573648, 30.62500000136559564 ) ) ;
#3262 = CARTESIAN_POINT ( 'NONE',  ( -5.197408368503290355, 2.998191966732564495, 15.18587679676283564 ) ) ;
#3263 = CARTESIAN_POINT ( 'NONE',  ( 1.249914042830687855, 3.099965339854994006, 15.83417049925345310 ) ) ;
#3264 = CARTESIAN_POINT ( 'NONE',  ( -1.449747468305833564, -3.500000000000000000, 26.18750000000000355 ) ) ;
#3265 = CARTESIAN_POINT ( 'NONE',  ( 1.250636924471529632, -3.832622560277329171, 20.00000000000000355 ) ) ;
#3266 = CARTESIAN_POINT ( 'NONE',  ( -2.474873734152915894, -2.474873734152917226, 24.37500000273119127 ) ) ;
#3267 = VERTEX_POINT ( 'NONE', #1006 ) ;
#3268 = VECTOR ( 'NONE', #2763, 1000.000000000000000 ) ;
#3269 = CARTESIAN_POINT ( 'NONE',  ( 1.673947134580573204, 4.041265874999999674, 25.37500000136559564 ) ) ;
#3270 = CARTESIAN_POINT ( 'NONE',  ( 4.041265874999999674, 1.673947134580573870, 24.12500000136559919 ) ) ;
#3271 = EDGE_CURVE ( 'NONE', #2431, #2157, #1927, .T. ) ;
#3272 = CARTESIAN_POINT ( 'NONE',  ( -4.041265874999999674, 1.673947134580573648, 29.50000000136559564 ) ) ;
#3273 = CARTESIAN_POINT ( 'NONE',  ( 1.249972796626939608, 1.687473854267776296, 6.168182996326380341 ) ) ;
#3274 = CARTESIAN_POINT ( 'NONE',  ( 3.500000000000000000, 4.286263797015736595E-16, 23.75000000273119127 ) ) ;
#3275 = CARTESIAN_POINT ( 'NONE',  ( -1.449747468305833564, 3.500000000000000000, 24.81250000000000000 ) ) ;
#3276 = CARTESIAN_POINT ( 'NONE',  ( -2.474561659161088847E-16, 4.041265874999999674, 31.43750000136559564 ) ) ;
#3277 = CARTESIAN_POINT ( 'NONE',  ( 3.733642814419390721, -1.546525527359302599, 20.00000000000019185 ) ) ;
#3278 = VECTOR ( 'NONE', #2627, 1000.000000000000000 ) ;
#3279 = DIRECTION ( 'NONE',  ( 0.000000000000000000, 0.000000000000000000, 1.000000000000000000 ) ) ;
#3280 = CARTESIAN_POINT ( 'NONE',  ( -6.000000000000000888, 0.2089105103119915374, 19.10000000000000142 ) ) ;
#3281 = CARTESIAN_POINT ( 'NONE',  ( -2.474873734152915894, -2.474873734152917226, 20.37500000273119127 ) ) ;
#3282 = CARTESIAN_POINT ( 'NONE',  ( 1.449747468305834674, -3.499999999999999556, 26.31250000000000355 ) ) ;
#3283 = CARTESIAN_POINT ( 'NONE',  ( -3.500000000000005773, -1.449747468305828013, 29.06250000000000000 ) ) ;
#3284 = CARTESIAN_POINT ( 'NONE',  ( 1.449747468305832898, 3.500000000000000444, 24.93750000273119483 ) ) ;
#3285 = ORIENTED_EDGE ( 'NONE', *, *, #1844, .T. ) ;
#3286 = CARTESIAN_POINT ( 'NONE',  ( -4.041265874999999674, 1.673947134580573426, 22.62500000136560274 ) ) ;
#3287 = CARTESIAN_POINT ( 'NONE',  ( -4.041265874999999674, 1.673947134580573648, 26.50000000136559564 ) ) ;
#3288 = CARTESIAN_POINT ( 'NONE',  ( 4.041265875000001451, -1.673947134580572538, 22.00000000136559564 ) ) ;
#3289 = ADVANCED_FACE ( 'NONE', ( #1323 ), #3878, .T. ) ;
#3290 = CARTESIAN_POINT ( 'NONE',  ( -2.474873734152916782, 2.474873734152916782, 29.12500000273119127 ) ) ;
#3291 = CARTESIAN_POINT ( 'NONE',  ( 1.530808498934192310E-16, 6.000000000000000888, 7.250000000000000888 ) ) ;
#3292 = ADVANCED_FACE ( 'NONE', ( #1078 ), #1381, .T. ) ;
#3293 = CARTESIAN_POINT ( 'NONE',  ( -4.041265874999998786, -1.673947134580575868, 32.75000000136559919 ) ) ;
#3294 = CARTESIAN_POINT ( 'NONE',  ( 3.500000000000004885, 1.449747468305829123, 32.81250000273119127 ) ) ;
#3295 = CARTESIAN_POINT ( 'NONE',  ( 3.499999999999999556, 4.286263797015736595E-16, 29.50000000000000355 ) ) ;
#3296 = ORIENTED_EDGE ( 'NONE', *, *, #3415, .T. ) ;
#3297 = ADVANCED_FACE ( 'NONE', ( #700 ), #739, .T. ) ;
#3298 = CARTESIAN_POINT ( 'NONE',  ( -2.474873734152916782, 2.474873734152916782, 33.87500000000000000 ) ) ;
#3299 = LINE ( 'NONE', #2962, #3598 ) ;
#3300 = CARTESIAN_POINT ( 'NONE',  ( 3.500000000000000444, 1.449747468305833342, 25.56250000000000355 ) ) ;
#3301 = CARTESIAN_POINT ( 'NONE',  ( -5.917380509007153400, 0.9990562021281860217, 5.231348794313734452 ) ) ;
#3302 = CARTESIAN_POINT ( 'NONE',  ( 6.429395695523603167E-16, -3.500000000000000000, 26.50000000273119127 ) ) ;
#3303 = ORIENTED_EDGE ( 'NONE', *, *, #2036, .F. ) ;
#3304 = CARTESIAN_POINT ( 'NONE',  ( 2.857606504790286994, -2.857606504790286550, 32.06250000136559919 ) ) ;
#3305 = CARTESIAN_POINT ( 'NONE',  ( -2.474561659161088847E-16, 4.041265874999999674, 26.31250000136559919 ) ) ;
#3306 = CARTESIAN_POINT ( 'NONE',  ( 2.857606504790286994, -2.857606504790286550, 22.93750000136559564 ) ) ;
#3307 = VECTOR ( 'NONE', #741, 1000.000000000000000 ) ;
#3308 = CARTESIAN_POINT ( 'NONE',  ( -4.041265874999999674, 0.000000000000000000, 19.68750000136559919 ) ) ;
#3309 = CARTESIAN_POINT ( 'NONE',  ( 1.449747468305832898, 3.500000000000000000, 32.68750000000000000 ) ) ;
#3310 = AXIS2_PLACEMENT_3D ( 'NONE', #3031, #793, #3014 ) ;
#3311 = AXIS2_PLACEMENT_3D ( 'NONE', #3163, #380, #3204 ) ;
#3312 = CARTESIAN_POINT ( 'NONE',  ( 2.857606504790286994, -2.857606504790286550, 33.06250000136559919 ) ) ;
#3313 = CYLINDRICAL_SURFACE ( 'NONE', #1415, 3.500000000000000000 ) ;
#3314 = VERTEX_POINT ( 'NONE', #3184 ) ;
#3315 = CARTESIAN_POINT ( 'NONE',  ( 1.673947134580575424, -4.041265874999998786, 26.87500000136559919 ) ) ;
#3316 = CARTESIAN_POINT ( 'NONE',  ( -4.041265874999999674, 0.000000000000000000, 32.56250000136559919 ) ) ;
#3317 = VERTEX_POINT ( 'NONE', #3746 ) ;
#3318 = DIRECTION ( 'NONE',  ( 0.000000000000000000, 0.000000000000000000, 1.000000000000000000 ) ) ;
#3319 = APPLICATION_CONTEXT ( 'configuration controlled 3d designs of mechanical parts and assemblies' ) ;
#3320 = CARTESIAN_POINT ( 'NONE',  ( -1.449747468305833342, 3.500000000000000444, 25.81250000000000000 ) ) ;
#3321 = CARTESIAN_POINT ( 'NONE',  ( -5.900169758489260730, 1.091833514733747901, 6.630349936529398747 ) ) ;
#3322 = CARTESIAN_POINT ( 'NONE',  ( 6.429395695523603167E-16, -3.500000000000000000, 24.50000000273119127 ) ) ;
#3323 = EDGE_LOOP ( 'NONE', ( #2525, #3362, #351, #3664 ) ) ;
#3324 = CARTESIAN_POINT ( 'NONE',  ( -2.474561659161088847E-16, 4.041265874999999674, 33.43750000136559919 ) ) ;
#3325 = ORIENTED_EDGE ( 'NONE', *, *, #1809, .F. ) ;
#3326 = CARTESIAN_POINT ( 'NONE',  ( -4.041265874999998786, -1.673947134580575868, 24.62500000136559564 ) ) ;
#3327 = CARTESIAN_POINT ( 'NONE',  ( 1.673947134580575424, -4.041265874999998786, 23.87500000136559564 ) ) ;
#3328 =( BOUNDED_CURVE ( )  B_SPLINE_CURVE ( 2, ( #855, #2692, #3057, #1747, #3324, #596, #3606, #3956, #1827, #1195, #2730, #3938, #2439, #873, #1157, #1177, #3922, #534, #2107, #1803, #3684, #3078, #1118, #2046, #2377, #3623, #3304, #915, #1544, #3454, #668, #1306, #3430, #3781, #3732, #3102, #3801, #297, #1218, #3757, #4018, #689, #2174, #2151, #2461, #707, #1899, #962, #1263, #3149, #2199, #81, #2830, #2872, #1876, #320, #1572, #2854, #2801, #1939, #16, #3125, #938, #644, #2509, #368, #1240, #1616, #1855, #1009, #1597, #2484, #60, #1287, #344, #41, #2551, #2532, #985, #2223, #2244, #3476, #1920, #3172, #388, #3497, #3708, #1520, #2777, #3406, #619, #1362, #1976, #3229, #2284, #3822, #442, #2575, #3536, #2614, #2924, #745, #424, #1671, #3191, #1960, #133, #3861, #406, #1635, #1026, #2889, #3516, #99, #2263, #3842, #1325, #728, #3212, #2594, #1046, #1653, #2907, #119, #1343, #2581, #3522, #1997, #2268, #3888, #463, #1730, #1050, #3269, #1367, #2014, #2967, #156, #1676, #1348, #3252, #1101, #139, #2599, #3866, #1084, #3847, #193, #2290, #1694, #2619, #3236, #1981, #3556, #2948, #3541, #3906, #123, #2031, #2326, #750, #2655, #1389, #733, #1965, #447, #3572, #765, #781, #2342, #2638, #482, #2930, #1714, #1406, #176, #499, #3286, #3590, #799, #2982, #1068, #3217, #2307, #3828, #1030, #431, #1659, #2912, #100, #1636, #1308, #3843, #2633, #2264, #2891, #3213, #3230, #1994, #1344, #443, #1940, #3804, #1047, #83, #3478, #1326, #134, #3248, #1618, #1027, #3174, #2245, #2285, #2595, #3537, #3498, #760, #459, #746, #1977 ),
 .UNSPECIFIED., .F., .F. ) 
 B_SPLINE_CURVE_WITH_KNOTS ( ( 3, 2, 2, 2, 2, 2, 2, 2, 2, 2, 2, 2, 2, 2, 2, 2, 2, 2, 2, 2, 2, 2, 2, 2, 2, 2, 2, 2, 2, 2, 2, 2, 2, 2, 2, 2, 2, 2, 2, 2, 2, 2, 2, 2, 2, 2, 2, 2, 2, 2, 2, 2, 2, 2, 2, 2, 2, 2, 2, 2, 2, 2, 2, 2, 2, 2, 2, 2, 2, 2, 2, 2, 2, 2, 2, 2, 2, 2, 2, 2, 2, 2, 2, 2, 2, 2, 2, 2, 2, 2, 2, 2, 2, 2, 2, 2, 2, 2, 2, 2, 2, 2, 2, 2, 2, 2, 2, 2, 2, 2, 3 ),
 ( 0.000000000000000000, 0.008928571428571428076, 0.01785714285714285615, 0.02678571428571428423, 0.03571428571428571230, 0.04464285714285714385, 0.05357142857142856845, 0.06250000000000000000, 0.07142857142857142461, 0.08035714285714286309, 0.08928571428571428770, 0.09821428571428571230, 0.1071428571428571369, 0.1160714285714285754, 0.1250000000000000000, 0.1339285714285714246, 0.1428571428571428492, 0.1517857142857142738, 0.1607142857142857262, 0.1696428571428571508, 0.1785714285714285754, 0.1875000000000000000, 0.1964285714285714246, 0.2053571428571428492, 0.2142857142857142738, 0.2232142857142857262, 0.2321428571428571508, 0.2410714285714285754, 0.2500000000000000000, 0.2589285714285714524, 0.2678571428571428492, 0.2767857142857143016, 0.2857142857142856984, 0.2946428571428571508, 0.3035714285714285476, 0.3125000000000000000, 0.3214285714285714524, 0.3303571428571428492, 0.3392857142857143016, 0.3482142857142856984, 0.3571428571428571508, 0.3660714285714285476, 0.3750000000000000000, 0.3839285714285714524, 0.3928571428571428492, 0.4017857142857143016, 0.4107142857142856984, 0.4196428571428571508, 0.4285714285714285476, 0.4375000000000000000, 0.4464285714285714524, 0.4553571428571428492, 0.4642857142857143016, 0.4732142857142856984, 0.4821428571428571508, 0.4910714285714285476, 0.5000000000000000000, 0.5089285714285713969, 0.5178571428571429047, 0.5267857142857143016, 0.5357142857142856984, 0.5446428571428570953, 0.5535714285714286031, 0.5625000000000000000, 0.5714285714285713969, 0.5803571428571429047, 0.5892857142857143016, 0.5982142857142856984, 0.6071428571428570953, 0.6160714285714286031, 0.6250000000000000000, 0.6339285714285713969, 0.6428571428571429047, 0.6517857142857143016, 0.6607142857142856984, 0.6696428571428570953, 0.6785714285714286031, 0.6875000000000000000, 0.6964285714285713969, 0.7053571428571429047, 0.7142857142857143016, 0.7232142857142856984, 0.7321428571428570953, 0.7410714285714286031, 0.7500000000000000000, 0.7589285714285713969, 0.7678571428571429047, 0.7767857142857143016, 0.7857142857142856984, 0.7946428571428570953, 0.8035714285714286031, 0.8125000000000000000, 0.8214285714285713969, 0.8303571428571429047, 0.8392857142857143016, 0.8482142857142856984, 0.8571428571428570953, 0.8660714285714286031, 0.8750000000000000000, 0.8839285714285713969, 0.8928571428571429047, 0.9017857142857143016, 0.9107142857142856984, 0.9196428571428570953, 0.9285714285714286031, 0.9375000000000000000, 0.9464285714285713969, 0.9553571428571429047, 0.9642857142857143016, 0.9732142857142856984, 0.9776785715224036721 ),
 .UNSPECIFIED. ) 
 CURVE ( )  GEOMETRIC_REPRESENTATION_ITEM ( )  RATIONAL_B_SPLINE_CURVE ( ( 1.000000000000000000, 0.9238795325112867385, 1.000000000000000000, 0.9238795325112867385, 1.000000000000000000, 0.9238795325112867385, 1.000000000000000000, 0.9238795325112867385, 1.000000000000000000, 0.9238795325112867385, 1.000000000000000000, 0.9238795325112867385, 1.000000000000000000, 0.9238795325112867385, 1.000000000000000000, 0.9238795325112867385, 1.000000000000000000, 0.9238795325112867385, 1.000000000000000000, 0.9238795325112867385, 1.000000000000000000, 0.9238795325112867385, 1.000000000000000000, 0.9238795325112867385, 1.000000000000000000, 0.9238795325112867385, 1.000000000000000000, 0.9238795325112867385, 1.000000000000000000, 0.9238795325112867385, 1.000000000000000000, 0.9238795325112867385, 1.000000000000000000, 0.9238795325112867385, 1.000000000000000000, 0.9238795325112867385, 1.000000000000000000, 0.9238795325112867385, 1.000000000000000000, 0.9238795325112867385, 1.000000000000000000, 0.9238795325112867385, 1.000000000000000000, 0.9238795325112867385, 1.000000000000000000, 0.9238795325112867385, 1.000000000000000000, 0.9238795325112867385, 1.000000000000000000, 0.9238795325112867385, 1.000000000000000000, 0.9238795325112867385, 1.000000000000000000, 0.9238795325112867385, 1.000000000000000000, 0.9238795325112867385, 1.000000000000000000, 0.9238795325112867385, 1.000000000000000000, 0.9238795325112867385, 1.000000000000000000, 0.9238795325112867385, 1.000000000000000000, 0.9238795325112867385, 1.000000000000000000, 0.9238795325112867385, 1.000000000000000000, 0.9238795325112867385, 1.000000000000000000, 0.9238795325112867385, 1.000000000000000000, 0.9238795325112867385, 1.000000000000000000, 0.9238795325112867385, 1.000000000000000000, 0.9238795325112867385, 1.000000000000000000, 0.9238795325112867385, 1.000000000000000000, 0.9238795325112867385, 1.000000000000000000, 0.9238795325112867385, 1.000000000000000000, 0.9238795325112867385, 1.000000000000000000, 0.9238795325112867385, 1.000000000000000000, 0.9238795325112867385, 1.000000000000000000, 0.9238795325112867385, 1.000000000000000000, 0.9238795325112867385, 1.000000000000000000, 0.9238795325112867385, 1.000000000000000000, 0.9238795325112867385, 1.000000000000000000, 0.9238795325112867385, 1.000000000000000000, 0.9238795325112867385, 1.000000000000000000, 0.9238795325112867385, 1.000000000000000000, 0.9238795325112867385, 1.000000000000000000, 0.9238795325112867385, 1.000000000000000000, 0.9238795325112867385, 1.000000000000000000, 0.9238795325112867385, 1.000000000000000000, 0.9238795325112867385, 1.000000000000000000, 0.9238795325112867385, 1.000000000000000000, 0.9238795325112867385, 1.000000000000000000, 0.9238795325112867385, 1.000000000000000000, 0.9238795325112867385, 1.000000000000000000, 0.9238795325112867385, 1.000000000000000000, 0.9238795325112867385, 1.000000000000000000, 0.9238795325112867385, 1.000000000000000000, 0.9238795325112867385, 1.000000000000000000, 0.9238795325112867385, 1.000000000000000000, 0.9238795325112867385, 1.000000000000000000, 0.9238795325112867385, 1.000000000000000000, 0.9238795325112867385, 1.000000000000000000, 0.9238795325112867385, 1.000000000000000000, 0.9238795325112867385, 1.000000000000000000, 0.9238795325112867385, 1.000000000000000000, 0.9238795325112867385, 1.000000000000000000, 0.9238795325112867385, 1.000000000000000000, 0.9238795325112867385, 1.000000000000000000, 0.9238795325112867385, 1.000000000000000000, 0.9238795325112867385, 1.000000000000000000, 0.9238795325112867385, 1.000000000000000000, 0.9238795325112867385, 1.000000000000000000, 0.9238795325112867385, 1.000000000000000000, 0.9238795325112867385, 1.000000000000000000, 0.9238795325112867385, 1.000000000000000000, 0.9238795325112867385, 1.000000000000000000, 0.9238795325112867385, 1.000000000000000000, 0.9238795325112867385, 1.000000000000000000, 0.9238795325112867385, 1.000000000000000000, 0.9238795325112867385, 1.000000000000000000, 0.9238795325112867385, 1.000000000000000000, 0.9238795325112867385, 1.000000000000000000, 0.9238795325112867385, 1.000000000000000000, 0.9238795325112867385, 1.000000000000000000, 0.9238795325112867385, 1.000000000000000000, 0.9238795325112867385, 1.000000000000000000, 0.9238795325112867385, 1.000000000000000000, 0.9238795325112867385, 1.000000000000000000, 0.9238795325112867385, 1.000000000000000000, 0.9238795325112867385, 1.000000000000000000, 0.9238795325112867385, 1.000000000000000000, 0.9238795325112867385, 1.000000000000000000, 0.9238795325112867385, 1.000000000000000000, 0.9238795325112867385, 1.000000000000000000, 0.9238795325112867385, 1.000000000000000000, 0.9238795325112867385, 1.000000000000000000, 0.9238795325112867385, 1.000000000000000000, 0.9238795325112867385, 1.000000000000000000, 0.9238795325112867385, 1.000000000000000000, 0.9238795325112867385, 1.000000000000000000, 0.9238795325112867385, 1.000000000000000000, 0.9238795325112867385, 1.000000000000000000, 0.9238795325112867385, 1.000000000000000000, 0.9619397654556769428, 0.9619397662556433692 ) ) 
 REPRESENTATION_ITEM ( '' )  );
#3329 = CARTESIAN_POINT ( 'NONE',  ( 2.857606504790286994, -2.857606504790286550, 25.06250000136559564 ) ) ;
#3330 = CARTESIAN_POINT ( 'NONE',  ( -1.449747468305833564, 3.500000000000000000, 20.06250000273119483 ) ) ;
#3331 = CARTESIAN_POINT ( 'NONE',  ( -3.499999999999999112, -1.449747468305835341, 30.06250000000000355 ) ) ;
#3332 = CARTESIAN_POINT ( 'NONE',  ( -2.857606504790286106, -2.857606504790286994, 32.81250000136559919 ) ) ;
#3333 = FACE_OUTER_BOUND ( 'NONE', #266, .T. ) ;
#3334 = ORIENTED_EDGE ( 'NONE', *, *, #2574, .T. ) ;
#3335 = CARTESIAN_POINT ( 'NONE',  ( 7.423684977483266541E-16, -4.041265874999999674, 23.81250000136559564 ) ) ;
#3336 = CARTESIAN_POINT ( 'NONE',  ( 1.673947134580573204, 4.041265874999999674, 33.25000000136559919 ) ) ;
#3337 = ORIENTED_EDGE ( 'NONE', *, *, #2080, .F. ) ;
#3338 = CARTESIAN_POINT ( 'NONE',  ( -5.317437469864294997, 2.780773568278528618, 17.38484959994084633 ) ) ;
#3339 = CARTESIAN_POINT ( 'NONE',  ( -2.474873734152915894, -2.474873734152917226, 29.12500000000000000 ) ) ;
#3340 = CARTESIAN_POINT ( 'NONE',  ( -2.474873734152915894, -2.474873734152917226, 24.12500000000000000 ) ) ;
#3341 = CARTESIAN_POINT ( 'NONE',  ( -2.857606504790286994, 2.857606504790286994, 32.43750000136559919 ) ) ;
#3342 = CARTESIAN_POINT ( 'NONE',  ( 6.429395695523603167E-16, -3.500000000000000000, 25.50000000273119127 ) ) ;
#3343 = ORIENTED_EDGE ( 'NONE', *, *, #1717, .F. ) ;
#3344 = CARTESIAN_POINT ( 'NONE',  ( -1.851659049565820503, 0.9985094822302312823, 6.768964469385225335 ) ) ;
#3345 = ORIENTED_EDGE ( 'NONE', *, *, #3593, .F. ) ;
#3346 = EDGE_CURVE ( 'NONE', #2524, #2316, #2213, .T. ) ;
#3347 = CARTESIAN_POINT ( 'NONE',  ( 7.423684977483266541E-16, -4.041265874999999674, 23.81250000136559564 ) ) ;
#3348 = CARTESIAN_POINT ( 'NONE',  ( 0.3282665342002877851, 5.992915249958480572, 7.217079017640589456 ) ) ;
#3349 = CARTESIAN_POINT ( 'NONE',  ( -1.673947134580573870, 4.041265874999999674, 23.37500000136559564 ) ) ;
#3350 =( BOUNDED_CURVE ( )  B_SPLINE_CURVE ( 2, ( #3823, #3882, #2874, #2554, #1961, #425, #1080, #407, #1654 ),
 .UNSPECIFIED., .F., .F. ) 
 B_SPLINE_CURVE_WITH_KNOTS ( ( 3, 2, 2, 2, 3 ),
 ( 0.1785714285714284644, 0.1874999999999998890, 0.1964285714285713413, 0.2053571428571427937, 0.2142857142857142183 ),
 .UNSPECIFIED. ) 
 CURVE ( )  GEOMETRIC_REPRESENTATION_ITEM ( )  RATIONAL_B_SPLINE_CURVE ( ( 1.000000000000000888, 0.9238795325112857393, 1.000000000000000000, 0.9238795325112867385, 1.000000000000000000, 0.9238795325112867385, 1.000000000000000000, 0.9238795325112871826, 0.9999999999999995559 ) ) 
 REPRESENTATION_ITEM ( '' )  );
#3351 = CARTESIAN_POINT ( 'NONE',  ( -1.449747468305833786, -3.499999999999999556, 33.18750000000000000 ) ) ;
#3352 = CARTESIAN_POINT ( 'NONE',  ( 4.041265874999999674, 4.949123318322177694E-16, 26.18750000136559919 ) ) ;
#3353 = FACE_OUTER_BOUND ( 'NONE', #986, .T. ) ;
#3354 = CARTESIAN_POINT ( 'NONE',  ( 4.041265875000000563, -1.673947134580572538, 26.00000000136560274 ) ) ;
#3355 = CARTESIAN_POINT ( 'NONE',  ( 2.857606504790286550, 2.857606504790286994, 33.18750000136559919 ) ) ;
#3356 = ORIENTED_EDGE ( 'NONE', *, *, #1121, .T. ) ;
#3357 = CARTESIAN_POINT ( 'NONE',  ( -3.500000000000000000, 0.000000000000000000, 26.00000000000000355 ) ) ;
#3358 = CARTESIAN_POINT ( 'NONE',  ( -2.474873734152916782, 2.474873734152916782, 30.87500000000000355 ) ) ;
#3359 = CARTESIAN_POINT ( 'NONE',  ( -2.143131898507868297E-16, 3.500000000000000000, 22.75000000000000355 ) ) ;
#3360 = CARTESIAN_POINT ( 'NONE',  ( 4.041265874999999674, 4.949123318322177694E-16, 31.06250000136559919 ) ) ;
#3361 = CARTESIAN_POINT ( 'NONE',  ( -2.474873734152916782, 2.474873734152916782, 22.12500000273119127 ) ) ;
#3362 = ORIENTED_EDGE ( 'NONE', *, *, #261, .F. ) ;
#3363 = CARTESIAN_POINT ( 'NONE',  ( -1.797125429759022452, 1.089054860835533711, 6.634785532604268177 ) ) ;
#3364 = ORIENTED_EDGE ( 'NONE', *, *, #761, .T. ) ;
#3365 = CARTESIAN_POINT ( 'NONE',  ( 1.673947134580575424, -4.041265874999998786, 19.87500000136560274 ) ) ;
#3366 = LINE ( 'NONE', #1199, #1483 ) ;
#3367 = CARTESIAN_POINT ( 'NONE',  ( -2.857606504790286994, 2.857606504790286994, 23.43750000136559564 ) ) ;
#3368 = CARTESIAN_POINT ( 'NONE',  ( -4.041265874999998786, -1.673947134580575868, 32.62500000136559208 ) ) ;
#3369 = EDGE_CURVE ( 'NONE', #2799, #312, #1780, .T. ) ;
#3370 = CARTESIAN_POINT ( 'NONE',  ( -0.7690062347545940646, 2.937155023383302588, 15.00128704147933867 ) ) ;
#3371 = DIRECTION ( 'NONE',  ( -0.000000000000000000, -0.000000000000000000, 1.000000000000000000 ) ) ;
#3372 = CARTESIAN_POINT ( 'NONE',  ( -4.041265874999998786, -1.673947134580575868, 29.75000000136559564 ) ) ;
#3373 = CARTESIAN_POINT ( 'NONE',  ( 7.423684977483266541E-16, -4.041265874999999674, 24.81250000136559564 ) ) ;
#3374 = CARTESIAN_POINT ( 'NONE',  ( -4.041265874999998786, -1.673947134580575868, 25.75000000136559564 ) ) ;
#3375 = CARTESIAN_POINT ( 'NONE',  ( -3.500000000000000000, 1.449747468305833120, 29.93750000000000711 ) ) ;
#3376 = ORIENTED_EDGE ( 'NONE', *, *, #288, .F. ) ;
#3377 = AXIS2_PLACEMENT_3D ( 'NONE', #2266, #3519, #2910 ) ;
#3378 = CARTESIAN_POINT ( 'NONE',  ( 3.500000000000013767, 1.449747468305819575, 23.81250000273119127 ) ) ;
#3379 = CARTESIAN_POINT ( 'NONE',  ( -2.474873734152915894, -2.474873734152917226, 32.12500000000000000 ) ) ;
#3380 = CARTESIAN_POINT ( 'NONE',  ( 3.500000000000000444, 1.449747468305833342, 22.56250000000000355 ) ) ;
#3381 = CARTESIAN_POINT ( 'NONE',  ( 7.423684977483266541E-16, -4.041265874999999674, 32.81250000136559919 ) ) ;
#3382 = CARTESIAN_POINT ( 'NONE',  ( 2.474873734152917226, -2.474873734152916338, 20.62500000273119127 ) ) ;
#3383 = ORIENTED_EDGE ( 'NONE', *, *, #580, .T. ) ;
#3384 = CARTESIAN_POINT ( 'NONE',  ( -1.687433576123950063, 1.250027170630404472, 6.167778381344065863 ) ) ;
#3385 = ORIENTED_EDGE ( 'NONE', *, *, #817, .T. ) ;
#3386 = CARTESIAN_POINT ( 'NONE',  ( 1.673947134580573426, 4.041265874999999674, 23.25000000136559208 ) ) ;
#3387 = DIRECTION ( 'NONE',  ( 1.000000000000000000, 0.000000000000000000, 0.000000000000000000 ) ) ;
#3388 = CARTESIAN_POINT ( 'NONE',  ( 3.500000000000001332, -1.449747468305832010, 31.68750000273119127 ) ) ;
#3389 = EDGE_CURVE ( 'NONE', #3709, #552, #2335, .T. ) ;
#3390 = CARTESIAN_POINT ( 'NONE',  ( 2.857606504790286994, -2.857606504790286550, 20.06250000136559919 ) ) ;
#3391 = CARTESIAN_POINT ( 'NONE',  ( -0.3301402767847446129, 2.852070099464281139, 17.21667851148068351 ) ) ;
#3392 = DIRECTION ( 'NONE',  ( 1.000000000000000000, 0.000000000000000000, 0.000000000000000000 ) ) ;
#3393 = ORGANIZATION ( '未指定', '未指定', '' ) ;
#3394 = DIRECTION ( 'NONE',  ( 1.000000000000000000, 0.000000000000000000, 0.000000000000000000 ) ) ;
#3395 = CARTESIAN_POINT ( 'NONE',  ( 4.041265875000001451, -1.673947134580572538, 29.12500000136559919 ) ) ;
#3396 = CARTESIAN_POINT ( 'NONE',  ( -4.041265874999999674, 1.673947134580573426, 24.50000000136559564 ) ) ;
#3397 = CARTESIAN_POINT ( 'NONE',  ( 1.673947134580575424, -4.041265874999998786, 27.00000000136559564 ) ) ;
#3398 = CARTESIAN_POINT ( 'NONE',  ( -4.041265874999998786, -1.673947134580575868, 28.62500000136559564 ) ) ;
#3399 = ORIENTED_EDGE ( 'NONE', *, *, #2445, .T. ) ;
#3400 = FACE_OUTER_BOUND ( 'NONE', #1471, .T. ) ;
#3401 = CARTESIAN_POINT ( 'NONE',  ( -1.449747468305833342, 3.500000000000000444, 31.81250000000000000 ) ) ;
#3402 = CARTESIAN_POINT ( 'NONE',  ( 1.449747468305832898, 3.500000000000000444, 21.68750000000000000 ) ) ;
#3403 = CARTESIAN_POINT ( 'NONE',  ( 7.423684977483266541E-16, -4.041265874999999674, 30.81250000136559919 ) ) ;
#3404 = CARTESIAN_POINT ( 'NONE',  ( -3.499999999999999556, -1.449747468305835341, 22.31250000273118772 ) ) ;
#3405 = ORIENTED_EDGE ( 'NONE', *, *, #3941, .F. ) ;
#3406 = CARTESIAN_POINT ( 'NONE',  ( 4.041265875000000563, -1.673947134580572538, 28.12500000136559919 ) ) ;
#3407 = ORIENTED_EDGE ( 'NONE', *, *, #1121, .F. ) ;
#3408 = CARTESIAN_POINT ( 'NONE',  ( 1.673947134580573426, 4.041265874999999674, 25.37500000136559919 ) ) ;
#3409 = CARTESIAN_POINT ( 'NONE',  ( -2.857606504790286106, -2.857606504790286994, 21.68750000136559564 ) ) ;
#3410 = CARTESIAN_POINT ( 'NONE',  ( -6.000000000000000888, -0.1633688523880724719, 7.249999999999998224 ) ) ;
#3411 = CARTESIAN_POINT ( 'NONE',  ( -2.857606504790286106, -2.857606504790286994, 19.68750000136559919 ) ) ;
#3412 = EDGE_LOOP ( 'NONE', ( #1491, #2052, #3802, #1405 ) ) ;
#3413 = CARTESIAN_POINT ( 'NONE',  ( 1.673947134580573426, 4.041265874999999674, 32.25000000136559919 ) ) ;
#3414 = DATE_AND_TIME ( #2494, #2072 ) ;
#3415 = EDGE_CURVE ( 'NONE', #2029, #961, #2759, .T. ) ;
#3416 = CARTESIAN_POINT ( 'NONE',  ( 1.185296244904628704, 3.074338575699822940, 16.40545835817410847 ) ) ;
#3417 = CARTESIAN_POINT ( 'NONE',  ( -1.673947134580573870, 4.041265874999999674, 27.50000000136559564 ) ) ;
#3418 = CARTESIAN_POINT ( 'NONE',  ( -0.1656694279915009449, 6.000000000000000888, 14.75000000000000000 ) ) ;
#3419 = CARTESIAN_POINT ( 'NONE',  ( -4.041265874999999674, 0.000000000000000000, 26.68750000136559919 ) ) ;
#3420 = CARTESIAN_POINT ( 'NONE',  ( -1.673947134580573648, 4.041265874999999674, 29.37500000136559564 ) ) ;
#3421 = ORIENTED_EDGE ( 'NONE', *, *, #2278, .F. ) ;
#3422 = ORIENTED_EDGE ( 'NONE', *, *, #3225, .F. ) ;
#3423 = CARTESIAN_POINT ( 'NONE',  ( -3.499999999999999556, -1.449747468305835341, 32.06250000000000000 ) ) ;
#3424 = CARTESIAN_POINT ( 'NONE',  ( -2.474561659161088847E-16, 4.041265874999999674, 33.43750000136559919 ) ) ;
#3425 = CARTESIAN_POINT ( 'NONE',  ( -2.474561659161088847E-16, 4.041265874999999674, 30.31250000136559919 ) ) ;
#3426 = CARTESIAN_POINT ( 'NONE',  ( 1.449747468305834674, -3.499999999999999556, 20.56250000273119127 ) ) ;
#3427 = CARTESIAN_POINT ( 'NONE',  ( 3.500000000000028866, -1.449747468305804698, 20.43750000000000355 ) ) ;
#3428 = EDGE_CURVE ( 'NONE', #1156, #3071, #1745, .T. ) ;
#3429 = EDGE_LOOP ( 'NONE', ( #3646, #1536, #2533, #1760 ) ) ;
#3430 = CARTESIAN_POINT ( 'NONE',  ( -4.041265874999999674, 0.000000000000000000, 31.68750000136559564 ) ) ;
#3431 = ORIENTED_EDGE ( 'NONE', *, *, #1014, .F. ) ;
#3432 = CARTESIAN_POINT ( 'NONE',  ( 4.041265875000001451, -1.673947134580572538, 24.12500000136559919 ) ) ;
#3433 = CARTESIAN_POINT ( 'NONE',  ( 4.041265874999999674, 4.949123318322177694E-16, 22.06250000136559564 ) ) ;
#3434 = LINE ( 'NONE', #2178, #2063 ) ;
#3435 = CARTESIAN_POINT ( 'NONE',  ( 3.500000000000000000, 4.286263797015736595E-16, 32.75000000273119127 ) ) ;
#3436 = EDGE_LOOP ( 'NONE', ( #2802, #3905 ) ) ;
#3437 = CARTESIAN_POINT ( 'NONE',  ( -1.673947134580573870, 4.041265874999999674, 21.50000000136559564 ) ) ;
#3438 = CYLINDRICAL_SURFACE ( 'NONE', #1495, 3.500000000000000000 ) ;
#3439 = CARTESIAN_POINT ( 'NONE',  ( -5.917103046188111115, -1.012437528270096365, 13.06283833703549213 ) ) ;
#3440 = CARTESIAN_POINT ( 'NONE',  ( 2.857606504790286994, -2.857606504790286550, 27.06250000136559919 ) ) ;
#3441 = CARTESIAN_POINT ( 'NONE',  ( -2.857606504790286994, 2.857606504790286994, 21.43750000136559564 ) ) ;
#3442 = CARTESIAN_POINT ( 'NONE',  ( 2.857606504790286994, -2.857606504790286550, 26.06250000136559919 ) ) ;
#3443 = CARTESIAN_POINT ( 'NONE',  ( 4.041265874999999674, 1.673947134580573648, 29.12500000136559564 ) ) ;
#3444 = CARTESIAN_POINT ( 'NONE',  ( -3.500000000000000000, 1.449747468305833120, 25.18750000273119838 ) ) ;
#3445 = VECTOR ( 'NONE', #630, 1000.000000000000000 ) ;
#3446 = CARTESIAN_POINT ( 'NONE',  ( -3.500000000000000000, 0.000000000000000000, 28.00000000000000355 ) ) ;
#3447 = CYLINDRICAL_SURFACE ( 'NONE', #1383, 2.100000000000000089 ) ;
#3448 = CARTESIAN_POINT ( 'NONE',  ( 3.500000000000015099, -1.449747468305818465, 27.43750000000000711 ) ) ;
#3449 = CARTESIAN_POINT ( 'NONE',  ( -2.857606504790286994, 2.857606504790286994, 33.56250000136559919 ) ) ;
#3450 = CARTESIAN_POINT ( 'NONE',  ( 3.500000000000001332, -1.449747468305832010, 21.68750000273119127 ) ) ;
#3451 = CARTESIAN_POINT ( 'NONE',  ( -1.714740165333850763, -1.214634994357282949, 6.336749428987382693 ) ) ;
#3452 = ORIENTED_EDGE ( 'NONE', *, *, #3749, .F. ) ;
#3453 = B_SPLINE_CURVE_WITH_KNOTS ( 'NONE', 3,
 ( #2079, #547, #2724, #3970, #1400, #3567, #775, #476, #1708, #2647, #3659, #565, #2455, #2145, #931, #3751, #3093, #2167, #1514, #336 ),
 .UNSPECIFIED., .F., .F.,
 ( 4, 2, 2, 2, 2, 2, 2, 2, 2, 4 ),
 ( 0.000000000000000000, 0.0004898527925187350302, 0.0009797055850374702772, 0.001469558377556205633, 0.001959411170074940988, 0.002204337566334306931, 0.002449263962593673741, 0.002939116755112403459, 0.003428969547631134044, 0.003918822340149863762 ),
 .UNSPECIFIED. ) ;
#3454 = CARTESIAN_POINT ( 'NONE',  ( -1.673947134580574092, -4.041265874999998786, 31.87500000136559208 ) ) ;
#3455 = ORIENTED_EDGE ( 'NONE', *, *, #875, .F. ) ;
#3456 = CARTESIAN_POINT ( 'NONE',  ( 4.041265874999999674, 1.673947134580573870, 24.25000000136559564 ) ) ;
#3457 = CARTESIAN_POINT ( 'NONE',  ( 1.673947134580575424, -4.041265874999998786, 21.87500000136560274 ) ) ;
#3458 = AXIS2_PLACEMENT_3D ( 'NONE', #2017, #468, #2000 ) ;
#3459 = CARTESIAN_POINT ( 'NONE',  ( 2.000000000000000000, 0.000000000000000000, 16.00000000000000000 ) ) ;
#3460 = CARTESIAN_POINT ( 'NONE',  ( -2.474561659161088847E-16, 4.041265874999999674, 21.31250000136559564 ) ) ;
#3461 = CARTESIAN_POINT ( 'NONE',  ( -2.857606504790286994, 2.857606504790286994, 33.43750000136559919 ) ) ;
#3462 =( NAMED_UNIT ( * ) PLANE_ANGLE_UNIT ( ) SI_UNIT ( $, .RADIAN. ) );
#3463 = CARTESIAN_POINT ( 'NONE',  ( -3.500000000000015987, -1.449747468305818021, 31.31250000273119127 ) ) ;
#3464 = CARTESIAN_POINT ( 'NONE',  ( -4.041265874999998786, -1.673947134580575868, 21.62500000136559919 ) ) ;
#3465 = CARTESIAN_POINT ( 'NONE',  ( 7.423684977483266541E-16, -4.041265874999999674, 27.93750000136559919 ) ) ;
#3466 = CARTESIAN_POINT ( 'NONE',  ( -2.474561659161088847E-16, 4.041265874999999674, 28.31250000136559564 ) ) ;
#3467 =( BOUNDED_CURVE ( )  B_SPLINE_CURVE ( 2, ( #444, #2286, #3249, #391, #3538, #2875, #747, #2535, #2577 ),
 .UNSPECIFIED., .F., .F. ) 
 B_SPLINE_CURVE_WITH_KNOTS ( ( 3, 2, 2, 2, 3 ),
 ( 0.2499999999999999445, 0.2589285714285713969, 0.2678571428571427937, 0.2767857142857143016, 0.2857142857142856984 ),
 .UNSPECIFIED. ) 
 CURVE ( )  GEOMETRIC_REPRESENTATION_ITEM ( )  RATIONAL_B_SPLINE_CURVE ( ( 1.000000000000000444, 0.9238795325112862944, 1.000000000000000000, 0.9238795325112867385, 1.000000000000000000, 0.9238795325112867385, 1.000000000000000000, 0.9238795325112867385, 1.000000000000000000 ) ) 
 REPRESENTATION_ITEM ( '' )  );
#3468 = ORIENTED_EDGE ( 'NONE', *, *, #2580, .F. ) ;
#3469 = ORIENTED_EDGE ( 'NONE', *, *, #988, .F. ) ;
#3470 = DIRECTION ( 'NONE',  ( -0.000000000000000000, -0.000000000000000000, 1.000000000000000000 ) ) ;
#3471 = CARTESIAN_POINT ( 'NONE',  ( -2.474873734152916782, 2.474873734152916782, 22.87500000000000355 ) ) ;
#3472 = CARTESIAN_POINT ( 'NONE',  ( 4.041265875000001451, -1.673947134580572538, 31.12500000136559919 ) ) ;
#3473 = CARTESIAN_POINT ( 'NONE',  ( -3.499999999999993339, 1.449747468305839782, 28.18750000273118772 ) ) ;
#3474 = CARTESIAN_POINT ( 'NONE',  ( 2.474873734152916338, 2.474873734152916782, 31.87500000273119127 ) ) ;
#3475 = EDGE_CURVE ( 'NONE', #2531, #1802, #2277, .T. ) ;
#3476 = CARTESIAN_POINT ( 'NONE',  ( -4.041265874999999674, 1.673947134580573426, 28.62500000136559564 ) ) ;
#3477 = ORIENTED_EDGE ( 'NONE', *, *, #1217, .F. ) ;
#3478 = CARTESIAN_POINT ( 'NONE',  ( -1.673947134580574092, -4.041265874999998786, 20.87500000136559919 ) ) ;
#3479 = AXIS2_PLACEMENT_3D ( 'NONE', #2609, #1955, #1039 ) ;
#3480 = CARTESIAN_POINT ( 'NONE',  ( 1.449747468305832898, 3.500000000000000000, 30.93750000273120193 ) ) ;
#3481 = CARTESIAN_POINT ( 'NONE',  ( -2.474873734152916782, 2.474873734152916782, 32.12500000273119127 ) ) ;
#3482 = ADVANCED_FACE ( 'NONE', ( #2865 ), #977, .F. ) ;
#3483 = VERTEX_POINT ( 'NONE', #2544 ) ;
#3484 = CARTESIAN_POINT ( 'NONE',  ( 2.857606504790286994, -2.857606504790286550, 29.93750000136559919 ) ) ;
#3485 = APPLICATION_PROTOCOL_DEFINITION ( 'international standard', 'config_control_design', 1994, #3319 ) ;
#3486 = EDGE_CURVE ( 'NONE', #2508, #2837, #2806, .T. ) ;
#3487 = CARTESIAN_POINT ( 'NONE',  ( 2.474873734152917226, -2.474873734152916338, 31.62500000273119127 ) ) ;
#3488 = CARTESIAN_POINT ( 'NONE',  ( 4.041265874999999674, 1.673947134580573648, 21.12500000136559919 ) ) ;
#3489 = CARTESIAN_POINT ( 'NONE',  ( 4.041265874999999674, 1.673947134580573870, 21.25000000136559564 ) ) ;
#3490 = CARTESIAN_POINT ( 'NONE',  ( 3.500000000000000000, 0.000000000000000000, 20.00000000000000355 ) ) ;
#3491 = CARTESIAN_POINT ( 'NONE',  ( 0.000000000000000000, 0.000000000000000000, 11.00000000000000000 ) ) ;
#3492 = CYLINDRICAL_SURFACE ( 'NONE', #3117, 3.500000000000000000 ) ;
#3493 = CARTESIAN_POINT ( 'NONE',  ( 7.423684977483266541E-16, -4.041265874999999674, 32.93750000136559919 ) ) ;
#3494 = CARTESIAN_POINT ( 'NONE',  ( -2.474873734152916782, 2.474873734152916782, 26.87500000000000355 ) ) ;
#3495 = CARTESIAN_POINT ( 'NONE',  ( 6.429395695523603167E-16, -3.500000000000000000, 20.25000000000000355 ) ) ;
#3496 =( BOUNDED_CURVE ( )  B_SPLINE_CURVE ( 2, ( #2502, #3143, #3725, #1565, #33, #1256, #2100, #2848, #2412 ),
 .UNSPECIFIED., .F., .F. ) 
 B_SPLINE_CURVE_WITH_KNOTS ( ( 3, 2, 2, 2, 3 ),
 ( 0.3928571428571426827, 0.4017857142857141350, 0.4107142857142855874, 0.4196428571428570398, 0.4285714285714284366 ),
 .UNSPECIFIED. ) 
 CURVE ( )  GEOMETRIC_REPRESENTATION_ITEM ( )  RATIONAL_B_SPLINE_CURVE ( ( 1.000000000000001332, 0.9238795325112852952, 1.000000000000000000, 0.9238795325112867385, 1.000000000000000000, 0.9238795325112867385, 1.000000000000000000, 0.9238795325112877377, 0.9999999999999990008 ) ) 
 REPRESENTATION_ITEM ( '' )  );
#3497 = CARTESIAN_POINT ( 'NONE',  ( 1.673947134580573204, 4.041265874999999674, 28.37500000136559564 ) ) ;
#3498 = CARTESIAN_POINT ( 'NONE',  ( 4.041265874999999674, 4.949123318322177694E-16, 20.18750000136559919 ) ) ;
#3499 = CARTESIAN_POINT ( 'NONE',  ( 6.000000000000000888, 7.347880794884120722E-16, 20.00000000000000355 ) ) ;
#3500 = CARTESIAN_POINT ( 'NONE',  ( 3.500000000000000000, 0.000000000000000000, 20.00000000000000355 ) ) ;
#3501 = CARTESIAN_POINT ( 'NONE',  ( -1.449747468305833564, -3.500000000000000000, 30.43750000273119838 ) ) ;
#3502 = CARTESIAN_POINT ( 'NONE',  ( -4.041265874999999674, 0.000000000000000000, 31.56250000136559564 ) ) ;
#3503 = CARTESIAN_POINT ( 'NONE',  ( -2.474873734152915894, -2.474873734152917226, 26.12500000000000355 ) ) ;
#3504 = CARTESIAN_POINT ( 'NONE',  ( 1.673947134580573426, 4.041265874999999674, 28.25000000136559208 ) ) ;
#3505 = CARTESIAN_POINT ( 'NONE',  ( 0.000000000000000000, 0.000000000000000000, 20.00000000000000355 ) ) ;
#3506 = CARTESIAN_POINT ( 'NONE',  ( -5.137279935793065633, -3.099734658888105621, 15.79075229286629956 ) ) ;
#3507 = EDGE_CURVE ( 'NONE', #3314, #645, #1130, .T. ) ;
#3508 = CARTESIAN_POINT ( 'NONE',  ( 2.857606504790286550, 2.857606504790286994, 21.18750000136559564 ) ) ;
#3509 = CARTESIAN_POINT ( 'NONE',  ( -4.041265874999998786, -1.673947134580575868, 21.75000000136559919 ) ) ;
#3510 = DIRECTION ( 'NONE',  ( 1.000000000000000000, 0.000000000000000000, 0.000000000000000000 ) ) ;
#3511 = FACE_OUTER_BOUND ( 'NONE', #1571, .T. ) ;
#3512 = CARTESIAN_POINT ( 'NONE',  ( -3.499999999999999112, -1.449747468305835341, 23.06250000000000000 ) ) ;
#3513 = CARTESIAN_POINT ( 'NONE',  ( -3.500000000000000444, 1.449747468305833120, 20.93750000000000355 ) ) ;
#3514 = CARTESIAN_POINT ( 'NONE',  ( -3.500000000000000000, 0.000000000000000000, 22.00000000000000355 ) ) ;
#3515 = CARTESIAN_POINT ( 'NONE',  ( 0.000000000000000000, 6.000000000000000888, 16.00000000000000000 ) ) ;
#3516 = CARTESIAN_POINT ( 'NONE',  ( -4.041265874999999674, 0.000000000000000000, 26.68750000136559919 ) ) ;
#3517 = LINE ( 'NONE', #390, #2603 ) ;
#3518 = CARTESIAN_POINT ( 'NONE',  ( 2.474873734152916338, 2.474873734152916782, 22.87500000273119127 ) ) ;
#3519 = DIRECTION ( 'NONE',  ( -0.000000000000000000, -0.000000000000000000, 1.000000000000000000 ) ) ;
#3520 = CARTESIAN_POINT ( 'NONE',  ( -3.500000000000000444, 1.449747468305833120, 31.18750000273119483 ) ) ;
#3521 = CIRCLE ( 'NONE', #1742, 3.500000000000000000 ) ;
#3522 = CARTESIAN_POINT ( 'NONE',  ( -2.857606504790286106, -2.857606504790286994, 25.81250000136559564 ) ) ;
#3523 = AXIS2_PLACEMENT_3D ( 'NONE', #3459, #673, #3154 ) ;
#3524 = CARTESIAN_POINT ( 'NONE',  ( -4.041265874999999674, 0.000000000000000000, 29.56250000136559564 ) ) ;
#3525 = CARTESIAN_POINT ( 'NONE',  ( -1.449747468305833564, -3.500000000000000000, 25.18750000000000000 ) ) ;
#3526 = CARTESIAN_POINT ( 'NONE',  ( 4.041265874999999674, 1.673947134580573870, 26.12500000136559919 ) ) ;
#3527 = CARTESIAN_POINT ( 'NONE',  ( 0.3317140748884323531, 2.075244260414199182, 4.791977159983156653 ) ) ;
#3528 = CARTESIAN_POINT ( 'NONE',  ( -4.041265874999999674, 1.673947134580573648, 24.62500000136559564 ) ) ;
#3529 = CARTESIAN_POINT ( 'NONE',  ( 2.474873734152916338, 2.474873734152916782, 24.87500000273119127 ) ) ;
#3530 = ADVANCED_FACE ( 'NONE', ( #1355 ), #453, .T. ) ;
#3531 = DIRECTION ( 'NONE',  ( 1.000000000000000000, 0.000000000000000000, 0.000000000000000000 ) ) ;
#3532 = CARTESIAN_POINT ( 'NONE',  ( -1.449747468305833786, -3.499999999999999556, 23.18749999999999645 ) ) ;
#3533 = CARTESIAN_POINT ( 'NONE',  ( -4.041265874999998786, -1.673947134580575868, 28.75000000136559208 ) ) ;
#3534 = CARTESIAN_POINT ( 'NONE',  ( 3.500000000000000000, 4.286263797015736595E-16, 27.75000000273119483 ) ) ;
#3535 = CARTESIAN_POINT ( 'NONE',  ( -3.500000000000000000, 0.000000000000000000, 28.00000000000000355 ) ) ;
#3536 = CARTESIAN_POINT ( 'NONE',  ( -2.857606504790286994, 2.857606504790286994, 27.56250000136559919 ) ) ;
#3537 = CARTESIAN_POINT ( 'NONE',  ( 4.041265874999999674, 1.673947134580573648, 20.25000000136559919 ) ) ;
#3538 = CARTESIAN_POINT ( 'NONE',  ( 6.429395695523603167E-16, -3.500000000000000000, 29.50000000273119127 ) ) ;
#3539 = LINE ( 'NONE', #1638, #2207 ) ;
#3540 = CARTESIAN_POINT ( 'NONE',  ( 3.500000000000000000, 4.286263797015736595E-16, 27.75000000273119483 ) ) ;
#3541 = CARTESIAN_POINT ( 'NONE',  ( 1.673947134580575424, -4.041265874999998786, 24.00000000136559564 ) ) ;
#3542 = CARTESIAN_POINT ( 'NONE',  ( -1.673947134580574092, -4.041265874999998786, 30.75000000136559564 ) ) ;
#3543 = CARTESIAN_POINT ( 'NONE',  ( 1.673947134580573426, 4.041265874999999674, 29.25000000136559564 ) ) ;
#3544 = CARTESIAN_POINT ( 'NONE',  ( -6.000000000000000888, 6.593496661063521923E-24, 12.90000000000000036 ) ) ;
#3545 = CARTESIAN_POINT ( 'NONE',  ( 4.041265874999999674, 4.949123318322177694E-16, 22.18750000136559919 ) ) ;
#3546 = CARTESIAN_POINT ( 'NONE',  ( -2.474873734152915894, -2.474873734152917226, 28.12500000000000355 ) ) ;
#3547 = FACE_OUTER_BOUND ( 'NONE', #3989, .T. ) ;
#3548 = CARTESIAN_POINT ( 'NONE',  ( 2.348128775948409075, 2.863926505915095344, 20.00000000000001776 ) ) ;
#3549 = CARTESIAN_POINT ( 'NONE',  ( 4.041265874999999674, 4.949123318322177694E-16, 30.18750000136559919 ) ) ;
#3550 = EDGE_CURVE ( 'NONE', #1169, #2860, #165, .T. ) ;
#3551 = DIRECTION ( 'NONE',  ( -0.000000000000000000, -0.000000000000000000, 1.000000000000000000 ) ) ;
#3552 = CARTESIAN_POINT ( 'NONE',  ( -3.500000000000000000, 0.000000000000000000, 29.00000000000000000 ) ) ;
#3553 = DIRECTION ( 'NONE',  ( -0.000000000000000000, -0.000000000000000000, 1.000000000000000000 ) ) ;
#3554 = CARTESIAN_POINT ( 'NONE',  ( -5.951628850031974061, 0.7691680017106982126, 5.001341621895599054 ) ) ;
#3555 = CARTESIAN_POINT ( 'NONE',  ( 3.500000000000001332, -1.449747468305832010, 28.68750000273119483 ) ) ;
#3556 = CARTESIAN_POINT ( 'NONE',  ( 4.041265875000000563, -1.673947134580572538, 24.12500000136559919 ) ) ;
#3557 = CARTESIAN_POINT ( 'NONE',  ( 4.041265874999999674, 4.949123318322177694E-16, 28.06250000136559919 ) ) ;
#3558 = CARTESIAN_POINT ( 'NONE',  ( -4.041265874999999674, 1.673947134580573648, 28.50000000136559564 ) ) ;
#3559 = CARTESIAN_POINT ( 'NONE',  ( -0.3278061979690371497, 5.992955371259922615, 17.21728962115137307 ) ) ;
#3560 = CARTESIAN_POINT ( 'NONE',  ( -1.673947134580573870, 4.041265874999999674, 23.50000000136559564 ) ) ;
#3561 = CARTESIAN_POINT ( 'NONE',  ( 0.000000000000000000, 6.000000000000000888, 14.75000000000000000 ) ) ;
#3562 = CARTESIAN_POINT ( 'NONE',  ( 7.423684977483266541E-16, -4.041265874999999674, 32.93750000136559919 ) ) ;
#3563 = CARTESIAN_POINT ( 'NONE',  ( 3.770341737045676211, 0.8875397078225765179, 20.00000000000001066 ) ) ;
#3564 = CARTESIAN_POINT ( 'NONE',  ( 2.857606504790286550, 2.857606504790286994, 29.31250000136559564 ) ) ;
#3565 = LINE ( 'NONE', #2334, #2929 ) ;
#3566 = EDGE_CURVE ( 'NONE', #226, #3092, #146, .T. ) ;
#3567 = CARTESIAN_POINT ( 'NONE',  ( -0.9990562021281866878, 5.917380509007153400, 5.231348794313734452 ) ) ;
#3568 = CARTESIAN_POINT ( 'NONE',  ( 1.090746260119790811, 3.038725313589571986, 15.36812467956738182 ) ) ;
#3569 = PLANE ( 'NONE',  #3196 ) ;
#3570 = CARTESIAN_POINT ( 'NONE',  ( 3.500000000000000444, 1.449747468305833342, 24.81250000273119127 ) ) ;
#3571 = EDGE_LOOP ( 'NONE', ( #389, #3010, #2411, #1846 ) ) ;
#3572 = CARTESIAN_POINT ( 'NONE',  ( 2.857606504790286550, 2.857606504790286994, 23.31250000136559564 ) ) ;
#3573 = CARTESIAN_POINT ( 'NONE',  ( 2.857606504790286994, -2.857606504790286550, 26.93750000136559919 ) ) ;
#3574 = CARTESIAN_POINT ( 'NONE',  ( -2.474561659161088847E-16, 4.041265874999999674, 26.31250000136559919 ) ) ;
#3575 = CARTESIAN_POINT ( 'NONE',  ( 1.214997509849733870, 1.714501635279906067, 6.335877277043246103 ) ) ;
#3576 = CARTESIAN_POINT ( 'NONE',  ( -1.673947134580573870, 4.041265874999999674, 20.50000000136559564 ) ) ;
#3577 = DIRECTION ( 'NONE',  ( -0.000000000000000000, -0.000000000000000000, 1.000000000000000000 ) ) ;
#3578 = CARTESIAN_POINT ( 'NONE',  ( -4.041265874999999674, 0.000000000000000000, 31.68750000136559564 ) ) ;
#3579 = CARTESIAN_POINT ( 'NONE',  ( -3.500000000000007550, 1.449747468305826015, 30.93750000000000355 ) ) ;
#3580 = ORIENTED_EDGE ( 'NONE', *, *, #785, .T. ) ;
#3581 = CARTESIAN_POINT ( 'NONE',  ( 2.474873734152916338, 2.474873734152916782, 23.62500000000000000 ) ) ;
#3582 = CC_DESIGN_PERSON_AND_ORGANIZATION_ASSIGNMENT ( #2293, #2622, ( #3589 ) ) ;
#3583 = CARTESIAN_POINT ( 'NONE',  ( -5.794812114934009273, 1.565451959552476735, 18.68328163770106087 ) ) ;
#3584 = DIRECTION ( 'NONE',  ( -0.000000000000000000, -0.000000000000000000, 1.000000000000000000 ) ) ;
#3585 = CARTESIAN_POINT ( 'NONE',  ( 3.500000000000000000, 4.286263797015736595E-16, 28.50000000000000355 ) ) ;
#3586 = CARTESIAN_POINT ( 'NONE',  ( -1.449747468305833786, -3.499999999999999556, 29.18750000000000355 ) ) ;
#3587 = CARTESIAN_POINT ( 'NONE',  ( 1.449747468305832898, 3.500000000000000444, 26.93750000273119838 ) ) ;
#3588 = ORIENTED_EDGE ( 'NONE', *, *, #261, .T. ) ;
#3589 = SECURITY_CLASSIFICATION ( '', '', #1034 ) ;
#3590 = CARTESIAN_POINT ( 'NONE',  ( -2.857606504790286994, 2.857606504790286994, 22.56250000136559919 ) ) ;
#3591 = CARTESIAN_POINT ( 'NONE',  ( 4.041265874999999674, 1.673947134580573870, 26.12500000136559919 ) ) ;
#3592 = CARTESIAN_POINT ( 'NONE',  ( 4.041265875000001451, -1.673947134580572538, 24.00000000136559564 ) ) ;
#3593 = EDGE_CURVE ( 'NONE', #1216, #82, #1552, .T. ) ;
#3594 = FACE_OUTER_BOUND ( 'NONE', #2341, .T. ) ;
#3595 = CARTESIAN_POINT ( 'NONE',  ( 0.6292449150184998841, 5.968822576319730011, 17.09228709118995582 ) ) ;
#3596 = CARTESIAN_POINT ( 'NONE',  ( -1.673947134580573870, 4.041265874999999674, 32.50000000136559919 ) ) ;
#3597 = CARTESIAN_POINT ( 'NONE',  ( 3.499999999999993339, 1.449747468305840226, 30.56250000000000000 ) ) ;
#3598 = VECTOR ( 'NONE', #3584, 1000.000000000000000 ) ;
#3599 = CARTESIAN_POINT ( 'NONE',  ( -4.041265874999999674, 1.673947134580573426, 32.50000000136559919 ) ) ;
#3600 = CARTESIAN_POINT ( 'NONE',  ( -5.802958540582592306, 1.571620821106681998, 13.29760246530703149 ) ) ;
#3601 = CARTESIAN_POINT ( 'NONE',  ( -1.214634994357284281, 1.714740165333849431, 5.663250571012618195 ) ) ;
#3602 = CARTESIAN_POINT ( 'NONE',  ( -2.474873734152916782, 2.474873734152916782, 26.87500000000000355 ) ) ;
#3603 = CARTESIAN_POINT ( 'NONE',  ( -0.5886395907384339710, -3.860154676360747494, 20.00000000000000711 ) ) ;
#3604 = CARTESIAN_POINT ( 'NONE',  ( 3.500000000000001332, -1.449747468305832010, 24.68750000273119127 ) ) ;
#3605 = ORIENTED_EDGE ( 'NONE', *, *, #1077, .F. ) ;
#3606 = CARTESIAN_POINT ( 'NONE',  ( 2.857606504790286550, 2.857606504790286994, 33.31250000136559919 ) ) ;
#3607 = CARTESIAN_POINT ( 'NONE',  ( -1.673947134580573870, 4.041265874999999674, 25.37500000136559919 ) ) ;
#3608 = CARTESIAN_POINT ( 'NONE',  ( 2.857606504790286994, -2.857606504790286550, 23.93750000136559564 ) ) ;
#3609 =( BOUNDED_CURVE ( )  B_SPLINE_CURVE ( 2, ( #757, #168, #2298, #1378, #1414, #491, #2975, #3294, #3896 ),
 .UNSPECIFIED., .F., .F. ) 
 B_SPLINE_CURVE_WITH_KNOTS ( ( 3, 2, 2, 2, 3 ),
 ( 0.000000000000000000, 0.008928571428571436749, 0.01785714285714287350, 0.02678571428571431198, 0.03571428571428574700 ),
 .UNSPECIFIED. ) 
 CURVE ( )  GEOMETRIC_REPRESENTATION_ITEM ( )  RATIONAL_B_SPLINE_CURVE ( ( 1.000000000000000000, 0.9238795325112867385, 1.000000000000000000, 0.9238795325112867385, 1.000000000000000000, 0.9238795325112867385, 1.000000000000000000, 0.9238795325112864054, 1.000000000000000222 ) ) 
 REPRESENTATION_ITEM ( '' )  );
#3610 = CARTESIAN_POINT ( 'NONE',  ( -2.474561659161088847E-16, 4.041265874999999674, 20.43750000136559919 ) ) ;
#3611 = CARTESIAN_POINT ( 'NONE',  ( -2.474873734152916782, 2.474873734152916782, 24.87500000000000000 ) ) ;
#3612 = CARTESIAN_POINT ( 'NONE',  ( 3.500000000000007994, -1.449747468305825127, 28.68750000273119127 ) ) ;
#3613 = ORIENTED_EDGE ( 'NONE', *, *, #3486, .F. ) ;
#3614 = CARTESIAN_POINT ( 'NONE',  ( -2.857606504790286994, 2.857606504790286994, 23.43750000136559564 ) ) ;
#3615 = CARTESIAN_POINT ( 'NONE',  ( 7.423684977483266541E-16, -4.041265874999999674, 32.81250000136559919 ) ) ;
#3616 = ORIENTED_EDGE ( 'NONE', *, *, #2321, .T. ) ;
#3617 = CARTESIAN_POINT ( 'NONE',  ( -5.317721157680297850, 2.780258083047695727, 14.61382278769973730 ) ) ;
#3618 = CARTESIAN_POINT ( 'NONE',  ( 3.500000000000001332, -1.449747468305832454, 24.68750000273119127 ) ) ;
#3619 = CARTESIAN_POINT ( 'NONE',  ( 3.500000000000001332, -1.449747468305832010, 25.43750000000000355 ) ) ;
#3620 = CARTESIAN_POINT ( 'NONE',  ( -5.868361124105372362, 1.249935086906628579, 5.835943233701766708 ) ) ;
#3621 = CARTESIAN_POINT ( 'NONE',  ( 3.500000000000000000, 4.286263797015736595E-16, 24.75000000273119127 ) ) ;
#3622 = ORIENTED_EDGE ( 'NONE', *, *, #3712, .F. ) ;
#3623 = CARTESIAN_POINT ( 'NONE',  ( 4.041265875000000563, -1.673947134580572538, 32.12500000136559919 ) ) ;
#3624 = ORIENTED_EDGE ( 'NONE', *, *, #3369, .F. ) ;
#3625 = CARTESIAN_POINT ( 'NONE',  ( 4.041265874999999674, 4.949123318322177694E-16, 26.06250000136559919 ) ) ;
#3626 = CARTESIAN_POINT ( 'NONE',  ( -2.857606504790286994, 2.857606504790286994, 22.43750000136559919 ) ) ;
#3627 = AXIS2_PLACEMENT_3D ( 'NONE', #1342, #3279, #1063 ) ;
#3628 = CARTESIAN_POINT ( 'NONE',  ( 4.041265874999999674, 4.949123318322177694E-16, 24.18750000136559564 ) ) ;
#3629 =( BOUNDED_CURVE ( )  B_SPLINE_CURVE ( 2, ( #1466, #2094, #2699, #2786, #1144, #4027, #2071, #3331, #3064 ),
 .UNSPECIFIED., .F., .F. ) 
 B_SPLINE_CURVE_WITH_KNOTS ( ( 3, 2, 2, 2, 3 ),
 ( 0.2499999999999999445, 0.2589285714285713969, 0.2678571428571427937, 0.2767857142857143016, 0.2857142857142856984 ),
 .UNSPECIFIED. ) 
 CURVE ( )  GEOMETRIC_REPRESENTATION_ITEM ( )  RATIONAL_B_SPLINE_CURVE ( ( 1.000000000000000444, 0.9238795325112862944, 1.000000000000000000, 0.9238795325112867385, 1.000000000000000000, 0.9238795325112867385, 1.000000000000000000, 0.9238795325112867385, 1.000000000000000000 ) ) 
 REPRESENTATION_ITEM ( '' )  );
#3630 = CARTESIAN_POINT ( 'NONE',  ( 3.500000000000000000, 4.286263797015736595E-16, 27.50000000000000355 ) ) ;
#3631 = DIRECTION ( 'NONE',  ( -0.000000000000000000, -0.000000000000000000, 1.000000000000000000 ) ) ;
#3632 = AXIS2_PLACEMENT_3D ( 'NONE', #2110, #255, #3387 ) ;
#3633 = CARTESIAN_POINT ( 'NONE',  ( -4.041265874999999674, 0.000000000000000000, 30.68750000136559919 ) ) ;
#3634 = CARTESIAN_POINT ( 'NONE',  ( 0.000000000000000000, 0.000000000000000000, 0.000000000000000000 ) ) ;
#3635 = EDGE_LOOP ( 'NONE', ( #3343, #2087, #2847, #564 ) ) ;
#3636 = CARTESIAN_POINT ( 'NONE',  ( -1.673947134580574092, -4.041265874999998786, 24.75000000136559564 ) ) ;
#3637 = CARTESIAN_POINT ( 'NONE',  ( -4.041265874999999674, 0.000000000000000000, 30.56250000136559919 ) ) ;
#3638 = EDGE_CURVE ( 'NONE', #2440, #382, #820, .T. ) ;
#3639 = ORIENTED_EDGE ( 'NONE', *, *, #1954, .F. ) ;
#3640 = DIRECTION ( 'NONE',  ( -0.000000000000000000, 0.000000000000000000, 1.000000000000000000 ) ) ;
#3641 = CARTESIAN_POINT ( 'NONE',  ( -2.474873734152916782, 2.474873734152916782, 23.87500000000000000 ) ) ;
#3642 = CARTESIAN_POINT ( 'NONE',  ( 1.673947134580575424, -4.041265874999998786, 30.87500000136559919 ) ) ;
#3643 = CARTESIAN_POINT ( 'NONE',  ( -2.143131898507868297E-16, 3.500000000000000000, 24.00000000273119127 ) ) ;
#3644 = ORIENTED_EDGE ( 'NONE', *, *, #3247, .F. ) ;
#3645 = CARTESIAN_POINT ( 'NONE',  ( 1.449747468305834897, -3.499999999999999112, 21.56250000273119127 ) ) ;
#3646 = ORIENTED_EDGE ( 'NONE', *, *, #2409, .T. ) ;
#3647 = CARTESIAN_POINT ( 'NONE',  ( 1.673947134580573426, 4.041265874999999674, 24.25000000136559564 ) ) ;
#3648 = DIRECTION ( 'NONE',  ( -0.000000000000000000, 0.000000000000000000, 1.000000000000000000 ) ) ;
#3649 = CARTESIAN_POINT ( 'NONE',  ( -4.041265874999998786, -1.673947134580575868, 23.62500000136559919 ) ) ;
#3650 = CC_DESIGN_APPROVAL ( #1051, ( #2007 ) ) ;
#3651 = CARTESIAN_POINT ( 'NONE',  ( -1.449747468305833786, -3.499999999999999556, 23.43750000273119127 ) ) ;
#3652 = AXIS2_PLACEMENT_3D ( 'NONE', #1893, #2746, #636 ) ;
#3653 = CARTESIAN_POINT ( 'NONE',  ( 1.673947134580573426, 4.041265874999999674, 26.37500000136559919 ) ) ;
#3654 = EDGE_CURVE ( 'NONE', #3165, #3758, #2936, .T. ) ;
#3655 = CARTESIAN_POINT ( 'NONE',  ( 6.429395695523603167E-16, -3.500000000000000000, 28.50000000273119127 ) ) ;
#3656 = CARTESIAN_POINT ( 'NONE',  ( 1.673947134580573204, 4.041265874999999674, 23.25000000136559564 ) ) ;
#3657 = CARTESIAN_POINT ( 'NONE',  ( 4.041265874999999674, 4.949123318322177694E-16, 33.06250000136559919 ) ) ;
#3658 = ORIENTED_EDGE ( 'NONE', *, *, #1696, .T. ) ;
#3659 = CARTESIAN_POINT ( 'NONE',  ( -1.241843620414984528, 5.870101538635534411, 6.164380573350647374 ) ) ;
#3660 = CARTESIAN_POINT ( 'NONE',  ( -3.500000000000000444, 1.449747468305833120, 31.93750000000000355 ) ) ;
#3661 = CARTESIAN_POINT ( 'NONE',  ( 6.429395695523603167E-16, -3.500000000000000000, 22.25000000000000355 ) ) ;
#3662 = CARTESIAN_POINT ( 'NONE',  ( 4.041265874999999674, 1.673947134580573870, 32.12500000136559208 ) ) ;
#3663 = CARTESIAN_POINT ( 'NONE',  ( 6.429395695523603167E-16, -3.500000000000000000, 20.50000000273119127 ) ) ;
#3664 = ORIENTED_EDGE ( 'NONE', *, *, #1273, .T. ) ;
#3665 = CARTESIAN_POINT ( 'NONE',  ( -3.500000000000000000, 4.286263797015736595E-16, 20.00000000000000355 ) ) ;
#3666 = ORIENTED_EDGE ( 'NONE', *, *, #801, .T. ) ;
#3667 = CARTESIAN_POINT ( 'NONE',  ( -4.041265874999998786, -1.673947134580575868, 21.62500000136560274 ) ) ;
#3668 = CARTESIAN_POINT ( 'NONE',  ( -5.917449923182283023, -0.9986844538568113716, 6.769207403444545079 ) ) ;
#3669 = CARTESIAN_POINT ( 'NONE',  ( -4.041265874999998786, -1.673947134580575868, 21.62500000136560274 ) ) ;
#3670 = CARTESIAN_POINT ( 'NONE',  ( -1.216474527744498157, 3.086085027818483706, 15.66934446125762115 ) ) ;
#3671 = CYLINDRICAL_SURFACE ( 'NONE', #1172, 3.500000000000000000 ) ;
#3672 = CARTESIAN_POINT ( 'NONE',  ( 1.673947134580575424, -4.041265874999998786, 27.00000000136559564 ) ) ;
#3673 = CARTESIAN_POINT ( 'NONE',  ( -3.500000000000000000, 0.000000000000000000, 26.00000000000000355 ) ) ;
#3674 = CARTESIAN_POINT ( 'NONE',  ( 4.041265874999999674, 1.673947134580573648, 26.12500000136559919 ) ) ;
#3675 = CARTESIAN_POINT ( 'NONE',  ( -4.041265874999998786, -1.673947134580575868, 24.75000000136559564 ) ) ;
#3676 = CARTESIAN_POINT ( 'NONE',  ( 4.041265875000000563, -1.673947134580572538, 31.00000000136559564 ) ) ;
#3677 = VERTEX_POINT ( 'NONE', #3223 ) ;
#3678 = CARTESIAN_POINT ( 'NONE',  ( -2.474873734152916782, 2.474873734152916782, 24.12500000273119127 ) ) ;
#3679 = CARTESIAN_POINT ( 'NONE',  ( -3.500000000000000000, 0.000000000000000000, 32.00000000000000000 ) ) ;
#3680 = CARTESIAN_POINT ( 'NONE',  ( -3.500000000000000000, 0.000000000000000000, 22.00000000000000355 ) ) ;
#3681 = CARTESIAN_POINT ( 'NONE',  ( 1.673947134580573426, 4.041265874999999674, 30.25000000136559564 ) ) ;
#3682 = CARTESIAN_POINT ( 'NONE',  ( 3.500000000000001332, -1.449747468305832010, 20.68750000273119127 ) ) ;
#3683 = EDGE_LOOP ( 'NONE', ( #2693, #1819 ) ) ;
#3684 = CARTESIAN_POINT ( 'NONE',  ( -2.474561659161088847E-16, 4.041265874999999674, 32.43750000136559919 ) ) ;
#3685 = EDGE_LOOP ( 'NONE', ( #854, #1526, #3886, #3605, #2438 ) ) ;
#3686 = CARTESIAN_POINT ( 'NONE',  ( -4.041265874999998786, -1.673947134580575868, 22.62500000136559564 ) ) ;
#3687 = LINE ( 'NONE', #1221, #335 ) ;
#3688 = CARTESIAN_POINT ( 'NONE',  ( -4.041265874999999674, 0.000000000000000000, 19.56250000136559919 ) ) ;
#3689 = AXIS2_PLACEMENT_3D ( 'NONE', #804, #3024, #3944 ) ;
#3690 = CARTESIAN_POINT ( 'NONE',  ( -1.673947134580574092, -4.041265874999998786, 31.75000000136559919 ) ) ;
#3691 = CARTESIAN_POINT ( 'NONE',  ( -1.185214716761817222, 3.074310185979813426, 16.40553767336996316 ) ) ;
#3692 = CARTESIAN_POINT ( 'NONE',  ( -1.449747468305833564, 3.500000000000000000, 28.81250000000000355 ) ) ;
#3693 = CIRCLE ( 'NONE', #1623, 6.000000000000000888 ) ;
#3694 = CARTESIAN_POINT ( 'NONE',  ( -0.7719932105418633173, 1.956919285319601798, 6.996038555901233025 ) ) ;
#3695 = CARTESIAN_POINT ( 'NONE',  ( -1.673947134580573870, 4.041265874999999674, 29.50000000136559564 ) ) ;
#3696 = CARTESIAN_POINT ( 'NONE',  ( -1.673947134580573648, 4.041265874999999674, 24.37500000136559564 ) ) ;
#3697 = CARTESIAN_POINT ( 'NONE',  ( 4.041265875000001451, -1.673947134580572538, 27.12500000136559919 ) ) ;
#3698 = CARTESIAN_POINT ( 'NONE',  ( -2.857606504790286106, -2.857606504790286994, 29.68750000136559564 ) ) ;
#3699 = ORIENTED_EDGE ( 'NONE', *, *, #3987, .T. ) ;
#3700 = VECTOR ( 'NONE', #1441, 1000.000000000000000 ) ;
#3701 = AXIS2_PLACEMENT_3D ( 'NONE', #2921, #3551, #2220 ) ;
#3702 = CARTESIAN_POINT ( 'NONE',  ( -2.143131898507868297E-16, 3.500000000000000000, 25.75000000000000355 ) ) ;
#3703 = CARTESIAN_POINT ( 'NONE',  ( 1.449747468305834674, -3.499999999999999556, 32.31250000000000000 ) ) ;
#3704 = CARTESIAN_POINT ( 'NONE',  ( 1.449747468305832898, 3.500000000000000444, 23.68750000000000355 ) ) ;
#3705 = CARTESIAN_POINT ( 'NONE',  ( 2.857606504790286550, 2.857606504790286994, 33.18750000136559919 ) ) ;
#3706 = CARTESIAN_POINT ( 'NONE',  ( 3.500000000000001332, -1.449747468305832010, 19.68750000273119127 ) ) ;
#3707 = ORIENTED_EDGE ( 'NONE', *, *, #143, .T. ) ;
#3708 = CARTESIAN_POINT ( 'NONE',  ( 2.857606504790286550, 2.857606504790286994, 28.31250000136559564 ) ) ;
#3709 = VERTEX_POINT ( 'NONE', #755 ) ;
#3710 = CARTESIAN_POINT ( 'NONE',  ( 4.041265875000001451, -1.673947134580572538, 25.12500000136559564 ) ) ;
#3711 = CARTESIAN_POINT ( 'NONE',  ( -1.673947134580573870, 4.041265874999999674, 20.37500000136560629 ) ) ;
#3712 = EDGE_CURVE ( 'NONE', #2108, #59, #1583, .T. ) ;
#3713 = DIRECTION ( 'NONE',  ( -0.000000000000000000, -0.000000000000000000, 1.000000000000000000 ) ) ;
#3714 = CARTESIAN_POINT ( 'NONE',  ( 7.423684977483266541E-16, -4.041265874999999674, 20.81250000136559564 ) ) ;
#3715 = CARTESIAN_POINT ( 'NONE',  ( 4.041265874999999674, 4.949123318322177694E-16, 32.06250000136559919 ) ) ;
#3716 = EDGE_CURVE ( 'NONE', #1748, #1457, #1124, .T. ) ;
#3717 = CARTESIAN_POINT ( 'NONE',  ( -3.500000000000000000, 0.000000000000000000, 33.00000000000000000 ) ) ;
#3718 = CARTESIAN_POINT ( 'NONE',  ( 3.045484693331105941, -2.669595942487613005, 20.00000000000000355 ) ) ;
#3719 = CARTESIAN_POINT ( 'NONE',  ( -4.041265874999998786, -1.673947134580575868, 27.75000000136559919 ) ) ;
#3720 = ADVANCED_FACE ( 'NONE', ( #805 ), #2035, .T. ) ;
#3721 = CARTESIAN_POINT ( 'NONE',  ( 1.673947134580575424, -4.041265874999998786, 22.87500000136559564 ) ) ;
#3722 = CARTESIAN_POINT ( 'NONE',  ( -4.041265874999999674, 1.673947134580573648, 28.62500000136559919 ) ) ;
#3723 = CARTESIAN_POINT ( 'NONE',  ( 2.857606504790286550, 2.857606504790286994, 29.18750000136559564 ) ) ;
#3724 = CARTESIAN_POINT ( 'NONE',  ( -3.500000000000000000, 0.000000000000000000, 26.00000000000000355 ) ) ;
#3725 = CARTESIAN_POINT ( 'NONE',  ( 2.474873734152917226, -2.474873734152916338, 27.62500000273119483 ) ) ;
#3726 = CARTESIAN_POINT ( 'NONE',  ( 1.449747468305832898, 3.500000000000000444, 29.68750000000000711 ) ) ;
#3727 = CARTESIAN_POINT ( 'NONE',  ( -1.449747468305833564, -3.500000000000000000, 21.18750000000000000 ) ) ;
#3728 = CARTESIAN_POINT ( 'NONE',  ( -1.673947134580573870, 4.041265874999999674, 30.37500000136559919 ) ) ;
#3729 = CARTESIAN_POINT ( 'NONE',  ( 6.429395695523603167E-16, -3.500000000000000000, 21.50000000273119127 ) ) ;
#3730 = CARTESIAN_POINT ( 'NONE',  ( -2.075420378092509122, -0.3306816871973092264, 7.208325066887225852 ) ) ;
#3731 = ORIENTED_EDGE ( 'NONE', *, *, #2800, .T. ) ;
#3732 = CARTESIAN_POINT ( 'NONE',  ( -2.857606504790286994, 2.857606504790286994, 31.56250000136559564 ) ) ;
#3733 = ORIENTED_EDGE ( 'NONE', *, *, #3346, .T. ) ;
#3734 = CARTESIAN_POINT ( 'NONE',  ( 2.857606504790286994, -2.857606504790286550, 23.06250000136559564 ) ) ;
#3735 = CARTESIAN_POINT ( 'NONE',  ( -2.474561659161088847E-16, 4.041265874999999674, 23.31250000136559564 ) ) ;
#3736 = CARTESIAN_POINT ( 'NONE',  ( 3.500000000000000000, 4.286263797015736595E-16, 27.75000000273119483 ) ) ;
#3737 = CARTESIAN_POINT ( 'NONE',  ( 1.673947134580575424, -4.041265874999998786, 19.87500000136560274 ) ) ;
#3738 = ORIENTED_EDGE ( 'NONE', *, *, #143, .F. ) ;
#3739 = CARTESIAN_POINT ( 'NONE',  ( 2.857606504790286550, 2.857606504790286994, 20.31250000136559919 ) ) ;
#3740 = DIRECTION ( 'NONE',  ( -0.000000000000000000, -0.000000000000000000, -1.000000000000000000 ) ) ;
#3741 = CARTESIAN_POINT ( 'NONE',  ( 1.250042725705121871, 3.100017228104953837, 16.08194094432894516 ) ) ;
#3742 = CARTESIAN_POINT ( 'NONE',  ( -4.041265874999999674, 1.673947134580573648, 27.62500000136559919 ) ) ;
#3743 = CARTESIAN_POINT ( 'NONE',  ( -1.673947134580574092, -4.041265874999998786, 20.75000000136559564 ) ) ;
#3744 = CARTESIAN_POINT ( 'NONE',  ( 2.857606504790286550, 2.857606504790286994, 26.31250000136559919 ) ) ;
#3745 = CARTESIAN_POINT ( 'NONE',  ( 1.673947134580573204, 4.041265874999999674, 29.25000000136559564 ) ) ;
#3746 = CARTESIAN_POINT ( 'NONE',  ( -6.000000000000000888, 0.000000000000000000, 20.00000000000000355 ) ) ;
#3747 =( BOUNDED_CURVE ( )  B_SPLINE_CURVE ( 2, ( #740, #2297, #1611, #1973, #76, #3224, #3773, #3817, #3242 ),
 .UNSPECIFIED., .F., .F. ) 
 B_SPLINE_CURVE_WITH_KNOTS ( ( 3, 2, 2, 2, 3 ),
 ( 0.8571428571428570953, 0.8660714285714286031, 0.8750000000000000000, 0.8839285714285712858, 0.8928571428571427937 ),
 .UNSPECIFIED. ) 
 CURVE ( )  GEOMETRIC_REPRESENTATION_ITEM ( )  RATIONAL_B_SPLINE_CURVE ( ( 1.000000000000000000, 0.9238795325112867385, 1.000000000000000000, 0.9238795325112867385, 1.000000000000000000, 0.9238795325112867385, 1.000000000000000000, 0.9238795325112877377, 0.9999999999999990008 ) ) 
 REPRESENTATION_ITEM ( '' )  );
#3748 = CYLINDRICAL_SURFACE ( 'NONE', #1038, 1.250000000000001110 ) ;
#3749 = EDGE_CURVE ( 'NONE', #382, #312, #1165, .T. ) ;
#3750 = ORIENTED_EDGE ( 'NONE', *, *, #2249, .T. ) ;
#3751 = CARTESIAN_POINT ( 'NONE',  ( -0.7676516456877627848, 5.951848298472883769, 7.000090692904214151 ) ) ;
#3752 = CARTESIAN_POINT ( 'NONE',  ( 3.500000000000000000, 4.286263797015736595E-16, 31.50000000000000000 ) ) ;
#3753 = CARTESIAN_POINT ( 'NONE',  ( 2.857606504790286994, -2.857606504790286550, 33.06250000136559919 ) ) ;
#3754 = CARTESIAN_POINT ( 'NONE',  ( -3.500000000000000444, 1.449747468305833120, 23.18750000273119127 ) ) ;
#3755 = CARTESIAN_POINT ( 'NONE',  ( -2.100000000000000089, 0.000000000000000000, 7.249999999999999112 ) ) ;
#3756 = ORIENTED_EDGE ( 'NONE', *, *, #2737, .T. ) ;
#3757 = CARTESIAN_POINT ( 'NONE',  ( 4.041265874999999674, 1.673947134580573648, 31.25000000136559564 ) ) ;
#3758 = VERTEX_POINT ( 'NONE', #604 ) ;
#3759 = CARTESIAN_POINT ( 'NONE',  ( 1.673947134580575424, -4.041265874999998786, 23.00000000136559564 ) ) ;
#3760 = CARTESIAN_POINT ( 'NONE',  ( -2.857606504790286994, 2.857606504790286994, 23.43750000136559564 ) ) ;
#3761 = CARTESIAN_POINT ( 'NONE',  ( 0.000000000000000000, 0.000000000000000000, 20.00000000000000355 ) ) ;
#3762 = CARTESIAN_POINT ( 'NONE',  ( -2.857606504790286106, -2.857606504790286994, 20.68750000136559564 ) ) ;
#3763 = ORIENTED_EDGE ( 'NONE', *, *, #2842, .T. ) ;
#3764 = CARTESIAN_POINT ( 'NONE',  ( 4.041265874999999674, 4.949123318322177694E-16, 33.06250000136559919 ) ) ;
#3765 = APPLICATION_PROTOCOL_DEFINITION ( 'international standard', 'config_control_design', 1994, #62 ) ;
#3766 = CARTESIAN_POINT ( 'NONE',  ( 2.484876741142282963, -3.230599947045918796, 20.00000000000000355 ) ) ;
#3767 = CARTESIAN_POINT ( 'NONE',  ( 1.673947134580573204, 4.041265874999999674, 20.25000000136559919 ) ) ;
#3768 = CARTESIAN_POINT ( 'NONE',  ( 4.041265875000001451, -1.673947134580572538, 25.12500000136559564 ) ) ;
#3769 = CARTESIAN_POINT ( 'NONE',  ( 2.857606504790286994, -2.857606504790286550, 27.93750000136559919 ) ) ;
#3770 = DIRECTION ( 'NONE',  ( -0.000000000000000000, -0.000000000000000000, -1.000000000000000000 ) ) ;
#3771 = ORIENTED_EDGE ( 'NONE', *, *, #1853, .F. ) ;
#3772 = ORIENTED_EDGE ( 'NONE', *, *, #2314, .T. ) ;
#3773 = CARTESIAN_POINT ( 'NONE',  ( 2.474873734152916338, 2.474873734152916782, 20.87500000273119127 ) ) ;
#3774 = LINE ( 'NONE', #980, #578 ) ;
#3775 = CARTESIAN_POINT ( 'NONE',  ( 1.673947134580575424, -4.041265874999998786, 33.00000000136559919 ) ) ;
#3776 = ADVANCED_FACE ( 'NONE', ( #2049 ), #3671, .T. ) ;
#3777 = CYLINDRICAL_SURFACE ( 'NONE', #2465, 3.500000000000000000 ) ;
#3778 = CYLINDRICAL_SURFACE ( 'NONE', #1838, 3.500000000000000000 ) ;
#3779 =( BOUNDED_CURVE ( )  B_SPLINE_CURVE ( 2, ( #662, #3991, #3678, #1493, #1537, #1797, #1170, #3378, #1869 ),
 .UNSPECIFIED., .F., .F. ) 
 B_SPLINE_CURVE_WITH_KNOTS ( ( 3, 2, 2, 2, 3 ),
 ( 0.6428571428571427937, 0.6517857142857141906, 0.6607142857142856984, 0.6696428571428572063, 0.6785714285714287142 ),
 .UNSPECIFIED. ) 
 CURVE ( )  GEOMETRIC_REPRESENTATION_ITEM ( )  RATIONAL_B_SPLINE_CURVE ( ( 1.000000000000000888, 0.9238795325112857393, 1.000000000000000000, 0.9238795325112867385, 1.000000000000000000, 0.9238795325112867385, 1.000000000000000000, 0.9238795325112857393, 1.000000000000000888 ) ) 
 REPRESENTATION_ITEM ( '' )  );
#3780 = ORIENTED_EDGE ( 'NONE', *, *, #3231, .F. ) ;
#3781 = CARTESIAN_POINT ( 'NONE',  ( -4.041265874999999674, 1.673947134580573426, 31.62500000136559564 ) ) ;
#3782 = EDGE_LOOP ( 'NONE', ( #1900, #895, #2418, #1434 ) ) ;
#3783 = CARTESIAN_POINT ( 'NONE',  ( -2.857606504790286994, 2.857606504790286994, 25.56250000136559564 ) ) ;
#3784 = CARTESIAN_POINT ( 'NONE',  ( 3.500000000000000000, 4.286263797015736595E-16, 25.50000000000000355 ) ) ;
#3785 = VECTOR ( 'NONE', #3713, 1000.000000000000000 ) ;
#3786 = CARTESIAN_POINT ( 'NONE',  ( -2.143131898507868297E-16, 3.500000000000000000, 31.00000000273119127 ) ) ;
#3787 = CARTESIAN_POINT ( 'NONE',  ( -3.500000000000000444, 1.449747468305833120, 32.18750000273119127 ) ) ;
#3788 = AXIS2_PLACEMENT_3D ( 'NONE', #423, #2941, #3209 ) ;
#3789 = ORIENTED_EDGE ( 'NONE', *, *, #2995, .F. ) ;
#3790 = CARTESIAN_POINT ( 'NONE',  ( -2.474561659161088847E-16, 4.041265874999999674, 33.31250000136559919 ) ) ;
#3791 = PERSON_AND_ORGANIZATION ( #234, #3393 ) ;
#3792 = CARTESIAN_POINT ( 'NONE',  ( -5.528782573534040345, -2.335659526963558275, 13.95202339229589050 ) ) ;
#3793 = CARTESIAN_POINT ( 'NONE',  ( -1.673947134580573648, 4.041265874999999674, 21.37500000136559919 ) ) ;
#3794 = CARTESIAN_POINT ( 'NONE',  ( 2.857606504790286994, -2.857606504790286550, 24.06250000136559564 ) ) ;
#3795 = CARTESIAN_POINT ( 'NONE',  ( 2.474873734152917226, -2.474873734152916338, 22.62500000273119127 ) ) ;
#3796 = VECTOR ( 'NONE', #2002, 1000.000000000000000 ) ;
#3797 = FACE_OUTER_BOUND ( 'NONE', #2121, .T. ) ;
#3798 = CARTESIAN_POINT ( 'NONE',  ( -4.041265874999999674, 0.000000000000000000, 32.68750000136559919 ) ) ;
#3799 = CARTESIAN_POINT ( 'NONE',  ( 6.429395695523603167E-16, -3.500000000000000000, 26.50000000273119127 ) ) ;
#3800 = CARTESIAN_POINT ( 'NONE',  ( -5.793911244223015622, -1.568643011730314285, 18.68131447863022387 ) ) ;
#3801 = CARTESIAN_POINT ( 'NONE',  ( -2.474561659161088847E-16, 4.041265874999999674, 31.43750000136559564 ) ) ;
#3802 = ORIENTED_EDGE ( 'NONE', *, *, #2135, .T. ) ;
#3803 = EDGE_CURVE ( 'NONE', #2709, #2957, #1972, .T. ) ;
#3804 = CARTESIAN_POINT ( 'NONE',  ( 2.857606504790286994, -2.857606504790286550, 21.06250000136559564 ) ) ;
#3805 = CARTESIAN_POINT ( 'NONE',  ( -3.500000000000000000, 0.000000000000000000, 32.00000000000000000 ) ) ;
#3806 = FACE_OUTER_BOUND ( 'NONE', #3635, .T. ) ;
#3807 = CARTESIAN_POINT ( 'NONE',  ( 6.429395695523603167E-16, -3.500000000000000000, 28.50000000273119127 ) ) ;
#3808 = ADVANCED_FACE ( 'NONE', ( #2114 ), #259, .T. ) ;
#3809 = CARTESIAN_POINT ( 'NONE',  ( 2.857606504790286994, -2.857606504790286550, 28.93750000136559564 ) ) ;
#3810 = AXIS2_PLACEMENT_3D ( 'NONE', #98, #1938, #58 ) ;
#3811 = CARTESIAN_POINT ( 'NONE',  ( -2.474873734152916782, 2.474873734152916782, 25.87500000000000355 ) ) ;
#3812 = CARTESIAN_POINT ( 'NONE',  ( 4.041265875000001451, -1.673947134580572538, 27.00000000136559564 ) ) ;
#3813 = MECHANICAL_CONTEXT ( 'NONE', #3319, 'mechanical' ) ;
#3814 = CARTESIAN_POINT ( 'NONE',  ( 3.500000000000000000, 4.286263797015736595E-16, 33.50000000000000000 ) ) ;
#3815 = CARTESIAN_POINT ( 'NONE',  ( -3.500000000000000000, 0.000000000000000000, 33.62500000136559919 ) ) ;
#3816 = CARTESIAN_POINT ( 'NONE',  ( -4.041265874999999674, 0.000000000000000000, 23.68750000136559564 ) ) ;
#3817 = CARTESIAN_POINT ( 'NONE',  ( 3.499999999999985789, 1.449747468305847109, 20.81250000273119483 ) ) ;
#3818 = CARTESIAN_POINT ( 'NONE',  ( -3.499999999999999556, 0.000000000000000000, 31.00000000000000355 ) ) ;
#3819 = CARTESIAN_POINT ( 'NONE',  ( 3.500000000000000444, 1.449747468305833342, 20.56250000000000711 ) ) ;
#3820 = CARTESIAN_POINT ( 'NONE',  ( -3.500000000000013767, 1.449747468305818909, 26.93750000000000711 ) ) ;
#3821 = CARTESIAN_POINT ( 'NONE',  ( -5.946931978406047037, -0.8217088487649351070, 18.99620721954034863 ) ) ;
#3822 = CARTESIAN_POINT ( 'NONE',  ( -4.041265874999998786, -1.673947134580575868, 27.75000000136559919 ) ) ;
#3823 = CARTESIAN_POINT ( 'NONE',  ( 3.500000000000000000, 4.286263797015736595E-16, 30.75000000273119483 ) ) ;
#3824 = CARTESIAN_POINT ( 'NONE',  ( -4.041265874999998786, -1.673947134580575868, 19.62500000136560629 ) ) ;
#3825 = CARTESIAN_POINT ( 'NONE',  ( -3.500000000000000000, 0.000000000000000000, 31.25000000273119127 ) ) ;
#3826 = CARTESIAN_POINT ( 'NONE',  ( 1.449747468305832898, 3.500000000000000444, 29.93750000273119838 ) ) ;
#3827 = EDGE_CURVE ( 'NONE', #1117, #3050, #995, .T. ) ;
#3828 = CARTESIAN_POINT ( 'NONE',  ( 4.041265874999999674, 4.949123318322177694E-16, 22.18750000136559919 ) ) ;
#3829 = CARTESIAN_POINT ( 'NONE',  ( -4.041265874999998786, -1.673947134580575868, 28.62500000136559919 ) ) ;
#3830 = CARTESIAN_POINT ( 'NONE',  ( -3.500000000000000000, 0.000000000000000000, 26.00000000000000355 ) ) ;
#3831 = CARTESIAN_POINT ( 'NONE',  ( 7.423684977483266541E-16, -4.041265874999999674, 27.81250000136559919 ) ) ;
#3832 = EDGE_CURVE ( 'NONE', #2729, #2078, #1753, .T. ) ;
#3833 = APPROVAL_ROLE ( '' ) ;
#3834 = CARTESIAN_POINT ( 'NONE',  ( 0.4102124574160417869, 2.061025970813440189, 4.816348677381582455 ) ) ;
#3835 = CARTESIAN_POINT ( 'NONE',  ( -2.857606504790286106, -2.857606504790286994, 22.81250000136559564 ) ) ;
#3836 = CARTESIAN_POINT ( 'NONE',  ( 1.449747468305834897, -3.499999999999999112, 22.56250000273119127 ) ) ;
#3837 = CYLINDRICAL_SURFACE ( 'NONE', #3479, 3.500000000000000000 ) ;
#3838 = CARTESIAN_POINT ( 'NONE',  ( 6.000000000000000888, 7.347880794884120722E-16, 34.00000000000000000 ) ) ;
#3839 = CARTESIAN_POINT ( 'NONE',  ( 2.474873734152916338, 2.474873734152916782, 20.62500000000000355 ) ) ;
#3840 = CARTESIAN_POINT ( 'NONE',  ( -3.499999999999999556, 0.000000000000000000, 28.25000000273119127 ) ) ;
#3841 = CARTESIAN_POINT ( 'NONE',  ( -2.474873734152916782, 2.474873734152916782, 20.87500000000000355 ) ) ;
#3842 = CARTESIAN_POINT ( 'NONE',  ( -1.673947134580573648, 4.041265874999999674, 26.50000000136559919 ) ) ;
#3843 = CARTESIAN_POINT ( 'NONE',  ( -4.041265874999999674, 0.000000000000000000, 21.68750000136559564 ) ) ;
#3844 = CARTESIAN_POINT ( 'NONE',  ( -2.474873734152916782, 2.474873734152916782, 23.12500000273119127 ) ) ;
#3845 = CARTESIAN_POINT ( 'NONE',  ( 3.500000000000000000, 4.286263797015736595E-16, 21.50000000000000000 ) ) ;
#3846 = CARTESIAN_POINT ( 'NONE',  ( -2.474873734152916782, 2.474873734152916782, 29.12500000273119127 ) ) ;
#3847 = CARTESIAN_POINT ( 'NONE',  ( -2.857606504790286994, 2.857606504790286994, 24.56250000136559564 ) ) ;
#3848 = CIRCLE ( 'NONE', #3130, 2.100000000000000089 ) ;
#3849 = EDGE_CURVE ( 'NONE', #3317, #856, #3983, .T. ) ;
#3850 = CARTESIAN_POINT ( 'NONE',  ( 1.673947134580573426, 4.041265874999999674, 30.25000000136559564 ) ) ;
#3851 = CARTESIAN_POINT ( 'NONE',  ( 2.857606504790286994, -2.857606504790286550, 25.93750000136559564 ) ) ;
#3852 = APPROVAL_DATE_TIME ( #2658, #2182 ) ;
#3853 = CARTESIAN_POINT ( 'NONE',  ( 0.08467116648001095369, 2.100000000000001421, 4.750000000000000888 ) ) ;
#3854 = CARTESIAN_POINT ( 'NONE',  ( 4.041265874999999674, 4.949123318322177694E-16, 24.18750000136559564 ) ) ;
#3855 = CARTESIAN_POINT ( 'NONE',  ( 0.6306622085690022361, 5.968668997490169659, 14.90854277372324432 ) ) ;
#3856 = CARTESIAN_POINT ( 'NONE',  ( 3.500000000000000000, 4.286263797015736595E-16, 21.75000000273119127 ) ) ;
#3857 = CARTESIAN_POINT ( 'NONE',  ( 3.397326563204821070, 1.735559795447181308, 20.00000000000001776 ) ) ;
#3858 = CARTESIAN_POINT ( 'NONE',  ( 1.673947134580573426, 4.041265874999999674, 29.37500000136559564 ) ) ;
#3859 = CARTESIAN_POINT ( 'NONE',  ( 2.474873734152917226, -2.474873734152916338, 22.37500000000000355 ) ) ;
#3860 = CARTESIAN_POINT ( 'NONE',  ( -3.500000000000000000, 4.286263797015736595E-16, 20.00000000000000355 ) ) ;
#3861 = CARTESIAN_POINT ( 'NONE',  ( 1.673947134580575424, -4.041265874999998786, 27.00000000136559919 ) ) ;
#3862 = DIRECTION ( 'NONE',  ( 0.000000000000000000, 0.000000000000000000, -1.000000000000000000 ) ) ;
#3863 = DIRECTION ( 'NONE',  ( -1.000000000000000000, 0.000000000000000000, 0.000000000000000000 ) ) ;
#3864 = LINE ( 'NONE', #830, #901 ) ;
#3865 = CARTESIAN_POINT ( 'NONE',  ( 2.474873734152916338, 2.474873734152916782, 28.87500000273119127 ) ) ;
#3866 = CARTESIAN_POINT ( 'NONE',  ( -4.041265874999999674, 0.000000000000000000, 24.68750000136559564 ) ) ;
#3867 = VECTOR ( 'NONE', #2400, 1000.000000000000000 ) ;
#3868 = CARTESIAN_POINT ( 'NONE',  ( 4.041265875000001451, -1.673947134580572538, 30.00000000136559564 ) ) ;
#3869 = CARTESIAN_POINT ( 'NONE',  ( 2.857606504790286994, -2.857606504790286550, 27.93750000136559919 ) ) ;
#3870 = SHAPE_DEFINITION_REPRESENTATION ( #1486, #2659 ) ;
#3871 = CARTESIAN_POINT ( 'NONE',  ( 0.3306458352400286627, 2.075434277453434895, 7.208349164986845636 ) ) ;
#3872 = CARTESIAN_POINT ( 'NONE',  ( -4.041265874999999674, 1.673947134580573648, 21.62500000136560274 ) ) ;
#3873 = CARTESIAN_POINT ( 'NONE',  ( 1.250077802930040338, 5.868330724573411317, 15.83556121663745664 ) ) ;
#3874 = EDGE_CURVE ( 'NONE', #961, #1457, #2814, .T. ) ;
#3875 = CARTESIAN_POINT ( 'NONE',  ( 4.041265875000001451, -1.673947134580572538, 30.12500000136559564 ) ) ;
#3876 = CARTESIAN_POINT ( 'NONE',  ( -1.449747468305833564, 3.500000000000000000, 30.81250000000000355 ) ) ;
#3877 = CARTESIAN_POINT ( 'NONE',  ( 7.423684977483266541E-16, -4.041265874999999674, 29.93750000136559919 ) ) ;
#3878 = CYLINDRICAL_SURFACE ( 'NONE', #464, 3.500000000000000000 ) ;
#3879 = UNCERTAINTY_MEASURE_WITH_UNIT (LENGTH_MEASURE( 1.000000000000000082E-05 ), #3135, 'distance_accuracy_value', 'NONE');
#3880 = CARTESIAN_POINT ( 'NONE',  ( -3.500000000000000000, 4.286263797015736595E-16, 20.00000000000000355 ) ) ;
#3881 = EDGE_CURVE ( 'NONE', #690, #205, #3629, .T. ) ;
#3882 = CARTESIAN_POINT ( 'NONE',  ( 3.500000000000015099, -1.449747468305818465, 30.68750000273119838 ) ) ;
#3883 = CARTESIAN_POINT ( 'NONE',  ( 0.6325924882726526866, 2.902679480241401766, 14.90955968487655703 ) ) ;
#3884 = CARTESIAN_POINT ( 'NONE',  ( -5.900116150698970330, 1.092095569954297574, 5.370460711674670762 ) ) ;
#3885 = CARTESIAN_POINT ( 'NONE',  ( 1.449747468305834674, -3.499999999999999556, 30.56250000273119127 ) ) ;
#3886 = ORIENTED_EDGE ( 'NONE', *, *, #2771, .T. ) ;
#3887 =( BOUNDED_CURVE ( )  B_SPLINE_CURVE ( 2, ( #3845, #1346, #1620, #2536, #1904, #136, #2578, #3194, #709 ),
 .UNSPECIFIED., .F., .F. ) 
 B_SPLINE_CURVE_WITH_KNOTS ( ( 3, 2, 2, 2, 3 ),
 ( 0.8928571428571427937, 0.9017857142857141906, 0.9107142857142855874, 0.9196428571428569843, 0.9285714285714284921 ),
 .UNSPECIFIED. ) 
 CURVE ( )  GEOMETRIC_REPRESENTATION_ITEM ( )  RATIONAL_B_SPLINE_CURVE ( ( 1.000000000000000888, 0.9238795325112857393, 1.000000000000000000, 0.9238795325112867385, 1.000000000000000000, 0.9238795325112867385, 1.000000000000000000, 0.9238795325112877377, 0.9999999999999990008 ) ) 
 REPRESENTATION_ITEM ( '' )  );
#3888 = CARTESIAN_POINT ( 'NONE',  ( -4.041265874999999674, 1.673947134580573426, 25.62500000136559564 ) ) ;
#3889 = CARTESIAN_POINT ( 'NONE',  ( -1.673947134580574092, -4.041265874999998786, 29.75000000136559564 ) ) ;
#3890 = CARTESIAN_POINT ( 'NONE',  ( -4.041265874999999674, 0.000000000000000000, 28.56250000136559564 ) ) ;
#3891 = CALENDAR_DATE ( 2023, 13, 3 ) ;
#3892 = CARTESIAN_POINT ( 'NONE',  ( 3.500000000000000000, 0.000000000000000000, 20.00000000000000355 ) ) ;
#3893 = LINE ( 'NONE', #1393, #197 ) ;
#3894 = CARTESIAN_POINT ( 'NONE',  ( -3.500000000000000000, 4.286263797015736595E-16, 20.00000000000000355 ) ) ;
#3895 = CARTESIAN_POINT ( 'NONE',  ( -1.673947134580573870, 4.041265874999999674, 33.50000000136559919 ) ) ;
#3896 = CARTESIAN_POINT ( 'NONE',  ( 3.500000000000000000, 4.286263797015736595E-16, 32.75000000273119127 ) ) ;
#3897 = ORIENTED_EDGE ( 'NONE', *, *, #2249, .F. ) ;
#3898 = FACE_OUTER_BOUND ( 'NONE', #3429, .T. ) ;
#3899 = CARTESIAN_POINT ( 'NONE',  ( 0.000000000000000000, 0.000000000000000000, 34.00000000000000000 ) ) ;
#3900 = EDGE_CURVE ( 'NONE', #1299, #1178, #281, .T. ) ;
#3901 = CARTESIAN_POINT ( 'NONE',  ( -3.499999999999985789, -1.449747468305849107, 24.31250000273118772 ) ) ;
#3902 = CARTESIAN_POINT ( 'NONE',  ( 1.449747468305832898, 3.500000000000000444, 28.68750000000000711 ) ) ;
#3903 = CARTESIAN_POINT ( 'NONE',  ( -0.8880349809484791024, -3.780170542228835195, 20.00000000000000711 ) ) ;
#3904 = CARTESIAN_POINT ( 'NONE',  ( -1.449747468305833342, 3.500000000000000444, 25.06250000273119127 ) ) ;
#3905 = ORIENTED_EDGE ( 'NONE', *, *, #1399, .F. ) ;
#3906 = CARTESIAN_POINT ( 'NONE',  ( 7.423684977483266541E-16, -4.041265874999999674, 23.93750000136559564 ) ) ;
#3907 = CARTESIAN_POINT ( 'NONE',  ( 2.857606504790286550, 2.857606504790286994, 27.18750000136559919 ) ) ;
#3908 = CARTESIAN_POINT ( 'NONE',  ( 2.857606504790286550, 2.857606504790286994, 23.18750000136559564 ) ) ;
#3909 =( BOUNDED_CURVE ( )  B_SPLINE_CURVE ( 2, ( #1255, #32, #361, #1590, #2821, #2792, #2501, #2166, #1868 ),
 .UNSPECIFIED., .F., .F. ) 
 B_SPLINE_CURVE_WITH_KNOTS ( ( 3, 2, 2, 2, 3 ),
 ( 0.03571428571428574700, 0.04464285714285718548, 0.05357142857142861703, 0.06250000000000005551, 0.07142857142857149400 ),
 .UNSPECIFIED. ) 
 CURVE ( )  GEOMETRIC_REPRESENTATION_ITEM ( )  RATIONAL_B_SPLINE_CURVE ( ( 0.9999999999999996669, 0.9238795325112870716, 1.000000000000000000, 0.9238795325112867385, 1.000000000000000000, 0.9238795325112867385, 1.000000000000000000, 0.9238795325112861834, 1.000000000000000666 ) ) 
 REPRESENTATION_ITEM ( '' )  );
#3910 = CARTESIAN_POINT ( 'NONE',  ( 1.673947134580573426, 4.041265874999999674, 20.37500000136560629 ) ) ;
#3911 = DIRECTION ( 'NONE',  ( -0.000000000000000000, -0.000000000000000000, 1.000000000000000000 ) ) ;
#3912 = CARTESIAN_POINT ( 'NONE',  ( -4.041265874999999674, 1.673947134580573648, 32.62500000136559208 ) ) ;
#3913 = DIRECTION ( 'NONE',  ( 1.000000000000000000, 0.000000000000000000, 0.000000000000000000 ) ) ;
#3914 = ORIENTED_EDGE ( 'NONE', *, *, #2112, .F. ) ;
#3915 = CARTESIAN_POINT ( 'NONE',  ( 3.500000000000000000, 4.286263797015736595E-16, 26.50000000000000355 ) ) ;
#3916 = CARTESIAN_POINT ( 'NONE',  ( -1.449747468305833564, 3.500000000000000000, 33.81250000000000000 ) ) ;
#3917 = CARTESIAN_POINT ( 'NONE',  ( -0.9977091072959861640, 1.852003678455065527, 5.230330349473747198 ) ) ;
#3918 = CARTESIAN_POINT ( 'NONE',  ( -3.500000000000000444, 1.449747468305833120, 25.93750000000000355 ) ) ;
#3919 = CARTESIAN_POINT ( 'NONE',  ( 1.449747468305834674, -3.499999999999999556, 26.56250000273119127 ) ) ;
#3920 = ORIENTED_EDGE ( 'NONE', *, *, #3158, .F. ) ;
#3921 = CC_DESIGN_APPROVAL ( #2486, ( #2405 ) ) ;
#3922 = CARTESIAN_POINT ( 'NONE',  ( -4.041265874999999674, 0.000000000000000000, 32.68750000136559919 ) ) ;
#3923 = CARTESIAN_POINT ( 'NONE',  ( -4.041265874999999674, 0.000000000000000000, 26.56250000136559919 ) ) ;
#3924 = CARTESIAN_POINT ( 'NONE',  ( 2.857606504790286994, -2.857606504790286550, 24.93750000136559564 ) ) ;
#3925 = CARTESIAN_POINT ( 'NONE',  ( -4.041265874999999674, 1.673947134580573648, 20.62500000136560274 ) ) ;
#3926 = CARTESIAN_POINT ( 'NONE',  ( 0.3300052203812340879, 5.992815780368902168, 14.78340218123242877 ) ) ;
#3927 = CARTESIAN_POINT ( 'NONE',  ( 1.673947134580575424, -4.041265874999998786, 31.00000000136559564 ) ) ;
#3928 = FACE_OUTER_BOUND ( 'NONE', #1502, .T. ) ;
#3929 = CARTESIAN_POINT ( 'NONE',  ( -4.041265874999998786, -1.673947134580575868, 23.62500000136559564 ) ) ;
#3930 = CARTESIAN_POINT ( 'NONE',  ( -2.857606504790286106, -2.857606504790286994, 32.68750000136559919 ) ) ;
#3931 = ORIENTED_EDGE ( 'NONE', *, *, #3593, .T. ) ;
#3932 = CARTESIAN_POINT ( 'NONE',  ( -5.472673906130421706, 2.462746766644257956, 17.89342361103442869 ) ) ;
#3933 = CYLINDRICAL_SURFACE ( 'NONE', #2030, 3.500000000000000000 ) ;
#3934 = CARTESIAN_POINT ( 'NONE',  ( 2.474873734152917226, -2.474873734152916338, 27.37500000000000355 ) ) ;
#3935 = CARTESIAN_POINT ( 'NONE',  ( -2.854019402595630250, -2.345044518427008118, 20.00000000000001066 ) ) ;
#3936 = CARTESIAN_POINT ( 'NONE',  ( -3.500000000000000000, 0.000000000000000000, 25.25000000273119127 ) ) ;
#3937 = ORIENTED_EDGE ( 'NONE', *, *, #3225, .T. ) ;
#3938 = CARTESIAN_POINT ( 'NONE',  ( 1.673947134580575424, -4.041265874999998786, 33.00000000136559919 ) ) ;
#3939 = ORIENTED_EDGE ( 'NONE', *, *, #631, .T. ) ;
#3940 = CARTESIAN_POINT ( 'NONE',  ( 4.041265874999999674, 1.673947134580573870, 27.12500000136559919 ) ) ;
#3941 = EDGE_CURVE ( 'NONE', #2224, #1216, #2993, .T. ) ;
#3942 = CARTESIAN_POINT ( 'NONE',  ( 2.857606504790286994, -2.857606504790286550, 21.93750000136559564 ) ) ;
#3943 = CARTESIAN_POINT ( 'NONE',  ( 1.673947134580573426, 4.041265874999999674, 23.37500000136559564 ) ) ;
#3944 = DIRECTION ( 'NONE',  ( 1.000000000000000000, 0.000000000000000000, 0.000000000000000000 ) ) ;
#3945 = CARTESIAN_POINT ( 'NONE',  ( -3.500000000000000000, 1.449747468305833120, 22.18750000273118772 ) ) ;
#3946 = CARTESIAN_POINT ( 'NONE',  ( 2.857606504790286550, 2.857606504790286994, 32.31250000136559919 ) ) ;
#3947 = CARTESIAN_POINT ( 'NONE',  ( -1.449747468305833342, 3.500000000000000444, 33.81250000000000000 ) ) ;
#3948 = EDGE_LOOP ( 'NONE', ( #1286, #3756, #1826, #3020 ) ) ;
#3949 = CARTESIAN_POINT ( 'NONE',  ( 4.041265874999999674, 1.673947134580573648, 27.12500000136559919 ) ) ;
#3950 = CARTESIAN_POINT ( 'NONE',  ( 4.041265874999999674, 1.673947134580573648, 33.12500000136559919 ) ) ;
#3951 = EDGE_LOOP ( 'NONE', ( #3468, #2485, #233, #2191 ) ) ;
#3952 = CARTESIAN_POINT ( 'NONE',  ( -3.500000000000000444, 1.449747468305833120, 21.93750000000000355 ) ) ;
#3953 = FACE_OUTER_BOUND ( 'NONE', #1513, .T. ) ;
#3954 = CARTESIAN_POINT ( 'NONE',  ( -2.474873734152916782, 2.474873734152916782, 24.12500000273119127 ) ) ;
#3955 = ORIENTED_EDGE ( 'NONE', *, *, #1077, .T. ) ;
#3956 = CARTESIAN_POINT ( 'NONE',  ( 4.041265874999999674, 1.673947134580573648, 33.25000000136559919 ) ) ;
#3957 = ORIENTED_EDGE ( 'NONE', *, *, #639, .F. ) ;
#3958 = CARTESIAN_POINT ( 'NONE',  ( 4.041265875000001451, -1.673947134580572538, 24.00000000136559564 ) ) ;
#3959 = CARTESIAN_POINT ( 'NONE',  ( 0.000000000000000000, 2.100000000000000089, 4.749999999999999112 ) ) ;
#3960 = CARTESIAN_POINT ( 'NONE',  ( -4.041265874999999674, 0.000000000000000000, 24.56250000136559564 ) ) ;
#3961 = CARTESIAN_POINT ( 'NONE',  ( 1.673947134580575424, -4.041265874999998786, 22.00000000136559564 ) ) ;
#3962 = LINE ( 'NONE', #1164, #1555 ) ;
#3963 = DIRECTION ( 'NONE',  ( -0.000000000000000000, -0.000000000000000000, 1.000000000000000000 ) ) ;
#3964 = CIRCLE ( 'NONE', #838, 2.100000000000000089 ) ;
#3965 = CARTESIAN_POINT ( 'NONE',  ( -2.857606504790286106, -2.857606504790286994, 29.81250000136559564 ) ) ;
#3966 = CARTESIAN_POINT ( 'NONE',  ( -2.474873734152915894, -2.474873734152917226, 33.12500000000000000 ) ) ;
#3967 = CARTESIAN_POINT ( 'NONE',  ( 2.857606504790286994, -2.857606504790286550, 24.93750000136559564 ) ) ;
#3968 = CARTESIAN_POINT ( 'NONE',  ( -2.474561659161088847E-16, 4.041265874999999674, 30.31250000136559919 ) ) ;
#3969 = ORIENTED_EDGE ( 'NONE', *, *, #3475, .T. ) ;
#3970 = CARTESIAN_POINT ( 'NONE',  ( -0.6307756332871478078, 5.968681298996451723, 4.908460688980616382 ) ) ;
#3971 = CARTESIAN_POINT ( 'NONE',  ( -2.143131898507868297E-16, 3.500000000000000000, 32.75000000000000000 ) ) ;
#3972 = CARTESIAN_POINT ( 'NONE',  ( 2.474873734152916338, 2.474873734152916782, 24.62500000000000000 ) ) ;
#3973 = CARTESIAN_POINT ( 'NONE',  ( -4.041265874999999674, 1.673947134580573648, 32.50000000136559919 ) ) ;
#3974 = CARTESIAN_POINT ( 'NONE',  ( 1.449747468305834674, -3.499999999999999556, 23.56250000273118772 ) ) ;
#3975 = ORIENTED_EDGE ( 'NONE', *, *, #1145, .F. ) ;
#3976 = CARTESIAN_POINT ( 'NONE',  ( -6.000000000000000000, 0.000000000000000000, 19.09999999999999787 ) ) ;
#3977 = ORIENTED_EDGE ( 'NONE', *, *, #3749, .T. ) ;
#3978 = CARTESIAN_POINT ( 'NONE',  ( 7.423684977483266541E-16, -4.041265874999999674, 21.81250000136559564 ) ) ;
#3979 = CARTESIAN_POINT ( 'NONE',  ( -5.968668997490167882, -0.6306622085690019031, 4.908542773723241659 ) ) ;
#3980 = CARTESIAN_POINT ( 'NONE',  ( -1.673947134580574092, -4.041265874999998786, 23.75000000136559208 ) ) ;
#3981 = VECTOR ( 'NONE', #1376, 1000.000000000000000 ) ;
#3982 = CARTESIAN_POINT ( 'NONE',  ( -0.7688914490346595576, 2.937107787439719786, 16.99892430056851822 ) ) ;
#3983 = LINE ( 'NONE', #220, #2947 ) ;
#3984 = CARTESIAN_POINT ( 'NONE',  ( 1.673947134580575424, -4.041265874999998786, 30.00000000136559564 ) ) ;
#3985 = CARTESIAN_POINT ( 'NONE',  ( 3.500000000000000444, 1.449747468305833342, 33.56250000000000000 ) ) ;
#3986 = CARTESIAN_POINT ( 'NONE',  ( 4.041265874999999674, 1.673947134580573648, 24.12500000136559919 ) ) ;
#3987 = EDGE_CURVE ( 'NONE', #2454, #780, #2890, .T. ) ;
#3988 = CARTESIAN_POINT ( 'NONE',  ( 4.041265874999999674, 4.949123318322177694E-16, 25.18750000136559564 ) ) ;
#3989 = EDGE_LOOP ( 'NONE', ( #3421, #3644, #3399, #3296 ) ) ;
#3990 = VECTOR ( 'NONE', #2372, 1000.000000000000000 ) ;
#3991 = CARTESIAN_POINT ( 'NONE',  ( -3.500000000000013767, 1.449747468305818909, 24.18750000273119838 ) ) ;
#3992 = CARTESIAN_POINT ( 'NONE',  ( -3.499999999999999556, -1.449747468305835341, 30.06250000000000355 ) ) ;
#3993 = CARTESIAN_POINT ( 'NONE',  ( -1.449747468305833342, 3.500000000000000444, 24.81250000000000000 ) ) ;
#3994 = CARTESIAN_POINT ( 'NONE',  ( -4.041265874999998786, -1.673947134580575868, 31.62500000136559564 ) ) ;
#3995 = CARTESIAN_POINT ( 'NONE',  ( -3.500000000000000000, 0.000000000000000000, 21.25000000273119127 ) ) ;
#3996 = EDGE_LOOP ( 'NONE', ( #367, #3738, #223, #2370 ) ) ;
#3997 = CARTESIAN_POINT ( 'NONE',  ( -2.474873734152915894, -2.474873734152917226, 21.37500000273119127 ) ) ;
#3998 = EDGE_LOOP ( 'NONE', ( #814, #3077, #1270, #1196, #939, #3477 ) ) ;
#3999 = CARTESIAN_POINT ( 'NONE',  ( -4.041265874999999674, 0.000000000000000000, 22.56250000136559919 ) ) ;
#4000 = CARTESIAN_POINT ( 'NONE',  ( -5.968822576319730899, -0.6292449150184994400, 7.092287091189951376 ) ) ;
#4001 = CARTESIAN_POINT ( 'NONE',  ( -2.143131898507868297E-16, 3.500000000000000000, 33.00000000273119127 ) ) ;
#4002 = CARTESIAN_POINT ( 'NONE',  ( 4.041265875000001451, -1.673947134580572538, 32.00000000136559919 ) ) ;
#4003 = CARTESIAN_POINT ( 'NONE',  ( 0.000000000000000000, 2.836811590500856628, 14.75000000000000000 ) ) ;
#4004 = CARTESIAN_POINT ( 'NONE',  ( -3.499999999999999556, 0.000000000000000000, 29.00000000000000000 ) ) ;
#4005 = CARTESIAN_POINT ( 'NONE',  ( 6.429395695523603167E-16, -3.500000000000000000, 24.50000000273119127 ) ) ;
#4006 = CARTESIAN_POINT ( 'NONE',  ( 7.423684977483266541E-16, -4.041265874999999674, 27.93750000136559919 ) ) ;
#4007 = CARTESIAN_POINT ( 'NONE',  ( 4.041265875000000563, -1.673947134580572538, 24.00000000136559564 ) ) ;
#4008 = CARTESIAN_POINT ( 'NONE',  ( -4.041265874999999674, 1.673947134580573648, 27.62500000136559919 ) ) ;
#4009 = CARTESIAN_POINT ( 'NONE',  ( -2.857606504790286106, -2.857606504790286994, 30.68750000136559919 ) ) ;
#4010 = ORIENTED_EDGE ( 'NONE', *, *, #3716, .F. ) ;
#4011 = ADVANCED_FACE ( 'NONE', ( #1908 ), #3438, .T. ) ;
#4012 = CARTESIAN_POINT ( 'NONE',  ( -1.449747468305833564, 3.500000000000000000, 25.81250000000000355 ) ) ;
#4013 = CARTESIAN_POINT ( 'NONE',  ( 3.500000000000000000, 4.286263797015736595E-16, 32.50000000000000000 ) ) ;
#4014 = CARTESIAN_POINT ( 'NONE',  ( 3.500000000000000444, 1.449747468305833342, 23.56250000000000000 ) ) ;
#4015 = CARTESIAN_POINT ( 'NONE',  ( -4.041265874999999674, 1.673947134580573648, 33.50000000136559919 ) ) ;
#4016 = CARTESIAN_POINT ( 'NONE',  ( -3.499999999999999556, -1.449747468305835341, 20.31250000273119127 ) ) ;
#4017 = ORIENTED_EDGE ( 'NONE', *, *, #2842, .F. ) ;
#4018 = CARTESIAN_POINT ( 'NONE',  ( 4.041265874999999674, 4.949123318322177694E-16, 31.18750000136559919 ) ) ;
#4019 = ORIENTED_EDGE ( 'NONE', *, *, #1464, .F. ) ;
#4020 = ADVANCED_FACE ( 'NONE', ( #2880 ), #1644, .T. ) ;
#4021 = CARTESIAN_POINT ( 'NONE',  ( -1.673947134580574092, -4.041265874999998786, 22.75000000136559208 ) ) ;
#4022 = CARTESIAN_POINT ( 'NONE',  ( -3.500000000000000000, 4.286263797015736595E-16, 20.00000000000000355 ) ) ;
#4023 = CARTESIAN_POINT ( 'NONE',  ( 2.857606504790286550, 2.857606504790286994, 20.18750000136559919 ) ) ;
#4024 = VERTEX_POINT ( 'NONE', #2812 ) ;
#4025 = CARTESIAN_POINT ( 'NONE',  ( 4.041265875000001451, -1.673947134580572538, 20.12500000136560274 ) ) ;
#4026 = CARTESIAN_POINT ( 'NONE',  ( 2.474873734152917226, -2.474873734152916338, 33.37500000000000000 ) ) ;
#4027 = CARTESIAN_POINT ( 'NONE',  ( -1.449747468305833786, -3.499999999999999556, 30.18750000000000711 ) ) ;
ENDSEC;
END-ISO-10303-21;
